Workbook
Name aa: #REF!
Name aaa: #REF!
Name aaaaa: #REF!
Name aaaaaaa: #REF!
Name asd: '[1]Market ( Mar) '!#REF!
Name atr: #REF!
Name b: #REF!
Name bb: #REF!
Name Beg_Bal: #REF!
Name Cash_Cr: #REF!
Name Cash_Dr: #REF!
Name cc: #REF!
Name ccc: #REF!
Name cft: #REF!
Name cr: #REF!
Name crs: #REF!
Name cvvvv: #REF!
Name cwer: #REF!
Name Data: #REF!
Name dd: #REF!
Name ddd: #REF!
Name dddd: #N/A
Name dr: #REF!
Name drs: #REF!
Name dsfas: #REF!
Name eeee: #REF!
Name End_Bal: #REF!
Name Extra_Pay: #REF!
Name fgf: #REF!
Name fgjhj: #REF!
Name ftyu: #REF!
Name Full_Print: #REF!
Name fusales4: #REF!
Name gg: #REF!
Name gggggg: #REF!
Name Header_Row: ROW(#REF!)
Name hjj: #REF!
Name hjjj: #REF!
Name hjkjk: #REF!
Name hmjhj: #REF!
Name ii: #REF!
Name III: #REF!
Name Int: #REF!
Name Interest_Rate: #REF!
Name jbkjkl: #REF!
Name Journal_Cr: #REF!
Name Journal_Dr: #REF!
Name kdt: #REF!
Name Last_Row: IF(Values_Entered,Header_Row+Number_of_Payments,Header_Row)
Name Loan_Amount: #REF!
Name Loan_Start: #REF!
Name Loan_Years: #REF!
Name LSO: #REF!
Name lsoq: #REF!
Name lsoq1: #REF!
Name mms: #REF!
Name neew: #REF!
Name New: #REF!
Name NOV: #REF!
Name Num_Pmt_Per_Year: #REF!

Sheet 2026-FUS
A1: Meiktila Market - Wholesales List ( 2026 - January)
G2: 1st Jan | J2: 2nd Jan | M2: 3rd Jan | P2: 4th Jan | S2: 5th Jan | V2: 6th Jan | Y2: 7th Jan | AB2: 8th Jan | AE2: 9th Jan | AH2: 10th Jan | AK2: 10-Days | AN2: 45668 | AQ2: 45669 | AT2: 45670 | AW2: 45671 | AZ2: 45672 | BC2: 45673 | BF2: 45674 | BI2: 45675 | BL2: 45676 | BO2: 45677 | BR2: 20-days | BU2: 45678 | BX2: 45679 | CA2: 45680 | CD2: 45681 | CG2: 45682 | CJ2: 45683 | CM2: 45684 | CP2: 45685 | CS2: 45686 | CV2: 45687 | CY2: 45688 | DB2: Month Till Date
A3: Sr No. | B3: Customer Name | D3: Area | F3: Outlet Type | G3: PKT | H3: BOT | I3: Lit | J3: PKT | K3: BOT | L3: Lit | M3: PKT | N3: BOT | O3: Lit | P3: PKT | Q3: BOT | R3: Lit | S3: PKT | T3: BOT | U3: Lit | V3: PKT | W3: BOT | X3: Lit | Y3: PKT | Z3: BOT | AA3: Lit | AB3: PKT | AC3: BOT | AD3: Lit | AE3: PKT | AF3: BOT | AG3: Lit | AH3: PKT | AI3: BOT | AJ3: Lit | AK3: PKT | AL3: BOT | AM3: Lit | AN3: PKT | AO3: BOT | AP3: Lit | AQ3: PKT | AR3: BOT | AS3: Lit | AT3: PKT | AU3: BOT | AV3: Lit | AW3: PKT | AX3: BOT | AY3: Lit | AZ3: PKT | BA3: BOT | BB3: Lit | BC3: PKT | BD3: BOT | BE3: Lit | BF3: PKT | BG3: BOT | BH3: Lit | BI3: PKT | BJ3: BOT | BK3: Lit | BL3: PKT | BM3: BOT | BN3: Lit | BO3: PKT | BP3: BOT | BQ3: Lit | BR3: PKT | BT3: Lit | BU3: PKT | BV3: BOT | BW3: Lit | BX3: PKT | BY3: BOT | BZ3: Lit | CA3: PKT | CB3: BOT | CC3: Lit | CD3: PKT | CE3: BOT | CF3: Lit | CG3: PKT | CH3: BOT | CI3: Lit | CJ3: PKT | CK3: BOT | CL3: Lit | CM3: PKT | CN3: BOT | CO3: Lit | CP3: PKT | CQ3: BOT | CR3: Lit | CS3: PKT | CT3: BOT | CU3: Lit | CV3: PKT | CW3: BOT | CX3: Lit | CY3: PKT | CZ3: BOT | DA3: Lit | DB3: PKT | DC3: BOT | DD3: Lit
A4: 1 | B4: ရွှေမြင်း | C4: Golden Horse | D4: မိတ္ထီလာ | E4: Meikhtila | F4: Wholesale | M4: 470 | N4: 8240 | O4: 5792 | S4: 573 | T4: 9022 | U4: 6206.08 | V4: 370 | W4: 6160 | X4: 4417.6 | Y4: 486 | Z4: 7444 | AA4: 4893.76 | AB4: 160 | AC4: 2740 | AD4: 1753.6 | AE4: 259 | AF4: 3946 | AG4: 2878.24 | AH4: 170 | AI4: 2780 | AJ4: 1779.2 | AK4: =AH4+AE4+AB4+Y4+V4+S4+P4+M4+J4+G4 -> 2488 | AL4: =AI4+AF4+AC4+Z4+W4+T4+Q4+N4+K4+H4 -> 40332 | AM4: =AJ4+AG4+AD4+AA4+X4+U4+R4+O4+L4+I4 -> 27720.48 | AQ4: 565 | AR4: 9740 | AS4: 6708.8 | AT4: 630 | AU4: 10200 | AV4: 6571.2 | AW4: 320 | AX4: 6480 | AY4: 4147.2 | AZ4: 170 | BA4: 2930 | BB4: 1875.2 | BC4: 300 | BD4: 4790 | BE4: 3195.2 | BF4: 50 | BG4: 1000 | BH4: 640 | BL4: 635 | BM4: 10870 | BN4: 7432 | BO4: 340 | BP4: 5360 | BQ4: 3646.4 | BR4: =BO4+BL4+BI4+BF4+BC4+AZ4+AW4+AT4+AQ4+AN4+AK4 -> 5498 | BS4: =BP4+BM4+BJ4+BG4+BD4+BA4+AX4+AU4+AR4+AO4+AL4 -> 91702 | BT4: =BQ4+BN4+BK4+BH4+BE4+BB4+AY4+AV4+AS4+AP4+AM4 -> 61936.48 | BU4: 235 | BV4: 3620 | BW4: 2360 | BX4: 288 | BY4: 4892 | BZ4: 3217.28 | CA4: 290 | CB4: 4960 | CC4: 3354.4 | CD4: 179 | CE4: 3206 | CF4: 2051.84 | CJ4: 433 | CK4: 7012 | CL4: 4660.48 | CM4: 530 | CN4: 7800 | CO4: 5215.2 | CP4: 160 | CQ4: 3000 | CR4: 2006.4 | CS4: 380 | CT4: 5240 | CU4: 3526.4 | CV4: 230 | CW4: 3780 | CX4: 2505.6 | CY4: 470 | CZ4: 8280 | DA4: 5515.2 | DB4: =CY4+CV4+CS4+CP4+CM4+CJ4+CG4+CD4+CA4+BX4+BU4+BR4 -> 8693 | DC4: =CZ4+CW4+CT4+CQ4+CN4+CK4+CH4+CE4+CB4+BY4+BV4+BS4 -> 143492 | DD4: =DA4+CX4+CU4+CR4+CO4+CL4+CI4+CF4+CC4+BZ4+BW4+BT4 -> 96349.28
A5: 2 | B5: ရွှေခြင်္သေ့ | C5: Golden Lion | D5: မိတ္ထီလာ | E5: Meikhtila | F5: Contract | J5: 145 | K5: 2580 | L5: 1651.2 | M5: 280 | N5: 4080 | O5: 2913.6 | S5: 80 | T5: 1300 | U5: 875.2 | V5: 170 | W5: 2670 | X5: 1838.4 | Y5: 80 | Z5: 1310 | AA5: 968 | AB5: 90 | AC5: 1360 | AD5: 870.4 | AE5: 150 | AF5: 2560 | AG5: 1724.8 | AK5: =AH5+AE5+AB5+Y5+V5+S5+P5+M5+J5+G5 -> 995 | AL5: =AI5+AF5+AC5+Z5+W5+T5+Q5+N5+K5+H5 -> 15860 | AM5: =AJ5+AG5+AD5+AA5+X5+U5+R5+O5+L5+I5 -> 10841.6 | AQ5: 185 | AR5: 2890 | AS5: 1948 | AT5: 160 | AU5: 2560 | AV5: 1703.2 | AW5: 75 | AX5: 1270 | AY5: 877.6 | AZ5: 10 | BA5: 180 | BB5: 132 | BC5: 160 | BD5: 2620 | BE5: 1720 | BL5: 255 | BM5: 4230 | BN5: 2784 | BO5: 75 | BP5: 1290 | BQ5: 847.2 | BR5: =BO5+BL5+BI5+BF5+BC5+AZ5+AW5+AT5+AQ5+AN5+AK5 -> 1915 | BS5: =BP5+BM5+BJ5+BG5+BD5+BA5+AX5+AU5+AR5+AO5+AL5 -> 30900 | BT5: =BQ5+BN5+BK5+BH5+BE5+BB5+AY5+AV5+AS5+AP5+AM5 -> 20853.6 | BU5: 80 | BV5: 1280 | BW5: 905.6 | BX5: 85 | BY5: 1310 | BZ5: 903.2 | CA5: 80 | CB5: 1320 | CC5: 844.8 | CD5: 60 | CE5: 1120 | CF5: 760 | CJ5: 190 | CK5: 2700 | CL5: 1857.6 | CM5: 75 | CN5: 1300 | CO5: 832 | CP5: 70 | CQ5: 1220 | CR5: 802.4 | CS5: 80 | CT5: 1300 | CU5: 875.2 | CV5: 80 | CW5: 1240 | CX5: 858.4 | CY5: 85 | CZ5: 1330 | DA5: 872.8 | DB5: =CY5+CV5+CS5+CP5+CM5+CJ5+CG5+CD5+CA5+BX5+BU5+BR5 -> 2800 | DC5: =CZ5+CW5+CT5+CQ5+CN5+CK5+CH5+CE5+CB5+BY5+BV5+BS5 -> 45020 | DD5: =DA5+CX5+CU5+CR5+CO5+CL5+CI5+CF5+CC5+BZ5+BW5+BT5 -> 30365.6
A6: 3 | B6: ကောင်းသန့် | C6: Kaung Thant | D6: မိတ္ထီလာ | E6: Meikhtila | F6: Contract | M6: 324 | N6: 4886 | O6: 3127.04 | S6: 122 | T6: 1888 | U6: 1215.52 | V6: 220 | W6: 3280 | X6: 2099.2 | Y6: 177 | Z6: 3478 | AA6: 2225.92 | AB6: 165 | AC6: 2960 | AD6: 1894.4 | AE6: 204 | AF6: 3906 | AG6: 2499.84 | AK6: =AH6+AE6+AB6+Y6+V6+S6+P6+M6+J6+G6 -> 1212 | AL6: =AI6+AF6+AC6+Z6+W6+T6+Q6+N6+K6+H6 -> 20398 | AM6: =AJ6+AG6+AD6+AA6+X6+U6+R6+O6+L6+I6 -> 13061.92 | AQ6: 280 | AR6: 4870 | AS6: 3116.8 | AT6: 103 | AU6: 1592 | AV6: 1018.88 | AW6: 405 | AX6: 6320 | AY6: 4044.8 | AZ6: 48 | BA6: 822 | BB6: 526.08 | BC6: 393 | BD6: 6202 | BE6: 3969.28 | BF6: 170 | BG6: 2580 | BH6: 1651.2 | BL6: 235 | BM6: 3540 | BN6: 2265.6 | BO6: 45 | BP6: 730 | BQ6: 467.2 | BR6: =BO6+BL6+BI6+BF6+BC6+AZ6+AW6+AT6+AQ6+AN6+AK6 -> 2891 | BS6: =BP6+BM6+BJ6+BG6+BD6+BA6+AX6+AU6+AR6+AO6+AL6 -> 47054 | BT6: =BQ6+BN6+BK6+BH6+BE6+BB6+AY6+AV6+AS6+AP6+AM6 -> 30121.76 | BU6: 290 | BV6: 4660 | BW6: 2982.4 | CA6: 215 | CB6: 3460 | CC6: 2214.4 | CD6: 185 | CE6: 2790 | CF6: 1785.6 | CJ6: 180 | CK6: 2720 | CL6: 1740.8 | CM6: 105 | CN6: 1670 | CO6: 1068.8 | CP6: 266 | CQ6: 4474 | CR6: 2863.36 | CS6: 45 | CT6: 880 | CU6: 563.2 | CV6: 55 | CW6: 820 | CX6: 524.8 | CY6: 230 | CZ6: 3720 | DA6: 2380.8 | DB6: =CY6+CV6+CS6+CP6+CM6+CJ6+CG6+CD6+CA6+BX6+BU6+BR6 -> 4462 | DC6: =CZ6+CW6+CT6+CQ6+CN6+CK6+CH6+CE6+CB6+BY6+BV6+BS6 -> 72248 | DD6: =DA6+CX6+CU6+CR6+CO6+CL6+CI6+CF6+CC6+BZ6+BW6+BT6 -> 46245.92
A7: 4 | B7: ဦးဝင်းနိုင် | C7: U Win Naing | D7: လျှော်ပင် | E7: Wundwin | F7: Contract | J7: 105 | K7: 1560 | L7: 996 | M7: 305 | N7: 4324 | O7: 3277.6 | S7: 322 | T7: 4828 | U7: 3478.72 | V7: 220 | W7: 3280 | X7: 2099.2 | Y7: 217 | Z7: 3148 | AA7: 2101.12 | AB7: 220 | AC7: 3080 | AD7: 1971.2 | AH7: 575 | AI7: 9580 | AJ7: 6186.4 | AK7: =AH7+AE7+AB7+Y7+V7+S7+P7+M7+J7+G7 -> 1964 | AL7: =AI7+AF7+AC7+Z7+W7+T7+Q7+N7+K7+H7 -> 29800 | AM7: =AJ7+AG7+AD7+AA7+X7+U7+R7+O7+L7+I7 -> 20110.24 | AQ7: 220 | AR7: 3350 | AS7: 2292.8 | AT7: 270 | AU7: 4140 | AV7: 2736 | AW7: 110 | AX7: 1660 | AY7: 1189.12 | AZ7: 243 | BA7: 4042 | BB7: 2673.28 | BC7: 80 | BD7: 1120 | BE7: 716.8 | BF7: 113 | BG7: 1782 | BH7: 1140.48 | BL7: 70 | BM7: 980 | BN7: 627.2 | BO7: 195 | BP7: 2916 | BQ7: 1977.6 | BR7: =BO7+BL7+BI7+BF7+BC7+AZ7+AW7+AT7+AQ7+AN7+AK7 -> 3265 | BS7: =BP7+BM7+BJ7+BG7+BD7+BA7+AX7+AU7+AR7+AO7+AL7 -> 49790 | BT7: =BQ7+BN7+BK7+BH7+BE7+BB7+AY7+AV7+AS7+AP7+AM7 -> 33463.52 | BU7: 412 | BV7: 7388 | BW7: 4913.12 | CA7: 206 | CB7: 2944 | CC7: 2078.56 | CD7: 182 | CE7: 2568 | CF7: 1816.32 | CJ7: 382 | CK7: 5984 | CL7: 3953.6 | CM7: 383 | CN7: 6542 | CO7: 4369.28 | CP7: 78 | CQ7: 1062 | CR7: 744.48 | CV7: 437 | CW7: 6218 | CX7: 4071.2 | CY7: 200 | CZ7: 3880 | DA7: 2615.2 | DB7: =CY7+CV7+CS7+CP7+CM7+CJ7+CG7+CD7+CA7+BX7+BU7+BR7 -> 5545 | DC7: =CZ7+CW7+CT7+CQ7+CN7+CK7+CH7+CE7+CB7+BY7+BV7+BS7 -> 86376 | DD7: =DA7+CX7+CU7+CR7+CO7+CL7+CI7+CF7+CC7+BZ7+BW7+BT7 -> 58025.28
A8: 5 | B8: ကျော်ကြား | C8: Kyaw Kyar | D8: မလှိုင် | E8: Mahlaing | F8: Contract | S8: 720 | T8: 11080 | U8: 7307.2 | Y8: 90 | Z8: 1660 | AA8: 1062.4 | AE8: 210 | AF8: 3540 | AG8: 2265.6 | AK8: =AH8+AE8+AB8+Y8+V8+S8+P8+M8+J8+G8 -> 1020 | AL8: =AI8+AF8+AC8+Z8+W8+T8+Q8+N8+K8+H8 -> 16280 | AM8: =AJ8+AG8+AD8+AA8+X8+U8+R8+O8+L8+I8 -> 10635.2 | AW8: 120 | AX8: 1640 | AY8: 1064 | BF8: 270 | BG8: 4540 | BH8: 2992 | BR8: =BO8+BL8+BI8+BF8+BC8+AZ8+AW8+AT8+AQ8+AN8+AK8 -> 1410 | BS8: =BP8+BM8+BJ8+BG8+BD8+BA8+AX8+AU8+AR8+AO8+AL8 -> 22460 | BT8: =BQ8+BN8+BK8+BH8+BE8+BB8+AY8+AV8+AS8+AP8+AM8 -> 14691.2 | BU8: 70 | BV8: 1320 | BW8: 974.4 | CD8: 215 | CE8: 3910 | CF8: 2502.4 | CJ8: 50 | CK8: 700 | CL8: 448 | CV8: 150 | CW8: 2600 | CX8: 1664 | DB8: =CY8+CV8+CS8+CP8+CM8+CJ8+CG8+CD8+CA8+BX8+BU8+BR8 -> 1895 | DC8: =CZ8+CW8+CT8+CQ8+CN8+CK8+CH8+CE8+CB8+BY8+BV8+BS8 -> 30990 | DD8: =DA8+CX8+CU8+CR8+CO8+CL8+CI8+CF8+CC8+BZ8+BW8+BT8 -> 20280
A9: 6 | B9: မယဉ်ယဉ်အေး | C9: Ma Yin Yin Aye | D9: မလှိုင် | E9: Mahlaing | F9: Contract | M9: 115 | N9: 1810 | O9: 1158.4 | S9: 320 | T9: 5480 | U9: 3507.2 | AB9: 70 | AC9: 980 | AD9: 627.2 | AH9: 140 | AI9: 2160 | AJ9: 1382.4 | AK9: =AH9+AE9+AB9+Y9+V9+S9+P9+M9+J9+G9 -> 645 | AL9: =AI9+AF9+AC9+Z9+W9+T9+Q9+N9+K9+H9 -> 10430 | AM9: =AJ9+AG9+AD9+AA9+X9+U9+R9+O9+L9+I9 -> 6675.2 | AQ9: 45 | AR9: 830 | AS9: 531.2 | AZ9: 150 | BA9: 2100 | BB9: 1344 | BC9: 200 | BD9: 3200 | BE9: 2048 | BF9: 180 | BG9: 3120 | BH9: 1996.8 | BR9: =BO9+BL9+BI9+BF9+BC9+AZ9+AW9+AT9+AQ9+AN9+AK9 -> 1220 | BS9: =BP9+BM9+BJ9+BG9+BD9+BA9+AX9+AU9+AR9+AO9+AL9 -> 19680 | BT9: =BQ9+BN9+BK9+BH9+BE9+BB9+AY9+AV9+AS9+AP9+AM9 -> 12595.2 | CA9: 120 | CB9: 2080 | CC9: 1331.2 | CM9: 250 | CN9: 4000 | CO9: 2560 | CY9: 80 | CZ9: 1320 | DA9: 844.8 | DB9: =CY9+CV9+CS9+CP9+CM9+CJ9+CG9+CD9+CA9+BX9+BU9+BR9 -> 1670 | DC9: =CZ9+CW9+CT9+CQ9+CN9+CK9+CH9+CE9+CB9+BY9+BV9+BS9 -> 27080 | DD9: =DA9+CX9+CU9+CR9+CO9+CL9+CI9+CF9+CC9+BZ9+BW9+BT9 -> 17331.2
A10: 7 | B10: စံချိန် | C10: Sanchain | D10: ရမည်းသင်း | E10: Yamethin | F10: Contract | V10: 200 | W10: 2800 | X10: 1792 | AK10: =AH10+AE10+AB10+Y10+V10+S10+P10+M10+J10+G10 -> 200 | AL10: =AI10+AF10+AC10+Z10+W10+T10+Q10+N10+K10+H10 -> 2800 | AM10: =AJ10+AG10+AD10+AA10+X10+U10+R10+O10+L10+I10 -> 1792 | BO10: 100 | BP10: 1400 | BQ10: 896 | BR10: =BO10+BL10+BI10+BF10+BC10+AZ10+AW10+AT10+AQ10+AN10+AK10 -> 300 | BS10: =BP10+BM10+BJ10+BG10+BD10+BA10+AX10+AU10+AR10+AO10+AL10 -> 4200 | BT10: =BQ10+BN10+BK10+BH10+BE10+BB10+AY10+AV10+AS10+AP10+AM10 -> 2688 | CS10: 300 | CT10: 5200 | CU10: 3232 | CY10: 100 | CZ10: 1400 | DA10: 896 | DB10: =CY10+CV10+CS10+CP10+CM10+CJ10+CG10+CD10+CA10+BX10+BU10+BR10 -> 700 | DC10: =CZ10+CW10+CT10+CQ10+CN10+CK10+CH10+CE10+CB10+BY10+BV10+BS10 -> 10800 | DD10: =DA10+CX10+CU10+CR10+CO10+CL10+CI10+CF10+CC10+BZ10+BW10+BT10 -> 6816
A11: 8 | B11: ဦးရဲမြင့် | C11: U Ye Myint | D11: ပျော်ဘွယ် | E11: Pyawbwe | F11: Contract | S11: 420 | T11: 6180 | U11: 3955.2 | Y11: 410 | Z11: 6340 | AA11: 4057.6 | AE11: 170 | AF11: 3580 | AG11: 2291.2 | AH11: 460 | AI11: 6440 | AJ11: 4121.6 | AK11: =AH11+AE11+AB11+Y11+V11+S11+P11+M11+J11+G11 -> 1460 | AL11: =AI11+AF11+AC11+Z11+W11+T11+Q11+N11+K11+H11 -> 22540 | AM11: =AJ11+AG11+AD11+AA11+X11+U11+R11+O11+L11+I11 -> 14425.6 | AT11: 460 | AU11: 6440 | AV11: 4121.6 | AW11: 395 | AX11: 6130 | AY11: 3923.2 | AZ11: 395 | BA11: 6130 | BB11: 3923.2 | BC11: 490 | BD11: 7160 | BE11: 4582.4 | BR11: =BO11+BL11+BI11+BF11+BC11+AZ11+AW11+AT11+AQ11+AN11+AK11 -> 3200 | BS11: =BP11+BM11+BJ11+BG11+BD11+BA11+AX11+AU11+AR11+AO11+AL11 -> 48400 | BT11: =BQ11+BN11+BK11+BH11+BE11+BB11+AY11+AV11+AS11+AP11+AM11 -> 30976 | BU11: 365 | BV11: 5410 | BW11: 3462.4 | BX11: 160 | BY11: 2240 | BZ11: 1433.6 | CA11: 290 | CB11: 4960 | CC11: 3174.4 | CM11: 315 | CN11: 4910 | CO11: 3178.4 | CP11: 420 | CQ11: 5880 | CR11: 3763.2 | CV11: 410 | CW11: 6040 | CX11: 3865.6 | CY11: 390 | CZ11: 6060 | DA11: 3878.4 | DB11: =CY11+CV11+CS11+CP11+CM11+CJ11+CG11+CD11+CA11+BX11+BU11+BR11 -> 5550 | DC11: =CZ11+CW11+CT11+CQ11+CN11+CK11+CH11+CE11+CB11+BY11+BV11+BS11 -> 83900 | DD11: =DA11+CX11+CU11+CR11+CO11+CL11+CI11+CF11+CC11+BZ11+BW11+BT11 -> 53732
A12: 9 | B12: လွင် | C12: Lwin | D12: ကျောက်ပန်းတောင်း | E12: Kyaukpadaung | F12: Contract | S12: 250 | T12: 3500 | U12: 2240 | Y12: 280 | Z12: 4220 | AA12: 2700.8 | AK12: =AH12+AE12+AB12+Y12+V12+S12+P12+M12+J12+G12 -> 530 | AL12: =AI12+AF12+AC12+Z12+W12+T12+Q12+N12+K12+H12 -> 7720 | AM12: =AJ12+AG12+AD12+AA12+X12+U12+R12+O12+L12+I12 -> 4940.8 | AQ12: 315 | AR12: 4240 | AS12: 2990.8 | AT12: 300 | AU12: 4700 | AV12: 2960 | BC12: 300 | BD12: 4000 | BE12: 2992 | BO12: 500 | BP12: 8000 | BQ12: 5072 | BR12: =BO12+BL12+BI12+BF12+BC12+AZ12+AW12+AT12+AQ12+AN12+AK12 -> 1945 | BS12: =BP12+BM12+BJ12+BG12+BD12+BA12+AX12+AU12+AR12+AO12+AL12 -> 28660 | BT12: =BQ12+BN12+BK12+BH12+BE12+BB12+AY12+AV12+AS12+AP12+AM12 -> 18955.6 | CD12: 320 | CE12: 4400 | CF12: 2844.8 | CP12: 310 | CQ12: 5280 | CR12: 3304.8 | CY12: 530 | CZ12: 7360 | DA12: 4840 | DB12: =CY12+CV12+CS12+CP12+CM12+CJ12+CG12+CD12+CA12+BX12+BU12+BR12 -> 3105 | DC12: =CZ12+CW12+CT12+CQ12+CN12+CK12+CH12+CE12+CB12+BY12+BV12+BS12 -> 45700 | DD12: =DA12+CX12+CU12+CR12+CO12+CL12+CI12+CF12+CC12+BZ12+BW12+BT12 -> 29945.2
A13: 10 | B13: ဦးစိုးဝင်း | C13: U Soe Win | D13: ကျောက်ပန်းတောင်း | E13: Kyaukpadaung | F13: Contract | AK13: =AH13+AE13+AB13+Y13+V13+S13+P13+M13+J13+G13 -> 0 | AL13: =AI13+AF13+AC13+Z13+W13+T13+Q13+N13+K13+H13 -> 0 | AM13: =AJ13+AG13+AD13+AA13+X13+U13+R13+O13+L13+I13 -> 0 | BR13: =BO13+BL13+BI13+BF13+BC13+AZ13+AW13+AT13+AQ13+AN13+AK13 -> 0 | BS13: =BP13+BM13+BJ13+BG13+BD13+BA13+AX13+AU13+AR13+AO13+AL13 -> 0 | BT13: =BQ13+BN13+BK13+BH13+BE13+BB13+AY13+AV13+AS13+AP13+AM13 -> 0 | CD13: 280 | CE13: 4220 | CF13: 2700.8 | CS13: 600 | CT13: 8400 | CU13: 5376 | DB13: =CY13+CV13+CS13+CP13+CM13+CJ13+CG13+CD13+CA13+BX13+BU13+BR13 -> 880 | DC13: =CZ13+CW13+CT13+CQ13+CN13+CK13+CH13+CE13+CB13+BY13+BV13+BS13 -> 12620 | DD13: =DA13+CX13+CU13+CR13+CO13+CL13+CI13+CF13+CC13+BZ13+BW13+BT13 -> 8076.8
A14: 11 | B14: ဦးသိန်းစိုး | C14: U Thein Soe | D14: ကျောက်ပန်းတောင်း | E14: Kyaukpadaung | F14: Contract | Y14: 225 | Z14: 2950 | AA14: 2320 | AK14: =AH14+AE14+AB14+Y14+V14+S14+P14+M14+J14+G14 -> 225 | AL14: =AI14+AF14+AC14+Z14+W14+T14+Q14+N14+K14+H14 -> 2950 | AM14: =AJ14+AG14+AD14+AA14+X14+U14+R14+O14+L14+I14 -> 2320 | AT14: 300 | AU14: 5700 | AV14: 3504 | BL14: 150 | BM14: 2100 | BN14: 1344 | BR14: =BO14+BL14+BI14+BF14+BC14+AZ14+AW14+AT14+AQ14+AN14+AK14 -> 675 | BS14: =BP14+BM14+BJ14+BG14+BD14+BA14+AX14+AU14+AR14+AO14+AL14 -> 10750 | BT14: =BQ14+BN14+BK14+BH14+BE14+BB14+AY14+AV14+AS14+AP14+AM14 -> 7168 | CD14: 200 | CE14: 2800 | CF14: 1792 | CP14: 260 | CQ14: 4240 | CR14: 2713.6 | DB14: =CY14+CV14+CS14+CP14+CM14+CJ14+CG14+CD14+CA14+BX14+BU14+BR14 -> 1135 | DC14: =CZ14+CW14+CT14+CQ14+CN14+CK14+CH14+CE14+CB14+BY14+BV14+BS14 -> 17790 | DD14: =DA14+CX14+CU14+CR14+CO14+CL14+CI14+CF14+CC14+BZ14+BW14+BT14 -> 11673.6
A15: 12 | B15: ကောင်းထက်သူ | C15: Kaung Htet Thu | D15: ကျောက်ပန်းတောင်း | E15: Kyaukpadaung | F15: Contract | AE15: 250 | AF15: 4000 | AG15: 2512 | AK15: =AH15+AE15+AB15+Y15+V15+S15+P15+M15+J15+G15 -> 250 | AL15: =AI15+AF15+AC15+Z15+W15+T15+Q15+N15+K15+H15 -> 4000 | AM15: =AJ15+AG15+AD15+AA15+X15+U15+R15+O15+L15+I15 -> 2512 | BL15: 250 | BM15: 3500 | BN15: 2240 | BR15: =BO15+BL15+BI15+BF15+BC15+AZ15+AW15+AT15+AQ15+AN15+AK15 -> 500 | BS15: =BP15+BM15+BJ15+BG15+BD15+BA15+AX15+AU15+AR15+AO15+AL15 -> 7500 | BT15: =BQ15+BN15+BK15+BH15+BE15+BB15+AY15+AV15+AS15+AP15+AM15 -> 4752 | CM15: 290 | CN15: 4720 | CO15: 3059.2 | DB15: =CY15+CV15+CS15+CP15+CM15+CJ15+CG15+CD15+CA15+BX15+BU15+BR15 -> 790 | DC15: =CZ15+CW15+CT15+CQ15+CN15+CK15+CH15+CE15+CB15+BY15+BV15+BS15 -> 12220 | DD15: =DA15+CX15+CU15+CR15+CO15+CL15+CI15+CF15+CC15+BZ15+BW15+BT15 -> 7811.2
A16: 13 | B16: ကောင်းဆုဝေ | C16: Kaung Su Wai | D16: ကျောက်ပန်းတောင်း | E16: Kyaukpadaung | F16: Contract | V16: 550 | W16: 7700 | X16: 4928 | AK16: =AH16+AE16+AB16+Y16+V16+S16+P16+M16+J16+G16 -> 550 | AL16: =AI16+AF16+AC16+Z16+W16+T16+Q16+N16+K16+H16 -> 7700 | AM16: =AJ16+AG16+AD16+AA16+X16+U16+R16+O16+L16+I16 -> 4928 | BF16: 250 | BG16: 3500 | BH16: 2240 | BO16: 250 | BP16: 3500 | BQ16: 2240 | BR16: =BO16+BL16+BI16+BF16+BC16+AZ16+AW16+AT16+AQ16+AN16+AK16 -> 1050 | BS16: =BP16+BM16+BJ16+BG16+BD16+BA16+AX16+AU16+AR16+AO16+AL16 -> 14700 | BT16: =BQ16+BN16+BK16+BH16+BE16+BB16+AY16+AV16+AS16+AP16+AM16 -> 9408 | CP16: 250 | CQ16: 3500 | CR16: 2240 | CV16: 250 | CW16: 3500 | CX16: 2240 | DB16: =CY16+CV16+CS16+CP16+CM16+CJ16+CG16+CD16+CA16+BX16+BU16+BR16 -> 1550 | DC16: =CZ16+CW16+CT16+CQ16+CN16+CK16+CH16+CE16+CB16+BY16+BV16+BS16 -> 21700 | DD16: =DA16+CX16+CU16+CR16+CO16+CL16+CI16+CF16+CC16+BZ16+BW16+BT16 -> 13888
A17: 14 | B17: မြို့မ | C17: MyoMa | D17: တောင်သာ | E17: Taungtha | F17: Contract | AK17: =AH17+AE17+AB17+Y17+V17+S17+P17+M17+J17+G17 -> 0 | AL17: =AI17+AF17+AC17+Z17+W17+T17+Q17+N17+K17+H17 -> 0 | AM17: =AJ17+AG17+AD17+AA17+X17+U17+R17+O17+L17+I17 -> 0 | AT17: 100 | AU17: 1200 | AV17: 1200 | BR17: =BO17+BL17+BI17+BF17+BC17+AZ17+AW17+AT17+AQ17+AN17+AK17 -> 100 | BS17: =BP17+BM17+BJ17+BG17+BD17+BA17+AX17+AU17+AR17+AO17+AL17 -> 1200 | BT17: =BQ17+BN17+BK17+BH17+BE17+BB17+AY17+AV17+AS17+AP17+AM17 -> 1200 | DB17: =CY17+CV17+CS17+CP17+CM17+CJ17+CG17+CD17+CA17+BX17+BU17+BR17 -> 100 | DC17: =CZ17+CW17+CT17+CQ17+CN17+CK17+CH17+CE17+CB17+BY17+BV17+BS17 -> 1200 | DD17: =DA17+CX17+CU17+CR17+CO17+CL17+CI17+CF17+CC17+BZ17+BW17+BT17 -> 1200
A18: 15 | B18: မိုးယံ | C18: Moe Yan | D18: ရမည်းသင်း | E18: Yamethin | F18: Contract | S18: 50 | T18: 600 | U18: 600 | AB18: 50 | AC18: 700 | AD18: 448 | AK18: =AH18+AE18+AB18+Y18+V18+S18+P18+M18+J18+G18 -> 100 | AL18: =AI18+AF18+AC18+Z18+W18+T18+Q18+N18+K18+H18 -> 1300 | AM18: =AJ18+AG18+AD18+AA18+X18+U18+R18+O18+L18+I18 -> 1048 | BL18: 102 | BM18: 1408 | BN18: 891.52 | BR18: =BO18+BL18+BI18+BF18+BC18+AZ18+AW18+AT18+AQ18+AN18+AK18 -> 202 | BS18: =BP18+BM18+BJ18+BG18+BD18+BA18+AX18+AU18+AR18+AO18+AL18 -> 2708 | BT18: =BQ18+BN18+BK18+BH18+BE18+BB18+AY18+AV18+AS18+AP18+AM18 -> 1939.52 | BU18: 50 | BV18: 700 | BW18: 448 | CJ18: 60 | CK18: 840 | CL18: 744 | DB18: =CY18+CV18+CS18+CP18+CM18+CJ18+CG18+CD18+CA18+BX18+BU18+BR18 -> 312 | DC18: =CZ18+CW18+CT18+CQ18+CN18+CK18+CH18+CE18+CB18+BY18+BV18+BS18 -> 4248 | DD18: =DA18+CX18+CU18+CR18+CO18+CL18+CI18+CF18+CC18+BZ18+BW18+BT18 -> 3131.52
A19: 16 | B19: ကောင်းဟိန်း | C19: Kaung Hein | D19: ပခုက္ကူ | E19: Pakokku | F19: Contract | AK19: =AH19+AE19+AB19+Y19+V19+S19+P19+M19+J19+G19 -> 0 | AL19: =AI19+AF19+AC19+Z19+W19+T19+Q19+N19+K19+H19 -> 0 | AM19: =AJ19+AG19+AD19+AA19+X19+U19+R19+O19+L19+I19 -> 0 | BR19: =BO19+BL19+BI19+BF19+BC19+AZ19+AW19+AT19+AQ19+AN19+AK19 -> 0 | BS19: =BP19+BM19+BJ19+BG19+BD19+BA19+AX19+AU19+AR19+AO19+AL19 -> 0 | BT19: =BQ19+BN19+BK19+BH19+BE19+BB19+AY19+AV19+AS19+AP19+AM19 -> 0 | CA19: 250 | CB19: 3400 | CC19: 2392 | DB19: =CY19+CV19+CS19+CP19+CM19+CJ19+CG19+CD19+CA19+BX19+BU19+BR19 -> 250 | DC19: =CZ19+CW19+CT19+CQ19+CN19+CK19+CH19+CE19+CB19+BY19+BV19+BS19 -> 3400 | DD19: =DA19+CX19+CU19+CR19+CO19+CL19+CI19+CF19+CC19+BZ19+BW19+BT19 -> 2392
A20: 17 | B20: Summer-1 | C20: Summer-1 | D20: မိတ္ထီလာ | E20: Meikhtila | F20: Wholesale | J20: 120 | K20: 2880 | L20: 1843.2 | S20: 150 | T20: 2600 | U20: 1664 | AB20: 100 | AC20: 2400 | AD20: 1536 | AE20: 240 | AF20: 4660 | AG20: 2982.4 | AH20: 200 | AI20: 2800 | AJ20: 1792 | AK20: =AH20+AE20+AB20+Y20+V20+S20+P20+M20+J20+G20 -> 810 | AL20: =AI20+AF20+AC20+Z20+W20+T20+Q20+N20+K20+H20 -> 15340 | AM20: =AJ20+AG20+AD20+AA20+X20+U20+R20+O20+L20+I20 -> 9817.6 | AW20: 30 | AX20: 720 | AY20: 460.8 | AZ20: 380 | BA20: 7020 | BB20: 4492.8 | BC20: 200 | BD20: 2800 | BE20: 1792 | BF20: 130 | BG20: 2320 | BH20: 1484.8 | BO20: 100 | BP20: 1400 | BQ20: 896 | BR20: =BO20+BL20+BI20+BF20+BC20+AZ20+AW20+AT20+AQ20+AN20+AK20 -> 1650 | BS20: =BP20+BM20+BJ20+BG20+BD20+BA20+AX20+AU20+AR20+AO20+AL20 -> 29600 | BT20: =BQ20+BN20+BK20+BH20+BE20+BB20+AY20+AV20+AS20+AP20+AM20 -> 18944 | BX20: 200 | BY20: 3300 | BZ20: 2112 | CD20: 60 | CE20: 900 | CF20: 662.4 | CM20: 120 | CN20: 2880 | CO20: 1843.2 | CP20: 150 | CQ20: 2600 | CR20: 1664 | DB20: =CY20+CV20+CS20+CP20+CM20+CJ20+CG20+CD20+CA20+BX20+BU20+BR20 -> 2180 | DC20: =CZ20+CW20+CT20+CQ20+CN20+CK20+CH20+CE20+CB20+BY20+BV20+BS20 -> 39280 | DD20: =DA20+CX20+CU20+CR20+CO20+CL20+CI20+CF20+CC20+BZ20+BW20+BT20 -> 25225.6
A21: 18 | B21: Summer-2 | C21: Summer-2 | D21: မိတ္ထီလာ | E21: Meikhtila | F21: Wholesale | M21: 145 | N21: 2280 | O21: 1891.2 | V21: 177 | W21: 3188 | X21: 2169.92 | Y21: 75 | Z21: 1300 | AA21: 832 | AB21: 100 | AC21: 1400 | AD21: 896 | AE21: 45 | AF21: 1080 | AG21: 691.2 | AK21: =AH21+AE21+AB21+Y21+V21+S21+P21+M21+J21+G21 -> 542 | AL21: =AI21+AF21+AC21+Z21+W21+T21+Q21+N21+K21+H21 -> 9248 | AM21: =AJ21+AG21+AD21+AA21+X21+U21+R21+O21+L21+I21 -> 6480.32 | AQ21: 45 | AR21: 1080 | AS21: 691.2 | AT21: 100 | AU21: 1320 | AV21: 1017.6 | AZ21: 145 | BA21: 2420 | BB21: 1678.4 | BL21: 85 | BM21: 2040 | BN21: 1305.6 | BO21: 90 | BP21: 1360 | BQ21: 870.4 | BR21: =BO21+BL21+BI21+BF21+BC21+AZ21+AW21+AT21+AQ21+AN21+AK21 -> 1007 | BS21: =BP21+BM21+BJ21+BG21+BD21+BA21+AX21+AU21+AR21+AO21+AL21 -> 17468 | BT21: =BQ21+BN21+BK21+BH21+BE21+BB21+AY21+AV21+AS21+AP21+AM21 -> 12043.52 | BU21: 80 | BV21: 1120 | BW21: 716.8 | BX21: 100 | BY21: 1500 | BZ21: 1176 | CD21: 45 | CE21: 1080 | CF21: 691.2 | CM21: 145 | CN21: 2440 | CO21: 1648 | CP21: 100 | CQ21: 1400 | CR21: 896 | CS21: 100 | CT21: 1300 | CU21: 1048 | CV21: 45 | CW21: 1080 | CX21: 691.2 | DB21: =CY21+CV21+CS21+CP21+CM21+CJ21+CG21+CD21+CA21+BX21+BU21+BR21 -> 1622 | DC21: =CZ21+CW21+CT21+CQ21+CN21+CK21+CH21+CE21+CB21+BY21+BV21+BS21 -> 27388 | DD21: =DA21+CX21+CU21+CR21+CO21+CL21+CI21+CF21+CC21+BZ21+BW21+BT21 -> 18910.72
A22: 19 | B22: ဦးအေးခင်မောင် | C22: U Aye Khin Maung | D22: မိတ္ထီလာ | E22: Meikhtila | F22: Wholesale | M22: 100 | N22: 1900 | O22: 1216 | Y22: 100 | Z22: 1400 | AA22: 896 | AK22: =AH22+AE22+AB22+Y22+V22+S22+P22+M22+J22+G22 -> 200 | AL22: =AI22+AF22+AC22+Z22+W22+T22+Q22+N22+K22+H22 -> 3300 | AM22: =AJ22+AG22+AD22+AA22+X22+U22+R22+O22+L22+I22 -> 2112 | AQ22: 50 | AR22: 1200 | AS22: 768 | AT22: 50 | AU22: 1200 | AV22: 768 | BF22: 60 | BG22: 840 | BH22: 537.6 | BR22: =BO22+BL22+BI22+BF22+BC22+AZ22+AW22+AT22+AQ22+AN22+AK22 -> 360 | BS22: =BP22+BM22+BJ22+BG22+BD22+BA22+AX22+AU22+AR22+AO22+AL22 -> 6540 | BT22: =BQ22+BN22+BK22+BH22+BE22+BB22+AY22+AV22+AS22+AP22+AM22 -> 4185.6 | CA22: 100 | CB22: 1400 | CC22: 896 | CP22: 50 | CQ22: 1200 | CR22: 768 | DB22: =CY22+CV22+CS22+CP22+CM22+CJ22+CG22+CD22+CA22+BX22+BU22+BR22 -> 510 | DC22: =CZ22+CW22+CT22+CQ22+CN22+CK22+CH22+CE22+CB22+BY22+BV22+BS22 -> 9140 | DD22: =DA22+CX22+CU22+CR22+CO22+CL22+CI22+CF22+CC22+BZ22+BW22+BT22 -> 5849.6
A23: 20 | B23: ဦးကျော်လှ | C23: U Kyaw Hla | D23: သာစည် | E23: Tharzi | F23: Wholesale | S23: 75 | T23: 1250 | U23: 800 | Y23: 50 | Z23: 700 | AA23: 448 | AK23: =AH23+AE23+AB23+Y23+V23+S23+P23+M23+J23+G23 -> 125 | AL23: =AI23+AF23+AC23+Z23+W23+T23+Q23+N23+K23+H23 -> 1950 | AM23: =AJ23+AG23+AD23+AA23+X23+U23+R23+O23+L23+I23 -> 1248 | AQ23: 105 | AR23: 1670 | AS23: 1068.8 | BR23: =BO23+BL23+BI23+BF23+BC23+AZ23+AW23+AT23+AQ23+AN23+AK23 -> 230 | BS23: =BP23+BM23+BJ23+BG23+BD23+BA23+AX23+AU23+AR23+AO23+AL23 -> 3620 | BT23: =BQ23+BN23+BK23+BH23+BE23+BB23+AY23+AV23+AS23+AP23+AM23 -> 2316.8 | BU23: 115 | BV23: 1660 | BW23: 1062.4 | BX23: 60 | BY23: 1040 | BZ23: 665.6 | CP23: 30 | CQ23: 420 | CR23: 268.8 | DB23: =CY23+CV23+CS23+CP23+CM23+CJ23+CG23+CD23+CA23+BX23+BU23+BR23 -> 435 | DC23: =CZ23+CW23+CT23+CQ23+CN23+CK23+CH23+CE23+CB23+BY23+BV23+BS23 -> 6740 | DD23: =DA23+CX23+CU23+CR23+CO23+CL23+CI23+CF23+CC23+BZ23+BW23+BT23 -> 4313.6
A24: 21 | B24: ဦးဝင်းအောင်ကြွယ် | C24: U Win Aung Kyawe | D24: ပျော်ဘွယ် | E24: Pyawbwe | F24: Wholesale | Y24: 120 | Z24: 1580 | AA24: 1047.2 | AK24: =AH24+AE24+AB24+Y24+V24+S24+P24+M24+J24+G24 -> 120 | AL24: =AI24+AF24+AC24+Z24+W24+T24+Q24+N24+K24+H24 -> 1580 | AM24: =AJ24+AG24+AD24+AA24+X24+U24+R24+O24+L24+I24 -> 1047.2 | AT24: 150 | AU24: 2100 | AV24: 1344 | BR24: =BO24+BL24+BI24+BF24+BC24+AZ24+AW24+AT24+AQ24+AN24+AK24 -> 270 | BS24: =BP24+BM24+BJ24+BG24+BD24+BA24+AX24+AU24+AR24+AO24+AL24 -> 3680 | BT24: =BQ24+BN24+BK24+BH24+BE24+BB24+AY24+AV24+AS24+AP24+AM24 -> 2391.2 | CA24: 100 | CB24: 1400 | CC24: 896 | DB24: =CY24+CV24+CS24+CP24+CM24+CJ24+CG24+CD24+CA24+BX24+BU24+BR24 -> 370 | DC24: =CZ24+CW24+CT24+CQ24+CN24+CK24+CH24+CE24+CB24+BY24+BV24+BS24 -> 5080 | DD24: =DA24+CX24+CU24+CR24+CO24+CL24+CI24+CF24+CC24+BZ24+BW24+BT24 -> 3287.2
A25: 22 | B25: ဦးအောင်မိုး | C25: U Aung Moe | D25: ရမည်းသင်း | E25: Yamethin | F25: Wholesale | S25: 100 | T25: 1200 | U25: 1200 | V25: 100 | W25: 1400 | X25: 896 | Y25: 100 | Z25: 2400 | AA25: 1440 | AK25: =AH25+AE25+AB25+Y25+V25+S25+P25+M25+J25+G25 -> 300 | AL25: =AI25+AF25+AC25+Z25+W25+T25+Q25+N25+K25+H25 -> 5000 | AM25: =AJ25+AG25+AD25+AA25+X25+U25+R25+O25+L25+I25 -> 3536 | BR25: =BO25+BL25+BI25+BF25+BC25+AZ25+AW25+AT25+AQ25+AN25+AK25 -> 300 | BS25: =BP25+BM25+BJ25+BG25+BD25+BA25+AX25+AU25+AR25+AO25+AL25 -> 5000 | BT25: =BQ25+BN25+BK25+BH25+BE25+BB25+AY25+AV25+AS25+AP25+AM25 -> 3536 | CD25: 100 | CE25: 1400 | CF25: 896 | CY25: 100 | CZ25: 1400 | DA25: 896 | DB25: =CY25+CV25+CS25+CP25+CM25+CJ25+CG25+CD25+CA25+BX25+BU25+BR25 -> 500 | DC25: =CZ25+CW25+CT25+CQ25+CN25+CK25+CH25+CE25+CB25+BY25+BV25+BS25 -> 7800 | DD25: =DA25+CX25+CU25+CR25+CO25+CL25+CI25+CF25+CC25+BZ25+BW25+BT25 -> 5328
A26: 23 | B26: ဒေါ်ခင်စန်းမြင့် | C26: Daw Khin San Myint | D26: ကျောက်ပန်းတောင်း | E26: Kyaukpadaung | F26: Wholesale | AH26: 280 | AI26: 4220 | AJ26: 2672 | AK26: =AH26+AE26+AB26+Y26+V26+S26+P26+M26+J26+G26 -> 280 | AL26: =AI26+AF26+AC26+Z26+W26+T26+Q26+N26+K26+H26 -> 4220 | AM26: =AJ26+AG26+AD26+AA26+X26+U26+R26+O26+L26+I26 -> 2672 | BR26: =BO26+BL26+BI26+BF26+BC26+AZ26+AW26+AT26+AQ26+AN26+AK26 -> 280 | BS26: =BP26+BM26+BJ26+BG26+BD26+BA26+AX26+AU26+AR26+AO26+AL26 -> 4220 | BT26: =BQ26+BN26+BK26+BH26+BE26+BB26+AY26+AV26+AS26+AP26+AM26 -> 2672 | CS26: 230 | CT26: 3220 | CU26: 2060.8 | DB26: =CY26+CV26+CS26+CP26+CM26+CJ26+CG26+CD26+CA26+BX26+BU26+BR26 -> 510 | DC26: =CZ26+CW26+CT26+CQ26+CN26+CK26+CH26+CE26+CB26+BY26+BV26+BS26 -> 7440 | DD26: =DA26+CX26+CU26+CR26+CO26+CL26+CI26+CF26+CC26+BZ26+BW26+BT26 -> 4732.8
A27: 24 | B27: ရတနာ | C27: Yadana | D27: ပုဂံ | E27: Bagan | F27: Wholesale | AK27: =AH27+AE27+AB27+Y27+V27+S27+P27+M27+J27+G27 -> 0 | AL27: =AI27+AF27+AC27+Z27+W27+T27+Q27+N27+K27+H27 -> 0 | AM27: =AJ27+AG27+AD27+AA27+X27+U27+R27+O27+L27+I27 -> 0 | BR27: =BO27+BL27+BI27+BF27+BC27+AZ27+AW27+AT27+AQ27+AN27+AK27 -> 0 | BS27: =BP27+BM27+BJ27+BG27+BD27+BA27+AX27+AU27+AR27+AO27+AL27 -> 0 | BT27: =BQ27+BN27+BK27+BH27+BE27+BB27+AY27+AV27+AS27+AP27+AM27 -> 0 | DB27: =CY27+CV27+CS27+CP27+CM27+CJ27+CG27+CD27+CA27+BX27+BU27+BR27 -> 0 | DC27: =CZ27+CW27+CT27+CQ27+CN27+CK27+CH27+CE27+CB27+BY27+BV27+BS27 -> 0 | DD27: =DA27+CX27+CU27+CR27+CO27+CL27+CI27+CF27+CC27+BZ27+BW27+BT27 -> 0
A28: 25 | B28: ဦးတင်မောင် | C28: U Tin Maung | D28: ပခုက္ကူ | E28: Pakokku | F28: Wholesale | AK28: =AH28+AE28+AB28+Y28+V28+S28+P28+M28+J28+G28 -> 0 | AL28: =AI28+AF28+AC28+Z28+W28+T28+Q28+N28+K28+H28 -> 0 | AM28: =AJ28+AG28+AD28+AA28+X28+U28+R28+O28+L28+I28 -> 0 | AZ28: 250 | BA28: 3500 | BB28: 2240 | BR28: =BO28+BL28+BI28+BF28+BC28+AZ28+AW28+AT28+AQ28+AN28+AK28 -> 250 | BS28: =BP28+BM28+BJ28+BG28+BD28+BA28+AX28+AU28+AR28+AO28+AL28 -> 3500 | BT28: =BQ28+BN28+BK28+BH28+BE28+BB28+AY28+AV28+AS28+AP28+AM28 -> 2240 | CA28: 200 | CB28: 2800 | CC28: 1792 | CY28: 100 | CZ28: 1400 | DA28: 896 | DB28: =CY28+CV28+CS28+CP28+CM28+CJ28+CG28+CD28+CA28+BX28+BU28+BR28 -> 550 | DC28: =CZ28+CW28+CT28+CQ28+CN28+CK28+CH28+CE28+CB28+BY28+BV28+BS28 -> 7700 | DD28: =DA28+CX28+CU28+CR28+CO28+CL28+CI28+CF28+CC28+BZ28+BW28+BT28 -> 4928
A29: Total (25) | G29: =SUM(G4:G28) -> 0 | H29: =SUM(H4:H28) -> 0 | I29: =SUM(I4:I28) -> 0 | J29: =SUM(J4:J28) -> 370 | K29: =SUM(K4:K28) -> 7020 | L29: =SUM(L4:L28) -> 4490.4 | M29: =SUM(M4:M28) -> 1739 | N29: =SUM(N4:N28) -> 27520 | ... AY29: =SUM(AY4:AY28) -> 15706.72 | AZ29: 1791 | BA29: 29144 | BB29: 18884.96 | BC29: 2123 | BD29: 31892 | BE29: 21015.68 | BF29: 1223 | BG29: 19682 | BH29: 12682.88 | BI29: =SUM(BI4:BI28) -> 0 | BJ29: =SUM(BJ4:BJ28) -> 0 | BK29: =SUM(BK4:BK28) -> 0 | BL29: =SUM(BL4:BL28) -> 1782 | BM29: =SUM(BM4:BM28) -> 28668 | BN29: =SUM(BN4:BN28) -> 18889.92 | BO29: =SUM(BO4:BO28) -> 1695 | BP29: =SUM(BP4:BP28) -> 25956 | ... DD29: =SUM(DD4:DD28) -> 479839.12
A30: 1 | B30: ရွှေကမ္ဘာ | C30: Golden World | D30: မိတ္ထီလာ | E30: Meikhtila | F30: Semi Wholesale | AK30: =AH30+AE30+AB30+Y30+V30+S30+P30+M30+J30+G30 -> 0 | AL30: =AI30+AF30+AC30+Z30+W30+T30+Q30+N30+K30+H30 -> 0 | AM30: =AJ30+AG30+AD30+AA30+X30+U30+R30+O30+L30+I30 -> 0 | AQ30: 90 | AR30: 1260 | AS30: 806.4 | AZ30: 45 | BA30: 1080 | BB30: 691.2 | BR30: =BO30+BL30+BI30+BF30+BC30+AZ30+AW30+AT30+AQ30+AN30+AK30 -> 135 | BS30: =BP30+BM30+BJ30+BG30+BD30+BA30+AX30+AU30+AR30+AO30+AL30 -> 2340 | BT30: =BQ30+BN30+BK30+BH30+BE30+BB30+AY30+AV30+AS30+AP30+AM30 -> 1497.6 | CP30: 45 | CQ30: 1080 | CR30: 691.2 | DB30: =CY30+CV30+CS30+CP30+CM30+CJ30+CG30+CD30+CA30+BX30+BU30+BR30 -> 180 | DC30: =CZ30+CW30+CT30+CQ30+CN30+CK30+CH30+CE30+CB30+BY30+BV30+BS30 -> 3420 | DD30: =DA30+CX30+CU30+CR30+CO30+CL30+CI30+CF30+CC30+BZ30+BW30+BT30 -> 2188.8
A31: 2 | B31: ဦးမောင်ငယ် | C31: U Mg Ngwe | D31: ရမည်းသင်း | E31: Yamethin | F31: Semi Wholesale | AK31: =AH31+AE31+AB31+Y31+V31+S31+P31+M31+J31+G31 -> 0 | AL31: =AI31+AF31+AC31+Z31+W31+T31+Q31+N31+K31+H31 -> 0 | AM31: =AJ31+AG31+AD31+AA31+X31+U31+R31+O31+L31+I31 -> 0 | BR31: =BO31+BL31+BI31+BF31+BC31+AZ31+AW31+AT31+AQ31+AN31+AK31 -> 0 | BS31: =BP31+BM31+BJ31+BG31+BD31+BA31+AX31+AU31+AR31+AO31+AL31 -> 0 | BT31: =BQ31+BN31+BK31+BH31+BE31+BB31+AY31+AV31+AS31+AP31+AM31 -> 0 | DB31: =CY31+CV31+CS31+CP31+CM31+CJ31+CG31+CD31+CA31+BX31+BU31+BR31 -> 0 | DC31: =CZ31+CW31+CT31+CQ31+CN31+CK31+CH31+CE31+CB31+BY31+BV31+BS31 -> 0 | DD31: =DA31+CX31+CU31+CR31+CO31+CL31+CI31+CF31+CC31+BZ31+BW31+BT31 -> 0
A32: 3 | B32: ကိုလှဌေးအောင် | C32: U Hla Htay Aung | D32: မြင်းခြံ | E32: Myingyun | F32: Semi Wholesale | AK32: =AH32+AE32+AB32+Y32+V32+S32+P32+M32+J32+G32 -> 0 | AL32: =AI32+AF32+AC32+Z32+W32+T32+Q32+N32+K32+H32 -> 0 | AM32: =AJ32+AG32+AD32+AA32+X32+U32+R32+O32+L32+I32 -> 0 | AZ32: 200 | BA32: 3300 | BB32: 2112 | BR32: =BO32+BL32+BI32+BF32+BC32+AZ32+AW32+AT32+AQ32+AN32+AK32 -> 200 | BS32: =BP32+BM32+BJ32+BG32+BD32+BA32+AX32+AU32+AR32+AO32+AL32 -> 3300 | BT32: =BQ32+BN32+BK32+BH32+BE32+BB32+AY32+AV32+AS32+AP32+AM32 -> 2112 | DB32: =CY32+CV32+CS32+CP32+CM32+CJ32+CG32+CD32+CA32+BX32+BU32+BR32 -> 200 | DC32: =CZ32+CW32+CT32+CQ32+CN32+CK32+CH32+CE32+CB32+BY32+BV32+BS32 -> 3300 | DD32: =DA32+CX32+CU32+CR32+CO32+CL32+CI32+CF32+CC32+BZ32+BW32+BT32 -> 2112
A33: 4 | B33: ပြည်ဖြိုးကြွယ် | C33: Pyae Phyo Kywe | D33: မြင်းခြံ | E33: Myingyun | F33: Semi Wholesale | AK33: =AH33+AE33+AB33+Y33+V33+S33+P33+M33+J33+G33 -> 0 | AL33: =AI33+AF33+AC33+Z33+W33+T33+Q33+N33+K33+H33 -> 0 | AM33: =AJ33+AG33+AD33+AA33+X33+U33+R33+O33+L33+I33 -> 0 | AZ33: 220 | BA33: 4280 | BB33: 2739.2 | BR33: =BO33+BL33+BI33+BF33+BC33+AZ33+AW33+AT33+AQ33+AN33+AK33 -> 220 | BS33: =BP33+BM33+BJ33+BG33+BD33+BA33+AX33+AU33+AR33+AO33+AL33 -> 4280 | BT33: =BQ33+BN33+BK33+BH33+BE33+BB33+AY33+AV33+AS33+AP33+AM33 -> 2739.2 | DB33: =CY33+CV33+CS33+CP33+CM33+CJ33+CG33+CD33+CA33+BX33+BU33+BR33 -> 220 | DC33: =CZ33+CW33+CT33+CQ33+CN33+CK33+CH33+CE33+CB33+BY33+BV33+BS33 -> 4280 | DD33: =DA33+CX33+CU33+CR33+CO33+CL33+CI33+CF33+CC33+BZ33+BW33+BT33 -> 2739.2
A34: 5 | B34: ဝတိံယံ | C34: Wattainyan | D34: ပခုက္ကူ | E34: Pakokku | F34: Semi Wholesale | AK34: =AH34+AE34+AB34+Y34+V34+S34+P34+M34+J34+G34 -> 0 | AL34: =AI34+AF34+AC34+Z34+W34+T34+Q34+N34+K34+H34 -> 0 | AM34: =AJ34+AG34+AD34+AA34+X34+U34+R34+O34+L34+I34 -> 0 | BR34: =BO34+BL34+BI34+BF34+BC34+AZ34+AW34+AT34+AQ34+AN34+AK34 -> 0 | BS34: =BP34+BM34+BJ34+BG34+BD34+BA34+AX34+AU34+AR34+AO34+AL34 -> 0 | BT34: =BQ34+BN34+BK34+BH34+BE34+BB34+AY34+AV34+AS34+AP34+AM34 -> 0 | CA34: 200 | CB34: 2800 | CC34: 1792 | DB34: =CY34+CV34+CS34+CP34+CM34+CJ34+CG34+CD34+CA34+BX34+BU34+BR34 -> 200 | DC34: =CZ34+CW34+CT34+CQ34+CN34+CK34+CH34+CE34+CB34+BY34+BV34+BS34 -> 2800 | DD34: =DA34+CX34+CU34+CR34+CO34+CL34+CI34+CF34+CC34+BZ34+BW34+BT34 -> 1792
A35: 6 | B35: ပျားနက် | C35: Black Bee | D35: ပခုက္ကူ | E35: Pakokku | F35: Semi Wholesale | AK35: =AH35+AE35+AB35+Y35+V35+S35+P35+M35+J35+G35 -> 0 | AL35: =AI35+AF35+AC35+Z35+W35+T35+Q35+N35+K35+H35 -> 0 | AM35: =AJ35+AG35+AD35+AA35+X35+U35+R35+O35+L35+I35 -> 0 | BR35: =BO35+BL35+BI35+BF35+BC35+AZ35+AW35+AT35+AQ35+AN35+AK35 -> 0 | BS35: =BP35+BM35+BJ35+BG35+BD35+BA35+AX35+AU35+AR35+AO35+AL35 -> 0 | BT35: =BQ35+BN35+BK35+BH35+BE35+BB35+AY35+AV35+AS35+AP35+AM35 -> 0 | CA35: 100 | CB35: 1400 | CC35: 896 | DB35: =CY35+CV35+CS35+CP35+CM35+CJ35+CG35+CD35+CA35+BX35+BU35+BR35 -> 100 | DC35: =CZ35+CW35+CT35+CQ35+CN35+CK35+CH35+CE35+CB35+BY35+BV35+BS35 -> 1400 | DD35: =DA35+CX35+CU35+CR35+CO35+CL35+CI35+CF35+CC35+BZ35+BW35+BT35 -> 896
A36: 7 | B36: ရွှေရောင်စင် | C36: Shwe Yaung Sin | D36: ပခုက္ကူ | E36: Pakokku | F36: Semi Wholesale | AK36: =AH36+AE36+AB36+Y36+V36+S36+P36+M36+J36+G36 -> 0 | AL36: =AI36+AF36+AC36+Z36+W36+T36+Q36+N36+K36+H36 -> 0 | AM36: =AJ36+AG36+AD36+AA36+X36+U36+R36+O36+L36+I36 -> 0 | AZ36: 100 | BA36: 1400 | BB36: 896 | BR36: =BO36+BL36+BI36+BF36+BC36+AZ36+AW36+AT36+AQ36+AN36+AK36 -> 100 | BS36: =BP36+BM36+BJ36+BG36+BD36+BA36+AX36+AU36+AR36+AO36+AL36 -> 1400 | BT36: =BQ36+BN36+BK36+BH36+BE36+BB36+AY36+AV36+AS36+AP36+AM36 -> 896 | CA36: 200 | CB36: 2800 | CC36: 1792 | DB36: =CY36+CV36+CS36+CP36+CM36+CJ36+CG36+CD36+CA36+BX36+BU36+BR36 -> 300 | DC36: =CZ36+CW36+CT36+CQ36+CN36+CK36+CH36+CE36+CB36+BY36+BV36+BS36 -> 4200 | DD36: =DA36+CX36+CU36+CR36+CO36+CL36+CI36+CF36+CC36+BZ36+BW36+BT36 -> 2688
A37: 8 | B37: A1 | C37: A-1 | D37: ပုဂံ | E37: Bagan | F37: Semi Wholesale | AE37: 300 | AF37: 3700 | AG37: 3448 | AK37: =AH37+AE37+AB37+Y37+V37+S37+P37+M37+J37+G37 -> 300 | AL37: =AI37+AF37+AC37+Z37+W37+T37+Q37+N37+K37+H37 -> 3700 | AM37: =AJ37+AG37+AD37+AA37+X37+U37+R37+O37+L37+I37 -> 3448 | BR37: =BO37+BL37+BI37+BF37+BC37+AZ37+AW37+AT37+AQ37+AN37+AK37 -> 300 | BS37: =BP37+BM37+BJ37+BG37+BD37+BA37+AX37+AU37+AR37+AO37+AL37 -> 3700 | BT37: =BQ37+BN37+BK37+BH37+BE37+BB37+AY37+AV37+AS37+AP37+AM37 -> 3448 | DB37: =CY37+CV37+CS37+CP37+CM37+CJ37+CG37+CD37+CA37+BX37+BU37+BR37 -> 300 | DC37: =CZ37+CW37+CT37+CQ37+CN37+CK37+CH37+CE37+CB37+BY37+BV37+BS37 -> 3700 | DD37: =DA37+CX37+CU37+CR37+CO37+CL37+CI37+CF37+CC37+BZ37+BW37+BT37 -> 3448
A38: 9 | B38: ‌ရွှေခေတ် | C38: Shwe Khit | D38: မလှိုင် | E38: Mahlaing | F38: Semi Wholesale | S38: 75 | T38: 950 | U38: 824 | AK38: =AH38+AE38+AB38+Y38+V38+S38+P38+M38+J38+G38 -> 75 | AL38: =AI38+AF38+AC38+Z38+W38+T38+Q38+N38+K38+H38 -> 950 | AM38: =AJ38+AG38+AD38+AA38+X38+U38+R38+O38+L38+I38 -> 824 | BC38: 57 | BD38: 794 | BE38: 509.6 | BR38: =BO38+BL38+BI38+BF38+BC38+AZ38+AW38+AT38+AQ38+AN38+AK38 -> 132 | BS38: =BP38+BM38+BJ38+BG38+BD38+BA38+AX38+AU38+AR38+AO38+AL38 -> 1744 | BT38: =BQ38+BN38+BK38+BH38+BE38+BB38+AY38+AV38+AS38+AP38+AM38 -> 1333.6 | CS38: 120 | CT38: 1480 | CU38: 1379.2 | DB38: =CY38+CV38+CS38+CP38+CM38+CJ38+CG38+CD38+CA38+BX38+BU38+BR38 -> 252 | DC38: =CZ38+CW38+CT38+CQ38+CN38+CK38+CH38+CE38+CB38+BY38+BV38+BS38 -> 3224 | DD38: =DA38+CX38+CU38+CR38+CO38+CL38+CI38+CF38+CC38+BZ38+BW38+BT38 -> 2712.8
A39: 10 | B39: ဟိန်းမြန်မာ | C39: Hein Myanmar | D39: မလှိုင် | E39: Mahlaing | F39: Semi Wholesale | S39: 60 | T39: 840 | U39: 537.6 | AK39: =AH39+AE39+AB39+Y39+V39+S39+P39+M39+J39+G39 -> 60 | AL39: =AI39+AF39+AC39+Z39+W39+T39+Q39+N39+K39+H39 -> 840 | AM39: =AJ39+AG39+AD39+AA39+X39+U39+R39+O39+L39+I39 -> 537.6 | BR39: =BO39+BL39+BI39+BF39+BC39+AZ39+AW39+AT39+AQ39+AN39+AK39 -> 60 | BS39: =BP39+BM39+BJ39+BG39+BD39+BA39+AX39+AU39+AR39+AO39+AL39 -> 840 | BT39: =BQ39+BN39+BK39+BH39+BE39+BB39+AY39+AV39+AS39+AP39+AM39 -> 537.6 | CJ39: 60 | CK39: 890 | CL39: 569.6 | DB39: =CY39+CV39+CS39+CP39+CM39+CJ39+CG39+CD39+CA39+BX39+BU39+BR39 -> 120 | DC39: =CZ39+CW39+CT39+CQ39+CN39+CK39+CH39+CE39+CB39+BY39+BV39+BS39 -> 1730 | DD39: =DA39+CX39+CU39+CR39+CO39+CL39+CI39+CF39+CC39+BZ39+BW39+BT39 -> 1107.2
A40: Total (10) | G40: =SUM(G30:G39) -> 0 | H40: =SUM(H30:H39) -> 0 | I40: =SUM(I30:I39) -> 0 | J40: =SUM(J30:J39) -> 0 | K40: =SUM(K30:K39) -> 0 | L40: =SUM(L30:L39) -> 0 | M40: =SUM(M30:M39) -> 0 | N40: =SUM(N30:N39) -> 0 | ... AY40: =SUM(AY30:AY39) -> 0 | AZ40: 565 | BA40: 10060 | BB40: 6438.4 | BC40: 57 | BD40: 794 | BE40: 509.6 | BF40: 0 | BG40: 0 | BH40: 0 | BI40: =SUM(BI30:BI39) -> 0 | BJ40: =SUM(BJ30:BJ39) -> 0 | BK40: =SUM(BK30:BK39) -> 0 | BL40: =SUM(BL30:BL39) -> 0 | BM40: =SUM(BM30:BM39) -> 0 | BN40: =SUM(BN30:BN39) -> 0 | BO40: =SUM(BO30:BO39) -> 0 | BP40: =SUM(BP30:BP39) -> 0 | ... DD40: =SUM(DD30:DD39) -> 19684
A41: Mini + Van Sales Follow Up - (Region) | AK41: =AH41+AE41+AB41+Y41+V41+S41+P41+M41+J41+G41 -> 0 | AL41: =AI41+AF41+AC41+Z41+W41+T41+Q41+N41+K41+H41 -> 0 | AM41: =AJ41+AG41+AD41+AA41+X41+U41+R41+O41+L41+I41 -> 0 | BR41: =BO41+BL41+BI41+BF41+BC41+AZ41+AW41+AT41+AQ41+AN41+AK41 -> 0 | BS41: =BP41+BM41+BJ41+BG41+BD41+BA41+AX41+AU41+AR41+AO41+AL41 -> 0 | BT41: =BQ41+BN41+BK41+BH41+BE41+BB41+AY41+AV41+AS41+AP41+AM41 -> 0 | DB41: =CY41+CV41+CS41+CP41+CM41+CJ41+CG41+CD41+CA41+BX41+BU41+BR41 -> 0 | DC41: =CZ41+CW41+CT41+CQ41+CN41+CK41+CH41+CE41+CB41+BY41+BV41+BS41 -> 0 | DD41: =DA41+CX41+CU41+CR41+CO41+CL41+CI41+CF41+CC41+BZ41+BW41+BT41 -> 0
A42: Sr No. | B42: Van | C42: ASM | D42: Area | E42: Total Outlet | F42: Frequancy | AK42: =AH42+AE42+AB42+Y42+V42+S42+P42+M42+J42+G42 -> 0 | AL42: =AI42+AF42+AC42+Z42+W42+T42+Q42+N42+K42+H42 -> 0 | AM42: =AJ42+AG42+AD42+AA42+X42+U42+R42+O42+L42+I42 -> 0 | BR42: =BO42+BL42+BI42+BF42+BC42+AZ42+AW42+AT42+AQ42+AN42+AK42 -> 0 | BS42: =BP42+BM42+BJ42+BG42+BD42+BA42+AX42+AU42+AR42+AO42+AL42 -> 0 | BT42: =BQ42+BN42+BK42+BH42+BE42+BB42+AY42+AV42+AS42+AP42+AM42 -> 0 | DB42: =CY42+CV42+CS42+CP42+CM42+CJ42+CG42+CD42+CA42+BX42+BU42+BR42 -> 0 | DC42: =CZ42+CW42+CT42+CQ42+CN42+CK42+CH42+CE42+CB42+BY42+BV42+BS42 -> 0 | DD42: =DA42+CX42+CU42+CR42+CO42+CL42+CI42+CF42+CC42+BZ42+BW42+BT42 -> 0
A43: 1 | B43: Van 1 | C43: Ko Kyaw Po Po Win | D43: YMT,PB,KPT,TT | E43: 314 | F43: F1&F2 | M43: 30 | N43: 670 | O43: 428.8 | S43: 21 | T43: 294 | U43: 229.44 | V43: 2 | W43: 28 | X43: 17.92 | Y43: 213 | Z43: 2626 | AA43: 2557.6 | AB43: 100 | AC43: 1200 | AD43: 1200 | AE43: 95 | AF43: 1160 | AG43: 1061.6 | AH43: 137 | AI43: 2546 | AJ43: 1690.88 | AK43: =AH43+AE43+AB43+Y43+V43+S43+P43+M43+J43+G43 -> 598 | AL43: =AI43+AF43+AC43+Z43+W43+T43+Q43+N43+K43+H43 -> 8524 | AM43: =AJ43+AG43+AD43+AA43+X43+U43+R43+O43+L43+I43 -> 7186.24 | AQ43: 51 | AR43: 658 | AS43: 604 | AT43: 77 | AU43: 1042 | AV43: 765.28 | AZ43: 605 | BA43: 8940 | BB43: 6362.4 | BF43: 163 | BG43: 2016 | BH43: 1948.8 | BL43: 74 | BM43: 1066 | BN43: 776.8 | BO43: 124 | BP43: 1566 | BQ43: 1146.24 | BR43: =BO43+BL43+BI43+BF43+BC43+AZ43+AW43+AT43+AQ43+AN43+AK43 -> 1692 | BS43: =BP43+BM43+BJ43+BG43+BD43+BA43+AX43+AU43+AR43+AO43+AL43 -> 23812 | BT43: =BQ43+BN43+BK43+BH43+BE43+BB43+AY43+AV43+AS43+AP43+AM43 -> 18789.76 | BU43: 80 | BV43: 1620 | BW43: 1036.8 | BX43: 55 | BY43: 1020 | BZ43: 760.8 | CA43: 217 | CB43: 3638 | CC43: 2328.32 | CD43: 59 | CE43: 916 | CF43: 586.24 | CJ43: 141 | CK43: 1862 | CL43: 1530.56 | CM43: 200 | CN43: 2570 | CO43: 2357.6 | CP43: 25 | CQ43: 366 | CR43: 307.68 | CS43: 120 | CT43: 1730 | CU43: 1323.2 | CV43: 118 | CW43: 1716 | CX43: 1387.2 | CY43: 104 | CZ43: 1248 | DA43: 1248 | DB43: =CY43+CV43+CS43+CP43+CM43+CJ43+CG43+CD43+CA43+BX43+BU43+BR43 -> 2811 | DC43: =CZ43+CW43+CT43+CQ43+CN43+CK43+CH43+CE43+CB43+BY43+BV43+BS43 -> 40498 | DD43: =DA43+CX43+CU43+CR43+CO43+CL43+CI43+CF43+CC43+BZ43+BW43+BT43 -> 31656.16
A44: 2 | B44: Van 2 | C44: Ko Kyaw Po Po Win | D44: MH,TZ,YMP,WNT,SHP | E44: 318 | F44: F1&F2 | M44: 119 | N44: 1696 | O44: 1344.64 | S44: 36 | T44: 654 | U44: 418.56 | V44: 34 | W44: 616 | X44: 391.36 | Y44: 90 | Z44: 1760 | AA44: 1126.4 | AB44: 50 | AC44: 702 | AD44: 548.16 | AE44: 110 | AF44: 1520 | AG44: 968 | AH44: 100.58333 | AI44: 1406 | AJ44: 900.32 | AK44: =AH44+AE44+AB44+Y44+V44+S44+P44+M44+J44+G44 -> 539.58333 | AL44: =AI44+AF44+AC44+Z44+W44+T44+Q44+N44+K44+H44 -> 8354 | AM44: =AJ44+AG44+AD44+AA44+X44+U44+R44+O44+L44+I44 -> 5697.44 | AQ44: 28 | AR44: 388 | AS44: 256.96 | AT44: 51.214286 | AU44: 797 | AV44: 567.2 | AW44: 50 | AX44: 700 | AY44: 448 | AZ44: 100 | BA44: 1200 | BB44: 1200 | BC44: 68 | BD44: 1106 | BE44: 812.48 | BF44: 44 | BG44: 676 | BH44: 562.24 | BL44: 36 | BM44: 570 | BN44: 368.64 | BO44: 57 | BP44: 868 | BQ44: 554.56 | BR44: =BO44+BL44+BI44+BF44+BC44+AZ44+AW44+AT44+AQ44+AN44+AK44 -> 973.79762 | BS44: =BP44+BM44+BJ44+BG44+BD44+BA44+AX44+AU44+AR44+AO44+AL44 -> 14659 | BT44: =BQ44+BN44+BK44+BH44+BE44+BB44+AY44+AV44+AS44+AP44+AM44 -> 10467.52 | BU44: 60 | BV44: 886 | BW44: 636.64 | BX44: 96 | BY44: 1340 | BZ44: 866.24 | CA44: 67 | CB44: 934 | CC44: 606.4 | CD44: 135 | CE44: 2036 | CF44: 1580.48 | CJ44: 80.071429 | CK44: 1421 | CL44: 909.44 | CM44: 89 | CN44: 1298 | CO44: 968.96 | CP44: 49 | CQ44: 792 | CR44: 642.24 | CS44: 22.541667 | CT44: 461 | CU44: 292.16 | CV44: 18 | CW44: 322 | CX44: 227.68 | CY44: 71 | CZ44: 934 | DA44: 770.56 | DB44: =CY44+CV44+CS44+CP44+CM44+CJ44+CG44+CD44+CA44+BX44+BU44+BR44 -> 1661.4107 | DC44: =CZ44+CW44+CT44+CQ44+CN44+CK44+CH44+CE44+CB44+BY44+BV44+BS44 -> 25083 | DD44: =DA44+CX44+CU44+CR44+CO44+CL44+CI44+CF44+CC44+BZ44+BW44+BT44 -> 17968.32
A45: Total Mini+ Van Sales Follow Up (xxxx) | G45: =SUM(G43:G44) -> 0 | H45: =SUM(H43:H44) -> 0 | I45: =SUM(I43:I44) -> 0 | J45: =SUM(J43:J44) -> 0 | K45: =SUM(K43:K44) -> 0 | L45: =SUM(L43:L44) -> 0 | M45: =SUM(M43:M44) -> 149 | N45: =SUM(N43:N44) -> 2366 | ... DD45: =SUM(DD43:DD44) -> 49624.48
DB46: =DB29+DB40+DB45 -> 52458.411 | DC46: =DC29+DC40+DC45 -> 822987 | DD46: =DD29+DD40+DD45 -> 549147.6
A48: Meiktila Market - Wholesales List ( 2026 - February)
G49: 1st Feb | J49: 2nd Feb | M49: 3rd Feb | P49: 4th Feb | S49: 5th Feb | V49: 6th Feb | Y49: 7th Feb | AB49: 8th Feb | AE49: 9th Feb | AH49: 10th Feb | AK49: 10-Days | AN49: 46064 | AQ49: 46065 | AT49: 46066 | AW49: 46067 | AZ49: 46068 | BC49: 46069 | BF49: 46070 | BI49: 46071 | BL49: 46072 | BO49: 46073 | BR49: 20-days | BU49: 46074 | BX49: 46075 | CA49: 46076 | CD49: 46077 | CG49: 46078 | CJ49: 46079 | CM49: 46080 | CP49: 46081 | DB49: Month Till Date
A50: Sr No. | B50: Customer Name | D50: Area | F50: Outlet Type | G50: PKT | H50: BOT | I50: Lit | J50: PKT | K50: BOT | L50: Lit | M50: PKT | N50: BOT | O50: Lit | P50: PKT | Q50: BOT | R50: Lit | S50: PKT | T50: BOT | U50: Lit | V50: PKT | W50: BOT | X50: Lit | Y50: PKT | Z50: BOT | AA50: Lit | AB50: PKT | AC50: BOT | AD50: Lit | AE50: PKT | AF50: BOT | AG50: Lit | AH50: PKT | AI50: BOT | AJ50: Lit | AK50: PKT | AL50: BOT | AM50: Lit | AN50: PKT | AO50: BOT | AP50: Lit | AQ50: PKT | AR50: BOT | AS50: Lit | AT50: PKT | AU50: BOT | AV50: Lit | AW50: PKT | AX50: BOT | AY50: Lit | AZ50: PKT | BA50: BOT | BB50: Lit | BC50: PKT | BD50: BOT | BE50: Lit | BF50: PKT | BG50: BOT | BH50: Lit | BI50: PKT | BJ50: BOT | BK50: Lit | BL50: PKT | BM50: BOT | BN50: Lit | BO50: PKT | BP50: BOT | BQ50: Lit | BR50: PKT | BS50: BOT | BT50: Lit | BU50: PKT | BV50: BOT | BW50: Lit | BX50: PKT | BY50: BOT | BZ50: Lit | CA50: PKT | CB50: BOT | CC50: Lit | CD50: PKT | CE50: BOT | CF50: Lit | CG50: PKT | CH50: BOT | CI50: Lit | CJ50: PKT | CK50: BOT | CL50: Lit | CM50: PKT | CN50: BOT | CO50: Lit | CP50: PKT | CQ50: BOT | CR50: Lit | CS50: PKT | CT50: BOT | CU50: Lit | CV50: PKT | CW50: BOT | CX50: Lit | CY50: PKT | CZ50: BOT | DA50: Lit | DB50: PKT | DC50: BOT | DD50: Lit
A51: 1 | B51: ရွှေမြင်း | C51: Golden Horse | D51: မိတ္ထီလာ | E51: Meikhtila | F51: Wholesale | J51: 460 | K51: 7900 | L51: 5142.4 | M51: 180 | N51: 3120 | O51: 1996.8 | P51: 170 | Q51: 2660 | R51: 1745.6 | S51: 260 | T51: 4400 | U51: 2902.4 | V51: 70 | W51: 1680 | X51: 1075.2 | Y51: 399 | Z51: 6446 | AA51: 4211.84 | AE51: 450 | AF51: 7300 | AG51: 5320 | AH51: 575 | AI51: 9960 | AJ51: 6460.8 | AK51: =AH51+AE51+AB51+Y51+V51+S51+P51+M51+J51+G51 -> 2564 | AL51: =AI51+AF51+AC51+Z51+W51+T51+Q51+N51+K51+H51 -> 43466 | AM51: =AJ51+AG51+AD51+AA51+X51+U51+R51+O51+L51+I51 -> 28855.04 | AN51: 243 | AO51: 3832 | AP51: 2711.68 | AQ51: 260 | AR51: 4340 | AS51: 2777.6 | AT51: 390 | AU51: 6760 | AV51: 4326.4 | AW51: 210 | AX51: 3440 | AY51: 2201.6 | BC51: 480 | BD51: 8120 | BE51: 5376.8 | BF51: 220 | BG51: 3500 | BH51: 2412.8 | BI51: 384 | BJ51: 5976 | BK51: 3824.64 | BL51: 228 | BM51: 4392 | BN51: 2810.88 | BO51: 235 | BP51: 3480 | BQ51: 2356.8 | BR51: =BO51+BL51+BI51+BF51+BC51+AZ51+AW51+AT51+AQ51+AN51+AK51 -> 5214 | BS51: =BP51+BM51+BJ51+BG51+BD51+BA51+AX51+AU51+AR51+AO51+AL51 -> 87306 | BT51: =BQ51+BN51+BK51+BH51+BE51+BB51+AY51+AV51+AS51+AP51+AM51 -> 57654.24 | BU51: 430 | BV51: 7180 | BW51: 4681.6 | CA51: 195 | CB51: 3320 | CC51: 2254.4 | CD51: 360 | CE51: 6020 | CF51: 4112 | CG51: 335 | CH51: 7540 | CI51: 4825.6 | CJ51: 300 | CK51: 4960 | CL51: 3260.8 | CM51: 205 | CN51: 3470 | CO51: 2220.8 | CP51: 595 | CQ51: 10060 | CR51: 6697.6 | DB51: =CY51+CV51+CS51+CP51+CM51+CJ51+CG51+CD51+CA51+BX51+BU51+BR51 -> 7634 | DC51: =CZ51+CW51+CT51+CQ51+CN51+CK51+CH51+CE51+CB51+BY51+BV51+BS51 -> 129856 | DD51: =DA51+CX51+CU51+CR51+CO51+CL51+CI51+CF51+CC51+BZ51+BW51+BT51 -> 85707.04
A52: 2 | B52: ရွှေခြင်္သေ့ | C52: Golden Lion | D52: မိတ္ထီလာ | E52: Meikhtila | F52: Contract | J52: 165 | K52: 2660 | L52: 1702.4 | M52: 80 | N52: 1340 | O52: 922.4 | P52: 90 | Q52: 1550 | R52: 1112 | S52: 85 | T52: 1300 | U52: 918.4 | V52: 75 | W52: 1300 | X52: 832 | Y52: 265 | Z52: 4030 | AA52: 2644 | AH52: 245 | AI52: 3930 | AJ52: 2623.2 | AK52: =AH52+AE52+AB52+Y52+V52+S52+P52+M52+J52+G52 -> 1005 | AL52: =AI52+AF52+AC52+Z52+W52+T52+Q52+N52+K52+H52 -> 16110 | AM52: =AJ52+AG52+AD52+AA52+X52+U52+R52+O52+L52+I52 -> 10754.4 | AN52: 85 | AO52: 1340 | AP52: 857.6 | AQ52: 90 | AR52: 1340 | AS52: 900.8 | AT52: 85 | AU52: 1320 | AV52: 888 | AW52: 85 | AX52: 1340 | AY52: 857.6 | BC52: 85 | BD52: 1300 | BE52: 918.4 | BF52: 155 | BG52: 2550 | BH52: 1675.2 | BI52: 85 | BJ52: 1320 | BK52: 888 | BL52: 80 | BM52: 1320 | BN52: 844.8 | BR52: =BO52+BL52+BI52+BF52+BC52+AZ52+AW52+AT52+AQ52+AN52+AK52 -> 1755 | BS52: =BP52+BM52+BJ52+BG52+BD52+BA52+AX52+AU52+AR52+AO52+AL52 -> 27940 | BT52: =BQ52+BN52+BK52+BH52+BE52+BB52+AY52+AV52+AS52+AP52+AM52 -> 18584.8 | BU52: 80 | BV52: 1300 | BW52: 875.2 | CD52: 165 | CE52: 2640 | CF52: 1732.8 | CG52: 155 | CH52: 2600 | CI52: 1707.2 | CJ52: 80 | CK52: 1500 | CL52: 993.6 | CM52: 80 | CN52: 1310 | CO52: 860 | CP52: 75 | CQ52: 1240 | CR52: 815.2 | DB52: =CY52+CV52+CS52+CP52+CM52+CJ52+CG52+CD52+CA52+BX52+BU52+BR52 -> 2390 | DC52: =CZ52+CW52+CT52+CQ52+CN52+CK52+CH52+CE52+CB52+BY52+BV52+BS52 -> 38530 | DD52: =DA52+CX52+CU52+CR52+CO52+CL52+CI52+CF52+CC52+BZ52+BW52+BT52 -> 25568.8
A53: 3 | B53: ကောင်းသန့် | C53: Kaung Thant | D53: မိတ္ထီလာ | E53: Meikhtila | F53: Contract | J53: 210 | K53: 3240 | L53: 2073.6 | M53: 45 | N53: 880 | O53: 563.2 | S53: 45 | T53: 730 | U53: 467.2 | V53: 160 | W53: 3090 | X53: 1977.6 | Y53: 303 | Z53: 4692 | AA53: 3002.88 | AE53: 90 | AF53: 1660 | AG53: 1062.4 | AH53: 305 | AI53: 4590 | AJ53: 2937.6 | AK53: =AH53+AE53+AB53+Y53+V53+S53+P53+M53+J53+G53 -> 1158 | AL53: =AI53+AF53+AC53+Z53+W53+T53+Q53+N53+K53+H53 -> 18882 | AM53: =AJ53+AG53+AD53+AA53+X53+U53+R53+O53+L53+I53 -> 12084.48 | AQ53: 155 | AR53: 2370 | AS53: 1516.8 | AW53: 295 | AX53: 4980 | AY53: 3187.2 | BC53: 165 | BD53: 2710 | BE53: 1734.4 | BI53: 240 | BJ53: 4700 | BK53: 3011.6 | BL53: 284 | BM53: 4376 | BN53: 2800.64 | BR53: =BO53+BL53+BI53+BF53+BC53+AZ53+AW53+AT53+AQ53+AN53+AK53 -> 2297 | BS53: =BP53+BM53+BJ53+BG53+BD53+BA53+AX53+AU53+AR53+AO53+AL53 -> 38018 | BT53: =BQ53+BN53+BK53+BH53+BE53+BB53+AY53+AV53+AS53+AP53+AM53 -> 24335.12 | BU53: 117 | BV53: 1888 | BW53: 1208.32 | CD53: 130 | CE53: 2070 | CF53: 1324.8 | CG53: 145 | CH53: 2430 | CI53: 1555.2 | CJ53: 265 | CK53: 4110 | CL53: 2630.4 | CP53: 200 | CQ53: 3800 | CR53: 2432 | DB53: =CY53+CV53+CS53+CP53+CM53+CJ53+CG53+CD53+CA53+BX53+BU53+BR53 -> 3154 | DC53: =CZ53+CW53+CT53+CQ53+CN53+CK53+CH53+CE53+CB53+BY53+BV53+BS53 -> 52316 | DD53: =DA53+CX53+CU53+CR53+CO53+CL53+CI53+CF53+CC53+BZ53+BW53+BT53 -> 33485.84
A54: 4 | B54: ဦးဝင်းနိုင် | C54: U Win Naing | D54: လျှော်ပင် | E54: Wundwin | F54: Contract | J54: 273 | K54: 4022 | L54: 2574.08 | P54: 185 | Q54: 2560 | R54: 1703.2 | V54: 590 | W54: 9160 | X54: 5785.6 | Y54: 291 | Z54: 5234 | AA54: 3404.96 | AE54: 230 | AF54: 3150 | AG54: 2167.2 | AH54: 115 | AI54: 1610 | AJ54: 1138.4 | AK54: =AH54+AE54+AB54+Y54+V54+S54+P54+M54+J54+G54 -> 1684 | AL54: =AI54+AF54+AC54+Z54+W54+T54+Q54+N54+K54+H54 -> 25736 | AM54: =AJ54+AG54+AD54+AA54+X54+U54+R54+O54+L54+I54 -> 16773.44 | AN54: 30 | AO54: 420 | AP54: 268.8 | AQ54: 627 | AR54: 8994 | AS54: 5971.2 | AW54: 542 | AX54: 9492 | AY54: 6174.72 | BC54: 523 | BD54: 8572 | BE54: 5558.08 | BF54: 220 | BG54: 3080 | BH54: 1971.2 | BL54: 209 | BM54: 3026 | BN54: 2044.64 | BO54: 330 | BP54: 5620 | BQ54: 3685.6 | BR54: =BO54+BL54+BI54+BF54+BC54+AZ54+AW54+AT54+AQ54+AN54+AK54 -> 4165 | BS54: =BP54+BM54+BJ54+BG54+BD54+BA54+AX54+AU54+AR54+AO54+AL54 -> 64940 | BT54: =BQ54+BN54+BK54+BH54+BE54+BB54+AY54+AV54+AS54+AP54+AM54 -> 42447.68 | BU54: 335 | BV54: 4880 | BW54: 3186.08 | CA54: 158 | CB54: 2432 | CC54: 1621.28 | CD54: 387 | CE54: 6288 | CF54: 4187.52 | CG54: 250 | CH54: 4960 | CI54: 3116.8 | CJ54: 165 | CK54: 2350 | CL54: 1525.6 | CM54: 150 | CN54: 2190 | CO54: 1531.2 | CP54: 426 | CQ54: 7224 | CR54: 4642.56 | DB54: =CY54+CV54+CS54+CP54+CM54+CJ54+CG54+CD54+CA54+BX54+BU54+BR54 -> 6036 | DC54: =CZ54+CW54+CT54+CQ54+CN54+CK54+CH54+CE54+CB54+BY54+BV54+BS54 -> 95264 | DD54: =DA54+CX54+CU54+CR54+CO54+CL54+CI54+CF54+CC54+BZ54+BW54+BT54 -> 62258.72
A55: 5 | B55: ကျော်ကြား | C55: Kyaw Kyar | D55: မလှိုင် | E55: Mahlaing | F55: Contract | M55: 360 | N55: 6040 | O55: 3865.6 | V55: 300 | W55: 4840 | X55: 3227.2 | AK55: =AH55+AE55+AB55+Y55+V55+S55+P55+M55+J55+G55 -> 660 | AL55: =AI55+AF55+AC55+Z55+W55+T55+Q55+N55+K55+H55 -> 10880 | AM55: =AJ55+AG55+AD55+AA55+X55+U55+R55+O55+L55+I55 -> 7092.8 | AN55: 110 | AO55: 2140 | AP55: 1369.6 | BF55: 210 | BG55: 3540 | BH55: 2265.6 | BI55: 105 | BJ55: 1920 | BK55: 1228.8 | BR55: =BO55+BL55+BI55+BF55+BC55+AZ55+AW55+AT55+AQ55+AN55+AK55 -> 1085 | BS55: =BP55+BM55+BJ55+BG55+BD55+BA55+AX55+AU55+AR55+AO55+AL55 -> 18480 | BT55: =BQ55+BN55+BK55+BH55+BE55+BB55+AY55+AV55+AS55+AP55+AM55 -> 11956.8 | BU55: 430 | BV55: 6960 | BW55: 4584 | CG55: 150 | CH55: 2100 | CI55: 1344 | DB55: =CY55+CV55+CS55+CP55+CM55+CJ55+CG55+CD55+CA55+BX55+BU55+BR55 -> 1665 | DC55: =CZ55+CW55+CT55+CQ55+CN55+CK55+CH55+CE55+CB55+BY55+BV55+BS55 -> 27540 | DD55: =DA55+CX55+CU55+CR55+CO55+CL55+CI55+CF55+CC55+BZ55+BW55+BT55 -> 17884.8
A56: 6 | B56: မယဉ်ယဉ်အေး | C56: Ma Yin Yin Aye | D56: မလှိုင် | E56: Mahlaing | F56: Contract | P56: 450 | Q56: 7300 | R56: 4672 | V56: 130 | W56: 1920 | X56: 1444.8 | AK56: =AH56+AE56+AB56+Y56+V56+S56+P56+M56+J56+G56 -> 580 | AL56: =AI56+AF56+AC56+Z56+W56+T56+Q56+N56+K56+H56 -> 9220 | AM56: =AJ56+AG56+AD56+AA56+X56+U56+R56+O56+L56+I56 -> 6116.8 | AN56: 480 | AO56: 7020 | AP56: 4492.8 | BI56: 230 | BJ56: 3520 | BK56: 2252.8 | BO56: 300 | BP56: 5200 | BQ56: 3328 | BR56: =BO56+BL56+BI56+BF56+BC56+AZ56+AW56+AT56+AQ56+AN56+AK56 -> 1590 | BS56: =BP56+BM56+BJ56+BG56+BD56+BA56+AX56+AU56+AR56+AO56+AL56 -> 24960 | BT56: =BQ56+BN56+BK56+BH56+BE56+BB56+AY56+AV56+AS56+AP56+AM56 -> 16190.4 | CD56: 150 | CE56: 2600 | CF56: 1664 | CJ56: 400 | CK56: 6600 | CL56: 4224 | DB56: =CY56+CV56+CS56+CP56+CM56+CJ56+CG56+CD56+CA56+BX56+BU56+BR56 -> 2140 | DC56: =CZ56+CW56+CT56+CQ56+CN56+CK56+CH56+CE56+CB56+BY56+BV56+BS56 -> 34160 | DD56: =DA56+CX56+CU56+CR56+CO56+CL56+CI56+CF56+CC56+BZ56+BW56+BT56 -> 22078.4
A57: 7 | B57: စံချိန် | C57: Sanchain | D57: ရမည်းသင်း | E57: Yamethin | F57: Contract | P57: 200 | Q57: 2800 | R57: 1792 | AH57: 100 | AI57: 1400 | AJ57: 896 | AK57: =AH57+AE57+AB57+Y57+V57+S57+P57+M57+J57+G57 -> 300 | AL57: =AI57+AF57+AC57+Z57+W57+T57+Q57+N57+K57+H57 -> 4200 | AM57: =AJ57+AG57+AD57+AA57+X57+U57+R57+O57+L57+I57 -> 2688 | BR57: =BO57+BL57+BI57+BF57+BC57+AZ57+AW57+AT57+AQ57+AN57+AK57 -> 300 | BS57: =BP57+BM57+BJ57+BG57+BD57+BA57+AX57+AU57+AR57+AO57+AL57 -> 4200 | BT57: =BQ57+BN57+BK57+BH57+BE57+BB57+AY57+AV57+AS57+AP57+AM57 -> 2688 | BU57: 300 | BV57: 4200 | BW57: 2688 | DB57: =CY57+CV57+CS57+CP57+CM57+CJ57+CG57+CD57+CA57+BX57+BU57+BR57 -> 600 | DC57: =CZ57+CW57+CT57+CQ57+CN57+CK57+CH57+CE57+CB57+BY57+BV57+BS57 -> 8400 | DD57: =DA57+CX57+CU57+CR57+CO57+CL57+CI57+CF57+CC57+BZ57+BW57+BT57 -> 5376
A58: 8 | B58: ဦးရဲမြင့် | C58: U Ye Myint | D58: ပျော်ဘွယ် | E58: Pyawbwe | F58: Contract | M58: 430 | N58: 6320 | O58: 4044.8 | P58: 455 | Q58: 6370 | R58: 4076.8 | V58: 430 | W58: 6320 | X58: 4044.8 | AK58: =AH58+AE58+AB58+Y58+V58+S58+P58+M58+J58+G58 -> 1315 | AL58: =AI58+AF58+AC58+Z58+W58+T58+Q58+N58+K58+H58 -> 19010 | AM58: =AJ58+AG58+AD58+AA58+X58+U58+R58+O58+L58+I58 -> 12166.4 | AN58: 525 | AO58: 8050 | AP58: 5152 | AT58: 140 | AU58: 1960 | AV58: 1254.4 | AW58: 380 | AX58: 6220 | AY58: 3980.8 | BC58: 400 | BD58: 6200 | BE58: 3968 | BI58: 165 | BJ58: 2510 | BK58: 1642.4 | BO58: 200 | BP58: 3100 | BQ58: 1984 | BR58: =BO58+BL58+BI58+BF58+BC58+AZ58+AW58+AT58+AQ58+AN58+AK58 -> 3125 | BS58: =BP58+BM58+BJ58+BG58+BD58+BA58+AX58+AU58+AR58+AO58+AL58 -> 47050 | BT58: =BQ58+BN58+BK58+BH58+BE58+BB58+AY58+AV58+AS58+AP58+AM58 -> 30148 | CD58: 10 | CE58: 140 | CF58: 89.6 | CG58: 560 | CH58: 8740 | CI58: 5593.6 | CM58: 380 | CN58: 6120 | CO58: 3916.8 | CP58: 530 | CQ58: 7720 | CR58: 4940.8 | DB58: =CY58+CV58+CS58+CP58+CM58+CJ58+CG58+CD58+CA58+BX58+BU58+BR58 -> 4605 | DC58: =CZ58+CW58+CT58+CQ58+CN58+CK58+CH58+CE58+CB58+BY58+BV58+BS58 -> 69770 | DD58: =DA58+CX58+CU58+CR58+CO58+CL58+CI58+CF58+CC58+BZ58+BW58+BT58 -> 44688.8
A59: 9 | B59: လွင် | C59: Lwin | D59: ကျောက်ပန်းတောင်း | E59: Kyaukpadaung | F59: Contract | S59: 280 | T59: 4720 | U59: 2972.8 | AE59: 280 | AF59: 4120 | AG59: 2824 | AH59: 240 | AI59: 3840 | AJ59: 2452.8 | AK59: =AH59+AE59+AB59+Y59+V59+S59+P59+M59+J59+G59 -> 800 | AL59: =AI59+AF59+AC59+Z59+W59+T59+Q59+N59+K59+H59 -> 12680 | AM59: =AJ59+AG59+AD59+AA59+X59+U59+R59+O59+L59+I59 -> 8249.6 | AT59: 275 | AU59: 4300 | AV59: 2722 | BF59: 220 | BG59: 3540 | BH59: 2352 | BI59: 280 | BJ59: 3860 | BK59: 2600 | BR59: =BO59+BL59+BI59+BF59+BC59+AZ59+AW59+AT59+AQ59+AN59+AK59 -> 1575 | BS59: =BP59+BM59+BJ59+BG59+BD59+BA59+AX59+AU59+AR59+AO59+AL59 -> 24380 | BT59: =BQ59+BN59+BK59+BH59+BE59+BB59+AY59+AV59+AS59+AP59+AM59 -> 15923.6 | CA59: 255 | CB59: 3960 | CC59: 2634 | CD59: 300 | CE59: 4600 | CF59: 3112 | CP59: 250 | CQ59: 3400 | CR59: 2392 | DB59: =CY59+CV59+CS59+CP59+CM59+CJ59+CG59+CD59+CA59+BX59+BU59+BR59 -> 2380 | DC59: =CZ59+CW59+CT59+CQ59+CN59+CK59+CH59+CE59+CB59+BY59+BV59+BS59 -> 36340 | DD59: =DA59+CX59+CU59+CR59+CO59+CL59+CI59+CF59+CC59+BZ59+BW59+BT59 -> 24061.6
A60: 10 | B60: ဦးစိုးဝင်း | C60: U Soe Win | D60: ကျောက်ပန်းတောင်း | E60: Kyaukpadaung | F60: Contract | AK60: =AH60+AE60+AB60+Y60+V60+S60+P60+M60+J60+G60 -> 0 | AL60: =AI60+AF60+AC60+Z60+W60+T60+Q60+N60+K60+H60 -> 0 | AM60: =AJ60+AG60+AD60+AA60+X60+U60+R60+O60+L60+I60 -> 0 | BI60: 210 | BJ60: 3540 | BK60: 2265.6 | BO60: 300 | BP60: 4200 | BQ60: 2688 | BR60: =BO60+BL60+BI60+BF60+BC60+AZ60+AW60+AT60+AQ60+AN60+AK60 -> 510 | BS60: =BP60+BM60+BJ60+BG60+BD60+BA60+AX60+AU60+AR60+AO60+AL60 -> 7740 | BT60: =BQ60+BN60+BK60+BH60+BE60+BB60+AY60+AV60+AS60+AP60+AM60 -> 4953.6 | DB60: =CY60+CV60+CS60+CP60+CM60+CJ60+CG60+CD60+CA60+BX60+BU60+BR60 -> 510 | DC60: =CZ60+CW60+CT60+CQ60+CN60+CK60+CH60+CE60+CB60+BY60+BV60+BS60 -> 7740 | DD60: =DA60+CX60+CU60+CR60+CO60+CL60+CI60+CF60+CC60+BZ60+BW60+BT60 -> 4953.6
A61: 11 | B61: ဦးသိန်းစိုး | C61: U Thein Soe | D61: ကျောက်ပန်းတောင်း | E61: Kyaukpadaung | F61: Contract | AH61: 230 | AI61: 3320 | AJ61: 2556.8 | AK61: =AH61+AE61+AB61+Y61+V61+S61+P61+M61+J61+G61 -> 230 | AL61: =AI61+AF61+AC61+Z61+W61+T61+Q61+N61+K61+H61 -> 3320 | AM61: =AJ61+AG61+AD61+AA61+X61+U61+R61+O61+L61+I61 -> 2556.8 | BL61: 150 | BM61: 2100 | BN61: 1344 | BR61: =BO61+BL61+BI61+BF61+BC61+AZ61+AW61+AT61+AQ61+AN61+AK61 -> 380 | BS61: =BP61+BM61+BJ61+BG61+BD61+BA61+AX61+AU61+AR61+AO61+AL61 -> 5420 | BT61: =BQ61+BN61+BK61+BH61+BE61+BB61+AY61+AV61+AS61+AP61+AM61 -> 3900.8 | CA61: 300 | CB61: 4200 | CC61: 2688 | CP61: 250 | CQ61: 3500 | CR61: 2240 | DB61: =CY61+CV61+CS61+CP61+CM61+CJ61+CG61+CD61+CA61+BX61+BU61+BR61 -> 930 | DC61: =CZ61+CW61+CT61+CQ61+CN61+CK61+CH61+CE61+CB61+BY61+BV61+BS61 -> 13120 | DD61: =DA61+CX61+CU61+CR61+CO61+CL61+CI61+CF61+CC61+BZ61+BW61+BT61 -> 8828.8
A62: 12 | B62: ကောင်းထက်သူ | C62: Kaung Htet Thu | D62: ကျောက်ပန်းတောင်း | E62: Kyaukpadaung | F62: Contract | S62: 300 | T62: 4700 | U62: 2960 | AH62: 220 | AI62: 3280 | AJ62: 2099.2 | AK62: =AH62+AE62+AB62+Y62+V62+S62+P62+M62+J62+G62 -> 520 | AL62: =AI62+AF62+AC62+Z62+W62+T62+Q62+N62+K62+H62 -> 7980 | AM62: =AJ62+AG62+AD62+AA62+X62+U62+R62+O62+L62+I62 -> 5059.2 | BL62: 240 | BM62: 3280 | BN62: 2272 | BR62: =BO62+BL62+BI62+BF62+BC62+AZ62+AW62+AT62+AQ62+AN62+AK62 -> 760 | BS62: =BP62+BM62+BJ62+BG62+BD62+BA62+AX62+AU62+AR62+AO62+AL62 -> 11260 | BT62: =BQ62+BN62+BK62+BH62+BE62+BB62+AY62+AV62+AS62+AP62+AM62 -> 7331.2 | CJ62: 300 | CK62: 4200 | CL62: 2688 | DB62: =CY62+CV62+CS62+CP62+CM62+CJ62+CG62+CD62+CA62+BX62+BU62+BR62 -> 1060 | DC62: =CZ62+CW62+CT62+CQ62+CN62+CK62+CH62+CE62+CB62+BY62+BV62+BS62 -> 15460 | DD62: =DA62+CX62+CU62+CR62+CO62+CL62+CI62+CF62+CC62+BZ62+BW62+BT62 -> 10019.2
A63: 13 | B63: ကောင်းဆုဝေ | C63: Kaung Su Wai | D63: ကျောက်ပန်းတောင်း | E63: Kyaukpadaung | F63: Contract | V63: 100 | W63: 1400 | X63: 896 | AK63: =AH63+AE63+AB63+Y63+V63+S63+P63+M63+J63+G63 -> 100 | AL63: =AI63+AF63+AC63+Z63+W63+T63+Q63+N63+K63+H63 -> 1400 | AM63: =AJ63+AG63+AD63+AA63+X63+U63+R63+O63+L63+I63 -> 896 | AT63: 250 | AU63: 3450 | AV63: 2316 | BR63: =BO63+BL63+BI63+BF63+BC63+AZ63+AW63+AT63+AQ63+AN63+AK63 -> 350 | BS63: =BP63+BM63+BJ63+BG63+BD63+BA63+AX63+AU63+AR63+AO63+AL63 -> 4850 | BT63: =BQ63+BN63+BK63+BH63+BE63+BB63+AY63+AV63+AS63+AP63+AM63 -> 3212 | CA63: 250 | CB63: 3500 | CC63: 2240 | CM63: 100 | CN63: 1400 | CO63: 896 | DB63: =CY63+CV63+CS63+CP63+CM63+CJ63+CG63+CD63+CA63+BX63+BU63+BR63 -> 700 | DC63: =CZ63+CW63+CT63+CQ63+CN63+CK63+CH63+CE63+CB63+BY63+BV63+BS63 -> 9750 | DD63: =DA63+CX63+CU63+CR63+CO63+CL63+CI63+CF63+CC63+BZ63+BW63+BT63 -> 6348
A64: 14 | B64: မြို့မ | C64: MyoMa | D64: တောင်သာ | E64: Taungtha | F64: Contract | P64: 100 | Q64: 1200 | R64: 1200 | AE64: 100 | AF64: 1400 | AG64: 896 | AK64: =AH64+AE64+AB64+Y64+V64+S64+P64+M64+J64+G64 -> 200 | AL64: =AI64+AF64+AC64+Z64+W64+T64+Q64+N64+K64+H64 -> 2600 | AM64: =AJ64+AG64+AD64+AA64+X64+U64+R64+O64+L64+I64 -> 2096 | AQ64: 100 | AR64: 1400 | AS64: 896 | BR64: =BO64+BL64+BI64+BF64+BC64+AZ64+AW64+AT64+AQ64+AN64+AK64 -> 300 | BS64: =BP64+BM64+BJ64+BG64+BD64+BA64+AX64+AU64+AR64+AO64+AL64 -> 4000 | BT64: =BQ64+BN64+BK64+BH64+BE64+BB64+AY64+AV64+AS64+AP64+AM64 -> 2992 | CD64: 100 | CE64: 1200 | CF64: 1200 | CG64: 50 | CH64: 700 | CI64: 448 | DB64: =CY64+CV64+CS64+CP64+CM64+CJ64+CG64+CD64+CA64+BX64+BU64+BR64 -> 450 | DC64: =CZ64+CW64+CT64+CQ64+CN64+CK64+CH64+CE64+CB64+BY64+BV64+BS64 -> 5900 | DD64: =DA64+CX64+CU64+CR64+CO64+CL64+CI64+CF64+CC64+BZ64+BW64+BT64 -> 4640
A65: 15 | B65: မိုးယံ | C65: Moe Yan | D65: ရမည်းသင်း | E65: Yamethin | F65: Contract | M65: 100 | N65: 1400 | O65: 896 | V65: 20 | W65: 240 | X65: 240 | AK65: =AH65+AE65+AB65+Y65+V65+S65+P65+M65+J65+G65 -> 120 | AL65: =AI65+AF65+AC65+Z65+W65+T65+Q65+N65+K65+H65 -> 1640 | AM65: =AJ65+AG65+AD65+AA65+X65+U65+R65+O65+L65+I65 -> 1136 | AT65: 110 | AU65: 1780 | AV65: 1240 | BR65: =BO65+BL65+BI65+BF65+BC65+AZ65+AW65+AT65+AQ65+AN65+AK65 -> 230 | BS65: =BP65+BM65+BJ65+BG65+BD65+BA65+AX65+AU65+AR65+AO65+AL65 -> 3420 | BT65: =BQ65+BN65+BK65+BH65+BE65+BB65+AY65+AV65+AS65+AP65+AM65 -> 2376 | CG65: 70 | CH65: 980 | CI65: 627.2 | CP65: 50 | CQ65: 600 | CR65: 600 | DB65: =CY65+CV65+CS65+CP65+CM65+CJ65+CG65+CD65+CA65+BX65+BU65+BR65 -> 350 | DC65: =CZ65+CW65+CT65+CQ65+CN65+CK65+CH65+CE65+CB65+BY65+BV65+BS65 -> 5000 | DD65: =DA65+CX65+CU65+CR65+CO65+CL65+CI65+CF65+CC65+BZ65+BW65+BT65 -> 3603.2
A66: 16 | B66: ကောင်းဟိန်း | C66: Kaung Hein | D66: ပခုက္ကူ | E66: Pakokku | F66: Contract | AK66: =AH66+AE66+AB66+Y66+V66+S66+P66+M66+J66+G66 -> 0 | AL66: =AI66+AF66+AC66+Z66+W66+T66+Q66+N66+K66+H66 -> 0 | AM66: =AJ66+AG66+AD66+AA66+X66+U66+R66+O66+L66+I66 -> 0 | BR66: =BO66+BL66+BI66+BF66+BC66+AZ66+AW66+AT66+AQ66+AN66+AK66 -> 0 | BS66: =BP66+BM66+BJ66+BG66+BD66+BA66+AX66+AU66+AR66+AO66+AL66 -> 0 | BT66: =BQ66+BN66+BK66+BH66+BE66+BB66+AY66+AV66+AS66+AP66+AM66 -> 0 | DB66: =CY66+CV66+CS66+CP66+CM66+CJ66+CG66+CD66+CA66+BX66+BU66+BR66 -> 0 | DC66: =CZ66+CW66+CT66+CQ66+CN66+CK66+CH66+CE66+CB66+BY66+BV66+BS66 -> 0 | DD66: =DA66+CX66+CU66+CR66+CO66+CL66+CI66+CF66+CC66+BZ66+BW66+BT66 -> 0
A67: 17 | B67: Summer-1 | C67: Summer-1 | D67: မိတ္ထီလာ | E67: Meikhtila | F67: Wholesale | J67: 200 | K67: 3300 | L67: 2112 | P67: 200 | Q67: 2800 | R67: 1792 | V67: 100 | W67: 1660 | X67: 1148.8 | Y67: 250 | Z67: 3500 | AA67: 2240 | AE67: 60 | AF67: 1140 | AG67: 729.6 | AK67: =AH67+AE67+AB67+Y67+V67+S67+P67+M67+J67+G67 -> 810 | AL67: =AI67+AF67+AC67+Z67+W67+T67+Q67+N67+K67+H67 -> 12400 | AM67: =AJ67+AG67+AD67+AA67+X67+U67+R67+O67+L67+I67 -> 8022.4 | AN67: 140 | AO67: 3160 | AP67: 2022.4 | AQ67: 250 | AR67: 4000 | AS67: 2560 | BL67: 150 | BM67: 2600 | BN67: 1664 | BO67: 150 | BP67: 3100 | BQ67: 1984 | BR67: =BO67+BL67+BI67+BF67+BC67+AZ67+AW67+AT67+AQ67+AN67+AK67 -> 1500 | BS67: =BP67+BM67+BJ67+BG67+BD67+BA67+AX67+AU67+AR67+AO67+AL67 -> 25260 | BT67: =BQ67+BN67+BK67+BH67+BE67+BB67+AY67+AV67+AS67+AP67+AM67 -> 16252.8 | CA67: 140 | CB67: 3160 | CC67: 2022.4 | CG67: 290 | CH67: 4660 | CI67: 2982.4 | CP67: 80 | CQ67: 960 | CR67: 960 | DB67: =CY67+CV67+CS67+CP67+CM67+CJ67+CG67+CD67+CA67+BX67+BU67+BR67 -> 2010 | DC67: =CZ67+CW67+CT67+CQ67+CN67+CK67+CH67+CE67+CB67+BY67+BV67+BS67 -> 34040 | DD67: =DA67+CX67+CU67+CR67+CO67+CL67+CI67+CF67+CC67+BZ67+BW67+BT67 -> 22217.6
A68: 18 | B68: Summer-2 | C68: Summer-2 | D68: မိတ္ထီလာ | E68: Meikhtila | F68: Wholesale | J68: 45 | K68: 1080 | L68: 691.2 | M68: 145 | N68: 2380 | O68: 1739.2 | S68: 100 | T68: 1400 | U68: 896 | Y68: 145 | Z68: 2380 | AA68: 1739.2 | AH68: 45 | AI68: 1080 | AJ68: 691.2 | AK68: =AH68+AE68+AB68+Y68+V68+S68+P68+M68+J68+G68 -> 480 | AL68: =AI68+AF68+AC68+Z68+W68+T68+Q68+N68+K68+H68 -> 8320 | AM68: =AJ68+AG68+AD68+AA68+X68+U68+R68+O68+L68+I68 -> 5756.8 | AQ68: 145 | AR68: 2480 | AS68: 1587.2 | AW68: 45 | AX68: 1080 | AY68: 691.2 | BF68: 145 | BG68: 2380 | BH68: 1739.2 | BI68: 100 | BJ68: 1400 | BK68: 896 | BO68: 80 | BP68: 1320 | BQ68: 844.8 | BR68: =BO68+BL68+BI68+BF68+BC68+AZ68+AW68+AT68+AQ68+AN68+AK68 -> 995 | BS68: =BP68+BM68+BJ68+BG68+BD68+BA68+AX68+AU68+AR68+AO68+AL68 -> 16980 | BT68: =BQ68+BN68+BK68+BH68+BE68+BB68+AY68+AV68+AS68+AP68+AM68 -> 11515.2 | BU68: 140 | BV68: 2380 | BW68: 1696 | CA68: 45 | CB68: 1080 | CC68: 691.2 | CG68: 70 | CH68: 1180 | CI68: 755.2 | CP68: 160 | CQ68: 3240 | CR68: 2073.6 | DB68: =CY68+CV68+CS68+CP68+CM68+CJ68+CG68+CD68+CA68+BX68+BU68+BR68 -> 1410 | DC68: =CZ68+CW68+CT68+CQ68+CN68+CK68+CH68+CE68+CB68+BY68+BV68+BS68 -> 24860 | DD68: =DA68+CX68+CU68+CR68+CO68+CL68+CI68+CF68+CC68+BZ68+BW68+BT68 -> 16731.2
A69: 19 | B69: ဦးအေးခင်မောင် | C69: U Aye Khin Maung | D69: မိတ္ထီလာ | E69: Meikhtila | F69: Wholesale | M69: 20 | N69: 480 | O69: 307.2 | Y69: 100 | Z69: 1900 | AA69: 1216 | AK69: =AH69+AE69+AB69+Y69+V69+S69+P69+M69+J69+G69 -> 120 | AL69: =AI69+AF69+AC69+Z69+W69+T69+Q69+N69+K69+H69 -> 2380 | AM69: =AJ69+AG69+AD69+AA69+X69+U69+R69+O69+L69+I69 -> 1523.2 | AW69: 130 | AX69: 1820 | AY69: 1164.8 | BC69: 100 | BD69: 1900 | BE69: 1216 | BR69: =BO69+BL69+BI69+BF69+BC69+AZ69+AW69+AT69+AQ69+AN69+AK69 -> 350 | BS69: =BP69+BM69+BJ69+BG69+BD69+BA69+AX69+AU69+AR69+AO69+AL69 -> 6100 | BT69: =BQ69+BN69+BK69+BH69+BE69+BB69+AY69+AV69+AS69+AP69+AM69 -> 3904 | CM69: 70 | CN69: 1480 | CO69: 947.2 | DB69: =CY69+CV69+CS69+CP69+CM69+CJ69+CG69+CD69+CA69+BX69+BU69+BR69 -> 420 | DC69: =CZ69+CW69+CT69+CQ69+CN69+CK69+CH69+CE69+CB69+BY69+BV69+BS69 -> 7580 | DD69: =DA69+CX69+CU69+CR69+CO69+CL69+CI69+CF69+CC69+BZ69+BW69+BT69 -> 4851.2
A70: 20 | B70: ဦးကျော်လှ | C70: U Kyaw Hla | D70: သာစည် | E70: Tharzi | F70: Wholesale | V70: 60 | W70: 940 | X70: 601.6 | Y70: 30 | Z70: 420 | AA70: 268.8 | AH70: 90 | AI70: 1460 | AJ70: 934.4 | AK70: =AH70+AE70+AB70+Y70+V70+S70+P70+M70+J70+G70 -> 180 | AL70: =AI70+AF70+AC70+Z70+W70+T70+Q70+N70+K70+H70 -> 2820 | AM70: =AJ70+AG70+AD70+AA70+X70+U70+R70+O70+L70+I70 -> 1804.8 | BL70: 105 | BM70: 1570 | BN70: 1004.8 | BR70: =BO70+BL70+BI70+BF70+BC70+AZ70+AW70+AT70+AQ70+AN70+AK70 -> 285 | BS70: =BP70+BM70+BJ70+BG70+BD70+BA70+AX70+AU70+AR70+AO70+AL70 -> 4390 | BT70: =BQ70+BN70+BK70+BH70+BE70+BB70+AY70+AV70+AS70+AP70+AM70 -> 2809.6 | CG70: 90 | CH70: 1460 | CI70: 934.4 | DB70: =CY70+CV70+CS70+CP70+CM70+CJ70+CG70+CD70+CA70+BX70+BU70+BR70 -> 375 | DC70: =CZ70+CW70+CT70+CQ70+CN70+CK70+CH70+CE70+CB70+BY70+BV70+BS70 -> 5850 | DD70: =DA70+CX70+CU70+CR70+CO70+CL70+CI70+CF70+CC70+BZ70+BW70+BT70 -> 3744
A71: 21 | B71: ဦးဝင်းအောင်ကြွယ် | C71: U Win Aung Kyawe | D71: ပျော်ဘွယ် | E71: Pyawbwe | F71: Wholesale | V71: 100 | W71: 1400 | X71: 896 | Y71: 120 | Z71: 1880 | AA71: 1203.2 | AH71: 80 | AI71: 1120 | AJ71: 716.8 | AK71: =AH71+AE71+AB71+Y71+V71+S71+P71+M71+J71+G71 -> 300 | AL71: =AI71+AF71+AC71+Z71+W71+T71+Q71+N71+K71+H71 -> 4400 | AM71: =AJ71+AG71+AD71+AA71+X71+U71+R71+O71+L71+I71 -> 2816 | BI71: 250 | BJ71: 3260 | BK71: 2172.8 | BR71: =BO71+BL71+BI71+BF71+BC71+AZ71+AW71+AT71+AQ71+AN71+AK71 -> 550 | BS71: =BP71+BM71+BJ71+BG71+BD71+BA71+AX71+AU71+AR71+AO71+AL71 -> 7660 | BT71: =BQ71+BN71+BK71+BH71+BE71+BB71+AY71+AV71+AS71+AP71+AM71 -> 4988.8 | DB71: =CY71+CV71+CS71+CP71+CM71+CJ71+CG71+CD71+CA71+BX71+BU71+BR71 -> 550 | DC71: =CZ71+CW71+CT71+CQ71+CN71+CK71+CH71+CE71+CB71+BY71+BV71+BS71 -> 7660 | DD71: =DA71+CX71+CU71+CR71+CO71+CL71+CI71+CF71+CC71+BZ71+BW71+BT71 -> 4988.8
A72: 22 | B72: ဦးအောင်မိုး | C72: U Aung Moe | D72: ရမည်းသင်း | E72: Yamethin | F72: Wholesale | V72: 250 | W72: 3500 | X72: 2240 | AK72: =AH72+AE72+AB72+Y72+V72+S72+P72+M72+J72+G72 -> 250 | AL72: =AI72+AF72+AC72+Z72+W72+T72+Q72+N72+K72+H72 -> 3500 | AM72: =AJ72+AG72+AD72+AA72+X72+U72+R72+O72+L72+I72 -> 2240 | BO72: 200 | BP72: 4800 | BQ72: 2880 | BR72: =BO72+BL72+BI72+BF72+BC72+AZ72+AW72+AT72+AQ72+AN72+AK72 -> 450 | BS72: =BP72+BM72+BJ72+BG72+BD72+BA72+AX72+AU72+AR72+AO72+AL72 -> 8300 | BT72: =BQ72+BN72+BK72+BH72+BE72+BB72+AY72+AV72+AS72+AP72+AM72 -> 5120 | DB72: =CY72+CV72+CS72+CP72+CM72+CJ72+CG72+CD72+CA72+BX72+BU72+BR72 -> 450 | DC72: =CZ72+CW72+CT72+CQ72+CN72+CK72+CH72+CE72+CB72+BY72+BV72+BS72 -> 8300 | DD72: =DA72+CX72+CU72+CR72+CO72+CL72+CI72+CF72+CC72+BZ72+BW72+BT72 -> 5120
A73: 23 | B73: ဒေါ်ခင်စန်းမြင့် | C73: Daw Khin San Myint | D73: ကျောက်ပန်းတောင်း | E73: Kyaukpadaung | F73: Wholesale | AK73: =AH73+AE73+AB73+Y73+V73+S73+P73+M73+J73+G73 -> 0 | AL73: =AI73+AF73+AC73+Z73+W73+T73+Q73+N73+K73+H73 -> 0 | AM73: =AJ73+AG73+AD73+AA73+X73+U73+R73+O73+L73+I73 -> 0 | BC73: 280 | BD73: 4220 | BE73: 2672 | BR73: =BO73+BL73+BI73+BF73+BC73+AZ73+AW73+AT73+AQ73+AN73+AK73 -> 280 | BS73: =BP73+BM73+BJ73+BG73+BD73+BA73+AX73+AU73+AR73+AO73+AL73 -> 4220 | BT73: =BQ73+BN73+BK73+BH73+BE73+BB73+AY73+AV73+AS73+AP73+AM73 -> 2672 | DB73: =CY73+CV73+CS73+CP73+CM73+CJ73+CG73+CD73+CA73+BX73+BU73+BR73 -> 280 | DC73: =CZ73+CW73+CT73+CQ73+CN73+CK73+CH73+CE73+CB73+BY73+BV73+BS73 -> 4220 | DD73: =DA73+CX73+CU73+CR73+CO73+CL73+CI73+CF73+CC73+BZ73+BW73+BT73 -> 2672
A74: 24 | B74: ရတနာ | C74: Yadana | D74: ပုဂံ | E74: Bagan | F74: Wholesale | AK74: =AH74+AE74+AB74+Y74+V74+S74+P74+M74+J74+G74 -> 0 | AL74: =AI74+AF74+AC74+Z74+W74+T74+Q74+N74+K74+H74 -> 0 | AM74: =AJ74+AG74+AD74+AA74+X74+U74+R74+O74+L74+I74 -> 0 | BR74: =BO74+BL74+BI74+BF74+BC74+AZ74+AW74+AT74+AQ74+AN74+AK74 -> 0 | BS74: =BP74+BM74+BJ74+BG74+BD74+BA74+AX74+AU74+AR74+AO74+AL74 -> 0 | BT74: =BQ74+BN74+BK74+BH74+BE74+BB74+AY74+AV74+AS74+AP74+AM74 -> 0 | CD74: 400 | CE74: 5600 | CF74: 3584 | CG74: 180 | CH74: 3320 | CI74: 2124.8 | DB74: =CY74+CV74+CS74+CP74+CM74+CJ74+CG74+CD74+CA74+BX74+BU74+BR74 -> 580 | DC74: =CZ74+CW74+CT74+CQ74+CN74+CK74+CH74+CE74+CB74+BY74+BV74+BS74 -> 8920 | DD74: =DA74+CX74+CU74+CR74+CO74+CL74+CI74+CF74+CC74+BZ74+BW74+BT74 -> 5708.8
A75: 25 | B75: ဦးတင်မောင် | C75: U Tin Maung | D75: ပခုက္ကူ | E75: Pakokku | F75: Wholesale | AK75: =AH75+AE75+AB75+Y75+V75+S75+P75+M75+J75+G75 -> 0 | AL75: =AI75+AF75+AC75+Z75+W75+T75+Q75+N75+K75+H75 -> 0 | AM75: =AJ75+AG75+AD75+AA75+X75+U75+R75+O75+L75+I75 -> 0 | BR75: =BO75+BL75+BI75+BF75+BC75+AZ75+AW75+AT75+AQ75+AN75+AK75 -> 0 | BS75: =BP75+BM75+BJ75+BG75+BD75+BA75+AX75+AU75+AR75+AO75+AL75 -> 0 | BT75: =BQ75+BN75+BK75+BH75+BE75+BB75+AY75+AV75+AS75+AP75+AM75 -> 0 | DB75: =CY75+CV75+CS75+CP75+CM75+CJ75+CG75+CD75+CA75+BX75+BU75+BR75 -> 0 | DC75: =CZ75+CW75+CT75+CQ75+CN75+CK75+CH75+CE75+CB75+BY75+BV75+BS75 -> 0 | DD75: =DA75+CX75+CU75+CR75+CO75+CL75+CI75+CF75+CC75+BZ75+BW75+BT75 -> 0
A76: Total (25) | G76: =SUM(G51:G75) -> 0 | H76: =SUM(H51:H75) -> 0 | I76: =SUM(I51:I75) -> 0 | J76: =SUM(J51:J75) -> 1353 | K76: =SUM(K51:K75) -> 22202 | L76: =SUM(L51:L75) -> 14295.68 | M76: =SUM(M51:M75) -> 1360 | N76: =SUM(N51:N75) -> 21960 | ... DD76: =SUM(DD51:DD75) -> 425536.4
A77: 1 | B77: ရွှေကမ္ဘာ | C77: Golden World | D77: မိတ္ထီလာ | E77: Meikhtila | F77: Semi Wholesale | AK77: =AH77+AE77+AB77+Y77+V77+S77+P77+M77+J77+G77 -> 0 | AL77: =AI77+AF77+AC77+Z77+W77+T77+Q77+N77+K77+H77 -> 0 | AM77: =AJ77+AG77+AD77+AA77+X77+U77+R77+O77+L77+I77 -> 0 | BR77: =BO77+BL77+BI77+BF77+BC77+AZ77+AW77+AT77+AQ77+AN77+AK77 -> 0 | BS77: =BP77+BM77+BJ77+BG77+BD77+BA77+AX77+AU77+AR77+AO77+AL77 -> 0 | BT77: =BQ77+BN77+BK77+BH77+BE77+BB77+AY77+AV77+AS77+AP77+AM77 -> 0 | CP77: 10 | CQ77: 240 | CR77: 153.6 | DB77: =CY77+CV77+CS77+CP77+CM77+CJ77+CG77+CD77+CA77+BX77+BU77+BR77 -> 10 | DC77: =CZ77+CW77+CT77+CQ77+CN77+CK77+CH77+CE77+CB77+BY77+BV77+BS77 -> 240 | DD77: =DA77+CX77+CU77+CR77+CO77+CL77+CI77+CF77+CC77+BZ77+BW77+BT77 -> 153.6
A78: 2 | B78: ဦးမောင်ငယ် | C78: U Mg Ngwe | D78: ရမည်းသင်း | E78: Yamethin | F78: Semi Wholesale | M78: 55 | N78: 820 | O78: 520 | AK78: =AH78+AE78+AB78+Y78+V78+S78+P78+M78+J78+G78 -> 55 | AL78: =AI78+AF78+AC78+Z78+W78+T78+Q78+N78+K78+H78 -> 820 | AM78: =AJ78+AG78+AD78+AA78+X78+U78+R78+O78+L78+I78 -> 520 | BR78: =BO78+BL78+BI78+BF78+BC78+AZ78+AW78+AT78+AQ78+AN78+AK78 -> 55 | BS78: =BP78+BM78+BJ78+BG78+BD78+BA78+AX78+AU78+AR78+AO78+AL78 -> 820 | BT78: =BQ78+BN78+BK78+BH78+BE78+BB78+AY78+AV78+AS78+AP78+AM78 -> 520 | DB78: =CY78+CV78+CS78+CP78+CM78+CJ78+CG78+CD78+CA78+BX78+BU78+BR78 -> 55 | DC78: =CZ78+CW78+CT78+CQ78+CN78+CK78+CH78+CE78+CB78+BY78+BV78+BS78 -> 820 | DD78: =DA78+CX78+CU78+CR78+CO78+CL78+CI78+CF78+CC78+BZ78+BW78+BT78 -> 520
A79: 3 | B79: ကိုလှဌေးအောင် | C79: U Hla Htay Aung | D79: မြင်းခြံ | E79: Myingyun | F79: Semi Wholesale | AK79: =AH79+AE79+AB79+Y79+V79+S79+P79+M79+J79+G79 -> 0 | AL79: =AI79+AF79+AC79+Z79+W79+T79+Q79+N79+K79+H79 -> 0 | AM79: =AJ79+AG79+AD79+AA79+X79+U79+R79+O79+L79+I79 -> 0 | BC79: 130 | BD79: 2120 | BE79: 1356.8 | BR79: =BO79+BL79+BI79+BF79+BC79+AZ79+AW79+AT79+AQ79+AN79+AK79 -> 130 | BS79: =BP79+BM79+BJ79+BG79+BD79+BA79+AX79+AU79+AR79+AO79+AL79 -> 2120 | BT79: =BQ79+BN79+BK79+BH79+BE79+BB79+AY79+AV79+AS79+AP79+AM79 -> 1356.8 | DB79: =CY79+CV79+CS79+CP79+CM79+CJ79+CG79+CD79+CA79+BX79+BU79+BR79 -> 130 | DC79: =CZ79+CW79+CT79+CQ79+CN79+CK79+CH79+CE79+CB79+BY79+BV79+BS79 -> 2120 | DD79: =DA79+CX79+CU79+CR79+CO79+CL79+CI79+CF79+CC79+BZ79+BW79+BT79 -> 1356.8
A80: 4 | B80: ပြည်ဖြိုးကြွယ် | C80: Pyae Phyo Kywe | D80: မြင်းခြံ | E80: Myingyun | F80: Semi Wholesale | AK80: =AH80+AE80+AB80+Y80+V80+S80+P80+M80+J80+G80 -> 0 | AL80: =AI80+AF80+AC80+Z80+W80+T80+Q80+N80+K80+H80 -> 0 | AM80: =AJ80+AG80+AD80+AA80+X80+U80+R80+O80+L80+I80 -> 0 | BC80: 245 | BD80: 4580 | BE80: 2949.2 | BR80: =BO80+BL80+BI80+BF80+BC80+AZ80+AW80+AT80+AQ80+AN80+AK80 -> 245 | BS80: =BP80+BM80+BJ80+BG80+BD80+BA80+AX80+AU80+AR80+AO80+AL80 -> 4580 | BT80: =BQ80+BN80+BK80+BH80+BE80+BB80+AY80+AV80+AS80+AP80+AM80 -> 2949.2 | DB80: =CY80+CV80+CS80+CP80+CM80+CJ80+CG80+CD80+CA80+BX80+BU80+BR80 -> 245 | DC80: =CZ80+CW80+CT80+CQ80+CN80+CK80+CH80+CE80+CB80+BY80+BV80+BS80 -> 4580 | DD80: =DA80+CX80+CU80+CR80+CO80+CL80+CI80+CF80+CC80+BZ80+BW80+BT80 -> 2949.2
A81: 5 | B81: ဝတိံယံ | C81: Wattainyan | D81: ပခုက္ကူ | E81: Pakokku | F81: Semi Wholesale | AK81: =AH81+AE81+AB81+Y81+V81+S81+P81+M81+J81+G81 -> 0 | AL81: =AI81+AF81+AC81+Z81+W81+T81+Q81+N81+K81+H81 -> 0 | AM81: =AJ81+AG81+AD81+AA81+X81+U81+R81+O81+L81+I81 -> 0 | BR81: =BO81+BL81+BI81+BF81+BC81+AZ81+AW81+AT81+AQ81+AN81+AK81 -> 0 | BS81: =BP81+BM81+BJ81+BG81+BD81+BA81+AX81+AU81+AR81+AO81+AL81 -> 0 | BT81: =BQ81+BN81+BK81+BH81+BE81+BB81+AY81+AV81+AS81+AP81+AM81 -> 0 | DB81: =CY81+CV81+CS81+CP81+CM81+CJ81+CG81+CD81+CA81+BX81+BU81+BR81 -> 0 | DC81: =CZ81+CW81+CT81+CQ81+CN81+CK81+CH81+CE81+CB81+BY81+BV81+BS81 -> 0 | DD81: =DA81+CX81+CU81+CR81+CO81+CL81+CI81+CF81+CC81+BZ81+BW81+BT81 -> 0
A82: 6 | B82: ပျားနက် | C82: Black Bee | D82: ပခုက္ကူ | E82: Pakokku | F82: Semi Wholesale | AK82: =AH82+AE82+AB82+Y82+V82+S82+P82+M82+J82+G82 -> 0 | AL82: =AI82+AF82+AC82+Z82+W82+T82+Q82+N82+K82+H82 -> 0 | AM82: =AJ82+AG82+AD82+AA82+X82+U82+R82+O82+L82+I82 -> 0 | BR82: =BO82+BL82+BI82+BF82+BC82+AZ82+AW82+AT82+AQ82+AN82+AK82 -> 0 | BS82: =BP82+BM82+BJ82+BG82+BD82+BA82+AX82+AU82+AR82+AO82+AL82 -> 0 | BT82: =BQ82+BN82+BK82+BH82+BE82+BB82+AY82+AV82+AS82+AP82+AM82 -> 0 | DB82: =CY82+CV82+CS82+CP82+CM82+CJ82+CG82+CD82+CA82+BX82+BU82+BR82 -> 0 | DC82: =CZ82+CW82+CT82+CQ82+CN82+CK82+CH82+CE82+CB82+BY82+BV82+BS82 -> 0 | DD82: =DA82+CX82+CU82+CR82+CO82+CL82+CI82+CF82+CC82+BZ82+BW82+BT82 -> 0
A83: 7 | B83: ရွှေရောင်စင် | C83: Shwe Yaung Sin | D83: ပခုက္ကူ | E83: Pakokku | F83: Semi Wholesale | AK83: =AH83+AE83+AB83+Y83+V83+S83+P83+M83+J83+G83 -> 0 | AL83: =AI83+AF83+AC83+Z83+W83+T83+Q83+N83+K83+H83 -> 0 | AM83: =AJ83+AG83+AD83+AA83+X83+U83+R83+O83+L83+I83 -> 0 | AQ83: 130 | AR83: 1760 | AS83: 1112 | BR83: =BO83+BL83+BI83+BF83+BC83+AZ83+AW83+AT83+AQ83+AN83+AK83 -> 130 | BS83: =BP83+BM83+BJ83+BG83+BD83+BA83+AX83+AU83+AR83+AO83+AL83 -> 1760 | BT83: =BQ83+BN83+BK83+BH83+BE83+BB83+AY83+AV83+AS83+AP83+AM83 -> 1112 | CD83: 150 | CE83: 2100 | CF83: 1344 | DB83: =CY83+CV83+CS83+CP83+CM83+CJ83+CG83+CD83+CA83+BX83+BU83+BR83 -> 280 | DC83: =CZ83+CW83+CT83+CQ83+CN83+CK83+CH83+CE83+CB83+BY83+BV83+BS83 -> 3860 | DD83: =DA83+CX83+CU83+CR83+CO83+CL83+CI83+CF83+CC83+BZ83+BW83+BT83 -> 2456
A84: 8 | B84: A1 | C84: A-1 | D84: ပုဂံ | E84: Bagan | F84: Semi Wholesale | V84: 150 | W84: 1900 | X84: 1648 | AK84: =AH84+AE84+AB84+Y84+V84+S84+P84+M84+J84+G84 -> 150 | AL84: =AI84+AF84+AC84+Z84+W84+T84+Q84+N84+K84+H84 -> 1900 | AM84: =AJ84+AG84+AD84+AA84+X84+U84+R84+O84+L84+I84 -> 1648 | BC84: 140 | BD84: 1760 | BE84: 1558.4 | BR84: =BO84+BL84+BI84+BF84+BC84+AZ84+AW84+AT84+AQ84+AN84+AK84 -> 290 | BS84: =BP84+BM84+BJ84+BG84+BD84+BA84+AX84+AU84+AR84+AO84+AL84 -> 3660 | BT84: =BQ84+BN84+BK84+BH84+BE84+BB84+AY84+AV84+AS84+AP84+AM84 -> 3206.4 | CD84: 230 | CE84: 2920 | CF84: 2516.8 | DB84: =CY84+CV84+CS84+CP84+CM84+CJ84+CG84+CD84+CA84+BX84+BU84+BR84 -> 520 | DC84: =CZ84+CW84+CT84+CQ84+CN84+CK84+CH84+CE84+CB84+BY84+BV84+BS84 -> 6580 | DD84: =DA84+CX84+CU84+CR84+CO84+CL84+CI84+CF84+CC84+BZ84+BW84+BT84 -> 5723.2
A85: 9 | B85: ‌ရွှေခေတ် | C85: Shwe Khit | D85: မလှိုင် | E85: Mahlaing | F85: Semi Wholesale | P85: 150 | Q85: 1800 | R85: 1800 | AK85: =AH85+AE85+AB85+Y85+V85+S85+P85+M85+J85+G85 -> 150 | AL85: =AI85+AF85+AC85+Z85+W85+T85+Q85+N85+K85+H85 -> 1800 | AM85: =AJ85+AG85+AD85+AA85+X85+U85+R85+O85+L85+I85 -> 1800 | AN85: 32 | AO85: 444 | AP85: 285.6 | BO85: 50 | BP85: 600 | BQ85: 600 | BR85: =BO85+BL85+BI85+BF85+BC85+AZ85+AW85+AT85+AQ85+AN85+AK85 -> 232 | BS85: =BP85+BM85+BJ85+BG85+BD85+BA85+AX85+AU85+AR85+AO85+AL85 -> 2844 | BT85: =BQ85+BN85+BK85+BH85+BE85+BB85+AY85+AV85+AS85+AP85+AM85 -> 2685.6 | DB85: =CY85+CV85+CS85+CP85+CM85+CJ85+CG85+CD85+CA85+BX85+BU85+BR85 -> 232 | DC85: =CZ85+CW85+CT85+CQ85+CN85+CK85+CH85+CE85+CB85+BY85+BV85+BS85 -> 2844 | DD85: =DA85+CX85+CU85+CR85+CO85+CL85+CI85+CF85+CC85+BZ85+BW85+BT85 -> 2685.6
A86: 10 | B86: ဟိန်းမြန်မာ | C86: Hein Myanmar | D86: မလှိုင် | E86: Mahlaing | F86: Semi Wholesale | V86: 55 | W86: 770 | X86: 492.8 | AK86: =AH86+AE86+AB86+Y86+V86+S86+P86+M86+J86+G86 -> 55 | AL86: =AI86+AF86+AC86+Z86+W86+T86+Q86+N86+K86+H86 -> 770 | AM86: =AJ86+AG86+AD86+AA86+X86+U86+R86+O86+L86+I86 -> 492.8 | BR86: =BO86+BL86+BI86+BF86+BC86+AZ86+AW86+AT86+AQ86+AN86+AK86 -> 55 | BS86: =BP86+BM86+BJ86+BG86+BD86+BA86+AX86+AU86+AR86+AO86+AL86 -> 770 | BT86: =BQ86+BN86+BK86+BH86+BE86+BB86+AY86+AV86+AS86+AP86+AM86 -> 492.8 | DB86: =CY86+CV86+CS86+CP86+CM86+CJ86+CG86+CD86+CA86+BX86+BU86+BR86 -> 55 | DC86: =CZ86+CW86+CT86+CQ86+CN86+CK86+CH86+CE86+CB86+BY86+BV86+BS86 -> 770 | DD86: =DA86+CX86+CU86+CR86+CO86+CL86+CI86+CF86+CC86+BZ86+BW86+BT86 -> 492.8
A87: Total (10) | G87: =SUM(G77:G86) -> 0 | H87: =SUM(H77:H86) -> 0 | I87: =SUM(I77:I86) -> 0 | J87: =SUM(J77:J86) -> 0 | K87: =SUM(K77:K86) -> 0 | L87: =SUM(L77:L86) -> 0 | M87: =SUM(M77:M86) -> 55 | N87: =SUM(N77:N86) -> 820 | ... BE87: =SUM(BE77:BE86) -> 5864.4 | BF87: 0 | BG87: 0 | BH87: 0 | BI87: =SUM(BI77:BI86) -> 0 | BJ87: =SUM(BJ77:BJ86) -> 0 | BK87: =SUM(BK77:BK86) -> 0 | BL87: =SUM(BL77:BL86) -> 0 | BM87: =SUM(BM77:BM86) -> 0 | BN87: =SUM(BN77:BN86) -> 0 | BO87: =SUM(BO77:BO86) -> 50 | BP87: =SUM(BP77:BP86) -> 600 | ... DD87: =SUM(DD77:DD86) -> 16337.2
A88: Mini + Van Sales Follow Up - (Region) | AK88: =AH88+AE88+AB88+Y88+V88+S88+P88+M88+J88+G88 -> 0 | AL88: =AI88+AF88+AC88+Z88+W88+T88+Q88+N88+K88+H88 -> 0 | AM88: =AJ88+AG88+AD88+AA88+X88+U88+R88+O88+L88+I88 -> 0 | BR88: =BO88+BL88+BI88+BF88+BC88+AZ88+AW88+AT88+AQ88+AN88+AK88 -> 0 | BS88: =BP88+BM88+BJ88+BG88+BD88+BA88+AX88+AU88+AR88+AO88+AL88 -> 0 | BT88: =BQ88+BN88+BK88+BH88+BE88+BB88+AY88+AV88+AS88+AP88+AM88 -> 0 | DB88: =CY88+CV88+CS88+CP88+CM88+CJ88+CG88+CD88+CA88+BX88+BU88+BR88 -> 0 | DC88: =CZ88+CW88+CT88+CQ88+CN88+CK88+CH88+CE88+CB88+BY88+BV88+BS88 -> 0 | DD88: =DA88+CX88+CU88+CR88+CO88+CL88+CI88+CF88+CC88+BZ88+BW88+BT88 -> 0
A89: Sr No. | B89: Van | C89: ASM | D89: Area | E89: Total Outlet | F89: Frequancy | AK89: =AH89+AE89+AB89+Y89+V89+S89+P89+M89+J89+G89 -> 0 | AL89: =AI89+AF89+AC89+Z89+W89+T89+Q89+N89+K89+H89 -> 0 | AM89: =AJ89+AG89+AD89+AA89+X89+U89+R89+O89+L89+I89 -> 0 | BR89: =BO89+BL89+BI89+BF89+BC89+AZ89+AW89+AT89+AQ89+AN89+AK89 -> 0 | BS89: =BP89+BM89+BJ89+BG89+BD89+BA89+AX89+AU89+AR89+AO89+AL89 -> 0 | BT89: =BQ89+BN89+BK89+BH89+BE89+BB89+AY89+AV89+AS89+AP89+AM89 -> 0 | DB89: =CY89+CV89+CS89+CP89+CM89+CJ89+CG89+CD89+CA89+BX89+BU89+BR89 -> 0 | DC89: =CZ89+CW89+CT89+CQ89+CN89+CK89+CH89+CE89+CB89+BY89+BV89+BS89 -> 0 | DD89: =DA89+CX89+CU89+CR89+CO89+CL89+CI89+CF89+CC89+BZ89+BW89+BT89 -> 0
A90: 1 | B90: Van 1 | C90: Ko Kyaw Po Po Win | D90: YMT,PB,KPT,TT | E90: 314 | F90: F1&F2 | M90: 208.41667 | N90: 2632 | O90: 2427.6 | P90: 39 | Q90: 936 | R90: 599.04 | S90: 93 | T90: 1212 | U90: 978.72 | V90: 100 | W90: 2400 | X90: 1440 | AE90: 52 | AF90: 992 | AG90: 652.16 | AH90: 22 | AI90: 478 | AJ90: 305.92 | AK90: =AH90+AE90+AB90+Y90+V90+S90+P90+M90+J90+G90 -> 514.41667 | AL90: =AI90+AF90+AC90+Z90+W90+T90+Q90+N90+K90+H90 -> 8650 | AM90: =AJ90+AG90+AD90+AA90+X90+U90+R90+O90+L90+I90 -> 6403.44 | AN90: 240 | AO90: 3180 | AP90: 2856 | AQ90: 118 | AR90: 1634 | AS90: 1447.04 | AT90: 30 | AU90: 420 | AV90: 268.8 | BC90: 287 | BD90: 4480 | BE90: 2948.32 | BI90: 224 | BJ90: 2996 | BK90: 2435.84 | BL90: 191 | BM90: 2624 | BN90: 2348.96 | BO90: 114 | BP90: 1466 | BQ90: 1391.84 | BR90: =BO90+BL90+BI90+BF90+BC90+AZ90+AW90+AT90+AQ90+AN90+AK90 -> 1718.4167 | BS90: =BP90+BM90+BJ90+BG90+BD90+BA90+AX90+AU90+AR90+AO90+AL90 -> 25450 | BT90: =BQ90+BN90+BK90+BH90+BE90+BB90+AY90+AV90+AS90+AP90+AM90 -> 20100.24 | BU90: 53 | BV90: 742 | BW90: 474.88 | CA90: 65 | CB90: 1226 | CC90: 827.36 | CD90: 280 | CE90: 3540 | CF90: 3410.4 | CG90: 123.5 | CH90: 1724 | CI90: 1303.52 | CJ90: 24 | CK90: 376 | CL90: 240.64 | CM90: 85 | CN90: 1020 | CO90: 1020 | CP90: 142 | CQ90: 1770 | CR90: 1688.16 | DB90: =CY90+CV90+CS90+CP90+CM90+CJ90+CG90+CD90+CA90+BX90+BU90+BR90 -> 2490.9167 | DC90: =CZ90+CW90+CT90+CQ90+CN90+CK90+CH90+CE90+CB90+BY90+BV90+BS90 -> 35848 | DD90: =DA90+CX90+CU90+CR90+CO90+CL90+CI90+CF90+CC90+BZ90+BW90+BT90 -> 29065.2
A91: 2 | B91: Van 2 | C91: Ko Kyaw Po Po Win | D91: MH,TZ,YMP,WNT,SHP | E91: 318 | F91: F1&F2 | M91: 119.33333 | N91: 1968 | O91: 1286.88 | P91: 35 | Q91: 536 | R91: 367.52 | S91: 176 | T91: 2326 | U91: 2089.12 | V91: 43 | W91: 602 | X91: 488.48 | Y91: 43.375 | Z91: 621 | AA91: 392.64 | AE91: 38 | AF91: 570 | AG91: 412.32 | AH91: 42.071429 | AI91: 659 | AJ91: 529.76 | AK91: =AH91+AE91+AB91+Y91+V91+S91+P91+M91+J91+G91 -> 496.77976 | AL91: =AI91+AF91+AC91+Z91+W91+T91+Q91+N91+K91+H91 -> 7282 | AM91: =AJ91+AG91+AD91+AA91+X91+U91+R91+O91+L91+I91 -> 5566.72 | AN91: 40 | AO91: 560 | AP91: 358.4 | AQ91: 129.5 | AR91: 1828 | AS91: 1160.32 | AT91: 84 | AU91: 1180 | AV91: 808.48 | AW91: 83.785714 | AX91: 1165 | AY91: 762.88 | BC91: 57.285714 | BD91: 798 | BE91: 519.36 | BF91: 42 | BG91: 658 | BH91: 415.36 | BI91: 31 | BJ91: 430 | BK91: 345.76 | BL91: 71.166667 | BM91: 1126 | BN91: 892.96 | BO91: 58 | BP91: 852 | BQ91: 626.88 | BR91: =BO91+BL91+BI91+BF91+BC91+AZ91+AW91+AT91+AQ91+AN91+AK91 -> 1093.5179 | BS91: =BP91+BM91+BJ91+BG91+BD91+BA91+AX91+AU91+AR91+AO91+AL91 -> 15879 | BT91: =BQ91+BN91+BK91+BH91+BE91+BB91+AY91+AV91+AS91+AP91+AM91 -> 11457.12 | BU91: 31.142857 | BV91: 604 | BW91: 384.16 | CA91: 61 | CB91: 834 | CC91: 528.96 | CD91: 40 | CE91: 580 | CF91: 371.2 | CG91: 65 | CH91: 996 | CI91: 727.68 | CJ91: 77 | CK91: 1086 | CL91: 720.96 | CM91: 36 | CN91: 500 | CO91: 328.64 | CP91: 72 | CQ91: 1024 | CR91: 836.8 | DB91: =CY91+CV91+CS91+CP91+CM91+CJ91+CG91+CD91+CA91+BX91+BU91+BR91 -> 1475.6607 | DC91: =CZ91+CW91+CT91+CQ91+CN91+CK91+CH91+CE91+CB91+BY91+BV91+BS91 -> 21503 | DD91: =DA91+CX91+CU91+CR91+CO91+CL91+CI91+CF91+CC91+BZ91+BW91+BT91 -> 15355.52
A92: Total Mini+ Van Sales Follow Up (xxxx) | G92: =SUM(G90:G91) -> 0 | H92: =SUM(H90:H91) -> 0 | I92: =SUM(I90:I91) -> 0 | J92: =SUM(J90:J91) -> 0 | K92: =SUM(K90:K91) -> 0 | L92: =SUM(L90:L91) -> 0 | M92: =SUM(M90:M91) -> 327.75 | N92: =SUM(N90:N91) -> 4600 | ... DD92: =SUM(DD90:DD91) -> 44420.72
DB93: =DB76+DB87+DB92 -> 46172.577 | DC93: =DC76+DC87+DC92 -> 729741 | DD93: =DD76+DD87+DD92 -> 486294.32
A96: Meiktila Market - Wholesales List ( 2026 - March)
G97: 1st Mar | J97: 2nd Mar | M97: 3rd Mar | P97: 4th Mar | S97: 5th Mar | V97: 6th Mar | Y97: 7th Mar | AB97: 8th Mar | AE97: 9th Mar | AH97: 10th Mar | AK97: 10-Days | AN97: 46092 | AQ97: 46093 | AT97: 46094 | AW97: 46095 | AZ97: 46096 | BC97: 46097 | BF97: 46098 | BI97: 46099 | BL97: 46100 | BO97: 46101 | BR97: 20-days | BU97: 46102 | BX97: 46103 | CA97: 46104 | CD97: 46105 | CG97: 46106 | CJ97: 46107 | CM97: 46108 | CP97: 46109 | CS97: 46110 | CV97: 46111 | CY97: 46112 | DB97: Month Till Date
A98: Sr No. | B98: Customer Name | D98: Area | F98: Outlet Type | G98: PKT | H98: BOT | I98: Lit | J98: PKT | K98: BOT | L98: Lit | M98: PKT | N98: BOT | O98: Lit | P98: PKT | Q98: BOT | R98: Lit | S98: PKT | T98: BOT | U98: Lit | V98: PKT | W98: BOT | X98: Lit | Y98: PKT | Z98: BOT | AA98: Lit | AB98: PKT | AC98: BOT | AD98: Lit | AE98: PKT | AF98: BOT | AG98: Lit | AH98: PKT | AI98: BOT | AJ98: Lit | AK98: PKT | AL98: BOT | AM98: Lit | AN98: PKT | AO98: BOT | AP98: Lit | AQ98: PKT | AR98: BOT | AS98: Lit | AT98: PKT | AU98: BOT | AV98: Lit | AW98: PKT | AX98: BOT | AY98: Lit | AZ98: PKT | BA98: BOT | BB98: Lit | BC98: PKT | BD98: BOT | BE98: Lit | BF98: PKT | BG98: BOT | BH98: Lit | BI98: PKT | BJ98: BOT | BK98: Lit | BL98: PKT | BM98: BOT | BN98: Lit | BO98: PKT | BP98: BOT | BQ98: Lit | BR98: PKT | BS98: BOT | BT98: Lit | BU98: PKT | BV98: BOT | BW98: Lit | BX98: PKT | BY98: BOT | BZ98: Lit | CA98: PKT | CB98: BOT | CC98: Lit | CD98: PKT | CE98: BOT | CF98: Lit | CG98: PKT | CH98: BOT | CI98: Lit | CJ98: PKT | CK98: BOT | CL98: Lit | CM98: PKT | CN98: BOT | CO98: Lit | CP98: PKT | CQ98: BOT | CR98: Lit | CS98: PKT | CT98: BOT | CU98: Lit | CV98: PKT | CW98: BOT | CX98: Lit | CY98: PKT | CZ98: BOT | DA98: Lit | DB98: PKT | DC98: BOT | DD98: Lit
A99: 1 | B99: ရွှေမြင်း | C99: Golden Horse | D99: မိတ္ထီလာ | E99: Meikhtila | F99: Wholesale | M99: 410 | N99: 7510 | O99: 4871.2 | S99: 345 | T99: 5820 | U99: 3854.4 | V99: 605 | W99: 11960 | X99: 7784 | Y99: 1210 | Z99: 18930 | AA99: 12460.8 | AE99: 235 | AF99: 3560 | AG99: 2451.2 | AH99: 140 | AI99: 2160 | AJ99: 1598.4 | AK99: =AH99+AE99+AB99+Y99+V99+S99+P99+M99+J99+G99 -> 2945 | AL99: =AI99+AF99+AC99+Z99+W99+T99+Q99+N99+K99+H99 -> 49940 | AM99: =AJ99+AG99+AD99+AA99+X99+U99+R99+O99+L99+I99 -> 33020 | AQ99: 100 | AR99: 1730 | AS99: 1150.4 | AT99: 175 | AU99: 3460 | AV99: 2300.8 | AW99: 135 | AX99: 2200 | AY99: 1494.4 | BC99: 570 | BD99: 9830 | BE99: 6507.2 | BF99: 195 | BG99: 3130 | BH99: 2003.2 | BI99: 235 | BJ99: 3880 | BK99: 2612.8 | BL99: 490 | BM99: 8320 | BN99: 5627.2 | BO99: 333 | BP99: 5242 | BQ99: 3441.28 | BR99: =BO99+BL99+BI99+BF99+BC99+AZ99+AW99+AT99+AQ99+AN99+AK99 -> 5178 | BS99: =BP99+BM99+BJ99+BG99+BD99+BA99+AX99+AU99+AR99+AO99+AL99 -> 87732 | BT99: =BQ99+BN99+BK99+BH99+BE99+BB99+AY99+AV99+AS99+AP99+AM99 -> 58157.28 | DB99: =CY99+CV99+CS99+CP99+CM99+CJ99+CG99+CD99+CA99+BX99+BU99+BR99 -> 5178 | DC99: =CZ99+CW99+CT99+CQ99+CN99+CK99+CH99+CE99+CB99+BY99+BV99+BS99 -> 87732 | DD99: =DA99+CX99+CU99+CR99+CO99+CL99+CI99+CF99+CC99+BZ99+BW99+BT99 -> 58157.28
A100: 2 | B100: ရွှေခြင်္သေ့ | C100: Golden Lion | D100: မိတ္ထီလာ | E100: Meikhtila | F100: Contract | M100: 160 | N100: 2620 | O100: 1720 | P100: 80 | Q100: 1320 | R100: 844.8 | S100: 85 | T100: 1350 | U100: 950.4 | V100: 145 | W100: 2550 | X100: 1696.8 | Y100: 90 | Z100: 1360 | AA100: 870.4 | AE100: 65 | AF100: 1260 | AG100: 806.4 | AK100: =AH100+AE100+AB100+Y100+V100+S100+P100+M100+J100+G100 -> 625 | AL100: =AI100+AF100+AC100+Z100+W100+T100+Q100+N100+K100+H100 -> 10460 | AM100: =AJ100+AG100+AD100+AA100+X100+U100+R100+O100+L100+I100 -> 6888.8 | BI100: 85 | BJ100: 1200 | BK100: 854.4 | BL100: 130 | BM100: 2520 | BN100: 1612.8 | BO100: 265 | BP100: 4010 | BQ100: 2782.4 | BR100: =BO100+BL100+BI100+BF100+BC100+AZ100+AW100+AT100+AQ100+AN100+AK100 -> 1105 | BS100: =BP100+BM100+BJ100+BG100+BD100+BA100+AX100+AU100+AR100+AO100+AL100 -> 18190 | BT100: =BQ100+BN100+BK100+BH100+BE100+BB100+AY100+AV100+AS100+AP100+AM100 -> 12138.4 | DB100: =CY100+CV100+CS100+CP100+CM100+CJ100+CG100+CD100+CA100+BX100+BU100+BR100 -> 1105 | DC100: =CZ100+CW100+CT100+CQ100+CN100+CK100+CH100+CE100+CB100+BY100+BV100+BS100 -> 18190 | DD100: =DA100+CX100+CU100+CR100+CO100+CL100+CI100+CF100+CC100+BZ100+BW100+BT100 -> 12138.4
A101: 3 | B101: ကောင်းသန့် | C101: Kaung Thant | D101: မိတ္ထီလာ | E101: Meikhtila | F101: Contract | P101: 275 | Q101: 4600 | R101: 2944 | S101: 280 | T101: 4870 | U101: 3116.8 | AK101: =AH101+AE101+AB101+Y101+V101+S101+P101+M101+J101+G101 -> 555 | AL101: =AI101+AF101+AC101+Z101+W101+T101+Q101+N101+K101+H101 -> 9470 | AM101: =AJ101+AG101+AD101+AA101+X101+U101+R101+O101+L101+I101 -> 6060.8 | BL101: 336 | BM101: 5414 | BN101: 3464.96 | BO101: 662 | BP101: 9838 | BQ101: 6296.32 | BR101: =BO101+BL101+BI101+BF101+BC101+AZ101+AW101+AT101+AQ101+AN101+AK101 -> 1553 | BS101: =BP101+BM101+BJ101+BG101+BD101+BA101+AX101+AU101+AR101+AO101+AL101 -> 24722 | BT101: =BQ101+BN101+BK101+BH101+BE101+BB101+AY101+AV101+AS101+AP101+AM101 -> 15822.08 | DB101: =CY101+CV101+CS101+CP101+CM101+CJ101+CG101+CD101+CA101+BX101+BU101+BR101 -> 1553 | DC101: =CZ101+CW101+CT101+CQ101+CN101+CK101+CH101+CE101+CB101+BY101+BV101+BS101 -> 24722 | DD101: =DA101+CX101+CU101+CR101+CO101+CL101+CI101+CF101+CC101+BZ101+BW101+BT101 -> 15822.08
A102: 4 | B102: ဦးဝင်းနိုင် | C102: U Win Naing | D102: လျှော်ပင် | E102: Wundwin | F102: Contract | M102: 582 | N102: 8224 | O102: 5523.52 | P102: 62 | Q102: 1094 | R102: 744.32 | V102: 405 | W102: 6310 | X102: 4364.8 | Y102: 680 | Z102: 9760 | AA102: 6376 | AE102: 1155 | AF102: 17870 | AG102: 11705.6 | AK102: =AH102+AE102+AB102+Y102+V102+S102+P102+M102+J102+G102 -> 2884 | AL102: =AI102+AF102+AC102+Z102+W102+T102+Q102+N102+K102+H102 -> 43258 | AM102: =AJ102+AG102+AD102+AA102+X102+U102+R102+O102+L102+I102 -> 28714.24 | AN102: 298 | AO102: 4712 | AP102: 3145.28 | AW102: 430 | AX102: 6510 | AY102: 4296 | BC102: 90 | BD102: 1240 | BE102: 836.8 | BF102: 75 | BG102: 1150 | BH102: 736 | BI102: 265 | BJ102: 3900 | BK102: 2625.6 | BL102: 75 | BM102: 1060 | BN102: 764.8 | BO102: 200 | BP102: 3060 | BQ102: 2025.6 | BR102: =BO102+BL102+BI102+BF102+BC102+AZ102+AW102+AT102+AQ102+AN102+AK102 -> 4317 | BS102: =BP102+BM102+BJ102+BG102+BD102+BA102+AX102+AU102+AR102+AO102+AL102 -> 64890 | BT102: =BQ102+BN102+BK102+BH102+BE102+BB102+AY102+AV102+AS102+AP102+AM102 -> 43144.32 | DB102: =CY102+CV102+CS102+CP102+CM102+CJ102+CG102+CD102+CA102+BX102+BU102+BR102 -> 4317 | DC102: =CZ102+CW102+CT102+CQ102+CN102+CK102+CH102+CE102+CB102+BY102+BV102+BS102 -> 64890 | DD102: =DA102+CX102+CU102+CR102+CO102+CL102+CI102+CF102+CC102+BZ102+BW102+BT102 -> 43144.32
A103: 5 | B103: ကျော်ကြား | C103: Kyaw Kyar | D103: မလှိုင် | E103: Mahlaing | F103: Contract | P103: 460 | Q103: 7440 | R103: 4761.6 | Y103: 225 | Z103: 4150 | AA103: 2656 | AE103: 110 | AF103: 2140 | AG103: 1369.6 | AK103: =AH103+AE103+AB103+Y103+V103+S103+P103+M103+J103+G103 -> 795 | AL103: =AI103+AF103+AC103+Z103+W103+T103+Q103+N103+K103+H103 -> 13730 | AM103: =AJ103+AG103+AD103+AA103+X103+U103+R103+O103+L103+I103 -> 8787.2 | AT103: 50 | AU103: 600 | AV103: 600 | BC103: 160 | BD103: 2840 | BE103: 1817.6 | BI103: 260 | BJ103: 4240 | BK103: 2713.6 | BR103: =BO103+BL103+BI103+BF103+BC103+AZ103+AW103+AT103+AQ103+AN103+AK103 -> 1265 | BS103: =BP103+BM103+BJ103+BG103+BD103+BA103+AX103+AU103+AR103+AO103+AL103 -> 21410 | BT103: =BQ103+BN103+BK103+BH103+BE103+BB103+AY103+AV103+AS103+AP103+AM103 -> 13918.4 | DB103: =CY103+CV103+CS103+CP103+CM103+CJ103+CG103+CD103+CA103+BX103+BU103+BR103 -> 1265 | DC103: =CZ103+CW103+CT103+CQ103+CN103+CK103+CH103+CE103+CB103+BY103+BV103+BS103 -> 21410 | DD103: =DA103+CX103+CU103+CR103+CO103+CL103+CI103+CF103+CC103+BZ103+BW103+BT103 -> 13918.4
...

Sheet FollowUpSales
I1: 2026 | J1: Q1 | M1: Q2 | P1: Q3 | S1: Q4
J2: January | K2: February | L2: March | M2: April | N2: May | O2: June | P2: July | Q2: August | R2: September | S2: October | T2: November | U2: December
I3: Target (Bot) | J3: 1003247 | K3: 1003247 | L3: 1003247 | M3: 926074 | N3: 926074 | O3: 926074 | P3: 964660 | Q3: 964660 | R3: 964660 | S3: 964660 | T3: 964660 | U3: 964660 | V3: =SUM(J3:U3) -> 11575923
I4: Target (Liter) | J4: 664538 | K4: 664538 | L4: 664538 | M4: 613420 | N4: 613420 | O4: 613420 | P4: 638979 | Q4: 638979 | R4: 638979 | S4: 638979 | T4: 638979 | U4: 638979 | V4: =SUM(J4:U4) -> 7667748
I5: WS (Bot) | J5: =O50 -> 729352 | K5: =X50 -> 650576 | L5: =AG50 -> 464262 | V5: =SUM(J5:U5) -> 1844190
I6: Semi WS | J6: =O66 -> 28054 | K6: =X66 -> 21814 | L6: =AG66 -> 23916 | V6: =SUM(J6:U6) -> 73784
V7: =SUM(J7:U7) -> 0
I8: Van (Bot) | J8: =O74 -> 65581 | K8: =X74 -> 57351 | L8: =AG74 -> 39008 | V8: =SUM(J8:U8) -> 161940
I9: Total Sales (BOT) | J9: =SUM(J5:J8) -> 822987 | K9: =SUM(K5:K8) -> 729741 | L9: =SUM(L5:L8) -> 527186 | V9: =SUM(J9:U9) -> 2079914
I10: Total Sales (Liter) | J10: =P50+P66+P74 -> 549147.6 | K10: =Y50+Y66+Y74 -> 486294.32 | L10: =AH50+AH66+AH74 -> 353283.56 | V10: =SUM(J10:U10) -> 1388725.5
I11: Ach % (Bot) | J11: =J9/J3 -> 0.82032341 | K11: =K9/K3 -> 0.7273792 | L11: =L9/L3 -> 0.52547977 | M11: =M9/M3 -> 0 | N11: =N9/N3 -> 0 | O11: =+O9/O3 -> 0 | P11: =P9/P3 -> 0 | Q11: =+Q9/Q3 -> 0 | R11: =+R9/R3 -> 0 | S11: =S9/S3 -> 0 | T11: =+T9/T3 -> 0 | U11: =+U9/U3 -> 0 | V11: =+V9/V3 -> 0.17967587
I12: Ach % (Liter) | J12: =J10/J4 -> 0.82635997 | K12: =+K10/K4 -> 0.73177805 | L12: =+L10/L4 -> 0.53162281 | M12: =M10/M4 -> 0 | N12: =+N10/N4 -> 0 | O12: =+O10/O4 -> 0 | P12: =P10/P4 -> 0 | Q12: =+Q10/Q4 -> 0 | R12: =+R10/R4 -> 0 | S12: =S10/S4 -> 0 | T12: =+T10/T4 -> 0 | U12: =+U10/U4 -> 0 | V12: =V10/V4 -> 0.18111256
J14: Contribution
J15: January | K15: February | L15: March | M15: April | N15: May | O15: June | P15: July | Q15: August | R15: September | S15: October | T15: November | U15: December
I16: WS | J16: 0.88 | K16: 0.88 | L16: 0.88
I17: SemiWS | J17: 0.05 | K17: 0.05 | L17: 0.05
I18: VAN | J18: 0.07 | K18: 0.07 | L18: 0.07
J19: 1 | K19: 1 | L19: 1 | M19: 1 | N19: 1 | O19: 1 | P19: 1 | Q19: 1 | R19: 1 | S19: 1 | T19: 1 | U19: 1
I21: Quarter 1
B22: Wholesales Follow Up - (Region) | I22: Jan'26 | R22: Feb'26 | AA22: Mar'26 | AJ22: Q1 Total
I23: =J4*J16 -> 584793.44 | K23: 10 | M23: 20 | O23: 30 | Q23: Ach % | R23: =K16*K4 -> 584793.44 | T23: 10 | V23: 20 | X23: 30 | Z23: Ach % | AA23: =L16*L4 -> 584793.44 | AC23: 10 | AE23: 20 | AG23: 30 | AI23: Ach % | AJ23: Target | AK23: Sales | AL23: Ach %
A24: Sr No. | B24: Customer Name | D24: Area | F24: Outlet Type | G24: Cons% | H24: Resp By | I24: Bottle | J24: Liter | K24: Bottle | L24: Ltr | M24: Bottle | N24: Ltr | O24: Bottle | P24: Ltr | Q24: Liter | R24: Bottle | S24: Liter | T24: Bottle | U24: Ltr | V24: Bottle | W24: Ltr | X24: Bottle | Y24: Ltr | Z24: Liter | AA24: Bottle | AB24: Liter | AC24: Bottle | AD24: Ltr | AE24: Bottle | AF24: Ltr | AG24: Bottle | AH24: Ltr | AI24: Liter | AJ24: Liter | AK24: Liter | AL24: Liter
A25: 1 | B25: ရွှေမြင်း | C25: Golden Horse | D25: မိတ္ထီလာ | E25: Meikhtila | F25: Wholesale | G25: 0.2 | I25: 161000 | J25: 116958.69 | K25: ='2026-FUS'!AL4 -> 40332 | L25: ='2026-FUS'!AM4 -> 27720.48 | M25: ='2026-FUS'!BS4 -> 91702 | N25: ='2026-FUS'!BT4 -> 61936.48 | O25: ='2026-FUS'!DC4 -> 143492 | P25: ='2026-FUS'!DD4 -> 96349.28 | Q25: =IFERROR((P25/J25),0) -> 0.82378899 | R25: 161000 | S25: 116958.69 | T25: ='2026-FUS'!AL51 -> 43466 | U25: ='2026-FUS'!AM51 -> 28855.04 | V25: ='2026-FUS'!BS51 -> 87306 | W25: ='2026-FUS'!BT51 -> 57654.24 | X25: ='2026-FUS'!DC51 -> 129856 | Y25: ='2026-FUS'!DD51 -> 85707.04 | Z25: =IFERROR((Y25/S25),0) -> 0.73279755 | AA25: 161000 | AB25: 116958.69 | AC25: ='2026-FUS'!AL99 -> 49940 | AD25: ='2026-FUS'!AM99 -> 33020 | AE25: ='2026-FUS'!BS99 -> 87732 | AF25: ='2026-FUS'!BT99 -> 58157.28 | AG25: ='2026-FUS'!DC99 -> 87732 | AH25: ='2026-FUS'!DD99 -> 58157.28 | AI25: =IFERROR((AH25/AB25),0) -> 0.49724634 | AJ25: =+J25+S25+AB25 -> 350876.06 | AK25: =+P25+Y25+AH25 -> 240213.6 | AL25: =IFERROR((AK25/AJ25),0) -> 0.68461096
A26: 2 | B26: ရွှေခြင်္သေ့ | C26: Golden Lion | D26: မိတ္ထီလာ | E26: Meikhtila | F26: Contract | G26: 0.05 | I26: 44800 | J26: 29239.672 | K26: ='2026-FUS'!AL5 -> 15860 | L26: ='2026-FUS'!AM5 -> 10841.6 | M26: ='2026-FUS'!BS5 -> 30900 | N26: ='2026-FUS'!BT5 -> 20853.6 | O26: ='2026-FUS'!DC5 -> 45020 | P26: ='2026-FUS'!DD5 -> 30365.6 | Q26: =IFERROR((P26/J26),0) -> 1.0385069 | R26: 44800 | S26: 29239.672 | T26: ='2026-FUS'!AL52 -> 16110 | U26: ='2026-FUS'!AM52 -> 10754.4 | V26: ='2026-FUS'!BS52 -> 27940 | W26: ='2026-FUS'!BT52 -> 18584.8 | X26: ='2026-FUS'!DC52 -> 38530 | Y26: ='2026-FUS'!DD52 -> 25568.8 | Z26: =IFERROR((Y26/S26),0) -> 0.87445577 | AA26: 44800 | AB26: 29239.672 | AC26: ='2026-FUS'!AL100 -> 10460 | AD26: ='2026-FUS'!AM100 -> 6888.8 | AE26: ='2026-FUS'!BS100 -> 18190 | AF26: ='2026-FUS'!BT100 -> 12138.4 | AG26: ='2026-FUS'!DC100 -> 18190 | AH26: ='2026-FUS'!DD100 -> 12138.4 | AI26: =IFERROR((AH26/AB26),0) -> 0.41513462 | AJ26: =+J26+S26+AB26 -> 87719.016 | AK26: =+P26+Y26+AH26 -> 68072.8 | AL26: =IFERROR((AK26/AJ26),0) -> 0.77603242
A27: 3 | B27: ကောင်းသန့် | C27: Kaung Thant | D27: မိတ္ထီလာ | E27: Meikhtila | F27: Contract | G27: 0.08 | I27: 65800 | J27: 46783.475 | K27: ='2026-FUS'!AL6 -> 20398 | L27: ='2026-FUS'!AM6 -> 13061.92 | M27: ='2026-FUS'!BS6 -> 47054 | N27: ='2026-FUS'!BT6 -> 30121.76 | O27: ='2026-FUS'!DC6 -> 72248 | P27: ='2026-FUS'!DD6 -> 46245.92 | Q27: =IFERROR((P27/J27),0) -> 0.98850972 | R27: 65800 | S27: 46783.475 | T27: ='2026-FUS'!AL53 -> 18882 | U27: ='2026-FUS'!AM53 -> 12084.48 | V27: ='2026-FUS'!BS53 -> 38018 | W27: ='2026-FUS'!BT53 -> 24335.12 | X27: ='2026-FUS'!DC53 -> 52316 | Y27: ='2026-FUS'!DD53 -> 33485.84 | Z27: =IFERROR((Y27/S27),0) -> 0.71576213 | AA27: 65800 | AB27: 46783.475 | AC27: ='2026-FUS'!AL101 -> 9470 | AD27: ='2026-FUS'!AM101 -> 6060.8 | AE27: ='2026-FUS'!BS101 -> 24722 | AF27: ='2026-FUS'!BT101 -> 15822.08 | AG27: ='2026-FUS'!DC101 -> 24722 | AH27: ='2026-FUS'!DD101 -> 15822.08 | AI27: =IFERROR((AH27/AB27),0) -> 0.33819805 | AJ27: =+J27+S27+AB27 -> 140350.43 | AK27: =+P27+Y27+AH27 -> 95553.84 | AL27: =IFERROR((AK27/AJ27),0) -> 0.6808233
A28: 4 | B28: ဦးဝင်းနိုင် | C28: U Win Naing | D28: လျှော်ပင် | E28: Wundwin | F28: Contract | G28: 0.11 | I28: 89600 | J28: 64327.278 | K28: ='2026-FUS'!AL7 -> 29800 | L28: ='2026-FUS'!AM7 -> 20110.24 | M28: ='2026-FUS'!BS7 -> 49790 | N28: ='2026-FUS'!BT7 -> 33463.52 | O28: ='2026-FUS'!DC7 -> 86376 | P28: ='2026-FUS'!DD7 -> 58025.28 | Q28: =IFERROR((P28/J28),0) -> 0.90203226 | R28: 89600 | S28: 64327.278 | T28: ='2026-FUS'!AL54 -> 25736 | U28: ='2026-FUS'!AM54 -> 16773.44 | V28: ='2026-FUS'!BS54 -> 64940 | W28: ='2026-FUS'!BT54 -> 42447.68 | X28: ='2026-FUS'!DC54 -> 95264 | Y28: ='2026-FUS'!DD54 -> 62258.72 | Z28: =IFERROR((Y28/S28),0) -> 0.96784322 | AA28: 89600 | AB28: 64327.278 | AC28: ='2026-FUS'!AL102 -> 43258 | AD28: ='2026-FUS'!AM102 -> 28714.24 | AE28: ='2026-FUS'!BS102 -> 64890 | AF28: ='2026-FUS'!BT102 -> 43144.32 | AG28: ='2026-FUS'!DC102 -> 64890 | AH28: ='2026-FUS'!DD102 -> 43144.32 | AI28: =IFERROR((AH28/AB28),0) -> 0.67070022 | AJ28: =+J28+S28+AB28 -> 192981.84 | AK28: =+P28+Y28+AH28 -> 163428.32 | AL28: =IFERROR((AK28/AJ28),0) -> 0.84685856
A29: 5 | B29: ကျော်ကြား | C29: Kyaw Kyar | D29: မလှိုင် | E29: Mahlaing | F29: Contract | G29: 0.04 | I29: 29400 | J29: 23391.738 | K29: ='2026-FUS'!AL8 -> 16280 | L29: ='2026-FUS'!AM8 -> 10635.2 | M29: ='2026-FUS'!BS8 -> 22460 | N29: ='2026-FUS'!BT8 -> 14691.2 | O29: ='2026-FUS'!DC8 -> 30990 | P29: ='2026-FUS'!DD8 -> 20280 | Q29: =IFERROR((P29/J29),0) -> 0.86697279 | R29: 29400 | S29: 23391.738 | T29: ='2026-FUS'!AL55 -> 10880 | U29: ='2026-FUS'!AM55 -> 7092.8 | V29: ='2026-FUS'!BS55 -> 18480 | W29: ='2026-FUS'!BT55 -> 11956.8 | X29: ='2026-FUS'!DC55 -> 27540 | Y29: ='2026-FUS'!DD55 -> 17884.8 | Z29: =IFERROR((Y29/S29),0) -> 0.76457766 | AA29: 29400 | AB29: 23391.738 | AC29: ='2026-FUS'!AL103 -> 13730 | AD29: ='2026-FUS'!AM103 -> 8787.2 | AE29: ='2026-FUS'!BS103 -> 21410 | AF29: ='2026-FUS'!BT103 -> 13918.4 | AG29: ='2026-FUS'!DC103 -> 21410 | AH29: ='2026-FUS'!DD103 -> 13918.4 | AI29: =IFERROR((AH29/AB29),0) -> 0.59501351 | AJ29: =+J29+S29+AB29 -> 70175.213 | AK29: =+P29+Y29+AH29 -> 52083.2 | AL29: =IFERROR((AK29/AJ29),0) -> 0.74218799
A30: 6 | B30: မယဉ်ယဉ်အေး | C30: Ma Yin Yin Aye | D30: မလှိုင် | E30: Mahlaing | F30: Contract | G30: 0.03 | I30: 29400 | J30: 17543.803 | K30: ='2026-FUS'!AL9 -> 10430 | L30: ='2026-FUS'!AM9 -> 6675.2 | M30: ='2026-FUS'!BS9 -> 19680 | N30: ='2026-FUS'!BT9 -> 12595.2 | O30: ='2026-FUS'!DC9 -> 27080 | P30: ='2026-FUS'!DD9 -> 17331.2 | Q30: =IFERROR((P30/J30),0) -> 0.98788158 | R30: 29400 | S30: 17543.803 | T30: ='2026-FUS'!AL56 -> 9220 | U30: ='2026-FUS'!AM56 -> 6116.8 | V30: ='2026-FUS'!BS56 -> 24960 | W30: ='2026-FUS'!BT56 -> 16190.4 | X30: ='2026-FUS'!DC56 -> 34160 | Y30: ='2026-FUS'!DD56 -> 22078.4 | Z30: =IFERROR((Y30/S30),0) -> 1.2584728 | AA30: 29400 | AB30: 17543.803 | AC30: ='2026-FUS'!AL104 -> 9180 | AD30: ='2026-FUS'!AM104 -> 5875.2 | AE30: ='2026-FUS'!BS104 -> 25200 | AF30: ='2026-FUS'!BT104 -> 16560 | AG30: ='2026-FUS'!DC104 -> 25200 | AH30: ='2026-FUS'!DD104 -> 16560 | AI30: =IFERROR((AH30/AB30),0) -> 0.94392304 | AJ30: =+J30+S30+AB30 -> 52631.41 | AK30: =+P30+Y30+AH30 -> 55969.6 | AL30: =IFERROR((AK30/AJ30),0) -> 1.0634258
A31: 7 | B31: စံချိန် | C31: Sanchain | D31: ရမည်းသင်း | E31: Yamethin | F31: Contract | G31: 0.01 | I31: 11200 | J31: 5847.9344 | K31: ='2026-FUS'!AL10 -> 2800 | L31: ='2026-FUS'!AM10 -> 1792 | M31: ='2026-FUS'!BS10 -> 4200 | N31: ='2026-FUS'!BT10 -> 2688 | O31: ='2026-FUS'!DC10 -> 10800 | P31: ='2026-FUS'!DD10 -> 6816 | Q31: =IFERROR((P31/J31),0) -> 1.1655398 | R31: 11200 | S31: 5847.9344 | T31: ='2026-FUS'!AL57 -> 4200 | U31: ='2026-FUS'!AM57 -> 2688 | V31: ='2026-FUS'!BS57 -> 4200 | W31: ='2026-FUS'!BT57 -> 2688 | X31: ='2026-FUS'!DC57 -> 8400 | Y31: ='2026-FUS'!DD57 -> 5376 | Z31: =IFERROR((Y31/S31),0) -> 0.91929896 | AA31: 11200 | AB31: 5847.9344 | AC31: ='2026-FUS'!AL105 -> 0 | AD31: ='2026-FUS'!AM105 -> 0 | AE31: ='2026-FUS'!BS105 -> 0 | AF31: ='2026-FUS'!BT105 -> 0 | AG31: ='2026-FUS'!DC105 -> 0 | AH31: ='2026-FUS'!DD105 -> 0 | AI31: =IFERROR((AH31/AB31),0) -> 0 | AJ31: =+J31+S31+AB31 -> 17543.803 | AK31: =+P31+Y31+AH31 -> 12192 | AL31: =IFERROR((AK31/AJ31),0) -> 0.69494624
A32: 8 | B32: ဦးရဲမြင့် | C32: U Ye Myint | D32: ပျော်ဘွယ် | E32: Pyawbwe | F32: Contract | G32: 0.09 | I32: 70000 | J32: 52631.41 | K32: ='2026-FUS'!AL11 -> 22540 | L32: ='2026-FUS'!AM11 -> 14425.6 | M32: ='2026-FUS'!BS11 -> 48400 | N32: ='2026-FUS'!BT11 -> 30976 | O32: ='2026-FUS'!DC11 -> 83900 | P32: ='2026-FUS'!DD11 -> 53732 | Q32: =IFERROR((P32/J32),0) -> 1.0209113 | R32: 70000 | S32: 52631.41 | T32: ='2026-FUS'!AL58 -> 19010 | U32: ='2026-FUS'!AM58 -> 12166.4 | V32: ='2026-FUS'!BS58 -> 47050 | W32: ='2026-FUS'!BT58 -> 30148 | X32: ='2026-FUS'!DC58 -> 69770 | Y32: ='2026-FUS'!DD58 -> 44688.8 | Z32: =IFERROR((Y32/S32),0) -> 0.84908993 | AA32: 70000 | AB32: 52631.41 | AC32: ='2026-FUS'!AL106 -> 25990 | AD32: ='2026-FUS'!AM106 -> 16669.6 | AE32: ='2026-FUS'!BS106 -> 46240 | AF32: ='2026-FUS'!BT106 -> 29629.6 | AG32: ='2026-FUS'!DC106 -> 46240 | AH32: ='2026-FUS'!DD106 -> 29629.6 | AI32: =IFERROR((AH32/AB32),0) -> 0.56296421 | AJ32: =+J32+S32+AB32 -> 157894.23 | AK32: =+P32+Y32+AH32 -> 128050.4 | AL32: =IFERROR((AK32/AJ32),0) -> 0.81098848
A33: 9 | B33: လွင် | C33: Lwin | D33: ကျောက်ပန်းတောင်း | E33: Kyaukpadaung | F33: Contract | G33: 0.05 | I33: 42000 | J33: 29239.672 | K33: ='2026-FUS'!AL12 -> 7720 | L33: ='2026-FUS'!AM12 -> 4940.8 | M33: ='2026-FUS'!BS12 -> 28660 | N33: ='2026-FUS'!BT12 -> 18955.6 | O33: ='2026-FUS'!DC12 -> 45700 | P33: ='2026-FUS'!DD12 -> 29945.2 | Q33: =IFERROR((P33/J33),0) -> 1.0241291 | R33: 42000 | S33: 29239.672 | T33: ='2026-FUS'!AL59 -> 12680 | U33: ='2026-FUS'!AM59 -> 8249.6 | V33: ='2026-FUS'!BS59 -> 24380 | W33: ='2026-FUS'!BT59 -> 15923.6 | X33: ='2026-FUS'!DC59 -> 36340 | Y33: ='2026-FUS'!DD59 -> 24061.6 | Z33: =IFERROR((Y33/S33),0) -> 0.82290937 | AA33: 42000 | AB33: 29239.672 | AC33: ='2026-FUS'!AL107 -> 13410 | AD33: ='2026-FUS'!AM107 -> 8482.8 | AE33: ='2026-FUS'!BS107 -> 34430 | AF33: ='2026-FUS'!BT107 -> 22079.6 | AG33: ='2026-FUS'!DC107 -> 34430 | AH33: ='2026-FUS'!DD107 -> 22079.6 | AI33: =IFERROR((AH33/AB33),0) -> 0.75512475 | AJ33: =+J33+S33+AB33 -> 87719.016 | AK33: =+P33+Y33+AH33 -> 76086.4 | AL33: =IFERROR((AK33/AJ33),0) -> 0.86738775
A34: 10 | B34: ဦးစိုးဝင်း | C34: U Soe Win | D34: ကျောက်ပန်းတောင်း | E34: Kyaukpadaung | F34: Contract | G34: 0.04 | I34: 32200 | J34: 23391.738 | K34: ='2026-FUS'!AL13 -> 0 | L34: ='2026-FUS'!AM13 -> 0 | M34: ='2026-FUS'!BS13 -> 0 | N34: ='2026-FUS'!BT13 -> 0 | O34: ='2026-FUS'!DC13 -> 12620 | P34: ='2026-FUS'!DD13 -> 8076.8 | Q34: =IFERROR((P34/J34),0) -> 0.34528431 | R34: 32200 | S34: 23391.738 | T34: ='2026-FUS'!AL60 -> 0 | U34: ='2026-FUS'!AM60 -> 0 | V34: ='2026-FUS'!BS60 -> 7740 | W34: ='2026-FUS'!BT60 -> 4953.6 | X34: ='2026-FUS'!DC60 -> 7740 | Y34: ='2026-FUS'!DD60 -> 4953.6 | Z34: =IFERROR((Y34/S34),0) -> 0.21176708 | AA34: 32200 | AB34: 23391.738 | AC34: ='2026-FUS'!AL108 -> 3600 | AD34: ='2026-FUS'!AM108 -> 3600 | AE34: ='2026-FUS'!BS108 -> 12700 | AF34: ='2026-FUS'!BT108 -> 9424 | AG34: ='2026-FUS'!DC108 -> 12700 | AH34: ='2026-FUS'!DD108 -> 9424 | AI34: =IFERROR((AH34/AB34),0) -> 0.4028773 | AJ34: =+J34+S34+AB34 -> 70175.213 | AK34: =+P34+Y34+AH34 -> 22454.4 | AL34: =IFERROR((AK34/AJ34),0) -> 0.31997623
A35: 11 | B35: ဦးသိန်းစိုး | C35: U Thein Soe | D35: ကျောက်ပန်းတောင်း | E35: Kyaukpadaung | F35: Contract | G35: 0.02 | I35: 22400 | J35: 11695.869 | K35: ='2026-FUS'!AL14 -> 2950 | L35: ='2026-FUS'!AM14 -> 2320 | M35: ='2026-FUS'!BS14 -> 10750 | N35: ='2026-FUS'!BT14 -> 7168 | O35: ='2026-FUS'!DC14 -> 17790 | P35: ='2026-FUS'!DD14 -> 11673.6 | Q35: =IFERROR((P35/J35),0) -> 0.99809601 | R35: 22400 | S35: 11695.869 | T35: ='2026-FUS'!AL61 -> 3320 | U35: ='2026-FUS'!AM61 -> 2556.8 | V35: ='2026-FUS'!BS61 -> 5420 | W35: ='2026-FUS'!BT61 -> 3900.8 | X35: ='2026-FUS'!DC61 -> 13120 | Y35: ='2026-FUS'!DD61 -> 8828.8 | Z35: =IFERROR((Y35/S35),0) -> 0.75486483 | AA35: 22400 | AB35: 11695.869 | AC35: ='2026-FUS'!AL109 -> 5400 | AD35: ='2026-FUS'!AM109 -> 3480 | AE35: ='2026-FUS'!BS109 -> 11000 | AF35: ='2026-FUS'!BT109 -> 7064 | AG35: ='2026-FUS'!DC109 -> 11000 | AH35: ='2026-FUS'!DD109 -> 7064 | AI35: =IFERROR((AH35/AB35),0) -> 0.60397394 | AJ35: =+J35+S35+AB35 -> 35087.606 | AK35: =+P35+Y35+AH35 -> 27566.4 | AL35: =IFERROR((AK35/AJ35),0) -> 0.78564493
A36: 12 | B36: ကောင်းထက်သူ | C36: Kaung Htet Thu | D36: ကျောက်ပန်းတောင်း | E36: Kyaukpadaung | F36: Contract | G36: 0.02 | I36: 16800 | J36: 11695.869 | K36: ='2026-FUS'!AL15 -> 4000 | L36: ='2026-FUS'!AM15 -> 2512 | M36: ='2026-FUS'!BS15 -> 7500 | N36: ='2026-FUS'!BT15 -> 4752 | O36: ='2026-FUS'!DC15 -> 12220 | P36: ='2026-FUS'!DD15 -> 7811.2 | Q36: =IFERROR((P36/J36),0) -> 0.66785975 | R36: 16800 | S36: 11695.869 | T36: ='2026-FUS'!AL62 -> 7980 | U36: ='2026-FUS'!AM62 -> 5059.2 | V36: ='2026-FUS'!BS62 -> 11260 | W36: ='2026-FUS'!BT62 -> 7331.2 | X36: ='2026-FUS'!DC62 -> 15460 | Y36: ='2026-FUS'!DD62 -> 10019.2 | Z36: =IFERROR((Y36/S36),0) -> 0.85664436 | AA36: 16800 | AB36: 11695.869 | AC36: ='2026-FUS'!AL110 -> 3440 | AD36: ='2026-FUS'!AM110 -> 2331.2 | AE36: ='2026-FUS'!BS110 -> 13040 | AF36: ='2026-FUS'!BT110 -> 8427.2 | AG36: ='2026-FUS'!DC110 -> 13040 | AH36: ='2026-FUS'!DD110 -> 8427.2 | AI36: =IFERROR((AH36/AB36),0) -> 0.72052792 | AJ36: =+J36+S36+AB36 -> 35087.606 | AK36: =+P36+Y36+AH36 -> 26257.6 | AL36: =IFERROR((AK36/AJ36),0) -> 0.74834401
... A49: 25 | B49: ဦးတင်မောင် | C49: U Tin Maung | D49: ပခုက္ကူ | E49: Pakokku | F49: Wholesale | G49: 0.01 | I49: 12600 | J49: 5847.9344 | K49: ='2026-FUS'!AL28 -> 0 | L49: ='2026-FUS'!AM28 -> 0 | M49: ='2026-FUS'!BS28 -> 3500 | N49: ='2026-FUS'!BT28 -> 2240 | O49: ='2026-FUS'!DC28 -> 7700 | P49: ='2026-FUS'!DD28 -> 4928 | Q49: =IFERROR((P49/J49),0) -> 0.84269071 | R49: 12600 | S49: 5847.9344 | T49: ='2026-FUS'!AL75 -> 0 | U49: ='2026-FUS'!AM75 -> 0 | V49: ='2026-FUS'!BS75 -> 0 | W49: ='2026-FUS'!BT75 -> 0 | X49: ='2026-FUS'!DC75 -> 0 | Y49: ='2026-FUS'!DD75 -> 0 | Z49: =IFERROR((Y49/S49),0) -> 0 | AA49: 12600 | AB49: 5847.9344 | AC49: ='2026-FUS'!AL123 -> 0 | AD49: ='2026-FUS'!AM123 -> 0 | AE49: ='2026-FUS'!BS123 -> 2600 | AF49: ='2026-FUS'!BT123 -> 2096 | AG49: ='2026-FUS'!DC123 -> 2600 | AH49: ='2026-FUS'!DD123 -> 2096 | AI49: =IFERROR((AH49/AB49),0) -> 0.35841715 | AJ49: =+J49+S49+AB49 -> 17543.803 | AK49: =+P49+Y49+AH49 -> 7024 | AL49: =IFERROR((AK49/AJ49),0) -> 0.40036929
B50: Total Wholesales ( 25) | G50: =SUM(G25:G49) -> 1 | I50: =SUM(I25:I49) -> 844900 | J50: =SUM(J25:J49) -> 584793.44 | K50: =SUM(K25:K49) -> 222748 | L50: =SUM(L25:L49) -> 147924.16 | M50: =SUM(M25:M49) -> 453332 | N50: =SUM(N25:N49) -> 299078 | O50: =SUM(O25:O49) -> 729352 | P50: =SUM(P25:P49) -> 479839.12 | Q50: =IFERROR((P50/J50),0) -> 0.82052754 | R50: =SUM(R25:R49) -> 844900 | S50: =SUM(S25:S49) -> 584793.44 | T50: =SUM(T25:T49) -> 210944 | U50: =SUM(U25:U49) -> 138688.16 | V50: =SUM(V25:V49) -> 446874 | W50: =SUM(W25:W49) -> 291956.64 | X50: =SUM(X25:X49) -> 650576 | Y50: =SUM(Y25:Y49) -> 425536.4 | Z50: =IFERROR((Y50/S50),0) -> 0.72766959 | AA50: =SUM(AA25:AA49) -> 844900 | AB50: =SUM(AB25:AB49) -> 584793.44 | AC50: =SUM(AC25:AC49) -> 238838 | AD50: =SUM(AD25:AD49) -> 157172.24 | AE50: =SUM(AE25:AE49) -> 464262 | AF50: =SUM(AF25:AF49) -> 305594.16 | AG50: =SUM(AG25:AG49) -> 464262 | AH50: =SUM(AH25:AH49) -> 305594.16 | AI50: =IFERROR((AH50/AB50),0) -> 0.5225677 | AJ50: =SUM(AJ25:AJ47) -> 1719292.7 | AK50: =+P50+Y50+AH50 -> 1210969.7 | AL50: =IFERROR((AK50/AJ50),0) -> 0.70434177
I52: Quarter 1
B53: Semi Wholesales Follow Up - (Region) | I53: Jan'26 | R53: Feb'26 | AA53: Mar'26 | AJ53: Q1 Total
I54: =J4*J17 -> 33226.9 | K54: 10 | M54: 20 | O54: 30 | Q54: Ach % | R54: =K17*K4 -> 33226.9 | T54: 10 | V54: 20 | X54: 30 | Z54: Ach % | AA54: =L17*L4 -> 33226.9 | AC54: 10 | AE54: 20 | AG54: 30 | AI54: Ach % | AJ54: Target | AK54: Sales | AL54: Ach %
A55: Sr No. | B55: Customer Name | D55: Area | F55: Outlet Type | G55: Cons% | H55: Resp By | I55: Bottle | J55: Liter | K55: Bottle | L55: Ltr | M55: Bottle | N55: Ltr | O55: Bottle | P55: Ltr | Q55: Liter | R55: Bottle | S55: Liter | T55: Bottle | U55: Ltr | V55: Bottle | W55: Ltr | X55: Bottle | Y55: Ltr | Z55: Liter | AA55: Bottle | AB55: Liter | AC55: Bottle | AD55: Ltr | AE55: Bottle | AF55: Ltr | AG55: Bottle | AH55: Ltr | AI55: Liter | AJ55: Liter | AK55: Liter | AL55: Liter
A56: 1 | B56: ရွှေကမ္ဘာ | C56: Golden World | D56: မိတ္ထီလာ | E56: Meikhtila | F56: Semi WS | G56: 0.09 | I56: 7000 | J56: 2990.421 | K56: ='2026-FUS'!AL30 -> 0 | L56: ='2026-FUS'!AM30 -> 0 | M56: ='2026-FUS'!BS30 -> 2340 | N56: ='2026-FUS'!BT30 -> 1497.6 | O56: ='2026-FUS'!DC30 -> 3420 | P56: ='2026-FUS'!DD30 -> 2188.8 | Q56: =IFERROR((P56/J56),0) -> 0.73193708 | R56: 7000 | S56: 2990.421 | T56: ='2026-FUS'!AL77 -> 0 | U56: ='2026-FUS'!AM77 -> 0 | V56: ='2026-FUS'!BS77 -> 0 | W56: ='2026-FUS'!BT77 -> 0 | X56: ='2026-FUS'!DC77 -> 240 | Y56: ='2026-FUS'!DD77 -> 153.6 | Z56: =IFERROR((Y56/S56),0) -> 0.051364005 | AA56: 7000 | AB56: 2990.421 | AC56: ='2026-FUS'!AL125 -> 2330 | AD56: ='2026-FUS'!AM125 -> 1491.2 | AE56: ='2026-FUS'!BS125 -> 2876 | AF56: ='2026-FUS'!BT125 -> 1840.64 | AG56: ='2026-FUS'!DC125 -> 2876 | AH56: ='2026-FUS'!DD125 -> 1840.64 | AI56: =IFERROR((AH56/AB56),0) -> 0.615512 | AJ56: =J56+S56+AB56 -> 8971.263 | AK56: =+P56+Y56+AH56 -> 4183.04 | AL56: =IFERROR((AK56/AJ56),0) -> 0.46627103
A57: 2 | B57: ဦးမောင်ငယ် | C57: U Mg Ngwe | D57: ရမည်းသင်း | E57: Yamethin | F57: Semi WS | G57: 0.05 | I57: 2800 | J57: 1661.345 | K57: ='2026-FUS'!AL31 -> 0 | L57: ='2026-FUS'!AM31 -> 0 | M57: ='2026-FUS'!BS31 -> 0 | N57: ='2026-FUS'!BT31 -> 0 | O57: ='2026-FUS'!DC31 -> 0 | P57: ='2026-FUS'!DD31 -> 0 | Q57: =IFERROR((P57/J57),0) -> 0 | R57: 2800 | S57: 1661.345 | T57: ='2026-FUS'!AL78 -> 820 | U57: ='2026-FUS'!AM78 -> 520 | V57: ='2026-FUS'!BS78 -> 820 | W57: ='2026-FUS'!BT78 -> 520 | X57: ='2026-FUS'!DC78 -> 820 | Y57: ='2026-FUS'!DD78 -> 520 | Z57: =IFERROR((Y57/S57),0) -> 0.31299941 | AA57: 2800 | AB57: 1661.345 | AC57: ='2026-FUS'!AL126 -> 0 | AD57: ='2026-FUS'!AM126 -> 0 | AE57: ='2026-FUS'!BS126 -> 0 | AF57: ='2026-FUS'!BT126 -> 0 | AG57: ='2026-FUS'!DC126 -> 0 | AH57: ='2026-FUS'!DD126 -> 0 | AI57: =IFERROR((AH57/AB57),0) -> 0 | AJ57: =J57+S57+AB57 -> 4984.035 | AK57: =+P57+Y57+AH57 -> 520 | AL57: =IFERROR((AK57/AJ57),0) -> 0.10433314
A58: 3 | B58: ကိုလှဌေးအောင် | C58: Ko Hla Htay Aung | D58: မြင်းခြံ | E58: Myingyan | F58: Semi WS | G58: 0.12 | I58: 4200 | J58: 3987.228 | K58: ='2026-FUS'!AL32 -> 0 | L58: ='2026-FUS'!AM32 -> 0 | M58: ='2026-FUS'!BS32 -> 3300 | N58: ='2026-FUS'!BT32 -> 2112 | O58: ='2026-FUS'!DC32 -> 3300 | P58: ='2026-FUS'!DD32 -> 2112 | Q58: =IFERROR((P58/J58),0) -> 0.5296913 | R58: 4200 | S58: 3987.228 | T58: ='2026-FUS'!AL79 -> 0 | U58: ='2026-FUS'!AM79 -> 0 | V58: ='2026-FUS'!BS79 -> 2120 | W58: ='2026-FUS'!BT79 -> 1356.8 | X58: ='2026-FUS'!DC79 -> 2120 | Y58: ='2026-FUS'!DD79 -> 1356.8 | Z58: =IFERROR((Y58/S58),0) -> 0.34028653 | AA58: 4200 | AB58: 3987.228 | AC58: ='2026-FUS'!AL127 -> 0 | AD58: ='2026-FUS'!AM127 -> 0 | AE58: ='2026-FUS'!BS127 -> 0 | AF58: ='2026-FUS'!BT127 -> 0 | AG58: ='2026-FUS'!DC127 -> 0 | AH58: ='2026-FUS'!DD127 -> 0 | AI58: =IFERROR((AH58/AB58),0) -> 0 | AJ58: =J58+S58+AB58 -> 11961.684 | AK58: =+P58+Y58+AH58 -> 3468.8 | AL58: =IFERROR((AK58/AJ58),0) -> 0.28999261
A59: 4 | B59: ပြည့်ဖြိုးကြွယ် | C59: Pyae Phyo Kywe | D59: မြင်းခြံ | E59: Myingyan | F59: Semi WS | G59: 0.12 | I59: 4200 | J59: 3987.228 | K59: ='2026-FUS'!AL33 -> 0 | L59: ='2026-FUS'!AM33 -> 0 | M59: ='2026-FUS'!BS33 -> 4280 | N59: ='2026-FUS'!BT33 -> 2739.2 | O59: ='2026-FUS'!DC33 -> 4280 | P59: ='2026-FUS'!DD33 -> 2739.2 | Q59: =IFERROR((P59/J59),0) -> 0.68699357 | R59: 4200 | S59: 3987.228 | T59: ='2026-FUS'!AL80 -> 0 | U59: ='2026-FUS'!AM80 -> 0 | V59: ='2026-FUS'!BS80 -> 4580 | W59: ='2026-FUS'!BT80 -> 2949.2 | X59: ='2026-FUS'!DC80 -> 4580 | Y59: ='2026-FUS'!DD80 -> 2949.2 | Z59: =IFERROR((Y59/S59),0) -> 0.73966174 | AA59: 4200 | AB59: 3987.228 | AC59: ='2026-FUS'!AL128 -> 0 | AD59: ='2026-FUS'!AM128 -> 0 | AE59: ='2026-FUS'!BS128 -> 0 | AF59: ='2026-FUS'!BT128 -> 0 | AG59: ='2026-FUS'!DC128 -> 0 | AH59: ='2026-FUS'!DD128 -> 0 | AI59: =IFERROR((AH59/AB59),0) -> 0 | AJ59: =J59+S59+AB59 -> 11961.684 | AK59: =+P59+Y59+AH59 -> 5688.4 | AL59: =IFERROR((AK59/AJ59),0) -> 0.47555177
A60: 5 | B60: ဝတိံယံ | C60: Wattainyan | D60: ပခုက္ကူ | E60: Pakokku | F60: Semi WS | G60: 0.09 | I60: 3500 | J60: 2990.421 | K60: ='2026-FUS'!AL34 -> 0 | L60: ='2026-FUS'!AM34 -> 0 | M60: ='2026-FUS'!BS34 -> 0 | N60: ='2026-FUS'!BT34 -> 0 | O60: ='2026-FUS'!DC34 -> 2800 | P60: ='2026-FUS'!DD34 -> 1792 | Q60: =IFERROR((P60/J60),0) -> 0.59924673 | R60: 3500 | S60: 2990.421 | T60: ='2026-FUS'!AL81 -> 0 | U60: ='2026-FUS'!AM81 -> 0 | V60: ='2026-FUS'!BS81 -> 0 | W60: ='2026-FUS'!BT81 -> 0 | X60: ='2026-FUS'!DC81 -> 0 | Y60: ='2026-FUS'!DD81 -> 0 | Z60: =IFERROR((Y60/S60),0) -> 0 | AA60: 3500 | AB60: 2990.421 | AC60: ='2026-FUS'!AL129 -> 0 | AD60: ='2026-FUS'!AM129 -> 0 | AE60: ='2026-FUS'!BS129 -> 2800 | AF60: ='2026-FUS'!BT129 -> 1792 | AG60: ='2026-FUS'!DC129 -> 2800 | AH60: ='2026-FUS'!DD129 -> 1792 | AI60: =IFERROR((AH60/AB60),0) -> 0.59924673 | AJ60: =J60+S60+AB60 -> 8971.263 | AK60: =+P60+Y60+AH60 -> 3584 | AL60: =IFERROR((AK60/AJ60),0) -> 0.39949782
A61: 6 | B61: ပျားနက် | C61: Black Bee | D61: ပခုက္ကူ | E61: Pakokku | F61: Semi WS | G61: 0.1 | I61: 4900 | J61: 3322.69 | K61: ='2026-FUS'!AL35 -> 0 | L61: ='2026-FUS'!AM35 -> 0 | M61: ='2026-FUS'!BS35 -> 0 | N61: ='2026-FUS'!BT35 -> 0 | O61: ='2026-FUS'!DC35 -> 1400 | P61: ='2026-FUS'!DD35 -> 896 | Q61: =IFERROR((P61/J61),0) -> 0.26966103 | R61: 4900 | S61: 3322.69 | T61: ='2026-FUS'!AL82 -> 0 | U61: ='2026-FUS'!AM82 -> 0 | V61: ='2026-FUS'!BS82 -> 0 | W61: ='2026-FUS'!BT82 -> 0 | X61: ='2026-FUS'!DC82 -> 0 | Y61: ='2026-FUS'!DD82 -> 0 | Z61: =IFERROR((Y61/S61),0) -> 0 | AA61: 4900 | AB61: 3322.69 | AC61: ='2026-FUS'!AL130 -> 0 | AD61: ='2026-FUS'!AM130 -> 0 | AE61: ='2026-FUS'!BS130 -> 2800 | AF61: ='2026-FUS'!BT130 -> 1792 | AG61: ='2026-FUS'!DC130 -> 2800 | AH61: ='2026-FUS'!DD130 -> 1792 | AI61: =IFERROR((AH61/AB61),0) -> 0.53932206 | AJ61: =J61+S61+AB61 -> 9968.07 | AK61: =+P61+Y61+AH61 -> 2688 | AL61: =IFERROR((AK61/AJ61),0) -> 0.26966103
A62: 7 | B62: ရွှေရောင်စင် | C62: Shwe Yaung Sin | D62: ပခုက္ကူ | E62: Pakokku | F62: Semi WS | G62: 0.11 | I62: 2800 | J62: 3654.959 | K62: ='2026-FUS'!AL36 -> 0 | L62: ='2026-FUS'!AM36 -> 0 | M62: ='2026-FUS'!BS36 -> 1400 | N62: ='2026-FUS'!BT36 -> 896 | O62: ='2026-FUS'!DC36 -> 4200 | P62: ='2026-FUS'!DD36 -> 2688 | Q62: =IFERROR((P62/J62),0) -> 0.73543917 | R62: 2800 | S62: 3654.959 | T62: ='2026-FUS'!AL83 -> 0 | U62: ='2026-FUS'!AM83 -> 0 | V62: ='2026-FUS'!BS83 -> 1760 | W62: ='2026-FUS'!BT83 -> 1112 | X62: ='2026-FUS'!DC83 -> 3860 | Y62: ='2026-FUS'!DD83 -> 2456 | Z62: =IFERROR((Y62/S62),0) -> 0.67196376 | AA62: 2800 | AB62: 3654.959 | AC62: ='2026-FUS'!AL131 -> 0 | AD62: ='2026-FUS'!AM131 -> 0 | AE62: ='2026-FUS'!BS131 -> 1400 | AF62: ='2026-FUS'!BT131 -> 896 | AG62: ='2026-FUS'!DC131 -> 1400 | AH62: ='2026-FUS'!DD131 -> 896 | AI62: =IFERROR((AH62/AB62),0) -> 0.24514639 | AJ62: =J62+S62+AB62 -> 10964.877 | AK62: =+P62+Y62+AH62 -> 6040 | AL62: =IFERROR((AK62/AJ62),0) -> 0.55084977
A63: 8 | B63: A1 | C63: A1 | D63: ပုဂံ | E63: Bagan | F63: Semi WS | G63: 0.13 | I63: 4200 | J63: 4319.497 | K63: ='2026-FUS'!AL37 -> 3700 | L63: ='2026-FUS'!AM37 -> 3448 | M63: ='2026-FUS'!BS37 -> 3700 | N63: ='2026-FUS'!BT37 -> 3448 | O63: ='2026-FUS'!DC37 -> 3700 | P63: ='2026-FUS'!DD37 -> 3448 | Q63: =IFERROR((P63/J63),0) -> 0.79824109 | R63: 4200 | S63: 4319.497 | T63: ='2026-FUS'!AL84 -> 1900 | U63: ='2026-FUS'!AM84 -> 1648 | V63: ='2026-FUS'!BS84 -> 3660 | W63: ='2026-FUS'!BT84 -> 3206.4 | X63: ='2026-FUS'!DC84 -> 6580 | Y63: ='2026-FUS'!DD84 -> 5723.2 | Z63: =IFERROR((Y63/S63),0) -> 1.3249691 | AA63: 4200 | AB63: 4319.497 | AC63: ='2026-FUS'!AL132 -> 1800 | AD63: ='2026-FUS'!AM132 -> 1800 | AE63: ='2026-FUS'!BS132 -> 8300 | AF63: ='2026-FUS'!BT132 -> 7040 | AG63: ='2026-FUS'!DC132 -> 8300 | AH63: ='2026-FUS'!DD132 -> 7040 | AI63: =IFERROR((AH63/AB63),0) -> 1.6298194 | AJ63: =J63+S63+AB63 -> 12958.491 | AK63: =+P63+Y63+AH63 -> 16211.2 | AL63: =IFERROR((AK63/AJ63),0) -> 1.2510099
A64: 9 | B64: ရွှေခေတ် | C64: Shwe Khit | D64: မလှိုင် | E64: Mahlaing | F64: Semi WS | G64: 0.14 | I64: 3500 | J64: 4651.766 | K64: ='2026-FUS'!AL38 -> 950 | L64: ='2026-FUS'!AM38 -> 824 | M64: ='2026-FUS'!BS38 -> 1744 | N64: ='2026-FUS'!BT38 -> 1333.6 | O64: ='2026-FUS'!DC38 -> 3224 | P64: ='2026-FUS'!DD38 -> 2712.8 | Q64: =IFERROR((P64/J64),0) -> 0.58317637 | R64: 3500 | S64: 4651.766 | T64: ='2026-FUS'!AL85 -> 1800 | U64: ='2026-FUS'!AM85 -> 1800 | V64: ='2026-FUS'!BS85 -> 2844 | W64: ='2026-FUS'!BT85 -> 2685.6 | X64: ='2026-FUS'!DC85 -> 2844 | Y64: ='2026-FUS'!DD85 -> 2685.6 | Z64: =IFERROR((Y64/S64),0) -> 0.57732913 | AA64: 3500 | AB64: 4651.766 | AC64: ='2026-FUS'!AL133 -> 3420 | AD64: ='2026-FUS'!AM133 -> 2966.4 | AE64: ='2026-FUS'!BS133 -> 4900 | AF64: ='2026-FUS'!BT133 -> 4345.6 | AG64: ='2026-FUS'!DC133 -> 4900 | AH64: ='2026-FUS'!DD133 -> 4345.6 | AI64: =IFERROR((AH64/AB64),0) -> 0.93418285 | AJ64: =J64+S64+AB64 -> 13955.298 | AK64: =+P64+Y64+AH64 -> 9744 | AL64: =IFERROR((AK64/AJ64),0) -> 0.69822945
A65: 10 | B65: ဟိန်းမြန်မာ | C65: Hein Myanmar | D65: မလှိုင် | E65: Mahlaing | F65: Semi WS | G65: 0.05 | I65: 3500 | J65: 1661.345 | K65: ='2026-FUS'!AL39 -> 840 | L65: ='2026-FUS'!AM39 -> 537.6 | M65: ='2026-FUS'!BS39 -> 840 | N65: ='2026-FUS'!BT39 -> 537.6 | O65: ='2026-FUS'!DC39 -> 1730 | P65: ='2026-FUS'!DD39 -> 1107.2 | Q65: =IFERROR((P65/J65),0) -> 0.66644797 | R65: 3500 | S65: 1661.345 | T65: ='2026-FUS'!AL86 -> 770 | U65: ='2026-FUS'!AM86 -> 492.8 | V65: ='2026-FUS'!BS86 -> 770 | W65: ='2026-FUS'!BT86 -> 492.8 | X65: ='2026-FUS'!DC86 -> 770 | Y65: ='2026-FUS'!DD86 -> 492.8 | Z65: =IFERROR((Y65/S65),0) -> 0.29662713 | AA65: 3500 | AB65: 1661.345 | AC65: ='2026-FUS'!AL134 -> 840 | AD65: ='2026-FUS'!AM134 -> 537.6 | AE65: ='2026-FUS'!BS134 -> 840 | AF65: ='2026-FUS'!BT134 -> 537.6 | AG65: ='2026-FUS'!DC134 -> 840 | AH65: ='2026-FUS'!DD134 -> 537.6 | AI65: =IFERROR((AH65/AB65),0) -> 0.32359323 | AJ65: =J65+S65+AB65 -> 4984.035 | AK65: =+P65+Y65+AH65 -> 2137.6 | AL65: =IFERROR((AK65/AJ65),0) -> 0.42888944
B66: Total SWS (10) | G66: =SUM(G56:G65) -> 1 | I66: =SUM(I56:I65) -> 40600 | J66: =SUM(J56:J65) -> 33226.9 | K66: =SUM(K56:K65) -> 5490 | L66: =SUM(L56:L65) -> 4809.6 | M66: =SUM(M56:M65) -> 17604 | N66: =SUM(N56:N65) -> 12564 | O66: =SUM(O56:O65) -> 28054 | P66: =SUM(P56:P65) -> 19684 | Q66: =IFERROR((P66/J66),0) -> 0.59241157 | R66: =SUM(R56:R65) -> 40600 | S66: =SUM(S56:S65) -> 33226.9 | T66: =SUM(T56:T65) -> 5290 | U66: =SUM(U56:U65) -> 4460.8 | V66: =SUM(V56:V65) -> 16554 | W66: =SUM(W56:W65) -> 12322.8 | X66: =SUM(X56:X65) -> 21814 | Y66: =SUM(Y56:Y65) -> 16337.2 | Z66: =IFERROR((Y66/S66),0) -> 0.49168595 | AA66: =SUM(AA56:AA65) -> 40600 | AB66: =SUM(AB56:AB65) -> 33226.9 | AC66: =SUM(AC56:AC65) -> 8390 | AD66: =SUM(AD56:AD65) -> 6795.2 | AE66: =SUM(AE56:AE65) -> 23916 | AF66: =SUM(AF56:AF65) -> 18243.84 | AG66: =SUM(AG56:AG65) -> 23916 | AH66: =SUM(AH56:AH65) -> 18243.84 | AI66: =IFERROR((AH66/AB66),0) -> 0.54906838 | AJ66: =J66+S66+AB66 -> 99680.7 | AK66: =+P66+Y66+AH66 -> 54265.04 | AL66: =IFERROR((AK66/AJ66),0) -> 0.54438863
I68: Quarter 1
B69: Mini + Van Sales Follow Up - (Region) | I69: Jan'26 | R69: Feb'26 | AA69: Mar'26 | AJ69: Q1 Total
I70: =J4*J18 -> 46517.66 | K70: 10 | M70: 20 | O70: 30 | Q70: Ach % | R70: =K18*K4 -> 46517.66 | T70: 10 | V70: 20 | X70: 30 | Z70: Ach % | AA70: =L18*L4 -> 46517.66 | AC70: 10 | AE70: 20 | AG70: 30 | AI70: Ach % | AJ70: Target | AK70: Sales | AL70: Ach %
A71: Sr No. | B71: Van | C71: ASM | D71: Area | E71: Total Outlet | F71: Frequancy | G71: Cons% | H71: Cons % | I71: Bottle | J71: Liter | K71: Bottle | L71: Ltr | M71: Bottle | N71: Ltr | O71: Bottle | P71: Ltr | Q71: Liter | R71: Bottle | S71: Liter | T71: Bottle | U71: Ltr | V71: Bottle | W71: Ltr | X71: Bottle | Y71: Ltr | Z71: Liter | AA71: Bottle | AB71: Liter | AC71: Bottle | AD71: Ltr | AE71: Bottle | AF71: Ltr | AG71: Bottle | AH71: Ltr | AI71: Liter | AJ71: Liter | AK71: Liter | AL71: Liter
A72: 1 | B72: Van 1 | C72: Ko Kyaw Po Po Win | D72: YMT,PB,KPT,TT | E72: 314 | F72: F1&F2 | G72: 0.6333 | I72: 75000 | J72: 29459.634 | K72: ='2026-FUS'!AL43 -> 8524 | L72: ='2026-FUS'!AM43 -> 7186.24 | M72: ='2026-FUS'!BS43 -> 23812 | N72: ='2026-FUS'!BT43 -> 18789.76 | O72: ='2026-FUS'!DC43 -> 40498 | P72: ='2026-FUS'!DD43 -> 31656.16 | Q72: =IFERROR((P72/J72),0) -> 1.0745605 | R72: 75000 | S72: 29459.634 | T72: ='2026-FUS'!AL90 -> 8650 | U72: ='2026-FUS'!AM90 -> 6403.44 | V72: ='2026-FUS'!BS90 -> 25450 | W72: ='2026-FUS'!BT90 -> 20100.24 | X72: ='2026-FUS'!DC90 -> 35848 | Y72: ='2026-FUS'!DD90 -> 29065.2 | Z72: =IFERROR((Y72/S72),0) -> 0.98661103 | AA72: 75000 | AB72: 29459.634 | AC72: ='2026-FUS'!AL138 -> 10636 | AD72: ='2026-FUS'!AM138 -> 8186.08 | AE72: ='2026-FUS'!BS138 -> 24709 | AF72: ='2026-FUS'!BT138 -> 19595.32 | AG72: ='2026-FUS'!DC138 -> 24709 | AH72: ='2026-FUS'!DD138 -> 19595.32 | AI72: =IFERROR((AH72/AB72),0) -> 0.6651583 | AJ72: =+J72+S72+AB72 -> 88378.902 | AK72: =+P72+Y72+AH72 -> 80316.68 | AL72: =IFERROR((AK72/AJ72),0) -> 0.90877662
A73: 2 | B73: Van 2 | C73: Ko Kyaw Po Po Win | D73: MH,TZ,YMP,WNT,SHP | E73: 318 | F73: F1&F2 | G73: 0.3667 | I73: 42747 | J73: 17058.026 | K73: ='2026-FUS'!AL44 -> 8354 | L73: ='2026-FUS'!AM44 -> 5697.44 | M73: ='2026-FUS'!BS44 -> 14659 | N73: ='2026-FUS'!BT44 -> 10467.52 | O73: ='2026-FUS'!DC44 -> 25083 | P73: ='2026-FUS'!DD44 -> 17968.32 | Q73: =IFERROR((P73/J73),0) -> 1.0533646 | R73: 42747 | S73: 17058.026 | T73: ='2026-FUS'!AL91 -> 7282 | U73: ='2026-FUS'!AM91 -> 5566.72 | V73: ='2026-FUS'!BS91 -> 15879 | W73: ='2026-FUS'!BT91 -> 11457.12 | X73: ='2026-FUS'!DC91 -> 21503 | Y73: ='2026-FUS'!DD91 -> 15355.52 | Z73: =IFERROR((Y73/S73),0) -> 0.90019326 | AA73: 42747 | AB73: 17058.026 | AC73: ='2026-FUS'!AL139 -> 6915 | AD73: ='2026-FUS'!AM139 -> 4764.48 | AE73: ='2026-FUS'!BS139 -> 14299 | AF73: ='2026-FUS'!BT139 -> 9850.24 | AG73: ='2026-FUS'!DC139 -> 14299 | AH73: ='2026-FUS'!DD139 -> 9850.24 | AI73: =IFERROR((AH73/AB73),0) -> 0.57745486 | AJ73: =+J73+S73+AB73 -> 51174.078 | AK73: =+P73+Y73+AH73 -> 43174.08 | AL73: =IFERROR((AK73/AJ73),0) -> 0.8436709
B74: Total Mini+ Van Sales Follow Up (xxxx) | G74: =G72+G73 -> 1 | I74: =SUM(I72:I73) -> 117747 | J74: =SUM(J72:J73) -> 46517.66 | K74: =SUM(K72:K73) -> 16878 | L74: =SUM(L72:L73) -> 12883.68 | M74: =SUM(M72:M73) -> 38471 | N74: =SUM(N72:N73) -> 29257.28 | O74: =SUM(O72:O73) -> 65581 | P74: =SUM(P72:P73) -> 49624.48 | Q74: =IFERROR((P74/J74),0) -> 1.066788 | R74: =SUM(R72:R73) -> 117747 | S74: =SUM(S72:S73) -> 46517.66 | T74: =SUM(T72:T73) -> 15932 | U74: =SUM(U72:U73) -> 11970.16 | V74: =SUM(V72:V73) -> 41329 | W74: =SUM(W72:W73) -> 31557.36 | X74: =SUM(X72:X73) -> 57351 | Y74: =SUM(Y72:Y73) -> 44420.72 | Z74: =IFERROR((Y74/S74),0) -> 0.95492164 | AA74: =SUM(AA72:AA73) -> 117747 | AB74: =SUM(AB72:AB73) -> 46517.66 | AC74: =SUM(AC72:AC73) -> 17551 | AD74: =SUM(AD72:AD73) -> 12950.56 | AE74: =SUM(AE72:AE73) -> 39008 | AF74: =SUM(AF72:AF73) -> 29445.56 | AG74: =SUM(AG72:AG73) -> 39008 | AH74: =SUM(AH72:AH73) -> 29445.56 | AI74: =IFERROR((AH74/AB74),0) -> 0.63299745 | AJ74: =(AB74+S74+J74) -> 139552.98 | AK74: =+P74+Y74+AH74 -> 123490.76 | AL74: =IFERROR((AK74/AJ74),0) -> 0.88490235

Sheet SUM
C1: ‌ရွှေမြင်း | CH1: Total (PKT) | CI1: =CE40 -> 47986 | CK1: 12 | CL1: 14
A2: No | B2: Outlet Name | C2: SKU | CH2: Total (BOT) | CI2: =CF40 -> 757406 | CK2: 24 | CL2: 40
C3: သံပုရာ (1*14) | E3: ရှောက်ပျား (1*14) | G3: လိမ္မော်ဖြူ (1*24) | I3: ဒဂုံသန့် (1*14) | K3: ကင်းမြီးကောက် (1*14) | M3: ဇေသန့် (1*14) | O3: ဒဂုံနာနတ် (1*24) | Q3: Black Cat (1*24) | S3: ဇေRedပု (1*14) | U3: ဇေရမ် (1*14) | W3: ကောင်းကြည် (1*14) | Y3: မိုးနဲကွန်ကီး (1*14) | AA3: 2 in 1 မက (1*14) | AC3: Vodka(1*12) (700ml) | AE3: ZayRed(1*12) (700ml) | AG3: Formula Rum(1*12) (700ml) | AI3: Formula Rum(1*24) (350ml) | AK3: ကောင်းကြည်(1*12) (600ml) | AM3: ကောင်းကြည် (1*12) (1000ml) | AO3: ဇေ (1*12) (600ml) | AQ3: ဇေ (1*12) (1000ml) | AS3: ဇေ Red(1*12) (1000ml) | AU3: ဇေRedပု(1*12) 680ml | AW3: ရွှေမင်းသားခေါင်ရည် (1*24) | AY3: ချယ်ရီအရက်သန့် (1*14) | BA3: ဒဂုံမန်ကျည်းအရက် (1*14) | BC3: ချယ်ရီကော်(1*24) (600 ml) | BE3: ချယ်ရီသံပုရာ(1*24) (600ml) | BG3: ချယ်ရီသံပုရာ(1*12) (1000 ml) | BI3: မိုးနဲကွန်ကီးကော်1L (1*24) | BK3: မိုးနဲကွန်ကီးကော်1L (1*12) | BM3: ရွှေမန်းပုလင်း (1*14) | BO3: ရွှေမန်းကော်ဗူး 1L (1*12) | BS3: ရွှေမင်းသားမန်ကျည်းခေါင်ရည် (1*14) | BU3: ရွှေမင်းသားခေါင်ရည် ကော်ဗူး (1*12) | BW3: ရွှေမင်းသားမန်ကျည်း ခေါင်ရည်ကော်ဗူး (1*12) | CE3: Total Sales
C4: PKT | D4: BOT | E4: PKT | F4: BOT | G4: PKT | H4: BOT | I4: PKT | J4: BOT | L4: BOT | M4: PKT | N4: BOT | O4: PKT | P4: BOT | Q4: PKT | R4: BOT | S4: PKT | T4: BOT | U4: PKT | V4: BOT | W4: PKT | X4: BOT | Y4: PKT | Z4: BOT | AA4: PKT | AB4: BOT | AC4: PKT | AD4: BOT | AE4: PKT | AF4: BOT | AG4: PKT | AH4: BOT | AI4: PKT | AJ4: BOT | AK4: PKT | AL4: BOT | AM4: PKT | AN4: BOT | AO4: PKT | AP4: BOT | AQ4: PKT | AR4: BOT | AS4: PKT | AT4: BOT | AU4: PKT | AV4: BOT | AW4: PKT | AX4: BOT | AY4: PKT | AZ4: BOT | BA4: PKT | BB4: BOT | BC4: PKT | BD4: BOT | BE4: PKT | BF4: BOT | BG4: PKT | BH4: BOT | BI4: PTK | BJ4: BOT | BK4: PTK | BL4: BOT | BM4: PTK | BN4: BOT | BO4: PTK | BP4: BOT | BQ4: PKT | BR4: BOT | BS4: PKT | BT4: BOT | BU4: PKT | BV4: BOT | BW4: PKT | BX4: BOT | BY4: PKT | BZ4: BOT | CA4: PKT | CB4: BOT | CC4: PKT | CD4: BOT | CE4: PKT | CF4: BOT
A5: 1 | B5: ရွှေမြင်း | C5: =ရွှေမြင်း!C34 -> 414 | D5: =ရွှေမြင်း!D34 -> 5796 | E5: =ရွှေမြင်း!E34 -> 1956 | F5: =ရွှေမြင်း!F34 -> 27384 | G5: =ရွှေမြင်း!G34 -> 2305 | H5: =ရွှေမြင်း!H34 -> 55320 | I5: =ရွှေမြင်း!I34 -> 311 | J5: =ရွှေမြင်း!J34 -> 4354 | ... BW5: =ရွှေမြင်း!BW34 -> 0 | BX5: =BW5*12 -> 0 | CE5: =CC5+CA5+BY5+BW5+BU5+BS5+BQ5+BO5+BM5+BK5+BI5+BG5+BE5+BC5+BA5+AY5+AW5+AU5+AS5+AQ5+AO5+AM5+AK5+AI5+AG5+AE5+AC5+AA5+Y5+W5+U5+S5+Q5+O5+M5+K5+I5+G5+E5+C5 -> 8693 | CF5: =CD5+CB5+BZ5+BX5+BV5+BT5+BR5+BP5+BN5+BL5+BJ5+BH5+BF5+BD5+BB5+AZ5+AX5+AV5+AT5+AR5+AP5+AN5+AL5+AJ5+AH5+AF5+AD5+AB5+Z5+X5+V5+T5+R5+P5+N5+L5+J5+H5+F5+D5 -> 143492 | CG5: =CF5='2026-FUS'!DC4 -> TRUE
A6: 2 | B6: ရွှေခြင်္သေ့ | C6: =ရွှေခြင်္သေ့!C34 -> 210 | D6: =ရွှေခြင်္သေ့!D34 -> 2940 | E6: =ရွှေခြင်္သေ့!E34 -> 485 | F6: =ရွှေခြင်္သေ့!F34 -> 6790 | G6: =ရွှေခြင်္သေ့!G34 -> 610 | H6: =ရွှေခြင်္သေ့!H34 -> 14640 | I6: =ရွှေခြင်္သေ့!I34 -> 0 | J6: =ရွှေခြင်္သေ့!J34 -> 0 | ... BW6: =ရွှေခြင်္သေ့!BW34 -> 0 | BX6: =BW6*12 -> 0 | CE6: =CC6+CA6+BY6+BW6+BU6+BS6+BQ6+BO6+BM6+BK6+BI6+BG6+BE6+BC6+BA6+AY6+AW6+AU6+AS6+AQ6+AO6+AM6+AK6+AI6+AG6+AE6+AC6+AA6+Y6+W6+U6+S6+Q6+O6+M6+K6+I6+G6+E6+C6 -> 2800 | CF6: =CD6+CB6+BZ6+BX6+BV6+BT6+BR6+BP6+BN6+BL6+BJ6+BH6+BF6+BD6+BB6+AZ6+AX6+AV6+AT6+AR6+AP6+AN6+AL6+AJ6+AH6+AF6+AD6+AB6+Z6+X6+V6+T6+R6+P6+N6+L6+J6+H6+F6+D6 -> 45020 | CG6: =CF6='2026-FUS'!DC5 -> TRUE
A7: 3 | B7: ကောင်းသန့် | C7: =ကောင်းသန့်!C34 -> 530 | D7: =ကောင်းသန့်!D34 -> 7420 | E7: =ကောင်းသန့်!E34 -> 846 | F7: =ကောင်းသန့်!F34 -> 11844 | G7: =ကောင်းသန့်!G34 -> 890 | H7: =ကောင်းသန့်!H34 -> 21360 | I7: =ကောင်းသန့်!I34 -> 507 | J7: =ကောင်းသန့်!J34 -> 7098 | ... BW7: =ကောင်းသန့်!BW34 -> 0 | BX7: =BW7*12 -> 0 | CE7: =CC7+CA7+BY7+BW7+BU7+BS7+BQ7+BO7+BM7+BK7+BI7+BG7+BE7+BC7+BA7+AY7+AW7+AU7+AS7+AQ7+AO7+AM7+AK7+AI7+AG7+AE7+AC7+AA7+Y7+W7+U7+S7+Q7+O7+M7+K7+I7+G7+E7+C7 -> 4462 | CF7: =CD7+CB7+BZ7+BX7+BV7+BT7+BR7+BP7+BN7+BL7+BJ7+BH7+BF7+BD7+BB7+AZ7+AX7+AV7+AT7+AR7+AP7+AN7+AL7+AJ7+AH7+AF7+AD7+AB7+Z7+X7+V7+T7+R7+P7+N7+L7+J7+H7+F7+D7 -> 72248 | CG7: =CF7='2026-FUS'!DC6 -> TRUE
A8: 4 | B8: ဦးဝင်းနိုင် | C8: =ဦးဝင်းနိုင်!C34 -> 913 | D8: =ဦးဝင်းနိုင်!D34 -> 12782 | E8: =ဦးဝင်းနိုင်!E34 -> 1450 | F8: =ဦးဝင်းနိုင်!F34 -> 20300 | G8: =ဦးဝင်းနိုင်!G34 -> 480 | H8: =ဦးဝင်းနိုင်!H34 -> 11520 | I8: =ဦးဝင်းနိုင်!I34 -> 141 | J8: =ဦးဝင်းနိုင်!J34 -> 1974 | ... CD8: =ဦးဝင်းနိုင်!CD34 -> 0 | CE8: =CC8+CA8+BY8+BW8+BU8+BS8+BQ8+BO8+BM8+BK8+BI8+BG8+BE8+BC8+BA8+AY8+AW8+AU8+AS8+AQ8+AO8+AM8+AK8+AI8+AG8+AE8+AC8+AA8+Y8+W8+U8+S8+Q8+O8+M8+K8+I8+G8+E8+C8 -> 5545 | CF8: =CD8+CB8+BZ8+BX8+BV8+BT8+BR8+BP8+BN8+BL8+BJ8+BH8+BF8+BD8+BB8+AZ8+AX8+AV8+AT8+AR8+AP8+AN8+AL8+AJ8+AH8+AF8+AD8+AB8+Z8+X8+V8+T8+R8+P8+N8+L8+J8+H8+F8+D8 -> 86376 | CG8: =CF8='2026-FUS'!DC7 -> TRUE
A9: 5 | B9: ကျော်ကြား | C9: =ကျော်ကြား!C25 -> 320 | D9: =ကျော်ကြား!D25 -> 4480 | E9: =ကျော်ကြား!E25 -> 50 | F9: =ကျော်ကြား!F25 -> 700 | G9: =ကျော်ကြား!G25 -> 455 | H9: =ကျော်ကြား!H25 -> 10920 | I9: =ကျော်ကြား!I25 -> 140 | J9: =ကျော်ကြား!J25 -> 1960 | ... BW9: =ကျော်ကြား!BW25 -> 0 | BX9: =BW9*12 -> 0 | CE9: =CC9+CA9+BY9+BW9+BU9+BS9+BQ9+BO9+BM9+BK9+BI9+BG9+BE9+BC9+BA9+AY9+AW9+AU9+AS9+AQ9+AO9+AM9+AK9+AI9+AG9+AE9+AC9+AA9+Y9+W9+U9+S9+Q9+O9+M9+K9+I9+G9+E9+C9 -> 1895 | CF9: =CD9+CB9+BZ9+BX9+BV9+BT9+BR9+BP9+BN9+BL9+BJ9+BH9+BF9+BD9+BB9+AZ9+AX9+AV9+AT9+AR9+AP9+AN9+AL9+AJ9+AH9+AF9+AD9+AB9+Z9+X9+V9+T9+R9+P9+N9+L9+J9+H9+F9+D9 -> 30990 | CG9: =CF9='2026-FUS'!DC8 -> TRUE
A10: 6 | B10: မယဉ်ယဉ်အေး | C10: =မယဉ်ယဉ်အေး!C25 -> 410 | D10: =မယဉ်ယဉ်အေး!D25 -> 5740 | E10: =မယဉ်ယဉ်အေး!E25 -> 10 | F10: =မယဉ်ယဉ်အေး!F25 -> 140 | G10: =မယဉ်ယဉ်အေး!G25 -> 370 | H10: =မယဉ်ယဉ်အေး!H25 -> 8880 | I10: =မယဉ်ယဉ်အေး!I25 -> 100 | J10: =မယဉ်ယဉ်အေး!J25 -> 1400 | ... BW10: =မယဉ်ယဉ်အေး!BW25 -> 0 | BX10: =BW10*12 -> 0 | CE10: =CC10+CA10+BY10+BW10+BU10+BS10+BQ10+BO10+BM10+BK10+BI10+BG10+BE10+BC10+BA10+AY10+AW10+AU10+AS10+AQ10+AO10+AM10+AK10+AI10+AG10+AE10+AC10+AA10+Y10+W10+U10+S10+Q10+O10+M10+K10+I10+G10+E10+C10 -> 1670 | CF10: =CD10+CB10+BZ10+BX10+BV10+BT10+BR10+BP10+BN10+BL10+BJ10+BH10+BF10+BD10+BB10+AZ10+AX10+AV10+AT10+AR10+AP10+AN10+AL10+AJ10+AH10+AF10+AD10+AB10+Z10+X10+V10+T10+R10+P10+N10+L10+J10+H10+F10+D10 -> 27080 | CG10: =CF10='2026-FUS'!DC9 -> TRUE
A11: 7 | B11: စံချိန် | C11: =စံချိန်!C20 -> 300 | D11: =စံချိန်!D20 -> 4200 | E11: =စံချိန်!E20 -> 200 | F11: =စံချိန်!F20 -> 2800 | G11: =စံချိန်!G20 -> 0 | H11: =စံချိန်!H20 -> 0 | I11: =စံချိန်!I20 -> 0 | J11: =စံချိန်!J20 -> 0 | ... CD11: =စံချိန်!CD20 -> 0 | CE11: =CC11+CA11+BY11+BW11+BU11+BS11+BQ11+BO11+BM11+BK11+BI11+BG11+BE11+BC11+BA11+AY11+AW11+AU11+AS11+AQ11+AO11+AM11+AK11+AI11+AG11+AE11+AC11+AA11+Y11+W11+U11+S11+Q11+O11+M11+K11+I11+G11+E11+C11 -> 700 | CF11: =CD11+CB11+BZ11+BX11+BV11+BT11+BR11+BP11+BN11+BL11+BJ11+BH11+BF11+BD11+BB11+AZ11+AX11+AV11+AT11+AR11+AP11+AN11+AL11+AJ11+AH11+AF11+AD11+AB11+Z11+X11+V11+T11+R11+P11+N11+L11+J11+H11+F11+D11 -> 10800 | CG11: =CF11='2026-FUS'!DC10 -> TRUE
A12: 8 | B12: ဦးရဲမြင့် | C12: =ဦးရဲမြင့်!C34 -> 400 | D12: =ဦးရဲမြင့်!D34 -> 5600 | E12: =ဦးရဲမြင့်!E34 -> 3270 | F12: =ဦးရဲမြင့်!F34 -> 45780 | G12: =ဦးရဲမြင့်!G34 -> 600 | H12: =ဦးရဲမြင့်!H34 -> 14400 | I12: =ဦးရဲမြင့်!I34 -> 0 | J12: =ဦးရဲမြင့်!J34 -> 0 | ... CD12: =ဦးရဲမြင့်!CD34 -> 0 | CE12: =CC12+CA12+BY12+BW12+BU12+BS12+BQ12+BO12+BM12+BK12+BI12+BG12+BE12+BC12+BA12+AY12+AW12+AU12+AS12+AQ12+AO12+AM12+AK12+AI12+AG12+AE12+AC12+AA12+Y12+W12+U12+S12+Q12+O12+M12+K12+I12+G12+E12+C12 -> 5550 | CF12: =CD12+CB12+BZ12+BX12+BV12+BT12+BR12+BP12+BN12+BL12+BJ12+BH12+BF12+BD12+BB12+AZ12+AX12+AV12+AT12+AR12+AP12+AN12+AL12+AJ12+AH12+AF12+AD12+AB12+Z12+X12+V12+T12+R12+P12+N12+L12+J12+H12+F12+D12 -> 83900 | CG12: =CF12='2026-FUS'!DC11 -> TRUE
A13: 9 | B13: လွင် | C13: =လွင်!C25 -> 0 | D13: =လွင်!D25 -> 0 | E13: =လွင်!E25 -> 0 | F13: =လွင်!F25 -> 0 | G13: =လွင်!G25 -> 50 | H13: =လွင်!H25 -> 1200 | I13: =လွင်!I25 -> 0 | J13: =လွင်!J25 -> 0 | ... CD13: =လွင်!CD25 -> 0 | CE13: =CC13+CA13+BY13+BW13+BU13+BS13+BQ13+BO13+BM13+BK13+BI13+BG13+BE13+BC13+BA13+AY13+AW13+AU13+AS13+AQ13+AO13+AM13+AK13+AI13+AG13+AE13+AC13+AA13+Y13+W13+U13+S13+Q13+O13+M13+K13+I13+G13+E13+C13 -> 3105 | CF13: =CD13+CB13+BZ13+BX13+BV13+BT13+BR13+BP13+BN13+BL13+BJ13+BH13+BF13+BD13+BB13+AZ13+AX13+AV13+AT13+AR13+AP13+AN13+AL13+AJ13+AH13+AF13+AD13+AB13+Z13+X13+V13+T13+R13+P13+N13+L13+J13+H13+F13+D13 -> 45700 | CG13: =CF13='2026-FUS'!DC12 -> TRUE
A14: 10 | B14: ဦးစိုးဝင်း | C14: =ဦးစိုးဝင်း!C20 -> 0 | D14: =ဦးစိုးဝင်း!D20 -> 0 | E14: =ဦးစိုးဝင်း!E20 -> 0 | F14: =ဦးစိုးဝင်း!F20 -> 0 | G14: =ဦးစိုးဝင်း!G20 -> 30 | H14: =ဦးစိုးဝင်း!H20 -> 720 | I14: =ဦးစိုးဝင်း!I20 -> 0 | J14: =ဦးစိုးဝင်း!J20 -> 0 | ... BW14: =ဦးစိုးဝင်း!BW20 -> 0 | BX14: =BW14*12 -> 0 | CE14: =CC14+CA14+BY14+BW14+BU14+BS14+BQ14+BO14+BM14+BK14+BI14+BG14+BE14+BC14+BA14+AY14+AW14+AU14+AS14+AQ14+AO14+AM14+AK14+AI14+AG14+AE14+AC14+AA14+Y14+W14+U14+S14+Q14+O14+M14+K14+I14+G14+E14+C14 -> 880 | CF14: =CD14+CB14+BZ14+BX14+BV14+BT14+BR14+BP14+BN14+BL14+BJ14+BH14+BF14+BD14+BB14+AZ14+AX14+AV14+AT14+AR14+AP14+AN14+AL14+AJ14+AH14+AF14+AD14+AB14+Z14+X14+V14+T14+R14+P14+N14+L14+J14+H14+F14+D14 -> 12620 | CG14: =CF14='2026-FUS'!DC13 -> TRUE
A15: 11 | B15: ဦးသိန်းစိုး | C15: =ဦးသိန်းစိုး!C20 -> 0 | D15: =ဦးသိန်းစိုး!D20 -> 0 | E15: =ဦးသိန်းစိုး!E20 -> 0 | F15: =ဦးသိန်းစိုး!F20 -> 0 | G15: =ဦးသိန်းစိုး!G20 -> 60 | H15: =ဦးသိန်းစိုး!H20 -> 1440 | I15: =ဦးသိန်းစိုး!I20 -> 0 | J15: =ဦးသိန်းစိုး!J20 -> 0 | ... CD15: =ဦးသိန်းစိုး!CD20 -> 0 | CE15: =CC15+CA15+BY15+BW15+BU15+BS15+BQ15+BO15+BM15+BK15+BI15+BG15+BE15+BC15+BA15+AY15+AW15+AU15+AS15+AQ15+AO15+AM15+AK15+AI15+AG15+AE15+AC15+AA15+Y15+W15+U15+S15+Q15+O15+M15+K15+I15+G15+E15+C15 -> 1135 | CF15: =CD15+CB15+BZ15+BX15+BV15+BT15+BR15+BP15+BN15+BL15+BJ15+BH15+BF15+BD15+BB15+AZ15+AX15+AV15+AT15+AR15+AP15+AN15+AL15+AJ15+AH15+AF15+AD15+AB15+Z15+X15+V15+T15+R15+P15+N15+L15+J15+H15+F15+D15 -> 17790 | CG15: =CF15='2026-FUS'!DC14 -> TRUE
A16: 12 | B16: ကောင်းထက်သူ | C16: =ကောင်းထက်သူ!C20 -> 0 | D16: =ကောင်းထက်သူ!D20 -> 0 | E16: =ကောင်းထက်သူ!E20 -> 0 | F16: =ကောင်းထက်သူ!F20 -> 0 | G16: =ကောင်းထက်သူ!G20 -> 20 | H16: =ကောင်းထက်သူ!H20 -> 480 | I16: =ကောင်းထက်သူ!I20 -> 0 | J16: =ကောင်းထက်သူ!J20 -> 0 | ... CD16: =ကောင်းထက်သူ!CD20 -> 0 | CE16: =CC16+CA16+BY16+BW16+BU16+BS16+BQ16+BO16+BM16+BK16+BI16+BG16+BE16+BC16+BA16+AY16+AW16+AU16+AS16+AQ16+AO16+AM16+AK16+AI16+AG16+AE16+AC16+AA16+Y16+W16+U16+S16+Q16+O16+M16+K16+I16+G16+E16+C16 -> 790 | CF16: =CD16+CB16+BZ16+BX16+BV16+BT16+BR16+BP16+BN16+BL16+BJ16+BH16+BF16+BD16+BB16+AZ16+AX16+AV16+AT16+AR16+AP16+AN16+AL16+AJ16+AH16+AF16+AD16+AB16+Z16+X16+V16+T16+R16+P16+N16+L16+J16+H16+F16+D16 -> 12220 | CG16: =CF16='2026-FUS'!DC15 -> TRUE
A17: 13 | B17: ကောင်းဆုဝေ | C17: =ကောင်းဆုဝေ!C20 -> 0 | D17: =ကောင်းဆုဝေ!D20 -> 0 | E17: =ကောင်းဆုဝေ!E20 -> 0 | F17: =ကောင်းဆုဝေ!F20 -> 0 | G17: =ကောင်းဆုဝေ!G20 -> 0 | H17: =ကောင်းဆုဝေ!H20 -> 0 | I17: =ကောင်းဆုဝေ!I20 -> 0 | J17: =ကောင်းဆုဝေ!J20 -> 0 | ... BW17: =ကောင်းဆုဝေ!BW20 -> 0 | BX17: =BW17*12 -> 0 | CE17: =CC17+CA17+BY17+BW17+BU17+BS17+BQ17+BO17+BM17+BK17+BI17+BG17+BE17+BC17+BA17+AY17+AW17+AU17+AS17+AQ17+AO17+AM17+AK17+AI17+AG17+AE17+AC17+AA17+Y17+W17+U17+S17+Q17+O17+M17+K17+I17+G17+E17+C17 -> 1550 | CF17: =CD17+CB17+BZ17+BX17+BV17+BT17+BR17+BP17+BN17+BL17+BJ17+BH17+BF17+BD17+BB17+AZ17+AX17+AV17+AT17+AR17+AP17+AN17+AL17+AJ17+AH17+AF17+AD17+AB17+Z17+X17+V17+T17+R17+P17+N17+L17+J17+H17+F17+D17 -> 21700 | CG17: =CF17='2026-FUS'!DC16 -> TRUE
A18: 14 | B18: မြို့မ | C18: =မြို့မ!C20 -> 0 | D18: =မြို့မ!D20 -> 0 | E18: =မြို့မ!E20 -> 0 | F18: =မြို့မ!F20 -> 0 | G18: =မြို့မ!G20 -> 0 | H18: =မြို့မ!H20 -> 0 | I18: =မြို့မ!I20 -> 0 | J18: =မြို့မ!J20 -> 0 | ... BW18: =မြို့မ!BW20 -> 0 | BX18: =BW18*12 -> 0 | CE18: =CC18+CA18+BY18+BW18+BU18+BS18+BQ18+BO18+BM18+BK18+BI18+BG18+BE18+BC18+BA18+AY18+AW18+AU18+AS18+AQ18+AO18+AM18+AK18+AI18+AG18+AE18+AC18+AA18+Y18+W18+U18+S18+Q18+O18+M18+K18+I18+G18+E18+C18 -> 100 | CF18: =CD18+CB18+BZ18+BX18+BV18+BT18+BR18+BP18+BN18+BL18+BJ18+BH18+BF18+BD18+BB18+AZ18+AX18+AV18+AT18+AR18+AP18+AN18+AL18+AJ18+AH18+AF18+AD18+AB18+Z18+X18+V18+T18+R18+P18+N18+L18+J18+H18+F18+D18 -> 1200 | CG18: =CF18='2026-FUS'!DC17 -> TRUE
A19: 15 | B19: မိုးယံ | C19: =မိုးယံ!C20 -> 100 | D19: =မိုးယံ!D20 -> 1400 | E19: =မိုးယံ!E20 -> 0 | F19: =မိုးယံ!F20 -> 0 | G19: =မိုးယံ!G20 -> 2 | H19: =မိုးယံ!H20 -> 48 | I19: =မိုးယံ!I20 -> 0 | J19: =မိုးယံ!J20 -> 0 | ... BW19: =မိုးယံ!BW20 -> 20 | BX19: =BW19*12 -> 240 | CE19: =CC19+CA19+BY19+BW19+BU19+BS19+BQ19+BO19+BM19+BK19+BI19+BG19+BE19+BC19+BA19+AY19+AW19+AU19+AS19+AQ19+AO19+AM19+AK19+AI19+AG19+AE19+AC19+AA19+Y19+W19+U19+S19+Q19+O19+M19+K19+I19+G19+E19+C19 -> 312 | CF19: =CD19+CB19+BZ19+BX19+BV19+BT19+BR19+BP19+BN19+BL19+BJ19+BH19+BF19+BD19+BB19+AZ19+AX19+AV19+AT19+AR19+AP19+AN19+AL19+AJ19+AH19+AF19+AD19+AB19+Z19+X19+V19+T19+R19+P19+N19+L19+J19+H19+F19+D19 -> 4248 | CG19: =CF19='2026-FUS'!DC18 -> TRUE
A20: 16 | B20: ကောင်းဟိန်း | C20: =ကောင်းဟိန်း!C15 -> 0 | D20: =ကောင်းဟိန်း!D15 -> 0 | E20: =ကောင်းဟိန်း!E15 -> 0 | F20: =ကောင်းဟိန်း!F15 -> 0 | G20: =ကောင်းဟိန်း!G15 -> 0 | H20: =ကောင်းဟိန်း!H15 -> 0 | I20: =ကောင်းဟိန်း!I15 -> 0 | J20: =ကောင်းဟိန်း!J15 -> 0 | ... CD20: =ကောင်းဟိန်း!CD15 -> 0 | CE20: =CC20+CA20+BY20+BW20+BU20+BS20+BQ20+BO20+BM20+BK20+BI20+BG20+BE20+BC20+BA20+AY20+AW20+AU20+AS20+AQ20+AO20+AM20+AK20+AI20+AG20+AE20+AC20+AA20+Y20+W20+U20+S20+Q20+O20+M20+K20+I20+G20+E20+C20 -> 250 | CF20: =CD20+CB20+BZ20+BX20+BV20+BT20+BR20+BP20+BN20+BL20+BJ20+BH20+BF20+BD20+BB20+AZ20+AX20+AV20+AT20+AR20+AP20+AN20+AL20+AJ20+AH20+AF20+AD20+AB20+Z20+X20+V20+T20+R20+P20+N20+L20+J20+H20+F20+D20 -> 3400 | CG20: =CF20='2026-FUS'!DC19 -> TRUE
A21: 17 | B21: Summer-1 | C21: ='Summer-1'!C34 -> 90 | D21: ='Summer-1'!D34 -> 1260 | E21: ='Summer-1'!E34 -> 320 | F21: ='Summer-1'!F34 -> 4480 | G21: ='Summer-1'!G34 -> 820 | H21: ='Summer-1'!H34 -> 19680 | I21: ='Summer-1'!I34 -> 200 | J21: ='Summer-1'!J34 -> 2800 | ... BW21: ='Summer-1'!BW34 -> 0 | BX21: =BW21*12 -> 0 | CE21: =CC21+CA21+BY21+BW21+BU21+BS21+BQ21+BO21+BM21+BK21+BI21+BG21+BE21+BC21+BA21+AY21+AW21+AU21+AS21+AQ21+AO21+AM21+AK21+AI21+AG21+AE21+AC21+AA21+Y21+W21+U21+S21+Q21+O21+M21+K21+I21+G21+E21+C21 -> 2180 | CF21: =CD21+CB21+BZ21+BX21+BV21+BT21+BR21+BP21+BN21+BL21+BJ21+BH21+BF21+BD21+BB21+AZ21+AX21+AV21+AT21+AR21+AP21+AN21+AL21+AJ21+AH21+AF21+AD21+AB21+Z21+X21+V21+T21+R21+P21+N21+L21+J21+H21+F21+D21 -> 39280 | CG21: =CF21='2026-FUS'!DC20 -> TRUE
A22: 18 | B22: Summer-2 | C22: ='Summer-2'!C34 -> 10 | D22: ='Summer-2'!D34 -> 140 | E22: ='Summer-2'!E34 -> 50 | F22: ='Summer-2'!F34 -> 700 | G22: ='Summer-2'!G34 -> 507 | H22: ='Summer-2'!H34 -> 12168 | I22: ='Summer-2'!I34 -> 0 | J22: ='Summer-2'!J34 -> 0 | ... CD22: ='Summer-2'!CD34 -> 0 | CE22: =CC22+CA22+BY22+BW22+BU22+BS22+BQ22+BO22+BM22+BK22+BI22+BG22+BE22+BC22+BA22+AY22+AW22+AU22+AS22+AQ22+AO22+AM22+AK22+AI22+AG22+AE22+AC22+AA22+Y22+W22+U22+S22+Q22+O22+M22+K22+I22+G22+E22+C22 -> 1622 | CF22: =CD22+CB22+BZ22+BX22+BV22+BT22+BR22+BP22+BN22+BL22+BJ22+BH22+BF22+BD22+BB22+AZ22+AX22+AV22+AT22+AR22+AP22+AN22+AL22+AJ22+AH22+AF22+AD22+AB22+Z22+X22+V22+T22+R22+P22+N22+L22+J22+H22+F22+D22 -> 27388 | CG22: =CF22='2026-FUS'!DC21 -> TRUE
A23: 19 | B23: ဦးအေးခင်မောင် | C23: =ဦးအေးခင်မောင်!C20 -> 50 | D23: =ဦးအေးခင်မောင်!D20 -> 700 | E23: =ဦးအေးခင်မောင်!E20 -> 0 | F23: =ဦးအေးခင်မောင်!F20 -> 0 | G23: =ဦးအေးခင်မောင်!G20 -> 200 | H23: =ဦးအေးခင်မောင်!H20 -> 4800 | I23: =ဦးအေးခင်မောင်!I20 -> 0 | J23: =ဦးအေးခင်မောင်!J20 -> 0 | ... CD23: =ဦးအေးခင်မောင်!CD20 -> 0 | CE23: =CC23+CA23+BY23+BW23+BU23+BS23+BQ23+BO23+BM23+BK23+BI23+BG23+BE23+BC23+BA23+AY23+AW23+AU23+AS23+AQ23+AO23+AM23+AK23+AI23+AG23+AE23+AC23+AA23+Y23+W23+U23+S23+Q23+O23+M23+K23+I23+G23+E23+C23 -> 510 | CF23: =CD23+CB23+BZ23+BX23+BV23+BT23+BR23+BP23+BN23+BL23+BJ23+BH23+BF23+BD23+BB23+AZ23+AX23+AV23+AT23+AR23+AP23+AN23+AL23+AJ23+AH23+AF23+AD23+AB23+Z23+X23+V23+T23+R23+P23+N23+L23+J23+H23+F23+D23 -> 9140 | CG23: =CF23='2026-FUS'!DC22 -> TRUE
A24: 20 | B24: ဦးကျော်လှ | C24: =ဦးကျော်လှ!C20 -> 20 | D24: =ဦးကျော်လှ!D20 -> 280 | E24: =ဦးကျော်လှ!E20 -> 10 | F24: =ဦးကျော်လှ!F20 -> 140 | G24: =ဦးကျော်လှ!G20 -> 45 | H24: =ဦးကျော်လှ!H20 -> 1080 | I24: =ဦးကျော်လှ!I20 -> 30 | J24: =ဦးကျော်လှ!J20 -> 420 | ... CD24: =ဦးကျော်လှ!CD20 -> 0 | CE24: =CC24+CA24+BY24+BW24+BU24+BS24+BQ24+BO24+BM24+BK24+BI24+BG24+BE24+BC24+BA24+AY24+AW24+AU24+AS24+AQ24+AO24+AM24+AK24+AI24+AG24+AE24+AC24+AA24+Y24+W24+U24+S24+Q24+O24+M24+K24+I24+G24+E24+C24 -> 435 | CF24: =CD24+CB24+BZ24+BX24+BV24+BT24+BR24+BP24+BN24+BL24+BJ24+BH24+BF24+BD24+BB24+AZ24+AX24+AV24+AT24+AR24+AP24+AN24+AL24+AJ24+AH24+AF24+AD24+AB24+Z24+X24+V24+T24+R24+P24+N24+L24+J24+H24+F24+D24 -> 6740 | CG24: =CF24='2026-FUS'!DC23 -> TRUE
A25: 21 | B25: ဦးဝင်းအောင်ကြွယ် | C25: =ဦးဝင်းအောင်ကြွယ်!C20 -> 20 | D25: =ဦးဝင်းအောင်ကြွယ်!D20 -> 280 | E25: =ဦးဝင်းအောင်ကြွယ်!E20 -> 300 | F25: =ဦးဝင်းအောင်ကြွယ်!F20 -> 4200 | G25: =ဦးဝင်းအောင်ကြွယ်!G20 -> 0 | H25: =ဦးဝင်းအောင်ကြွယ်!H20 -> 0 | I25: =ဦးဝင်းအောင်ကြွယ်!I20 -> 0 | J25: =ဦးဝင်းအောင်ကြွယ်!J20 -> 0 | ... CD25: =ဦးဝင်းအောင်ကြွယ်!CD20 -> 0 | CE25: =CC25+CA25+BY25+BW25+BU25+BS25+BQ25+BO25+BM25+BK25+BI25+BG25+BE25+BC25+BA25+AY25+AW25+AU25+AS25+AQ25+AO25+AM25+AK25+AI25+AG25+AE25+AC25+AA25+Y25+W25+U25+S25+Q25+O25+M25+K25+I25+G25+E25+C25 -> 370 | CF25: =CD25+CB25+BZ25+BX25+BV25+BT25+BR25+BP25+BN25+BL25+BJ25+BH25+BF25+BD25+BB25+AZ25+AX25+AV25+AT25+AR25+AP25+AN25+AL25+AJ25+AH25+AF25+AD25+AB25+Z25+X25+V25+T25+R25+P25+N25+L25+J25+H25+F25+D25 -> 5080 | CG25: =CF25='2026-FUS'!DC24 -> TRUE
A26: 22 | B26: ဦးအောင်မိုး | C26: =ဦးအောင်မိုး!C15 -> 200 | D26: =ဦးအောင်မိုး!D15 -> 2800 | E26: =ဦးအောင်မိုး!E15 -> 100 | F26: =ဦးအောင်မိုး!F15 -> 1400 | G26: =ဦးအောင်မိုး!G15 -> 0 | H26: =ဦးအောင်မိုး!H15 -> 0 | I26: =ဦးအောင်မိုး!I15 -> 0 | J26: =ဦးအောင်မိုး!J15 -> 0 | ... BW26: =ဦးအောင်မိုး!BW15 -> 0 | BX26: =BW26*12 -> 0 | CE26: =CC26+CA26+BY26+BW26+BU26+BS26+BQ26+BO26+BM26+BK26+BI26+BG26+BE26+BC26+BA26+AY26+AW26+AU26+AS26+AQ26+AO26+AM26+AK26+AI26+AG26+AE26+AC26+AA26+Y26+W26+U26+S26+Q26+O26+M26+K26+I26+G26+E26+C26 -> 500 | CF26: =CD26+CB26+BZ26+BX26+BV26+BT26+BR26+BP26+BN26+BL26+BJ26+BH26+BF26+BD26+BB26+AZ26+AX26+AV26+AT26+AR26+AP26+AN26+AL26+AJ26+AH26+AF26+AD26+AB26+Z26+X26+V26+T26+R26+P26+N26+L26+J26+H26+F26+D26 -> 7800 | CG26: =CF26='2026-FUS'!DC25 -> TRUE
A27: 23 | B27: ဒေါ်ခင်စန်းမြင့် | C27: =ဒေါ်ခင်စန်းမြင့်!C15 -> 0 | D27: =ဒေါ်ခင်စန်းမြင့်!D15 -> 0 | E27: =ဒေါ်ခင်စန်းမြင့်!E15 -> 0 | F27: =ဒေါ်ခင်စန်းမြင့်!F15 -> 0 | G27: =ဒေါ်ခင်စန်းမြင့်!G15 -> 0 | H27: =ဒေါ်ခင်စန်းမြင့်!H15 -> 0 | I27: =ဒေါ်ခင်စန်းမြင့်!I15 -> 0 | J27: =ဒေါ်ခင်စန်းမြင့်!J15 -> 0 | ... BW27: =ဒေါ်ခင်စန်းမြင့်!BW15 -> 0 | BX27: =BW27*12 -> 0 | CE27: =CC27+CA27+BY27+BW27+BU27+BS27+BQ27+BO27+BM27+BK27+BI27+BG27+BE27+BC27+BA27+AY27+AW27+AU27+AS27+AQ27+AO27+AM27+AK27+AI27+AG27+AE27+AC27+AA27+Y27+W27+U27+S27+Q27+O27+M27+K27+I27+G27+E27+C27 -> 510 | CF27: =CD27+CB27+BZ27+BX27+BV27+BT27+BR27+BP27+BN27+BL27+BJ27+BH27+BF27+BD27+BB27+AZ27+AX27+AV27+AT27+AR27+AP27+AN27+AL27+AJ27+AH27+AF27+AD27+AB27+Z27+X27+V27+T27+R27+P27+N27+L27+J27+H27+F27+D27 -> 7440 | CG27: =CF27='2026-FUS'!DC26 -> TRUE
A28: 24 | B28: ရတနာ | C28: =ရတနာ!C15 -> 0 | D28: =ရတနာ!D15 -> 0 | E28: =ရတနာ!E15 -> 0 | F28: =ရတနာ!F15 -> 0 | G28: =ရတနာ!G15 -> 0 | H28: =ရတနာ!H15 -> 0 | I28: =ရတနာ!I15 -> 0 | J28: =ရတနာ!J15 -> 0 | ... CD28: =ရတနာ!CD15 -> 0 | CE28: =CC28+CA28+BY28+BW28+BU28+BS28+BQ28+BO28+BM28+BK28+BI28+BG28+BE28+BC28+BA28+AY28+AW28+AU28+AS28+AQ28+AO28+AM28+AK28+AI28+AG28+AE28+AC28+AA28+Y28+W28+U28+S28+Q28+O28+M28+K28+I28+G28+E28+C28 -> 0 | CF28: =CD28+CB28+BZ28+BX28+BV28+BT28+BR28+BP28+BN28+BL28+BJ28+BH28+BF28+BD28+BB28+AZ28+AX28+AV28+AT28+AR28+AP28+AN28+AL28+AJ28+AH28+AF28+AD28+AB28+Z28+X28+V28+T28+R28+P28+N28+L28+J28+H28+F28+D28 -> 0 | CG28: =CF28='2026-FUS'!DC27 -> TRUE
A29: 25 | B29: ဦးတင်မောင် | C29: =ဦးတင်မောင်!C15 -> 0 | D29: =ဦးတင်မောင်!D15 -> 0 | E29: =ဦးတင်မောင်!E15 -> 0 | F29: =ဦးတင်မောင်!F15 -> 0 | G29: =ဦးတင်မောင်!G15 -> 0 | H29: =ဦးတင်မောင်!H15 -> 0 | I29: =ဦးတင်မောင်!I15 -> 0 | J29: =ဦးတင်မောင်!J15 -> 0 | ... CD29: =ဦးတင်မောင်!CD15 -> 0 | CE29: =CC29+CA29+BY29+BW29+BU29+BS29+BQ29+BO29+BM29+BK29+BI29+BG29+BE29+BC29+BA29+AY29+AW29+AU29+AS29+AQ29+AO29+AM29+AK29+AI29+AG29+AE29+AC29+AA29+Y29+W29+U29+S29+Q29+O29+M29+K29+I29+G29+E29+C29 -> 550 | CF29: =CD29+CB29+BZ29+BX29+BV29+BT29+BR29+BP29+BN29+BL29+BJ29+BH29+BF29+BD29+BB29+AZ29+AX29+AV29+AT29+AR29+AP29+AN29+AL29+AJ29+AH29+AF29+AD29+AB29+Z29+X29+V29+T29+R29+P29+N29+L29+J29+H29+F29+D29 -> 7700 | CG29: =CF29='2026-FUS'!DC28 -> TRUE
A30: 26 | B30: ရွှေကမ္ဘာ | C30: =ရွှေကမ္ဘာ!C15 -> 0 | D30: =ရွှေကမ္ဘာ!D15 -> 0 | E30: =ရွှေကမ္ဘာ!E15 -> 10 | F30: =ရွှေကမ္ဘာ!F15 -> 140 | G30: =ရွှေကမ္ဘာ!G15 -> 25 | H30: =ရွှေကမ္ဘာ!H15 -> 600 | I30: =ရွှေကမ္ဘာ!I15 -> 0 | J30: =ရွှေကမ္ဘာ!J15 -> 0 | ... BW30: =ရွှေကမ္ဘာ!BW15 -> 0 | CE30: =CC30+CA30+BY30+BW30+BU30+BS30+BQ30+BO30+BM30+BK30+BI30+BG30+BE30+BC30+BA30+AY30+AW30+AU30+AS30+AQ30+AO30+AM30+AK30+AI30+AG30+AE30+AC30+AA30+Y30+W30+U30+S30+Q30+O30+M30+K30+I30+G30+E30+C30 -> 180 | CF30: =CD30+CB30+BZ30+BX30+BV30+BT30+BR30+BP30+BN30+BL30+BJ30+BH30+BF30+BD30+BB30+AZ30+AX30+AV30+AT30+AR30+AP30+AN30+AL30+AJ30+AH30+AF30+AD30+AB30+Z30+X30+V30+T30+R30+P30+N30+L30+J30+H30+F30+D30 -> 3420 | CG30: =CF30='2026-FUS'!DC30 -> TRUE
A31: 27 | B31: ဦးမောင်ငယ် | C31: =ဦးမောင်ငယ်!C15 -> 0 | D31: =ဦးမောင်ငယ်!D15 -> 0 | E31: =ဦးမောင်ငယ်!E15 -> 0 | F31: =ဦးမောင်ငယ်!F15 -> 0 | G31: =ဦးမောင်ငယ်!G15 -> 0 | H31: =ဦးမောင်ငယ်!H15 -> 0 | I31: =ဦးမောင်ငယ်!I15 -> 0 | J31: =ဦးမောင်ငယ်!J15 -> 0 | ... BW31: =ဦးမောင်ငယ်!BW15 -> 0 | CE31: =CC31+CA31+BY31+BW31+BU31+BS31+BQ31+BO31+BM31+BK31+BI31+BG31+BE31+BC31+BA31+AY31+AW31+AU31+AS31+AQ31+AO31+AM31+AK31+AI31+AG31+AE31+AC31+AA31+Y31+W31+U31+S31+Q31+O31+M31+K31+I31+G31+E31+C31 -> 0 | CF31: =CD31+CB31+BZ31+BX31+BV31+BT31+BR31+BP31+BN31+BL31+BJ31+BH31+BF31+BD31+BB31+AZ31+AX31+AV31+AT31+AR31+AP31+AN31+AL31+AJ31+AH31+AF31+AD31+AB31+Z31+X31+V31+T31+R31+P31+N31+L31+J31+H31+F31+D31 -> 0 | CG31: =CF31='2026-FUS'!DC31 -> TRUE
A32: 28 | B32: ကိုလှဌေးအောင် | C32: =ဦးလှဌေးအောင်!C15 -> 0 | D32: =ဦးလှဌေးအောင်!D15 -> 0 | E32: =ဦးလှဌေးအောင်!E15 -> 0 | F32: =ဦးလှဌေးအောင်!F15 -> 0 | G32: =ဦးလှဌေးအောင်!G15 -> 0 | H32: =ဦးလှဌေးအောင်!H15 -> 0 | I32: =ဦးလှဌေးအောင်!I15 -> 0 | J32: =ဦးလှဌေးအောင်!J15 -> 0 | ... BW32: =ဦးလှဌေးအောင်!BW15 -> 0 | CE32: =CC32+CA32+BY32+BW32+BU32+BS32+BQ32+BO32+BM32+BK32+BI32+BG32+BE32+BC32+BA32+AY32+AW32+AU32+AS32+AQ32+AO32+AM32+AK32+AI32+AG32+AE32+AC32+AA32+Y32+W32+U32+S32+Q32+O32+M32+K32+I32+G32+E32+C32 -> 200 | CF32: =CD32+CB32+BZ32+BX32+BV32+BT32+BR32+BP32+BN32+BL32+BJ32+BH32+BF32+BD32+BB32+AZ32+AX32+AV32+AT32+AR32+AP32+AN32+AL32+AJ32+AH32+AF32+AD32+AB32+Z32+X32+V32+T32+R32+P32+N32+L32+J32+H32+F32+D32 -> 3300 | CG32: =CF32='2026-FUS'!DC32 -> TRUE
A33: 29 | B33: ပြည်ဖြိုးကြွယ် | C33: =ပြည့်ဖြိုးကြွယ်!C15 -> 0 | D33: =ပြည့်ဖြိုးကြွယ်!D15 -> 0 | E33: =ပြည့်ဖြိုးကြွယ်!E15 -> 0 | F33: =ပြည့်ဖြိုးကြွယ်!F15 -> 0 | G33: =ပြည့်ဖြိုးကြွယ်!G15 -> 0 | H33: =ပြည့်ဖြိုးကြွယ်!H15 -> 0 | I33: =ပြည့်ဖြိုးကြွယ်!I15 -> 0 | J33: =ပြည့်ဖြိုးကြွယ်!J15 -> 0 | ... CD33: =ပြည့်ဖြိုးကြွယ်!CD15 -> 0 | CE33: =CC33+CA33+BY33+BW33+BU33+BS33+BQ33+BO33+BM33+BK33+BI33+BG33+BE33+BC33+BA33+AY33+AW33+AU33+AS33+AQ33+AO33+AM33+AK33+AI33+AG33+AE33+AC33+AA33+Y33+W33+U33+S33+Q33+O33+M33+K33+I33+G33+E33+C33 -> 220 | CF33: =CD33+CB33+BZ33+BX33+BV33+BT33+BR33+BP33+BN33+BL33+BJ33+BH33+BF33+BD33+BB33+AZ33+AX33+AV33+AT33+AR33+AP33+AN33+AL33+AJ33+AH33+AF33+AD33+AB33+Z33+X33+V33+T33+R33+P33+N33+L33+J33+H33+F33+D33 -> 4280 | CG33: =CF33='2026-FUS'!DC33 -> TRUE
A34: 30 | B34: ဝတိံယံ | C34: =ဝတိံယံ!C15 -> 0 | D34: =ဝတိံယံ!D15 -> 0 | E34: =ဝတိံယံ!E15 -> 0 | F34: =ဝတိံယံ!F15 -> 0 | G34: =ဝတိံယံ!G15 -> 0 | H34: =ဝတိံယံ!H15 -> 0 | I34: =ဝတိံယံ!I15 -> 0 | J34: =ဝတိံယံ!J15 -> 0 | ... BW34: =ဝတိံယံ!BW15 -> 0 | CE34: =CC34+CA34+BY34+BW34+BU34+BS34+BQ34+BO34+BM34+BK34+BI34+BG34+BE34+BC34+BA34+AY34+AW34+AU34+AS34+AQ34+AO34+AM34+AK34+AI34+AG34+AE34+AC34+AA34+Y34+W34+U34+S34+Q34+O34+M34+K34+I34+G34+E34+C34 -> 200 | CF34: =CD34+CB34+BZ34+BX34+BV34+BT34+BR34+BP34+BN34+BL34+BJ34+BH34+BF34+BD34+BB34+AZ34+AX34+AV34+AT34+AR34+AP34+AN34+AL34+AJ34+AH34+AF34+AD34+AB34+Z34+X34+V34+T34+R34+P34+N34+L34+J34+H34+F34+D34 -> 2800 | CG34: =CF34='2026-FUS'!DC34 -> TRUE
A35: 31 | B35: ပျားနက် | C35: =ပျားနက်!C15 -> 0 | D35: =ပျားနက်!D15 -> 0 | E35: =ပျားနက်!E15 -> 0 | F35: =ပျားနက်!F15 -> 0 | G35: =ပျားနက်!G15 -> 0 | H35: =ပျားနက်!H15 -> 0 | I35: =ပျားနက်!I15 -> 0 | J35: =ပျားနက်!J15 -> 0 | ... BW35: =ပျားနက်!BW15 -> 0 | CE35: =CC35+CA35+BY35+BW35+BU35+BS35+BQ35+BO35+BM35+BK35+BI35+BG35+BE35+BC35+BA35+AY35+AW35+AU35+AS35+AQ35+AO35+AM35+AK35+AI35+AG35+AE35+AC35+AA35+Y35+W35+U35+S35+Q35+O35+M35+K35+I35+G35+E35+C35 -> 100 | CF35: =CD35+CB35+BZ35+BX35+BV35+BT35+BR35+BP35+BN35+BL35+BJ35+BH35+BF35+BD35+BB35+AZ35+AX35+AV35+AT35+AR35+AP35+AN35+AL35+AJ35+AH35+AF35+AD35+AB35+Z35+X35+V35+T35+R35+P35+N35+L35+J35+H35+F35+D35 -> 1400 | CG35: =CF35='2026-FUS'!DC35 -> TRUE
A36: 32 | B36: ရွှေရောင်စင် | C36: =ရွှေရောင်စင်!C15 -> 0 | D36: =ရွှေရောင်စင်!D15 -> 0 | E36: =ရွှေရောင်စင်!E15 -> 0 | F36: =ရွှေရောင်စင်!F15 -> 0 | G36: =ရွှေရောင်စင်!G15 -> 0 | H36: =ရွှေရောင်စင်!H15 -> 0 | I36: =ရွှေရောင်စင်!I15 -> 0 | J36: =ရွှေရောင်စင်!J15 -> 0 | ... BW36: =ရွှေရောင်စင်!BW15 -> 0 | CE36: =CC36+CA36+BY36+BW36+BU36+BS36+BQ36+BO36+BM36+BK36+BI36+BG36+BE36+BC36+BA36+AY36+AW36+AU36+AS36+AQ36+AO36+AM36+AK36+AI36+AG36+AE36+AC36+AA36+Y36+W36+U36+S36+Q36+O36+M36+K36+I36+G36+E36+C36 -> 300 | CF36: =CD36+CB36+BZ36+BX36+BV36+BT36+BR36+BP36+BN36+BL36+BJ36+BH36+BF36+BD36+BB36+AZ36+AX36+AV36+AT36+AR36+AP36+AN36+AL36+AJ36+AH36+AF36+AD36+AB36+Z36+X36+V36+T36+R36+P36+N36+L36+J36+H36+F36+D36 -> 4200 | CG36: =CF36='2026-FUS'!DC36 -> TRUE
A37: 33 | B37: A1 | C37: ='A1'!C15 -> 0 | D37: ='A1'!D15 -> 0 | E37: ='A1'!E15 -> 0 | F37: ='A1'!F15 -> 0 | G37: ='A1'!G15 -> 0 | H37: ='A1'!H15 -> 0 | I37: ='A1'!I15 -> 0 | J37: ='A1'!J15 -> 0 | ... BW37: ='A1'!BW15 -> 0 | CE37: =CC37+CA37+BY37+BW37+BU37+BS37+BQ37+BO37+BM37+BK37+BI37+BG37+BE37+BC37+BA37+AY37+AW37+AU37+AS37+AQ37+AO37+AM37+AK37+AI37+AG37+AE37+AC37+AA37+Y37+W37+U37+S37+Q37+O37+M37+K37+I37+G37+E37+C37 -> 300 | CF37: =CD37+CB37+BZ37+BX37+BV37+BT37+BR37+BP37+BN37+BL37+BJ37+BH37+BF37+BD37+BB37+AZ37+AX37+AV37+AT37+AR37+AP37+AN37+AL37+AJ37+AH37+AF37+AD37+AB37+Z37+X37+V37+T37+R37+P37+N37+L37+J37+H37+F37+D37 -> 3700 | CG37: =CF37='2026-FUS'!DC37 -> TRUE
A38: 34 | B38: ‌ရွှေခေတ် | C38: =ရွှေခေတ်!C15 -> 40 | D38: =ရွှေခေတ်!D15 -> 560 | E38: =ရွှေခေတ်!E15 -> 30 | F38: =ရွှေခေတ်!F15 -> 420 | G38: =ရွှေခေတ်!G15 -> 0 | H38: =ရွှေခေတ်!H15 -> 0 | I38: =ရွှေခေတ်!I15 -> 0 | J38: =ရွှေခေတ်!J15 -> 0 | ... BW38: =ရွှေခေတ်!BW15 -> 0 | BX38: =ရွှေခေတ်!BV15 -> 0 | BY38: =ရွှေခေတ်!BW15 -> 0 | BZ38: =ရွှေခေတ်!BX15 -> 0 | CA38: =ရွှေခေတ်!BY15 -> 0 | CB38: =ရွှေခေတ်!BZ15 -> 0 | CC38: =ရွှေခေတ်!CA15 -> 0 | CD38: =ရွှေခေတ်!CB15 -> 0 | CE38: =CC38+CA38+BY38+BW38+BU38+BS38+BQ38+BO38+BM38+BK38+BI38+BG38+BE38+BC38+BA38+AY38+AW38+AU38+AS38+AQ38+AO38+AM38+AK38+AI38+AG38+AE38+AC38+AA38+Y38+W38+U38+S38+Q38+O38+M38+K38+I38+G38+E38+C38 -> 252 | CF38: =CD38+CB38+BZ38+BX38+BV38+BT38+BR38+BP38+BN38+BL38+BJ38+BH38+BF38+BD38+BB38+AZ38+AX38+AV38+AT38+AR38+AP38+AN38+AL38+AJ38+AH38+AF38+AD38+AB38+Z38+X38+V38+T38+R38+P38+N38+L38+J38+H38+F38+D38 -> 3224 | CG38: =CF38='2026-FUS'!DC38 -> TRUE
A39: 35 | B39: ဟိန်းမြန်မာ | C39: =ဟိန်းမြန်မာ!C15 -> 10 | D39: =ဟိန်းမြန်မာ!D15 -> 140 | E39: =ဟိန်းမြန်မာ!E15 -> 0 | F39: =ဟိန်းမြန်မာ!F15 -> 0 | G39: =ဟိန်းမြန်မာ!G15 -> 5 | H39: =ဟိန်းမြန်မာ!H15 -> 120 | I39: =ဟိန်းမြန်မာ!I15 -> 0 | J39: =ဟိန်းမြန်မာ!J15 -> 0 | ... BW39: =ဟိန်းမြန်မာ!BW15 -> 0 | CE39: =CC39+CA39+BY39+BW39+BU39+BS39+BQ39+BO39+BM39+BK39+BI39+BG39+BE39+BC39+BA39+AY39+AW39+AU39+AS39+AQ39+AO39+AM39+AK39+AI39+AG39+AE39+AC39+AA39+Y39+W39+U39+S39+Q39+O39+M39+K39+I39+G39+E39+C39 -> 120 | CF39: =CD39+CB39+BZ39+BX39+BV39+BT39+BR39+BP39+BN39+BL39+BJ39+BH39+BF39+BD39+BB39+AZ39+AX39+AV39+AT39+AR39+AP39+AN39+AL39+AJ39+AH39+AF39+AD39+AB39+Z39+X39+V39+T39+R39+P39+N39+L39+J39+H39+F39+D39 -> 1730 | CG39: =CF39='2026-FUS'!DC39 -> TRUE
C40: =SUM(C5:C39) -> 4037 | D40: =SUM(D5:D39) -> 56518 | E40: =SUM(E5:E39) -> 9087 | F40: =SUM(F5:F39) -> 127218 | G40: =SUM(G5:G39) -> 7474 | H40: =SUM(H5:H39) -> 179376 | I40: =SUM(I5:I39) -> 1429 | J40: =SUM(J5:J39) -> 20006 | ... CF40: =SUM(CF5:CF39) -> 757406
CF41: =ရွှေမြင်း!CF34+ရွှေခြင်္သေ့!CF34+ကောင်းသန့်!CF34+ဦးဝင်းနိုင်!CF34+ကျော်ကြား!CF25+မယဉ်ယဉ်အေး!CF25+စံချိန်!CF20+ဦးရဲမြင့်!CF34+လွင်!CF25+ဦးစိုးဝင်း!CF20+ဦးသိန်းစိုး!CF20+ကောင်းထက်သူ!CF20+ကောင်းဆုဝေ!CF20+မြို့မ!CF20+ဦးတင်မောင်!CF15+ကောင်းဟိန်း!CF15+'Summer-1'!CF34+'Summer-2'!CF34+ဦးအေးခင်မောင်!CF20+ဦးကျော်လှ!CF20+ဦးဝင်းအောင်ကြွယ်!CF20+ဦးအောင်မိုး!CF15+ဒေါ်ခင်စန်းမြင့်!CF15+ရတနာ!CF15+ရွှေကမ္ဘာ!CF15+ဦးမောင်ငယ်!CF15+ဦးလှဌေးအောင်!CF15+ပြည့်ဖြိုးကြွယ်!CF15+ဝတိံယံ!CF15+ပျားနက်!CF15+ရွှေရောင်စင်!CF15+'A1'!CF15+ရွှေခေတ်!CF15+ဟိန်းမြန်မာ!CF15+မိုးယံ!CF20 -> 757406
CF42: =CF40-CF41 -> 0
C43: 2026-February | CH43: Total (PKT) | CI43: =CE82 -> 42206 | CK43: 12 | CL43: 14
A44: No | B44: Outlet Name | C44: SKU | CH44: Total (BOT) | CI44: =CF82 -> 672390 | CK44: 24 | CL44: 40
C45: သံပုရာ (1*14) | E45: ရှောက်ပျား (1*14) | G45: လိမ္မော်ဖြူ (1*24) | I45: ဒဂုံသန့် (1*14) | K45: ကင်းမြီးကောက် (1*14) | M45: ဇေသန့် (1*14) | O45: ဒဂုံနာနတ် (1*24) | Q45: Black Cat (1*24) | S45: ဇေRedပု (1*14) | U45: ဇေရမ် (1*14) | W45: ကောင်းကြည် (1*14) | Y45: မိုးနဲကွန်ကီး (1*14) | AA45: 2 in 1 မက (1*14) | AC45: Vodka(1*12) (700ml) | AE45: ZayRed(1*12) (700ml) | AG45: Formula Rum(1*12) (700ml) | AI45: Formula Rum(1*24) (350ml) | AK45: ကောင်းကြည်(1*12) (600ml) | AM45: ကောင်းကြည် (1*12) (1000ml) | AO45: ဇေ (1*12) (600ml) | AQ45: ဇေ (1*12) (1000ml) | AS45: ဇေ Red(1*12) (1000ml) | AU45: ဇေRedပု(1*12) 680ml | AW45: ရွှေမင်းသားခေါင်ရည် (1*24) | AY45: ချယ်ရီအရက်သန့် (1*14) | BA45: ဒဂုံမန်ကျည်းအရက် (1*14) | BC45: ချယ်ရီကော်(1*24) (600 ml) | BE45: ချယ်ရီသံပုရာ(1*24) (600ml) | BG45: ချယ်ရီသံပုရာ(1*12) (1000 ml) | BI45: မိုးနဲကွန်ကီးကော်1L (1*24) | BK45: မိုးနဲကွန်ကီးကော်1L (1*12) | BM45: ရွှေမန်းပုလင်း (1*14) | BO45: ရွှေမန်းကော်ဗူး 1L (1*12) | BS45: ရွှေမင်းသားမန်ကျည်းခေါင်ရည် (1*14) | BU45: ရွှေမင်းသားခေါင်ရည် ကော်ဗူး (1*12) | BW45: ရွှေမင်းသားမန်ကျည်း ခေါင်ရည်ကော်ဗူး (1*12) | CE45: Total Sales
C46: PKT | D46: BOT | E46: PKT | F46: BOT | G46: PKT | H46: BOT | I46: PKT | J46: BOT | L46: BOT | M46: PKT | N46: BOT | O46: PKT | P46: BOT | Q46: PKT | R46: BOT | S46: PKT | T46: BOT | U46: PKT | V46: BOT | W46: PKT | X46: BOT | Y46: PKT | Z46: BOT | AA46: PKT | AB46: BOT | AC46: PKT | AD46: BOT | AE46: PKT | AF46: BOT | AG46: PKT | AH46: BOT | AI46: PKT | AJ46: BOT | AK46: PKT | AL46: BOT | AM46: PKT | AN46: BOT | AO46: PKT | AP46: BOT | AQ46: PKT | AR46: BOT | AS46: PKT | AT46: BOT | AU46: PKT | AV46: BOT | AW46: PKT | AX46: BOT | AY46: PKT | AZ46: BOT | BA46: PKT | BB46: BOT | BC46: PKT | BD46: BOT | BE46: PKT | BF46: BOT | BG46: PKT | BH46: BOT | BI46: PTK | BJ46: BOT | BK46: PTK | BL46: BOT | BM46: PTK | BN46: BOT | BO46: PTK | BP46: BOT | BQ46: PKT | BR46: BOT | BS46: PKT | BT46: BOT | BU46: PKT | BV46: BOT | BW46: PKT | BX46: BOT | BY46: PKT | BZ46: BOT | CA46: PKT | CB46: BOT | CC46: PKT | CD46: BOT | CE46: PKT | CF46: BOT
A47: 1 | B47: ရွှေမြင်း | C47: =ရွှေမြင်း!C70 -> 392 | D47: =ရွှေမြင်း!D70 -> 5488 | E47: =ရွှေမြင်း!E70 -> 1744 | F47: =ရွှေမြင်း!F70 -> 24416 | G47: =ရွှေမြင်း!G70 -> 2365 | H47: =ရွှေမြင်း!H70 -> 56760 | I47: =ရွှေမြင်း!I70 -> 160 | J47: =ရွှေမြင်း!J70 -> 2240 | ... CD47: =ရွှေမြင်း!CD70 -> 0 | CE47: =CC47+CA47+BY47+BW47+BU47+BS47+BQ47+BO47+BM47+BK47+BI47+BG47+BE47+BC47+BA47+AY47+AW47+AU47+AS47+AQ47+AO47+AM47+AK47+AI47+AG47+AE47+AC47+AA47+Y47+W47+U47+S47+Q47+O47+M47+K47+I47+G47+E47+C47 -> 7634 | CF47: =CD47+CB47+BZ47+BX47+BV47+BT47+BR47+BP47+BN47+BL47+BJ47+BH47+BF47+BD47+BB47+AZ47+AX47+AV47+AT47+AR47+AP47+AN47+AL47+AJ47+AH47+AF47+AD47+AB47+Z47+X47+V47+T47+R47+P47+N47+L47+J47+H47+F47+D47 -> 129856 | CG47: =CF47-'2026-FUS'!DC51 -> 0
A48: 2 | B48: ရွှေခြင်္သေ့ | C48: =ရွှေခြင်္သေ့!C69 -> 135 | D48: =ရွှေခြင်္သေ့!D69 -> 1890 | E48: =ရွှေခြင်္သေ့!E69 -> 420 | F48: =ရွှေခြင်္သေ့!F69 -> 5880 | G48: =ရွှေခြင်္သေ့!G69 -> 505 | H48: =ရွှေခြင်္သေ့!H69 -> 12120 | I48: =ရွှေခြင်္သေ့!I69 -> 0 | J48: =ရွှေခြင်္သေ့!J69 -> 0 | ... BZ48: =ရွှေခြင်္သေ့!BZ69 -> 0 | CE48: =CC48+CA48+BY48+BW48+BU48+BS48+BQ48+BO48+BM48+BK48+BI48+BG48+BE48+BC48+BA48+AY48+AW48+AU48+AS48+AQ48+AO48+AM48+AK48+AI48+AG48+AE48+AC48+AA48+Y48+W48+U48+S48+Q48+O48+M48+K48+I48+G48+E48+C48 -> 2390 | CF48: =CD48+CB48+BZ48+BX48+BV48+BT48+BR48+BP48+BN48+BL48+BJ48+BH48+BF48+BD48+BB48+AZ48+AX48+AV48+AT48+AR48+AP48+AN48+AL48+AJ48+AH48+AF48+AD48+AB48+Z48+X48+V48+T48+R48+P48+N48+L48+J48+H48+F48+D48 -> 38530 | CG48: =CF48-'2026-FUS'!DC52 -> 0
A49: 3 | B49: ကောင်းသန့် | C49: =ကောင်းသန့်!C70 -> 327 | D49: =ကောင်းသန့်!D70 -> 4578 | E49: =ကောင်းသန့်!E70 -> 578 | F49: =ကောင်းသန့်!F70 -> 8092 | G49: =ကောင်းသန့်!G70 -> 787 | H49: =ကောင်းသန့်!H70 -> 18888 | I49: =ကောင်းသန့်!I70 -> 210 | J49: =ကောင်းသန့်!J70 -> 2940 | ... BZ49: =ကောင်းသန့်!BZ70 -> 0 | CE49: =CC49+CA49+BY49+BW49+BU49+BS49+BQ49+BO49+BM49+BK49+BI49+BG49+BE49+BC49+BA49+AY49+AW49+AU49+AS49+AQ49+AO49+AM49+AK49+AI49+AG49+AE49+AC49+AA49+Y49+W49+U49+S49+Q49+O49+M49+K49+I49+G49+E49+C49 -> 3154 | CF49: =CD49+CB49+BZ49+BX49+BV49+BT49+BR49+BP49+BN49+BL49+BJ49+BH49+BF49+BD49+BB49+AZ49+AX49+AV49+AT49+AR49+AP49+AN49+AL49+AJ49+AH49+AF49+AD49+AB49+Z49+X49+V49+T49+R49+P49+N49+L49+J49+H49+F49+D49 -> 52316 | CG49: =CF49-'2026-FUS'!DC53 -> 0
A50: 4 | B50: ဦးဝင်းနိုင် | C50: =ဦးဝင်းနိုင်!C70 -> 818 | D50: =ဦးဝင်းနိုင်!D70 -> 11452 | E50: =ဦးဝင်းနိုင်!E70 -> 1535 | F50: =ဦးဝင်းနိုင်!F70 -> 21490 | G50: =ဦးဝင်းနိုင်!G70 -> 377 | H50: =ဦးဝင်းနိုင်!H70 -> 9048 | I50: =ဦးဝင်းနိုင်!I70 -> 550 | J50: =ဦးဝင်းနိုင်!J70 -> 7700 | ... CD50: =ဦးဝင်းနိုင်!CD70 -> 0 | CE50: =CC50+CA50+BY50+BW50+BU50+BS50+BQ50+BO50+BM50+BK50+BI50+BG50+BE50+BC50+BA50+AY50+AW50+AU50+AS50+AQ50+AO50+AM50+AK50+AI50+AG50+AE50+AC50+AA50+Y50+W50+U50+S50+Q50+O50+M50+K50+I50+G50+E50+C50 -> 6036 | CF50: =CD50+CB50+BZ50+BX50+BV50+BT50+BR50+BP50+BN50+BL50+BJ50+BH50+BF50+BD50+BB50+AZ50+AX50+AV50+AT50+AR50+AP50+AN50+AL50+AJ50+AH50+AF50+AD50+AB50+Z50+X50+V50+T50+R50+P50+N50+L50+J50+H50+F50+D50 -> 95264 | CG50: =CF50-'2026-FUS'!DC54 -> 0
A51: 5 | B51: ကျော်ကြား | C51: =ကျော်ကြား!C52 -> 300 | D51: =ကျော်ကြား!D52 -> 4200 | E51: =ကျော်ကြား!E52 -> 30 | F51: =ကျော်ကြား!F52 -> 420 | G51: =ကျော်ကြား!G52 -> 435 | H51: =ကျော်ကြား!H52 -> 10440 | I51: =ကျော်ကြား!I52 -> 80 | J51: =ကျော်ကြား!J52 -> 1120 | ... BZ51: =ကျော်ကြား!BZ52 -> 0 | CE51: =CC51+CA51+BY51+BW51+BU51+BS51+BQ51+BO51+BM51+BK51+BI51+BG51+BE51+BC51+BA51+AY51+AW51+AU51+AS51+AQ51+AO51+AM51+AK51+AI51+AG51+AE51+AC51+AA51+Y51+W51+U51+S51+Q51+O51+M51+K51+I51+G51+E51+C51 -> 1665 | CF51: =CD51+CB51+BZ51+BX51+BV51+BT51+BR51+BP51+BN51+BL51+BJ51+BH51+BF51+BD51+BB51+AZ51+AX51+AV51+AT51+AR51+AP51+AN51+AL51+AJ51+AH51+AF51+AD51+AB51+Z51+X51+V51+T51+R51+P51+N51+L51+J51+H51+F51+D51 -> 27540 | CG51: =CF51-'2026-FUS'!DC55 -> 0
A52: 6 | B52: မယဉ်ယဉ်အေး | C52: =မယဉ်ယဉ်အေး!C52 -> 550 | D52: =မယဉ်ယဉ်အေး!D52 -> 7700 | E52: =မယဉ်ယဉ်အေး!E52 -> 0 | F52: =မယဉ်ယဉ်အေး!F52 -> 0 | G52: =မယဉ်ယဉ်အေး!G52 -> 430 | H52: =မယဉ်ယဉ်အေး!H52 -> 10320 | I52: =မယဉ်ယဉ်အေး!I52 -> 150 | J52: =မယဉ်ယဉ်အေး!J52 -> 2100 | ... BZ52: =မယဉ်ယဉ်အေး!BZ52 -> 0 | CE52: =CC52+CA52+BY52+BW52+BU52+BS52+BQ52+BO52+BM52+BK52+BI52+BG52+BE52+BC52+BA52+AY52+AW52+AU52+AS52+AQ52+AO52+AM52+AK52+AI52+AG52+AE52+AC52+AA52+Y52+W52+U52+S52+Q52+O52+M52+K52+I52+G52+E52+C52 -> 2140 | CF52: =CD52+CB52+BZ52+BX52+BV52+BT52+BR52+BP52+BN52+BL52+BJ52+BH52+BF52+BD52+BB52+AZ52+AX52+AV52+AT52+AR52+AP52+AN52+AL52+AJ52+AH52+AF52+AD52+AB52+Z52+X52+V52+T52+R52+P52+N52+L52+J52+H52+F52+D52 -> 34160 | CG52: =CF52-'2026-FUS'!DC56 -> 0
A53: 7 | B53: စံချိန် | C53: =စံချိန်!C42 -> 200 | D53: =စံချိန်!D42 -> 2800 | E53: =စံချိန်!E42 -> 150 | F53: =စံချိန်!F42 -> 2100 | G53: =စံချိန်!G42 -> 0 | H53: =စံချိန်!H42 -> 0 | I53: =စံချိန်!I42 -> 0 | J53: =စံချိန်!J42 -> 0 | ... BZ53: =စံချိန်!BZ42 -> 0 | CE53: =CC53+CA53+BY53+BW53+BU53+BS53+BQ53+BO53+BM53+BK53+BI53+BG53+BE53+BC53+BA53+AY53+AW53+AU53+AS53+AQ53+AO53+AM53+AK53+AI53+AG53+AE53+AC53+AA53+Y53+W53+U53+S53+Q53+O53+M53+K53+I53+G53+E53+C53 -> 600 | CF53: =CD53+CB53+BZ53+BX53+BV53+BT53+BR53+BP53+BN53+BL53+BJ53+BH53+BF53+BD53+BB53+AZ53+AX53+AV53+AT53+AR53+AP53+AN53+AL53+AJ53+AH53+AF53+AD53+AB53+Z53+X53+V53+T53+R53+P53+N53+L53+J53+H53+F53+D53 -> 8400 | CG53: =CF53-'2026-FUS'!DC57 -> 0
A54: 8 | B54: ဦးရဲမြင့် | C54: =ဦးရဲမြင့်!C70 -> 405 | D54: =ဦးရဲမြင့်!D70 -> 5670 | E54: =ဦးရဲမြင့်!E70 -> 2395 | F54: =ဦးရဲမြင့်!F70 -> 33530 | G54: =ဦးရဲမြင့်!G70 -> 520 | H54: =ဦးရဲမြင့်!H70 -> 12480 | I54: =ဦးရဲမြင့်!I70 -> 0 | J54: =ဦးရဲမြင့်!J70 -> 0 | ... BZ54: =ဦးရဲမြင့်!BZ70 -> 0 | CE54: =CC54+CA54+BY54+BW54+BU54+BS54+BQ54+BO54+BM54+BK54+BI54+BG54+BE54+BC54+BA54+AY54+AW54+AU54+AS54+AQ54+AO54+AM54+AK54+AI54+AG54+AE54+AC54+AA54+Y54+W54+U54+S54+Q54+O54+M54+K54+I54+G54+E54+C54 -> 4605 | CF54: =CD54+CB54+BZ54+BX54+BV54+BT54+BR54+BP54+BN54+BL54+BJ54+BH54+BF54+BD54+BB54+AZ54+AX54+AV54+AT54+AR54+AP54+AN54+AL54+AJ54+AH54+AF54+AD54+AB54+Z54+X54+V54+T54+R54+P54+N54+L54+J54+H54+F54+D54 -> 69770 | CG54: =CF54-'2026-FUS'!DC58 -> 0
A55: 9 | B55: လွင် | C55: =လွင်!C52 -> 0 | D55: =လွင်!D52 -> 0 | E55: =လွင်!E52 -> 0 | F55: =လွင်!F52 -> 0 | G55: =လွင်!G52 -> 80 | H55: =လွင်!H52 -> 1920 | I55: =လွင်!I52 -> 0 | J55: =လွင်!J52 -> 0 | ... CD55: =လွင်!CD52 -> 0 | CE55: =CC55+CA55+BY55+BW55+BU55+BS55+BQ55+BO55+BM55+BK55+BI55+BG55+BE55+BC55+BA55+AY55+AW55+AU55+AS55+AQ55+AO55+AM55+AK55+AI55+AG55+AE55+AC55+AA55+Y55+W55+U55+S55+Q55+O55+M55+K55+I55+G55+E55+C55 -> 2380 | CF55: =CD55+CB55+BZ55+BX55+BV55+BT55+BR55+BP55+BN55+BL55+BJ55+BH55+BF55+BD55+BB55+AZ55+AX55+AV55+AT55+AR55+AP55+AN55+AL55+AJ55+AH55+AF55+AD55+AB55+Z55+X55+V55+T55+R55+P55+N55+L55+J55+H55+F55+D55 -> 36340 | CG55: =CF55-'2026-FUS'!DC59 -> 0
A56: 10 | B56: ဦးစိုးဝင်း | C56: =ဦးစိုးဝင်း!C42 -> 0 | D56: =ဦးစိုးဝင်း!D42 -> 0 | E56: =ဦးစိုးဝင်း!E42 -> 0 | F56: =ဦးစိုးဝင်း!F42 -> 0 | G56: =ဦးစိုးဝင်း!G42 -> 60 | H56: =ဦးစိုးဝင်း!H42 -> 1440 | I56: =ဦးစိုးဝင်း!I42 -> 0 | J56: =ဦးစိုးဝင်း!J42 -> 0 | ... CD56: =ဦးစိုးဝင်း!CD42 -> 0 | CE56: =CC56+CA56+BY56+BW56+BU56+BS56+BQ56+BO56+BM56+BK56+BI56+BG56+BE56+BC56+BA56+AY56+AW56+AU56+AS56+AQ56+AO56+AM56+AK56+AI56+AG56+AE56+AC56+AA56+Y56+W56+U56+S56+Q56+O56+M56+K56+I56+G56+E56+C56 -> 510 | CF56: =CD56+CB56+BZ56+BX56+BV56+BT56+BR56+BP56+BN56+BL56+BJ56+BH56+BF56+BD56+BB56+AZ56+AX56+AV56+AT56+AR56+AP56+AN56+AL56+AJ56+AH56+AF56+AD56+AB56+Z56+X56+V56+T56+R56+P56+N56+L56+J56+H56+F56+D56 -> 7740 | CG56: =CF56-'2026-FUS'!DC60 -> 0
A57: 11 | B57: ဦးသိန်းစိုး | C57: =ဦးသိန်းစိုး!C42 -> 0 | D57: =ဦးသိန်းစိုး!D42 -> 0 | E57: =ဦးသိန်းစိုး!E42 -> 0 | F57: =ဦးသိန်းစိုး!F42 -> 0 | G57: =ဦးသိန်းစိုး!G42 -> 30 | H57: =ဦးသိန်းစိုး!H42 -> 720 | I57: =ဦးသိန်းစိုး!I42 -> 0 | J57: =ဦးသိန်းစိုး!J42 -> 0 | ... CD57: =ဦးသိန်းစိုး!CD42 -> 0 | CE57: =CC57+CA57+BY57+BW57+BU57+BS57+BQ57+BO57+BM57+BK57+BI57+BG57+BE57+BC57+BA57+AY57+AW57+AU57+AS57+AQ57+AO57+AM57+AK57+AI57+AG57+AE57+AC57+AA57+Y57+W57+U57+S57+Q57+O57+M57+K57+I57+G57+E57+C57 -> 930 | CF57: =CD57+CB57+BZ57+BX57+BV57+BT57+BR57+BP57+BN57+BL57+BJ57+BH57+BF57+BD57+BB57+AZ57+AX57+AV57+AT57+AR57+AP57+AN57+AL57+AJ57+AH57+AF57+AD57+AB57+Z57+X57+V57+T57+R57+P57+N57+L57+J57+H57+F57+D57 -> 13120 | CG57: =CF57-'2026-FUS'!DC61 -> 0
A58: 12 | B58: ကောင်းထက်သူ | C58: =ကောင်းထက်သူ!C42 -> 0 | D58: =ကောင်းထက်သူ!D42 -> 0 | E58: =ကောင်းထက်သူ!E42 -> 0 | F58: =ကောင်းထက်သူ!F42 -> 0 | G58: =ကောင်းထက်သူ!G42 -> 20 | H58: =ကောင်းထက်သူ!H42 -> 480 | I58: =ကောင်းထက်သူ!I42 -> 0 | J58: =ကောင်းထက်သူ!J42 -> 0 | ... CD58: =ကောင်းထက်သူ!CD42 -> 0 | CE58: =CC58+CA58+BY58+BW58+BU58+BS58+BQ58+BO58+BM58+BK58+BI58+BG58+BE58+BC58+BA58+AY58+AW58+AU58+AS58+AQ58+AO58+AM58+AK58+AI58+AG58+AE58+AC58+AA58+Y58+W58+U58+S58+Q58+O58+M58+K58+I58+G58+E58+C58 -> 1060 | CF58: =CD58+CB58+BZ58+BX58+BV58+BT58+BR58+BP58+BN58+BL58+BJ58+BH58+BF58+BD58+BB58+AZ58+AX58+AV58+AT58+AR58+AP58+AN58+AL58+AJ58+AH58+AF58+AD58+AB58+Z58+X58+V58+T58+R58+P58+N58+L58+J58+H58+F58+D58 -> 15460 | CG58: =CF58-'2026-FUS'!DC62 -> 0
A59: 13 | B59: ကောင်းဆုဝေ | C59: =ကောင်းဆုဝေ!C42 -> 0 | D59: =ကောင်းဆုဝေ!D42 -> 0 | E59: =ကောင်းဆုဝေ!E42 -> 0 | F59: =ကောင်းဆုဝေ!F42 -> 0 | G59: =ကောင်းဆုဝေ!G42 -> 0 | H59: =ကောင်းဆုဝေ!H42 -> 0 | I59: =ကောင်းဆုဝေ!I42 -> 0 | J59: =ကောင်းဆုဝေ!J42 -> 0 | ... BZ59: =ကောင်းဆုဝေ!BZ42 -> 0 | CE59: =CC59+CA59+BY59+BW59+BU59+BS59+BQ59+BO59+BM59+BK59+BI59+BG59+BE59+BC59+BA59+AY59+AW59+AU59+AS59+AQ59+AO59+AM59+AK59+AI59+AG59+AE59+AC59+AA59+Y59+W59+U59+S59+Q59+O59+M59+K59+I59+G59+E59+C59 -> 700 | CF59: =CD59+CB59+BZ59+BX59+BV59+BT59+BR59+BP59+BN59+BL59+BJ59+BH59+BF59+BD59+BB59+AZ59+AX59+AV59+AT59+AR59+AP59+AN59+AL59+AJ59+AH59+AF59+AD59+AB59+Z59+X59+V59+T59+R59+P59+N59+L59+J59+H59+F59+D59 -> 9750 | CG59: =CF59-'2026-FUS'!DC63 -> 0
A60: 14 | B60: မြို့မ | C60: =မြို့မ!C42 -> 0 | D60: =မြို့မ!D42 -> 0 | E60: =မြို့မ!E42 -> 0 | F60: =မြို့မ!F42 -> 0 | G60: =မြို့မ!G42 -> 0 | H60: =မြို့မ!H42 -> 0 | I60: =မြို့မ!I42 -> 0 | J60: =မြို့မ!J42 -> 0 | ... BZ60: =မြို့မ!BZ42 -> 0 | CE60: =CC60+CA60+BY60+BW60+BU60+BS60+BQ60+BO60+BM60+BK60+BI60+BG60+BE60+BC60+BA60+AY60+AW60+AU60+AS60+AQ60+AO60+AM60+AK60+AI60+AG60+AE60+AC60+AA60+Y60+W60+U60+S60+Q60+O60+M60+K60+I60+G60+E60+C60 -> 450 | CF60: =CD60+CB60+BZ60+BX60+BV60+BT60+BR60+BP60+BN60+BL60+BJ60+BH60+BF60+BD60+BB60+AZ60+AX60+AV60+AT60+AR60+AP60+AN60+AL60+AJ60+AH60+AF60+AD60+AB60+Z60+X60+V60+T60+R60+P60+N60+L60+J60+H60+F60+D60 -> 5900 | CG60: =CF60-'2026-FUS'!DC64 -> 0
A61: 15 | B61: မိုးယံ | C61: =မိုးယံ!C37 -> 80 | D61: =မိုးယံ!D37 -> 1120 | E61: =မိုးယံ!E37 -> 0 | F61: =မိုးယံ!F37 -> 0 | G61: =မိုးယံ!G37 -> 0 | H61: =မိုးယံ!H37 -> 0 | I61: =မိုးယံ!I37 -> 0 | J61: =မိုးယံ!J37 -> 0 | ... BZ61: =မိုးယံ!BZ37 -> 0 | CE61: =CC61+CA61+BY61+BW61+BU61+BS61+BQ61+BO61+BM61+BK61+BI61+BG61+BE61+BC61+BA61+AY61+AW61+AU61+AS61+AQ61+AO61+AM61+AK61+AI61+AG61+AE61+AC61+AA61+Y61+W61+U61+S61+Q61+O61+M61+K61+I61+G61+E61+C61 -> 350 | CF61: =CD61+CB61+BZ61+BX61+BV61+BT61+BR61+BP61+BN61+BL61+BJ61+BH61+BF61+BD61+BB61+AZ61+AX61+AV61+AT61+AR61+AP61+AN61+AL61+AJ61+AH61+AF61+AD61+AB61+Z61+X61+V61+T61+R61+P61+N61+L61+J61+H61+F61+D61 -> 5000 | CG61: =CF61-'2026-FUS'!DC65 -> 0
A62: 16 | B62: ကောင်းဟိန်း | C62: =ကောင်းဟိန်း!C32 -> 0 | D62: =ကောင်းဟိန်း!D32 -> 0 | E62: =ကောင်းဟိန်း!E32 -> 0 | F62: =ကောင်းဟိန်း!F32 -> 0 | G62: =ကောင်းဟိန်း!G32 -> 0 | H62: =ကောင်းဟိန်း!H32 -> 0 | I62: =ကောင်းဟိန်း!I32 -> 0 | J62: =ကောင်းဟိန်း!J32 -> 0 | ... BZ62: =ကောင်းဟိန်း!BZ32 -> 0 | CE62: =CC62+CA62+BY62+BW62+BU62+BS62+BQ62+BO62+BM62+BK62+BI62+BG62+BE62+BC62+BA62+AY62+AW62+AU62+AS62+AQ62+AO62+AM62+AK62+AI62+AG62+AE62+AC62+AA62+Y62+W62+U62+S62+Q62+O62+M62+K62+I62+G62+E62+C62 -> 0 | CF62: =CD62+CB62+BZ62+BX62+BV62+BT62+BR62+BP62+BN62+BL62+BJ62+BH62+BF62+BD62+BB62+AZ62+AX62+AV62+AT62+AR62+AP62+AN62+AL62+AJ62+AH62+AF62+AD62+AB62+Z62+X62+V62+T62+R62+P62+N62+L62+J62+H62+F62+D62 -> 0 | CG62: =CF62-'2026-FUS'!DC66 -> 0
A63: 17 | B63: Summer-1 | C63: ='Summer-1'!C70 -> 200 | D63: ='Summer-1'!D70 -> 2800 | E63: ='Summer-1'!E70 -> 470 | F63: ='Summer-1'!F70 -> 6580 | G63: ='Summer-1'!G70 -> 560 | H63: ='Summer-1'!H70 -> 13440 | I63: ='Summer-1'!I70 -> 0 | J63: ='Summer-1'!J70 -> 0 | ... BZ63: ='Summer-1'!BZ70 -> 0 | CE63: =CC63+CA63+BY63+BW63+BU63+BS63+BQ63+BO63+BM63+BK63+BI63+BG63+BE63+BC63+BA63+AY63+AW63+AU63+AS63+AQ63+AO63+AM63+AK63+AI63+AG63+AE63+AC63+AA63+Y63+W63+U63+S63+Q63+O63+M63+K63+I63+G63+E63+C63 -> 2010 | CF63: =CD63+CB63+BZ63+BX63+BV63+BT63+BR63+BP63+BN63+BL63+BJ63+BH63+BF63+BD63+BB63+AZ63+AX63+AV63+AT63+AR63+AP63+AN63+AL63+AJ63+AH63+AF63+AD63+AB63+Z63+X63+V63+T63+R63+P63+N63+L63+J63+H63+F63+D63 -> 34040 | CG63: =CF63-'2026-FUS'!DC67 -> 0
A64: 18 | B64: Summer-2 | C64: ='Summer-2'!C70 -> 40 | D64: ='Summer-2'!D70 -> 560 | E64: ='Summer-2'!E70 -> 30 | F64: ='Summer-2'!F70 -> 420 | G64: ='Summer-2'!G70 -> 520 | H64: ='Summer-2'!H70 -> 12480 | I64: ='Summer-2'!I70 -> 0 | J64: ='Summer-2'!J70 -> 0 | ... CD64: ='Summer-2'!CD70 -> 0 | CE64: =CC64+CA64+BY64+BW64+BU64+BS64+BQ64+BO64+BM64+BK64+BI64+BG64+BE64+BC64+BA64+AY64+AW64+AU64+AS64+AQ64+AO64+AM64+AK64+AI64+AG64+AE64+AC64+AA64+Y64+W64+U64+S64+Q64+O64+M64+K64+I64+G64+E64+C64 -> 1410 | CF64: =CD64+CB64+BZ64+BX64+BV64+BT64+BR64+BP64+BN64+BL64+BJ64+BH64+BF64+BD64+BB64+AZ64+AX64+AV64+AT64+AR64+AP64+AN64+AL64+AJ64+AH64+AF64+AD64+AB64+Z64+X64+V64+T64+R64+P64+N64+L64+J64+H64+F64+D64 -> 24860 | CG64: =CF64-'2026-FUS'!DC68 -> 0
A65: 19 | B65: ဦးအေးခင်မောင် | C65: =ဦးအေးခင်မောင်!C42 -> 50 | D65: =ဦးအေးခင်မောင်!D42 -> 700 | E65: =ဦးအေးခင်မောင်!E42 -> 0 | F65: =ဦးအေးခင်မောင်!F42 -> 0 | G65: =ဦးအေးခင်မောင်!G42 -> 170 | H65: =ဦးအေးခင်မောင်!H42 -> 4080 | I65: =ဦးအေးခင်မောင်!I42 -> 50 | J65: =ဦးအေးခင်မောင်!J42 -> 700 | ... CD65: =ဦးအေးခင်မောင်!CD42 -> 0 | CE65: =CC65+CA65+BY65+BW65+BU65+BS65+BQ65+BO65+BM65+BK65+BI65+BG65+BE65+BC65+BA65+AY65+AW65+AU65+AS65+AQ65+AO65+AM65+AK65+AI65+AG65+AE65+AC65+AA65+Y65+W65+U65+S65+Q65+O65+M65+K65+I65+G65+E65+C65 -> 420 | CF65: =CD65+CB65+BZ65+BX65+BV65+BT65+BR65+BP65+BN65+BL65+BJ65+BH65+BF65+BD65+BB65+AZ65+AX65+AV65+AT65+AR65+AP65+AN65+AL65+AJ65+AH65+AF65+AD65+AB65+Z65+X65+V65+T65+R65+P65+N65+L65+J65+H65+F65+D65 -> 7580 | CG65: =CF65-'2026-FUS'!DC69 -> 0
A66: 20 | B66: ဦးကျော်လှ | C66: =ဦးကျော်လှ!C42 -> 5 | D66: =ဦးကျော်လှ!D42 -> 70 | E66: =ဦးကျော်လှ!E42 -> 10 | F66: =ဦးကျော်လှ!F42 -> 140 | G66: =ဦးကျော်လှ!G42 -> 30 | H66: =ဦးကျော်လှ!H42 -> 720 | I66: =ဦးကျော်လှ!I42 -> 30 | J66: =ဦးကျော်လှ!J42 -> 420 | ... BZ66: =ဦးကျော်လှ!BZ42 -> 0 | CE66: =CC66+CA66+BY66+BW66+BU66+BS66+BQ66+BO66+BM66+BK66+BI66+BG66+BE66+BC66+BA66+AY66+AW66+AU66+AS66+AQ66+AO66+AM66+AK66+AI66+AG66+AE66+AC66+AA66+Y66+W66+U66+S66+Q66+O66+M66+K66+I66+G66+E66+C66 -> 375 | CF66: =CD66+CB66+BZ66+BX66+BV66+BT66+BR66+BP66+BN66+BL66+BJ66+BH66+BF66+BD66+BB66+AZ66+AX66+AV66+AT66+AR66+AP66+AN66+AL66+AJ66+AH66+AF66+AD66+AB66+Z66+X66+V66+T66+R66+P66+N66+L66+J66+H66+F66+D66 -> 5850 | CG66: =CF66-'2026-FUS'!DC70 -> 0
A67: 21 | B67: ဦးဝင်းအောင်ကြွယ် | C67: =ဦးဝင်းအောင်ကြွယ်!C42 -> 0 | D67: =ဦးဝင်းအောင်ကြွယ်!D42 -> 0 | E67: =ဦးဝင်းအောင်ကြွယ်!E42 -> 350 | F67: =ဦးဝင်းအောင်ကြွယ်!F42 -> 4900 | G67: =ဦးဝင်းအောင်ကြွယ်!G42 -> 20 | H67: =ဦးဝင်းအောင်ကြွယ်!H42 -> 480 | I67: =ဦးဝင်းအောင်ကြွယ်!I42 -> 0 | J67: =ဦးဝင်းအောင်ကြွယ်!J42 -> 0 | ... CD67: =ဦးဝင်းအောင်ကြွယ်!CD42 -> 0 | CE67: =CC67+CA67+BY67+BW67+BU67+BS67+BQ67+BO67+BM67+BK67+BI67+BG67+BE67+BC67+BA67+AY67+AW67+AU67+AS67+AQ67+AO67+AM67+AK67+AI67+AG67+AE67+AC67+AA67+Y67+W67+U67+S67+Q67+O67+M67+K67+I67+G67+E67+C67 -> 550 | CF67: =CD67+CB67+BZ67+BX67+BV67+BT67+BR67+BP67+BN67+BL67+BJ67+BH67+BF67+BD67+BB67+AZ67+AX67+AV67+AT67+AR67+AP67+AN67+AL67+AJ67+AH67+AF67+AD67+AB67+Z67+X67+V67+T67+R67+P67+N67+L67+J67+H67+F67+D67 -> 7660 | CG67: =CF67-'2026-FUS'!DC71 -> 0
A68: 22 | B68: ဦးအောင်မိုး | C68: =ဦးအောင်မိုး!C32 -> 100 | D68: =ဦးအောင်မိုး!D32 -> 1400 | E68: =ဦးအောင်မိုး!E32 -> 50 | F68: =ဦးအောင်မိုး!F32 -> 700 | G68: =ဦးအောင်မိုး!G32 -> 0 | H68: =ဦးအောင်မိုး!H32 -> 0 | I68: =ဦးအောင်မိုး!I32 -> 0 | J68: =ဦးအောင်မိုး!J32 -> 0 | ... BZ68: =ဦးအောင်မိုး!BZ32 -> 0 | CE68: =CC68+CA68+BY68+BW68+BU68+BS68+BQ68+BO68+BM68+BK68+BI68+BG68+BE68+BC68+BA68+AY68+AW68+AU68+AS68+AQ68+AO68+AM68+AK68+AI68+AG68+AE68+AC68+AA68+Y68+W68+U68+S68+Q68+O68+M68+K68+I68+G68+E68+C68 -> 450 | CF68: =CD68+CB68+BZ68+BX68+BV68+BT68+BR68+BP68+BN68+BL68+BJ68+BH68+BF68+BD68+BB68+AZ68+AX68+AV68+AT68+AR68+AP68+AN68+AL68+AJ68+AH68+AF68+AD68+AB68+Z68+X68+V68+T68+R68+P68+N68+L68+J68+H68+F68+D68 -> 8300 | CG68: =CF68-'2026-FUS'!DC72 -> 0
A69: 23 | B69: ဒေါ်ခင်စန်းမြင့် | C69: =ဒေါ်ခင်စန်းမြင့်!C32 -> 0 | D69: =ဒေါ်ခင်စန်းမြင့်!D32 -> 0 | E69: =ဒေါ်ခင်စန်းမြင့်!E32 -> 0 | F69: =ဒေါ်ခင်စန်းမြင့်!F32 -> 0 | G69: =ဒေါ်ခင်စန်းမြင့်!G32 -> 0 | H69: =ဒေါ်ခင်စန်းမြင့်!H32 -> 0 | I69: =ဒေါ်ခင်စန်းမြင့်!I32 -> 0 | J69: =ဒေါ်ခင်စန်းမြင့်!J32 -> 0 | ... CD69: =ဒေါ်ခင်စန်းမြင့်!CD32 -> 0 | CE69: =CC69+CA69+BY69+BW69+BU69+BS69+BQ69+BO69+BM69+BK69+BI69+BG69+BE69+BC69+BA69+AY69+AW69+AU69+AS69+AQ69+AO69+AM69+AK69+AI69+AG69+AE69+AC69+AA69+Y69+W69+U69+S69+Q69+O69+M69+K69+I69+G69+E69+C69 -> 280 | CF69: =CD69+CB69+BZ69+BX69+BV69+BT69+BR69+BP69+BN69+BL69+BJ69+BH69+BF69+BD69+BB69+AZ69+AX69+AV69+AT69+AR69+AP69+AN69+AL69+AJ69+AH69+AF69+AD69+AB69+Z69+X69+V69+T69+R69+P69+N69+L69+J69+H69+F69+D69 -> 4220 | CG69: =CF69-'2026-FUS'!DC73 -> 0
A70: 24 | B70: ရတနာ | C70: =ရတနာ!C32 -> 0 | D70: =ရတနာ!D32 -> 0 | E70: =ရတနာ!E32 -> 0 | F70: =ရတနာ!F32 -> 0 | G70: =ရတနာ!G32 -> 0 | H70: =ရတနာ!H32 -> 0 | I70: =ရတနာ!I32 -> 0 | J70: =ရတနာ!J32 -> 0 | ... CD70: =ရတနာ!CD32 -> 0 | CE70: =CC70+CA70+BY70+BW70+BU70+BS70+BQ70+BO70+BM70+BK70+BI70+BG70+BE70+BC70+BA70+AY70+AW70+AU70+AS70+AQ70+AO70+AM70+AK70+AI70+AG70+AE70+AC70+AA70+Y70+W70+U70+S70+Q70+O70+M70+K70+I70+G70+E70+C70 -> 580 | CF70: =CD70+CB70+BZ70+BX70+BV70+BT70+BR70+BP70+BN70+BL70+BJ70+BH70+BF70+BD70+BB70+AZ70+AX70+AV70+AT70+AR70+AP70+AN70+AL70+AJ70+AH70+AF70+AD70+AB70+Z70+X70+V70+T70+R70+P70+N70+L70+J70+H70+F70+D70 -> 8920 | CG70: =CF70-'2026-FUS'!DC74 -> 0
A71: 25 | B71: ဦးတင်မောင် | C71: =ဦးတင်မောင်!C32 -> 0 | D71: =ဦးတင်မောင်!D32 -> 0 | E71: =ဦးတင်မောင်!E32 -> 0 | F71: =ဦးတင်မောင်!F32 -> 0 | G71: =ဦးတင်မောင်!G32 -> 0 | H71: =ဦးတင်မောင်!H32 -> 0 | I71: =ဦးတင်မောင်!I32 -> 0 | J71: =ဦးတင်မောင်!J32 -> 0 | ... BZ71: =ဦးတင်မောင်!BZ32 -> 0 | CE71: =CC71+CA71+BY71+BW71+BU71+BS71+BQ71+BO71+BM71+BK71+BI71+BG71+BE71+BC71+BA71+AY71+AW71+AU71+AS71+AQ71+AO71+AM71+AK71+AI71+AG71+AE71+AC71+AA71+Y71+W71+U71+S71+Q71+O71+M71+K71+I71+G71+E71+C71 -> 0 | CF71: =CD71+CB71+BZ71+BX71+BV71+BT71+BR71+BP71+BN71+BL71+BJ71+BH71+BF71+BD71+BB71+AZ71+AX71+AV71+AT71+AR71+AP71+AN71+AL71+AJ71+AH71+AF71+AD71+AB71+Z71+X71+V71+T71+R71+P71+N71+L71+J71+H71+F71+D71 -> 0 | CG71: =CF71-'2026-FUS'!DC75 -> 0
A72: 26 | B72: ရွှေကမ္ဘာ | C72: =ရွှေကမ္ဘာ!C32 -> 0 | D72: =ရွှေကမ္ဘာ!D32 -> 0 | E72: =ရွှေကမ္ဘာ!E32 -> 0 | F72: =ရွှေကမ္ဘာ!F32 -> 0 | G72: =ရွှေကမ္ဘာ!G32 -> 0 | H72: =ရွှေကမ္ဘာ!H32 -> 0 | I72: =ရွှေကမ္ဘာ!I32 -> 0 | J72: =ရွှေကမ္ဘာ!J32 -> 0 | ... CD72: =ရွှေကမ္ဘာ!CD32 -> 0 | CE72: =CC72+CA72+BY72+BW72+BU72+BS72+BQ72+BO72+BM72+BK72+BI72+BG72+BE72+BC72+BA72+AY72+AW72+AU72+AS72+AQ72+AO72+AM72+AK72+AI72+AG72+AE72+AC72+AA72+Y72+W72+U72+S72+Q72+O72+M72+K72+I72+G72+E72+C72 -> 10 | CF72: =CD72+CB72+BZ72+BX72+BV72+BT72+BR72+BP72+BN72+BL72+BJ72+BH72+BF72+BD72+BB72+AZ72+AX72+AV72+AT72+AR72+AP72+AN72+AL72+AJ72+AH72+AF72+AD72+AB72+Z72+X72+V72+T72+R72+P72+N72+L72+J72+H72+F72+D72 -> 240 | CG72: =CF72-'2026-FUS'!DC77 -> 0
A73: 27 | B73: ဦးမောင်ငယ် | C73: =ဦးမောင်ငယ်!C32 -> 0 | D73: =ဦးမောင်ငယ်!D32 -> 0 | E73: =ဦးမောင်ငယ်!E32 -> 0 | F73: =ဦးမောင်ငယ်!F32 -> 0 | G73: =ဦးမောင်ငယ်!G32 -> 0 | H73: =ဦးမောင်ငယ်!H32 -> 0 | I73: =ဦးမောင်ငယ်!I32 -> 0 | J73: =ဦးမောင်ငယ်!J32 -> 0 | ... CD73: =ဦးမောင်ငယ်!CD32 -> 0 | CE73: =CC73+CA73+BY73+BW73+BU73+BS73+BQ73+BO73+BM73+BK73+BI73+BG73+BE73+BC73+BA73+AY73+AW73+AU73+AS73+AQ73+AO73+AM73+AK73+AI73+AG73+AE73+AC73+AA73+Y73+W73+U73+S73+Q73+O73+M73+K73+I73+G73+E73+C73 -> 55 | CF73: =CD73+CB73+BZ73+BX73+BV73+BT73+BR73+BP73+BN73+BL73+BJ73+BH73+BF73+BD73+BB73+AZ73+AX73+AV73+AT73+AR73+AP73+AN73+AL73+AJ73+AH73+AF73+AD73+AB73+Z73+X73+V73+T73+R73+P73+N73+L73+J73+H73+F73+D73 -> 820 | CG73: =CF73-'2026-FUS'!DC78 -> 0
A74: 28 | B74: ကိုလှဌေးအောင် | C74: =ဦးလှဌေးအောင်!C32 -> 0 | D74: =ဦးလှဌေးအောင်!D32 -> 0 | E74: =ဦးလှဌေးအောင်!E32 -> 0 | F74: =ဦးလှဌေးအောင်!F32 -> 0 | G74: =ဦးလှဌေးအောင်!G32 -> 0 | H74: =ဦးလှဌေးအောင်!H32 -> 0 | I74: =ဦးလှဌေးအောင်!I32 -> 0 | J74: =ဦးလှဌေးအောင်!J32 -> 0 | ... BZ74: =ဦးလှဌေးအောင်!BZ32 -> 0 | CE74: =CC74+CA74+BY74+BW74+BU74+BS74+BQ74+BO74+BM74+BK74+BI74+BG74+BE74+BC74+BA74+AY74+AW74+AU74+AS74+AQ74+AO74+AM74+AK74+AI74+AG74+AE74+AC74+AA74+Y74+W74+U74+S74+Q74+O74+M74+K74+I74+G74+E74+C74 -> 130 | CF74: =CD74+CB74+BZ74+BX74+BV74+BT74+BR74+BP74+BN74+BL74+BJ74+BH74+BF74+BD74+BB74+AZ74+AX74+AV74+AT74+AR74+AP74+AN74+AL74+AJ74+AH74+AF74+AD74+AB74+Z74+X74+V74+T74+R74+P74+N74+L74+J74+H74+F74+D74 -> 2120 | CG74: =CF74-'2026-FUS'!DC79 -> 0
A75: 29 | B75: ပြည်ဖြိုးကြွယ် | C75: =ပြည့်ဖြိုးကြွယ်!C32 -> 0 | D75: =ပြည့်ဖြိုးကြွယ်!D32 -> 0 | E75: =ပြည့်ဖြိုးကြွယ်!E32 -> 0 | F75: =ပြည့်ဖြိုးကြွယ်!F32 -> 0 | G75: =ပြည့်ဖြိုးကြွယ်!G32 -> 0 | H75: =ပြည့်ဖြိုးကြွယ်!H32 -> 0 | I75: =ပြည့်ဖြိုးကြွယ်!I32 -> 0 | J75: =ပြည့်ဖြိုးကြွယ်!J32 -> 0 | ... BZ75: =ပြည့်ဖြိုးကြွယ်!BZ32 -> 0 | CE75: =CC75+CA75+BY75+BW75+BU75+BS75+BQ75+BO75+BM75+BK75+BI75+BG75+BE75+BC75+BA75+AY75+AW75+AU75+AS75+AQ75+AO75+AM75+AK75+AI75+AG75+AE75+AC75+AA75+Y75+W75+U75+S75+Q75+O75+M75+K75+I75+G75+E75+C75 -> 245 | CF75: =CD75+CB75+BZ75+BX75+BV75+BT75+BR75+BP75+BN75+BL75+BJ75+BH75+BF75+BD75+BB75+AZ75+AX75+AV75+AT75+AR75+AP75+AN75+AL75+AJ75+AH75+AF75+AD75+AB75+Z75+X75+V75+T75+R75+P75+N75+L75+J75+H75+F75+D75 -> 4580 | CG75: =CF75-'2026-FUS'!DC80 -> 0
A76: 30 | B76: ဝတိံယံ | C76: =ဝတိံယံ!C32 -> 0 | D76: =ဝတိံယံ!D32 -> 0 | E76: =ဝတိံယံ!E32 -> 0 | F76: =ဝတိံယံ!F32 -> 0 | G76: =ဝတိံယံ!G32 -> 0 | H76: =ဝတိံယံ!H32 -> 0 | I76: =ဝတိံယံ!I32 -> 0 | J76: =ဝတိံယံ!J32 -> 0 | ... BZ76: =ဝတိံယံ!BZ32 -> 0 | CE76: =CC76+CA76+BY76+BW76+BU76+BS76+BQ76+BO76+BM76+BK76+BI76+BG76+BE76+BC76+BA76+AY76+AW76+AU76+AS76+AQ76+AO76+AM76+AK76+AI76+AG76+AE76+AC76+AA76+Y76+W76+U76+S76+Q76+O76+M76+K76+I76+G76+E76+C76 -> 0 | CF76: =CD76+CB76+BZ76+BX76+BV76+BT76+BR76+BP76+BN76+BL76+BJ76+BH76+BF76+BD76+BB76+AZ76+AX76+AV76+AT76+AR76+AP76+AN76+AL76+AJ76+AH76+AF76+AD76+AB76+Z76+X76+V76+T76+R76+P76+N76+L76+J76+H76+F76+D76 -> 0 | CG76: =CF76-'2026-FUS'!DC81 -> 0
A77: 31 | B77: ပျားနက် | C77: =ပျားနက်!C32 -> 0 | D77: =ပျားနက်!D32 -> 0 | E77: =ပျားနက်!E32 -> 0 | F77: =ပျားနက်!F32 -> 0 | G77: =ပျားနက်!G32 -> 0 | H77: =ပျားနက်!H32 -> 0 | I77: =ပျားနက်!I32 -> 0 | J77: =ပျားနက်!J32 -> 0 | ... CD77: =ပျားနက်!CD32 -> 0 | CE77: =CC77+CA77+BY77+BW77+BU77+BS77+BQ77+BO77+BM77+BK77+BI77+BG77+BE77+BC77+BA77+AY77+AW77+AU77+AS77+AQ77+AO77+AM77+AK77+AI77+AG77+AE77+AC77+AA77+Y77+W77+U77+S77+Q77+O77+M77+K77+I77+G77+E77+C77 -> 0 | CF77: =CD77+CB77+BZ77+BX77+BV77+BT77+BR77+BP77+BN77+BL77+BJ77+BH77+BF77+BD77+BB77+AZ77+AX77+AV77+AT77+AR77+AP77+AN77+AL77+AJ77+AH77+AF77+AD77+AB77+Z77+X77+V77+T77+R77+P77+N77+L77+J77+H77+F77+D77 -> 0 | CG77: =CF77-'2026-FUS'!DC82 -> 0
A78: 32 | B78: ရွှေရောင်စင် | C78: =ရွှေရောင်စင်!C32 -> 0 | D78: =ရွှေရောင်စင်!D32 -> 0 | E78: =ရွှေရောင်စင်!E32 -> 0 | F78: =ရွှေရောင်စင်!F32 -> 0 | G78: =ရွှေရောင်စင်!G32 -> 0 | H78: =ရွှေရောင်စင်!H32 -> 0 | I78: =ရွှေရောင်စင်!I32 -> 0 | J78: =ရွှေရောင်စင်!J32 -> 0 | ... BZ78: =ရွှေရောင်စင်!BZ32 -> 0 | CE78: =CC78+CA78+BY78+BW78+BU78+BS78+BQ78+BO78+BM78+BK78+BI78+BG78+BE78+BC78+BA78+AY78+AW78+AU78+AS78+AQ78+AO78+AM78+AK78+AI78+AG78+AE78+AC78+AA78+Y78+W78+U78+S78+Q78+O78+M78+K78+I78+G78+E78+C78 -> 280 | CF78: =CD78+CB78+BZ78+BX78+BV78+BT78+BR78+BP78+BN78+BL78+BJ78+BH78+BF78+BD78+BB78+AZ78+AX78+AV78+AT78+AR78+AP78+AN78+AL78+AJ78+AH78+AF78+AD78+AB78+Z78+X78+V78+T78+R78+P78+N78+L78+J78+H78+F78+D78 -> 3860 | CG78: =CF78-'2026-FUS'!DC83 -> 0
A79: 33 | B79: A1 | C79: ='A1'!C32 -> 0 | D79: ='A1'!D32 -> 0 | E79: ='A1'!E32 -> 0 | F79: ='A1'!F32 -> 0 | G79: ='A1'!G32 -> 0 | H79: ='A1'!H32 -> 0 | I79: ='A1'!I32 -> 0 | J79: ='A1'!J32 -> 0 | ... CD79: ='A1'!CD32 -> 0 | CE79: =CC79+CA79+BY79+BW79+BU79+BS79+BQ79+BO79+BM79+BK79+BI79+BG79+BE79+BC79+BA79+AY79+AW79+AU79+AS79+AQ79+AO79+AM79+AK79+AI79+AG79+AE79+AC79+AA79+Y79+W79+U79+S79+Q79+O79+M79+K79+I79+G79+E79+C79 -> 520 | CF79: =CD79+CB79+BZ79+BX79+BV79+BT79+BR79+BP79+BN79+BL79+BJ79+BH79+BF79+BD79+BB79+AZ79+AX79+AV79+AT79+AR79+AP79+AN79+AL79+AJ79+AH79+AF79+AD79+AB79+Z79+X79+V79+T79+R79+P79+N79+L79+J79+H79+F79+D79 -> 6580 | CG79: =CF79-'2026-FUS'!DC84 -> 0
A80: 34 | B80: ‌ရွှေခေတ် | C80: =ရွှေခေတ်!C32 -> 5 | D80: =ရွှေခေတ်!D32 -> 70 | E80: =ရွှေခေတ်!E32 -> 10 | F80: =ရွှေခေတ်!F32 -> 140 | G80: =ရွှေခေတ်!G32 -> 0 | H80: =ရွှေခေတ်!H32 -> 0 | I80: =ရွှေခေတ်!I32 -> 0 | J80: =ရွှေခေတ်!J32 -> 0 | ... BZ80: =ရွှေခေတ်!BZ32 -> 0 | CE80: =CC80+CA80+BY80+BW80+BU80+BS80+BQ80+BO80+BM80+BK80+BI80+BG80+BE80+BC80+BA80+AY80+AW80+AU80+AS80+AQ80+AO80+AM80+AK80+AI80+AG80+AE80+AC80+AA80+Y80+W80+U80+S80+Q80+O80+M80+K80+I80+G80+E80+C80 -> 232 | CF80: =CD80+CB80+BZ80+BX80+BV80+BT80+BR80+BP80+BN80+BL80+BJ80+BH80+BF80+BD80+BB80+AZ80+AX80+AV80+AT80+AR80+AP80+AN80+AL80+AJ80+AH80+AF80+AD80+AB80+Z80+X80+V80+T80+R80+P80+N80+L80+J80+H80+F80+D80 -> 2844 | CG80: =CF80-'2026-FUS'!DC85 -> 0
A81: 35 | B81: ဟိန်းမြန်မာ | C81: =ဟိန်းမြန်မာ!C32 -> 5 | D81: =ဟိန်းမြန်မာ!D32 -> 70 | E81: =ဟိန်းမြန်မာ!E32 -> 0 | F81: =ဟိန်းမြန်မာ!F32 -> 0 | G81: =ဟိန်းမြန်မာ!G32 -> 0 | H81: =ဟိန်းမြန်မာ!H32 -> 0 | I81: =ဟိန်းမြန်မာ!I32 -> 0 | J81: =ဟိန်းမြန်မာ!J32 -> 0 | ... BZ81: =ဟိန်းမြန်မာ!BZ32 -> 0 | CE81: =CC81+CA81+BY81+BW81+BU81+BS81+BQ81+BO81+BM81+BK81+BI81+BG81+BE81+BC81+BA81+AY81+AW81+AU81+AS81+AQ81+AO81+AM81+AK81+AI81+AG81+AE81+AC81+AA81+Y81+W81+U81+S81+Q81+O81+M81+K81+I81+G81+E81+C81 -> 55 | CF81: =CD81+CB81+BZ81+BX81+BV81+BT81+BR81+BP81+BN81+BL81+BJ81+BH81+BF81+BD81+BB81+AZ81+AX81+AV81+AT81+AR81+AP81+AN81+AL81+AJ81+AH81+AF81+AD81+AB81+Z81+X81+V81+T81+R81+P81+N81+L81+J81+H81+F81+D81 -> 770 | CG81: =CF81-'2026-FUS'!DC86 -> 0
C82: =SUM(C47:C81) -> 3612 | D82: =SUM(D47:D81) -> 50568 | E82: =SUM(E47:E81) -> 7772 | F82: =SUM(F47:F81) -> 108808 | G82: =SUM(G47:G81) -> 6909 | H82: =SUM(H47:H81) -> 165816 | I82: =SUM(I47:I81) -> 1230 | J82: =SUM(J47:J81) -> 17220 | ... CF82: =SUM(CF47:CF81) -> 672390
CF83: =ရွှေမြင်း!CF70+ရွှေခြင်္သေ့!CF69+ကောင်းသန့်!CF70+ဦးဝင်းနိုင်!CF70+ကျော်ကြား!CF52+မယဉ်ယဉ်အေး!CF52+စံချိန်!CF42+ဦးရဲမြင့်!CF70+လွင်!CF52+ဦးစိုးဝင်း!CF42+ဦးသိန်းစိုး!CF42+ကောင်းထက်သူ!CF42+ကောင်းဆုဝေ!CF42+မြို့မ!CF42+မိုးယံ!CF37+ကောင်းဟိန်း!CF32+'Summer-1'!CF70+'Summer-2'!CF70+ဦးအေးခင်မောင်!CF42+ဦးကျော်လှ!CF42+ဦးဝင်းအောင်ကြွယ်!CF42+ဦးအောင်မိုး!CF32+ဒေါ်ခင်စန်းမြင့်!CF32+ရတနာ!CF32+ဦးတင်မောင်!CF32+ရွှေကမ္ဘာ!CF32+ဦးမောင်ငယ်!CF32+ဦးလှဌေးအောင်!CF32+ပြည့်ဖြိုးကြွယ်!CF32+ဝတိံယံ!CF32+ပျားနက်!CF32+ရွှေရောင်စင်!CF32+'A1'!CF32+ရွှေခေတ်!CF32+ဟိန်းမြန်မာ!CF32 -> 672390
CF84: =CF82-CF83 -> 0
C85: 2026-March | CH85: Total (PKT) | CI85: =CE124 -> 31008 | CK85: 12 | CL85: 14
A86: No | B86: Outlet Name | C86: SKU | CH86: Total (BOT) | CI86: =CF124 -> 488178 | CK86: 24 | CL86: 40
C87: သံပုရာ (1*14) | E87: ရှောက်ပျား (1*14) | G87: လိမ္မော်ဖြူ (1*24) | I87: ဒဂုံသန့် (1*14) | K87: ကင်းမြီးကောက် (1*14) | M87: ဇေသန့် (1*14) | O87: ဒဂုံနာနတ် (1*24) | Q87: Black Cat (1*24) | S87: ဇေRedပု (1*14) | U87: ဇေရမ် (1*14) | W87: ကောင်းကြည် (1*14) | Y87: မိုးနဲကွန်ကီး (1*14) | AA87: 2 in 1 မက (1*14) | AC87: Vodka(1*12) (700ml) | AE87: ZayRed(1*12) (700ml) | AG87: Formula Rum(1*12) (700ml) | AI87: Formula Rum(1*24) (350ml) | AK87: ကောင်းကြည်(1*12) (600ml) | AM87: ကောင်းကြည် (1*12) (1000ml) | AO87: ဇေ (1*12) (600ml) | AQ87: ဇေ (1*12) (1000ml) | AS87: ဇေ Red(1*12) (1000ml) | AU87: ဇေRedပု(1*12) 680ml | AW87: ရွှေမင်းသားခေါင်ရည် (1*24) | AY87: ချယ်ရီအရက်သန့် (1*14) | BA87: ဒဂုံမန်ကျည်းအရက် (1*14) | BC87: ချယ်ရီကော်(1*24) (600 ml) | BE87: ချယ်ရီသံပုရာ(1*24) (600ml) | BG87: ချယ်ရီသံပုရာ(1*12) (1000 ml) | BI87: မိုးနဲကွန်ကီးကော်1L (1*24) | BK87: မိုးနဲကွန်ကီးကော်1L (1*12) | BM87: ရွှေမန်းပုလင်း (1*14) | BO87: ရွှေမန်းကော်ဗူး 1L (1*12) | BS87: ရွှေမင်းသားမန်ကျည်းခေါင်ရည် (1*14) | BU87: ရွှေမင်းသားခေါင်ရည် ကော်ဗူး (1*12) | BW87: ရွှေမင်းသားမန်ကျည်း ခေါင်ရည်ကော်ဗူး (1*12) | CE87: Total Sales
C88: PKT | D88: BOT | E88: PKT | F88: BOT | G88: PKT | H88: BOT | I88: PKT | J88: BOT | L88: BOT | M88: PKT | N88: BOT | O88: PKT | P88: BOT | Q88: PKT | R88: BOT | S88: PKT | T88: BOT | U88: PKT | V88: BOT | W88: PKT | X88: BOT | Y88: PKT | Z88: BOT | AA88: PKT | AB88: BOT | AC88: PKT | AD88: BOT | AE88: PKT | AF88: BOT | AG88: PKT | AH88: BOT | AI88: PKT | AJ88: BOT | AK88: PKT | AL88: BOT | AM88: PKT | AN88: BOT | AO88: PKT | AP88: BOT | AQ88: PKT | AR88: BOT | AS88: PKT | AT88: BOT | AU88: PKT | AV88: BOT | AW88: PKT | AX88: BOT | AY88: PKT | AZ88: BOT | BA88: PKT | BB88: BOT | BC88: PKT | BD88: BOT | BE88: PKT | BF88: BOT | BG88: PKT | BH88: BOT | BI88: PTK | BJ88: BOT | BK88: PTK | BL88: BOT | BM88: PTK | BN88: BOT | BO88: PTK | BP88: BOT | BQ88: PKT | BR88: BOT | BS88: PKT | BT88: BOT | BU88: PKT | BV88: BOT | BW88: PKT | BX88: BOT | BY88: PKT | BZ88: BOT | CA88: PKT | CB88: BOT | CC88: PKT | CD88: BOT | CE88: PKT | CF88: BOT
A89: 1 | B89: ရွှေမြင်း | C89: =ရွှေမြင်း!C106 -> 450 | D89: =ရွှေမြင်း!D106 -> 6300 | E89: =ရွှေမြင်း!E106 -> 1085 | F89: =ရွှေမြင်း!F106 -> 15190 | G89: =ရွှေမြင်း!G106 -> 1537 | H89: =ရွှေမြင်း!H106 -> 36888 | I89: =ရွှေမြင်း!I106 -> 185 | J89: =ရွှေမြင်း!J106 -> 2590 | ... BW89: =ရွှေမြင်း!BW106 -> 0 | BX89: =ရွှေမြင်း!BX112 -> 0 | BY89: =ရွှေမြင်း!BY112 -> 0 | BZ89: =ရွှေမြင်း!BZ112 -> 0 | CA89: =ရွှေမြင်း!CA112 -> 0 | CB89: =ရွှေမြင်း!CB112 -> 0 | CC89: =ရွှေမြင်း!CC112 -> 0 | CD89: =ရွှေမြင်း!CD112 -> 0 | CE89: =CC89+CA89+BY89+BW89+BU89+BS89+BQ89+BO89+BM89+BK89+BI89+BG89+BE89+BC89+BA89+AY89+AW89+AU89+AS89+AQ89+AO89+AM89+AK89+AI89+AG89+AE89+AC89+AA89+Y89+W89+U89+S89+Q89+O89+M89+K89+I89+G89+E89+C89 -> 5178 | CF89: =CD89+CB89+BZ89+BX89+BV89+BT89+BR89+BP89+BN89+BL89+BJ89+BH89+BF89+BD89+BB89+AZ89+AX89+AV89+AT89+AR89+AP89+AN89+AL89+AJ89+AH89+AF89+AD89+AB89+Z89+X89+V89+T89+R89+P89+N89+L89+J89+H89+F89+D89 -> 87732 | CG89: =CF89-'2026-FUS'!DC99 -> 0
A90: 2 | B90: ရွှေခြင်္သေ့ | C90: =ရွှေခြင်္သေ့!C104 -> 80 | D90: =ရွှေခြင်္သေ့!D104 -> 1120 | E90: =ရွှေခြင်္သေ့!E104 -> 140 | F90: =ရွှေခြင်္သေ့!F104 -> 1960 | G90: =ရွှေခြင်္သေ့!G104 -> 290 | H90: =ရွှေခြင်္သေ့!H104 -> 6960 | I90: =ရွှေခြင်္သေ့!I104 -> 0 | J90: =ရွှေခြင်္သေ့!J104 -> 0 | ... BW90: =ရွှေခြင်္သေ့!BW104 -> 0 | BX90: =ရွှေခြင်္သေ့!BX111 -> 0 | BY90: =ရွှေခြင်္သေ့!BY111 -> 0 | BZ90: =ရွှေခြင်္သေ့!BZ111 -> 0 | CE90: =CC90+CA90+BY90+BW90+BU90+BS90+BQ90+BO90+BM90+BK90+BI90+BG90+BE90+BC90+BA90+AY90+AW90+AU90+AS90+AQ90+AO90+AM90+AK90+AI90+AG90+AE90+AC90+AA90+Y90+W90+U90+S90+Q90+O90+M90+K90+I90+G90+E90+C90 -> 1105 | CF90: =CD90+CB90+BZ90+BX90+BV90+BT90+BR90+BP90+BN90+BL90+BJ90+BH90+BF90+BD90+BB90+AZ90+AX90+AV90+AT90+AR90+AP90+AN90+AL90+AJ90+AH90+AF90+AD90+AB90+Z90+X90+V90+T90+R90+P90+N90+L90+J90+H90+F90+D90 -> 18190 | CG90: =CF90-'2026-FUS'!DC100 -> 0
A91: 3 | B91: ကောင်းသန့် | C91: =ကောင်းသန့်!C106 -> 153 | D91: =ကောင်းသန့်!D106 -> 2142 | E91: =ကောင်းသန့်!E106 -> 288 | F91: =ကောင်းသန့်!F106 -> 4032 | G91: =ကောင်းသန့်!G106 -> 296 | H91: =ကောင်းသန့်!H106 -> 7104 | I91: =ကောင်းသန့်!I106 -> 144 | J91: =ကောင်းသန့်!J106 -> 2016 | ... BW91: =ကောင်းသန့်!BW106 -> 0 | BX91: =ကောင်းသန့်!BX112 -> 0 | BY91: =ကောင်းသန့်!BY112 -> 0 | BZ91: =ကောင်းသန့်!BZ112 -> 0 | CE91: =CC91+CA91+BY91+BW91+BU91+BS91+BQ91+BO91+BM91+BK91+BI91+BG91+BE91+BC91+BA91+AY91+AW91+AU91+AS91+AQ91+AO91+AM91+AK91+AI91+AG91+AE91+AC91+AA91+Y91+W91+U91+S91+Q91+O91+M91+K91+I91+G91+E91+C91 -> 1553 | CF91: =CD91+CB91+BZ91+BX91+BV91+BT91+BR91+BP91+BN91+BL91+BJ91+BH91+BF91+BD91+BB91+AZ91+AX91+AV91+AT91+AR91+AP91+AN91+AL91+AJ91+AH91+AF91+AD91+AB91+Z91+X91+V91+T91+R91+P91+N91+L91+J91+H91+F91+D91 -> 24722 | CG91: =CF91-'2026-FUS'!DC101 -> 0
A92: 4 | B92: ဦးဝင်းနိုင် | C92: =ဦးဝင်းနိုင်!C106 -> 510 | D92: =ဦးဝင်းနိုင်!D106 -> 7140 | E92: =ဦးဝင်းနိုင်!E106 -> 1440 | F92: =ဦးဝင်းနိုင်!F106 -> 20160 | G92: =ဦးဝင်းနိုင်!G106 -> 247 | H92: =ဦးဝင်းနိုင်!H106 -> 5928 | I92: =ဦးဝင်းနိုင်!I106 -> 130 | J92: =ဦးဝင်းနိုင်!J106 -> 1820 | ... BW92: =ဦးဝင်းနိုင်!BW106 -> 0 | BX92: =ဦးဝင်းနိုင်!BX112 -> 0 | BY92: =ဦးဝင်းနိုင်!BY112 -> 0 | BZ92: =ဦးဝင်းနိုင်!BZ112 -> 0 | CA92: =ဦးဝင်းနိုင်!CA112 -> 0 | CB92: =ဦးဝင်းနိုင်!CB112 -> 0 | CC92: =ဦးဝင်းနိုင်!CC112 -> 0 | CD92: =ဦးဝင်းနိုင်!CD112 -> 0 | CE92: =CC92+CA92+BY92+BW92+BU92+BS92+BQ92+BO92+BM92+BK92+BI92+BG92+BE92+BC92+BA92+AY92+AW92+AU92+AS92+AQ92+AO92+AM92+AK92+AI92+AG92+AE92+AC92+AA92+Y92+W92+U92+S92+Q92+O92+M92+K92+I92+G92+E92+C92 -> 4317 | CF92: =CD92+CB92+BZ92+BX92+BV92+BT92+BR92+BP92+BN92+BL92+BJ92+BH92+BF92+BD92+BB92+AZ92+AX92+AV92+AT92+AR92+AP92+AN92+AL92+AJ92+AH92+AF92+AD92+AB92+Z92+X92+V92+T92+R92+P92+N92+L92+J92+H92+F92+D92 -> 64890 | CG92: =CF92-'2026-FUS'!DC102 -> 0
A93: 5 | B93: ကျော်ကြား | C93: =ကျော်ကြား!C79 -> 150 | D93: =ကျော်ကြား!D79 -> 2100 | E93: =ကျော်ကြား!E79 -> 0 | F93: =ကျော်ကြား!F79 -> 0 | G93: =ကျော်ကြား!G79 -> 380 | H93: =ကျော်ကြား!H79 -> 9120 | I93: =ကျော်ကြား!I79 -> 80 | J93: =ကျော်ကြား!J79 -> 1120 | ... BW93: =ကျော်ကြား!BW79 -> 0 | BX93: =ကျော်ကြား!BX94 -> 0 | BY93: =ကျော်ကြား!BY94 -> 0 | BZ93: =ကျော်ကြား!BZ94 -> 0 | CE93: =CC93+CA93+BY93+BW93+BU93+BS93+BQ93+BO93+BM93+BK93+BI93+BG93+BE93+BC93+BA93+AY93+AW93+AU93+AS93+AQ93+AO93+AM93+AK93+AI93+AG93+AE93+AC93+AA93+Y93+W93+U93+S93+Q93+O93+M93+K93+I93+G93+E93+C93 -> 1265 | CF93: =CD93+CB93+BZ93+BX93+BV93+BT93+BR93+BP93+BN93+BL93+BJ93+BH93+BF93+BD93+BB93+AZ93+AX93+AV93+AT93+AR93+AP93+AN93+AL93+AJ93+AH93+AF93+AD93+AB93+Z93+X93+V93+T93+R93+P93+N93+L93+J93+H93+F93+D93 -> 21410 | CG93: =CF93-'2026-FUS'!DC103 -> 0
A94: 6 | B94: မယဉ်ယဉ်အေး | C94: =မယဉ်ယဉ်အေး!C79 -> 400 | D94: =မယဉ်ယဉ်အေး!D79 -> 5600 | E94: =မယဉ်ယဉ်အေး!E79 -> 0 | F94: =မယဉ်ယဉ်အေး!F79 -> 0 | G94: =မယဉ်ယဉ်အေး!G79 -> 370 | H94: =မယဉ်ယဉ်အေး!H79 -> 8880 | I94: =မယဉ်ယဉ်အေး!I79 -> 50 | J94: =မယဉ်ယဉ်အေး!J79 -> 700 | ... BW94: =မယဉ်ယဉ်အေး!BW79 -> 0 | BX94: =မယဉ်ယဉ်အေး!BX94 -> 0 | BY94: =မယဉ်ယဉ်အေး!BY94 -> 0 | BZ94: =မယဉ်ယဉ်အေး!BZ94 -> 0 | CE94: =CC94+CA94+BY94+BW94+BU94+BS94+BQ94+BO94+BM94+BK94+BI94+BG94+BE94+BC94+BA94+AY94+AW94+AU94+AS94+AQ94+AO94+AM94+AK94+AI94+AG94+AE94+AC94+AA94+Y94+W94+U94+S94+Q94+O94+M94+K94+I94+G94+E94+C94 -> 1550 | CF94: =CD94+CB94+BZ94+BX94+BV94+BT94+BR94+BP94+BN94+BL94+BJ94+BH94+BF94+BD94+BB94+AZ94+AX94+AV94+AT94+AR94+AP94+AN94+AL94+AJ94+AH94+AF94+AD94+AB94+Z94+X94+V94+T94+R94+P94+N94+L94+J94+H94+F94+D94 -> 25200 | CG94: =CF94-'2026-FUS'!DC104 -> 0
A95: 7 | B95: စံချိန် | C95: =စံချိန်!C64 -> 0 | D95: =စံချိန်!D64 -> 0 | E95: =စံချိန်!E64 -> 0 | F95: =စံချိန်!F64 -> 0 | G95: =စံချိန်!G64 -> 0 | H95: =စံချိန်!H64 -> 0 | I95: =စံချိန်!I64 -> 0 | J95: =စံချိန်!J64 -> 0 | ... CD95: =စံချိန်!CD64 -> 0 | CE95: =CC95+CA95+BY95+BW95+BU95+BS95+BQ95+BO95+BM95+BK95+BI95+BG95+BE95+BC95+BA95+AY95+AW95+AU95+AS95+AQ95+AO95+AM95+AK95+AI95+AG95+AE95+AC95+AA95+Y95+W95+U95+S95+Q95+O95+M95+K95+I95+G95+E95+C95 -> 0 | CF95: =CD95+CB95+BZ95+BX95+BV95+BT95+BR95+BP95+BN95+BL95+BJ95+BH95+BF95+BD95+BB95+AZ95+AX95+AV95+AT95+AR95+AP95+AN95+AL95+AJ95+AH95+AF95+AD95+AB95+Z95+X95+V95+T95+R95+P95+N95+L95+J95+H95+F95+D95 -> 0 | CG95: =CF95-'2026-FUS'!DC105 -> 0
A96: 8 | B96: ဦးရဲမြင့် | C96: =ဦးရဲမြင့်!C106 -> 180 | D96: =ဦးရဲမြင့်!D106 -> 2520 | E96: =ဦးရဲမြင့်!E106 -> 1730 | F96: =ဦးရဲမြင့်!F106 -> 24220 | G96: =ဦးရဲမြင့်!G106 -> 350 | H96: =ဦးရဲမြင့်!H106 -> 8400 | I96: =ဦးရဲမြင့်!I106 -> 0 | J96: =ဦးရဲမြင့်!J106 -> 0 | ... BW96: =ဦးရဲမြင့်!BW106 -> 0 | BX96: =ဦးရဲမြင့်!BX112 -> 0 | BY96: =ဦးရဲမြင့်!BY112 -> 0 | BZ96: =ဦးရဲမြင့်!BZ112 -> 0 | CE96: =CC96+CA96+BY96+BW96+BU96+BS96+BQ96+BO96+BM96+BK96+BI96+BG96+BE96+BC96+BA96+AY96+AW96+AU96+AS96+AQ96+AO96+AM96+AK96+AI96+AG96+AE96+AC96+AA96+Y96+W96+U96+S96+Q96+O96+M96+K96+I96+G96+E96+C96 -> 3060 | CF96: =CD96+CB96+BZ96+BX96+BV96+BT96+BR96+BP96+BN96+BL96+BJ96+BH96+BF96+BD96+BB96+AZ96+AX96+AV96+AT96+AR96+AP96+AN96+AL96+AJ96+AH96+AF96+AD96+AB96+Z96+X96+V96+T96+R96+P96+N96+L96+J96+H96+F96+D96 -> 46240 | CG96: =CF96-'2026-FUS'!DC106 -> 0
A97: 9 | B97: လွင် | C97: =လွင်!C79 -> 0 | D97: =လွင်!D79 -> 0 | E97: =လွင်!E79 -> 0 | F97: =လွင်!F79 -> 0 | G97: =လွင်!G79 -> 30 | H97: =လွင်!H79 -> 720 | I97: =လွင်!I79 -> 0 | J97: =လွင်!J79 -> 0 | ... BW97: =လွင်!BW79 -> 0 | BX97: =လွင်!BX94 -> 0 | BY97: =လွင်!BY94 -> 0 | BZ97: =လွင်!BZ94 -> 0 | CA97: =လွင်!CA94 -> 0 | CB97: =လွင်!CB94 -> 0 | CC97: =လွင်!CC94 -> 0 | CD97: =လွင်!CD94 -> 0 | CE97: =CC97+CA97+BY97+BW97+BU97+BS97+BQ97+BO97+BM97+BK97+BI97+BG97+BE97+BC97+BA97+AY97+AW97+AU97+AS97+AQ97+AO97+AM97+AK97+AI97+AG97+AE97+AC97+AA97+Y97+W97+U97+S97+Q97+O97+M97+K97+I97+G97+E97+C97 -> 2150 | CF97: =CD97+CB97+BZ97+BX97+BV97+BT97+BR97+BP97+BN97+BL97+BJ97+BH97+BF97+BD97+BB97+AZ97+AX97+AV97+AT97+AR97+AP97+AN97+AL97+AJ97+AH97+AF97+AD97+AB97+Z97+X97+V97+T97+R97+P97+N97+L97+J97+H97+F97+D97 -> 34430 | CG97: =CF97-'2026-FUS'!DC107 -> 0
A98: 10 | B98: ဦးစိုးဝင်း | C98: =ဦးစိုးဝင်း!C64 -> 0 | D98: =ဦးစိုးဝင်း!D64 -> 0 | E98: =ဦးစိုးဝင်း!E64 -> 0 | F98: =ဦးစိုးဝင်း!F64 -> 0 | G98: =ဦးစိုးဝင်း!G64 -> 0 | H98: =ဦးစိုးဝင်း!H64 -> 0 | I98: =ဦးစိုးဝင်း!I64 -> 0 | J98: =ဦးစိုးဝင်း!J64 -> 0 | ... BW98: =ဦးစိုးဝင်း!BW64 -> 0 | BX98: =ဦးစိုးဝင်း!BX84 -> 0 | BY98: =ဦးစိုးဝင်း!BY84 -> 0 | BZ98: =ဦးစိုးဝင်း!BZ84 -> 0 | CA98: =ဦးစိုးဝင်း!CA84 -> 0 | CB98: =ဦးစိုးဝင်း!CB84 -> 0 | CC98: =ဦးစိုးဝင်း!CC84 -> 0 | CD98: =ဦးစိုးဝင်း!CD84 -> 0 | CE98: =CC98+CA98+BY98+BW98+BU98+BS98+BQ98+BO98+BM98+BK98+BI98+BG98+BE98+BC98+BA98+AY98+AW98+AU98+AS98+AQ98+AO98+AM98+AK98+AI98+AG98+AE98+AC98+AA98+Y98+W98+U98+S98+Q98+O98+M98+K98+I98+G98+E98+C98 -> 950 | CF98: =CD98+CB98+BZ98+BX98+BV98+BT98+BR98+BP98+BN98+BL98+BJ98+BH98+BF98+BD98+BB98+AZ98+AX98+AV98+AT98+AR98+AP98+AN98+AL98+AJ98+AH98+AF98+AD98+AB98+Z98+X98+V98+T98+R98+P98+N98+L98+J98+H98+F98+D98 -> 12700 | CG98: =CF98-'2026-FUS'!DC108 -> 0
A99: 11 | B99: ဦးသိန်းစိုး | C99: =ဦးသိန်းစိုး!C64 -> 0 | D99: =ဦးသိန်းစိုး!D64 -> 0 | E99: =ဦးသိန်းစိုး!E64 -> 0 | F99: =ဦးသိန်းစိုး!F64 -> 0 | G99: =ဦးသိန်းစိုး!G64 -> 0 | H99: =ဦးသိန်းစိုး!H64 -> 0 | I99: =ဦးသိန်းစိုး!I64 -> 0 | J99: =ဦးသိန်းစိုး!J64 -> 0 | ... CD99: =ဦးသိန်းစိုး!CD64 -> 0 | CE99: =CC99+CA99+BY99+BW99+BU99+BS99+BQ99+BO99+BM99+BK99+BI99+BG99+BE99+BC99+BA99+AY99+AW99+AU99+AS99+AQ99+AO99+AM99+AK99+AI99+AG99+AE99+AC99+AA99+Y99+W99+U99+S99+Q99+O99+M99+K99+I99+G99+E99+C99 -> 650 | CF99: =CD99+CB99+BZ99+BX99+BV99+BT99+BR99+BP99+BN99+BL99+BJ99+BH99+BF99+BD99+BB99+AZ99+AX99+AV99+AT99+AR99+AP99+AN99+AL99+AJ99+AH99+AF99+AD99+AB99+Z99+X99+V99+T99+R99+P99+N99+L99+J99+H99+F99+D99 -> 11000 | CG99: =CF99-'2026-FUS'!DC109 -> 0
A100: 12 | B100: ကောင်းထက်သူ | C100: =ကောင်းထက်သူ!C64 -> 0 | D100: =ကောင်းထက်သူ!D64 -> 0 | E100: =ကောင်းထက်သူ!E64 -> 0 | F100: =ကောင်းထက်သူ!F64 -> 0 | G100: =ကောင်းထက်သူ!G64 -> 0 | H100: =ကောင်းထက်သူ!H64 -> 0 | I100: =ကောင်းထက်သူ!I64 -> 0 | J100: =ကောင်းထက်သူ!J64 -> 0 | ... BW100: =ကောင်းထက်သူ!BW64 -> 0 | BX100: =ကောင်းထက်သူ!BX84 -> 0 | BY100: =ကောင်းထက်သူ!BY84 -> 0 | BZ100: =ကောင်းထက်သူ!BZ84 -> 0 | CA100: =ကောင်းထက်သူ!CA84 -> 0 | CB100: =ကောင်းထက်သူ!CB84 -> 0 | CC100: =ကောင်းထက်သူ!CC84 -> 0 | CD100: =ကောင်းထက်သူ!CD84 -> 0 | CE100: =CC100+CA100+BY100+BW100+BU100+BS100+BQ100+BO100+BM100+BK100+BI100+BG100+BE100+BC100+BA100+AY100+AW100+AU100+AS100+AQ100+AO100+AM100+AK100+AI100+AG100+AE100+AC100+AA100+Y100+W100+U100+S100+Q100+O100+M100+K100+I100+G100+E100+C100 -> 900 | CF100: =CD100+CB100+BZ100+BX100+BV100+BT100+BR100+BP100+BN100+BL100+BJ100+BH100+BF100+BD100+BB100+AZ100+AX100+AV100+AT100+AR100+AP100+AN100+AL100+AJ100+AH100+AF100+AD100+AB100+Z100+X100+V100+T100+R100+P100+N100+L100+J100+H100+F100+D100 -> 13040 | CG100: =CF100-'2026-FUS'!DC110 -> 0
...

Sheet ရွှေမြင်း
C1: ‌ရွှေမြင်း | CH1: Total (PKT) | CI1: =CE34 -> 8693 | CK1: 12 | CL1: 14
A2: No | B2: Date | C2: SKU | CH2: Total (BOT) | CI2: =CF34 -> 143492 | CK2: 24 | CL2: 40
C3: သံပုရာ (1*14) | E3: ရှောက်ပျား (1*14) | G3: လိမ္မော်ဖြူ (1*24) | I3: ဒဂုံသန့် (1*14) | K3: ကင်းမြီးကောက် (1*14) | M3: ဇေသန့် (1*14) | O3: ဒဂုံနာနတ် (1*24) | Q3: Black Cat (1*24) | S3: ဇေRedပု (1*14) | U3: ဇေရမ် (1*14) | W3: ကောင်းကြည် (1*14) | Y3: မိုးနဲကွန်ကီး (1*14) | AA3: 2 in 1 မက (1*14) | AC3: Vodka(1*12) (700ml) | AE3: ZayRed(1*12) (700ml) | AG3: Formula Rum(1*12) (700ml) | AI3: Formula Rum(1*24) (350ml) | AK3: ကောင်းကြည်(1*12) (600ml) | AM3: ကောင်းကြည် (1*12) (1000ml) | AO3: ဇေ (1*12) (600ml) | AQ3: ဇေ (1*12) (1000ml) | AS3: ဇေ Red(1*12) (1000ml) | AU3: ဇေRedပု(1*12) 680ml | AW3: ရွှေမင်းသားခေါင်ရည် (1*24) | AY3: ချယ်ရီအရက်သန့် (1*14) | BA3: ဒဂုံမန်ကျည်းအရက် (1*14) | BC3: ချယ်ရီကော်(1*24) (600 ml) | BE3: ချယ်ရီသံပုရာ(1*24) (600ml) | BG3: ချယ်ရီသံပုရာ(1*12) (1000 ml) | BI3: မိုးနဲကွန်ကီးကော်1L (1*24) | BK3: မိုးနဲကွန်ကီးကော်1L (1*12) | BM3: ရွှေမန်းပုလင်း (1*14) | BO3: ရွှေမန်းကော်ဗူး 1L (1*12) | BS3: ရွှေမင်းသားမန်ကျည်းခေါင်ရည် (1*14) | BU3: ရွှေမင်းသားခေါင်ရည် ကော်ဗူး (1*12) | BW3: ရွှေမင်းသားမန်ကျည်း ခေါင်ရည်ကော်ဗူး (1*12) | CE3: Total Sales
C4: PKT | D4: BOT | E4: PKT | F4: BOT | G4: PKT | H4: BOT | I4: PKT | J4: BOT | K4: PKT | L4: BOT | M4: PKT | N4: BOT | O4: PKT | P4: BOT | Q4: PKT | R4: BOT | S4: PKT | T4: BOT | U4: PKT | V4: BOT | W4: PKT | X4: BOT | Y4: PKT | Z4: BOT | AA4: PKT | AB4: BOT | AC4: PKT | AD4: BOT | AE4: PKT | AF4: BOT | AG4: PKT | AH4: BOT | AI4: PKT | AJ4: BOT | AK4: PKT | AL4: BOT | AM4: PKT | AN4: BOT | AO4: PKT | AP4: BOT | AQ4: PKT | AR4: BOT | AS4: PKT | AT4: BOT | AU4: PKT | AV4: BOT | AW4: PKT | AX4: BOT | AY4: PKT | AZ4: BOT | BA4: PKT | BB4: BOT | BC4: PKT | BD4: BOT | BE4: PKT | BF4: BOT | BG4: PKT | BH4: BOT | BI4: PTK | BJ4: BOT | BK4: PTK | BL4: BOT | BM4: PTK | BN4: BOT | BO4: PTK | BP4: BOT | BQ4: PKT | BR4: BOT | BS4: PKT | BT4: BOT | BU4: PKT | BV4: BOT | BW4: PKT | BX4: BOT | BY4: PKT | BZ4: BOT | CA4: PKT | CB4: BOT | CC4: PKT | CD4: BOT | CE4: PKT | CF4: BOT
A5: 1 | B5: 46025 | D5: =C5*14 -> 0 | E5: 80 | F5: =E5*14 -> 1120 | G5: 190 | H5: =G5*24 -> 4560 | J5: =I5*14 -> 0 | L5: =K5*14 -> 0 | M5: 30 | N5: =M5*14 -> 420 | P5: =O5*24 -> 0 | R5: =Q5*24 -> 0 | T5: =S5*14 -> 0 | V5: =U5*14 -> 0 | W5: 50 | X5: =W5*14 -> 700 | Z5: =Y5*14 -> 0 | AB5: =AA5*14 -> 0 | AD5: =AC5*12 -> 0 | AF5: =AE5*12 -> 0 | AH5: =AG5*12 -> 0 | AJ5: =AI5*24 -> 0 | AL5: =AK5*12 -> 0 | AM5: 120 | AN5: =AM5*12 -> 1440 | AP5: =AO5*12 -> 0 | AR5: =AQ5*12 -> 0 | AT5: =AS5*12 -> 0 | AV5: =AU5*12 -> 0 | AX5: =AW5*24 -> 0 | AZ5: =AY5*14 -> 0 | BB5: =BA5*14 -> 0 | BD5: =BC5*24 -> 0 | BF5: =BE5*24 -> 0 | BH5: =BG5*12 -> 0 | BJ5: =BI5*24 -> 0 | BL5: =BK5*12 -> 0 | BN5: =BM5*14 -> 0 | BP5: =BO5*12 -> 0 | BR5: =BQ5*24 -> 0 | BT5: =BS5*14 -> 0 | BV5: =BU5*12 -> 0 | BX5: =BW5*12 -> 0 | CE5: =CC5+CA5+BY5+BW5+BU5+BS5+BQ5+BO5+BM5+BK5+BI5+BG5+BE5+BC5+BA5+AY5+AW5+AU5+AS5+AQ5+AO5+AM5+AK5+AI5+AG5+AE5+AC5+AA5+Y5+W5+U5+S5+Q5+O5+M5+K5+I5+G5+E5+C5 -> 470 | CF5: =CD5+CB5+BZ5+BX5+BV5+BT5+BR5+BP5+BN5+BL5+BJ5+BH5+BF5+BD5+BB5+AZ5+AX5+AV5+AT5+AR5+AP5+AN5+AL5+AJ5+AH5+AF5+AD5+AB5+Z5+X5+V5+T5+R5+P5+N5+L5+J5+H5+F5+D5 -> 8240
A6: 2 | B6: 46027 | C6: 80 | D6: =C6*14 -> 1120 | E6: 196 | F6: =E6*14 -> 2744 | G6: 120 | H6: =G6*24 -> 2880 | J6: =I6*14 -> 0 | L6: =K6*14 -> 0 | M6: 27 | N6: =M6*14 -> 378 | P6: =O6*24 -> 0 | R6: =Q6*24 -> 0 | T6: =S6*14 -> 0 | V6: =U6*14 -> 0 | X6: =W6*14 -> 0 | Y6: 50 | Z6: =Y6*14 -> 700 | AB6: =AA6*14 -> 0 | AD6: =AC6*12 -> 0 | AF6: =AE6*12 -> 0 | AH6: =AG6*12 -> 0 | AJ6: =AI6*24 -> 0 | AL6: =AK6*12 -> 0 | AM6: 100 | AN6: =AM6*12 -> 1200 | AP6: =AO6*12 -> 0 | AR6: =AQ6*12 -> 0 | AT6: =AS6*12 -> 0 | AV6: =AU6*12 -> 0 | AX6: =AW6*24 -> 0 | AZ6: =AY6*14 -> 0 | BB6: =BA6*14 -> 0 | BD6: =BC6*24 -> 0 | BF6: =BE6*24 -> 0 | BH6: =BG6*12 -> 0 | BJ6: =BI6*24 -> 0 | BL6: =BK6*12 -> 0 | BN6: =BM6*14 -> 0 | BP6: =BO6*12 -> 0 | BR6: =BQ6*24 -> 0 | BT6: =BS6*14 -> 0 | BV6: =BU6*12 -> 0 | BX6: =BW6*12 -> 0 | CE6: =CC6+CA6+BY6+BW6+BU6+BS6+BQ6+BO6+BM6+BK6+BI6+BG6+BE6+BC6+BA6+AY6+AW6+AU6+AS6+AQ6+AO6+AM6+AK6+AI6+AG6+AE6+AC6+AA6+Y6+W6+U6+S6+Q6+O6+M6+K6+I6+G6+E6+C6 -> 573 | CF6: =CD6+CB6+BZ6+BX6+BV6+BT6+BR6+BP6+BN6+BL6+BJ6+BH6+BF6+BD6+BB6+AZ6+AX6+AV6+AT6+AR6+AP6+AN6+AL6+AJ6+AH6+AF6+AD6+AB6+Z6+X6+V6+T6+R6+P6+N6+L6+J6+H6+F6+D6 -> 9022
