Workbook
Name aa: #REF!
Name aa: #REF!
Name aaa: #REF!
Name aaa: #REF!
Name aaaaa: #REF!
Name aaaaaaa: #REF!
Name aaaaaaa: #REF!
Name asd: '[1]Market ( Mar) '!#REF!
Name atr: #REF!
Name b: #REF!
Name bb: #REF!
Name Beg_Bal: #REF!
Name Cash_Cr: #REF!
Name Cash_Dr: #REF!
Name cc: #REF!
Name ccc: #REF!
Name cr: #REF!
Name crs: #REF!
Name cvvvv: #REF!
Name Data: #REF!
Name dd: #REF!
Name ddd: #REF!
Name dddd: #N/A
Name dr: #REF!
Name drs: #REF!
Name dsfas: #REF!
Name eeee: #REF!
Name End_Bal: #REF!
Name Extra_Pay: #REF!
Name fgf: #REF!
Name fgjhj: #REF!
Name Full_Print: #REF!
Name Header_Row: ROW(#REF!)
Name hjj: #REF!
Name hjkjk: #REF!
Name hmjhj: #REF!
Name ii: #REF!
Name III: #REF!
Name Int: #REF!
Name Interest_Rate: #REF!
Name jbkjkl: #REF!
Name Journal_Cr: #REF!
Name Journal_Dr: #REF!
Name kdt: #REF!
Name Last_Row: IF('7-MTL'!Values_Entered,Header_Row+'7-MTL'!Number_of_Payments,Header_Row)
Name Last_Row: IF('Compare for MTL'!Values_Entered,Header_Row+'Compare for MTL'!Number_of_Payments,Header_Row)
Name Last_Row: IF(CopareforKK!Values_Entered,Header_Row+CopareforKK!Number_of_Payments,Header_Row)
Name Last_Row: IF(Price!Values_Entered,Header_Row+Price!Number_of_Payments,Header_Row)
Name Last_Row: IF(Values_Entered,Header_Row+Number_of_Payments,Header_Row)
Name Loan_Amount: #REF!
Name Loan_Amount: #REF!
Name Loan_Start: #REF!
Name Loan_Start: #REF!
Name Loan_Years: #REF!
Name Loan_Years: #REF!
Name LSO: #REF!
Name lsoq: #REF!
Name mms: #REF!
Name neew: #REF!
Name New: #REF!

Sheet Price
A1: စဉ် | B1: အမျိုးအမည် | C1: ML | D1: ထုပ်ပိုးပုံ | E1: 1bot | F1: 1 Pk
A3: 1 | B3: ဇေ Vodka | C3: 0.7 | D3: ၁ x ၁၂ | E3: 2020 | F3: =E3*12 -> 24240
A4: 2 | B4: ဇေ အရက်သန့် | C4: 0.64 | D4: ၁ x ၁၄ | E4: 1380 | F4: =E4*14 -> 19320
A5: 3 | B5: "ဇေ" ကော်ဘူး (1 Liter) | C5: 1 | D5: ၁ x ၁၂ | E5: 1680 | F5: =E5*12 -> 20160
A6: 4 | B6: "ဇေ" ကော်ဘူး (0.6 Liter) | C6: 0.6 | D6: ၁ x ၁၂ | E6: 1130 | F6: =E6*12 -> 13560
A7: 5 | B7: ဇေRed ကော်ဘူး (1 Liter) 30% | C7: 1 | D7: ၁ x၁၂ | E7: 1680 | F7: =E7*12 -> 20160
A8: 6 | B8: ကောင်းကြည် (1 Liter ) 25% | C8: 1 | D8: ၁ x ၁၂ | E8: 1530 | F8: =E8*12 -> 18360
A9: 7 | B9: ကောင်းကြည် (0.6 Liter ) 25% | C9: 1 | D9: ၁ x ၁၂ | E9: 1090 | F9: =E9*12 -> 13080
A10: 8 | B10: ရွှေမင်းသားမန်းကျည်းခေါင်ရည်(0.6 Liter) | C10: 0.6 | D10: ၁ x ၁၂ | E10: 800 | F10: =E10*12 -> 9600
A11: 9 | B11: ရွှေမင်းသားခေါင်ရည် (0.6 Liter) | C11: 0.6 | D11: ၁ x ၁၂ | E11: 800 | F11: =E11*12 -> 9600
A12: 10 | B12: ရွှေမင်းသားခေါင်ရည် | C12: 0.64 | D12: ၁ x ၂၄ | E12: 800 | F12: =E12*24 -> 19200
A13: 11 | B13: ရွှေမင်းသားမန်ကျည်းခေါင်ရည် | C13: 0.64 | D13: ၁ x ၁၄ | E13: 830 | F13: =E13*14 -> 11620
A14: 12 | B14: Zeyawaddy Rum 43% | C14: 0.68 | D14: ၁ x၁၂ | E14: 1550 | F14: =E14*12 -> 18600
A15: 13 | B15: ဇေယျဝတီ Red | C15: 0.7 | D15: ၁ x ၁၂ | E15: 1800 | F15: =E15*12 -> 21600
A16: 14 | B16: ဇေယျဝတီ Red | C16: 0.64 | D16: ၁ x ၁၄ | E16: 1330 | F16: =E16*14 -> 18620
A17: 15 | B17: ဇေယျဝတီ Red (ပု) | C17: 0.64 | D17: ၁ x၁၄ | E17: 1600 | F17: =E17*14 -> 22400
A18: 16 | B18: 2 in 1 မန်ကျည်း | C18: 0.64 | D18: ၁ x ၁၄ | E18: 1350 | F18: =E18*14 -> 18900
A19: 17 | B19: ဒဂုံမန်ကျည်းအရက် | C19: 0.64 | D19: ၁ x ၁၄ | E19: 1280 | F19: =E19*14 -> 17920
A20: 18 | B20: ကောင်းကြည် | C20: 0.64 | D20: ၁ x ၁၄ | E20: 1330 | F20: =E20*14 -> 18620
A21: 19 | B21: သံပုရာအရက် | C21: 0.64 | D21: ၁ x ၁၄ | E21: 1330 | F21: =E21*14 -> 18620
A22: 20 | B22: ဒဂုံနာနတ်ဝိုင် | C22: 0.64 | D22: ၁ x ၂၄ | E22: 1330 | F22: =E22*24 -> 31920
A23: 21 | B23: ဒဂုံအရက်သန့် | C23: 0.64 | D23: ၁ x ၁၄ | E23: 1330 | F23: =E23*14 -> 18620
A24: 22 | B24: လိမ္မော်ဖြူ | C24: 0.64 | D24: ၁ x ၂၄ | E24: 1330 | F24: =E24*24 -> 31920
A25: 23 | B25: Black Cat | C25: 0.64 | D25: ၁ x ၂၄ | E25: 1330 | F25: =E25*24 -> 31920
A26: 24 | B26: ကင်းမြီးကောက် | C26: 0.64 | D26: ၁ x ၁၄ | E26: 1330 | F26: =E26*14 -> 18620
A27: 25 | B27: မြန်မာရှောက်ပျား | C27: 0.64 | D27: ၁ x ၁၄ | E27: 1370 | F27: =E27*14 -> 19180
A28: 26 | B28: မိုးနဲကွန်ကီ | C28: 0.64 | D28: ၁ x ၁၄ | E28: 1700 | F28: =E28*14 -> 23800
A29: 27 | B29: မိုးနဲကွန်ကီးကော်ဘူး | C29: 1 | D29: ၁ x ၁၂ | E29: 2100 | F29: =E29*12 -> 25200
A30: 28 | B30: Formula Rum 700ml | C30: 0.7 | D30: ၁ x ၁၂ | E30: 3600 | F30: =E30*12 -> 43200
A31: 29 | B31: Formula Rum 350ml | C31: 0.35 | D31: ၁ x ၂၄ | E31: 2100 | F31: =E31*24 -> 50400
A32: 30 | B32: ချယ်ရီအရက်သန့် | C32: 0.64 | D32: ၁ x ၁၄ | E32: 1380 | F32: =E32*14 -> 19320
A33: 31 | B33: ချယ်ရီကော်ဘူး(.6 Liter) | C33: 0.6 | D33: ၁ x ၂၄ | E33: 875 | F33: =E33*24 -> 21000
A34: 32 | B34: ချယ်ရီသံပုရာကော်ဘူး(.6 Liter) | C34: 0.6 | D34: ၁ x ၂၄ | E34: 915 | F34: =E34*24 -> 21960
A35: 33 | B35: ချယ်ရီသံပုရာကော်ဘူး(1 Liter) | C35: 1 | D35: ၁ x ၁၂ | E35: 1260 | F35: =E35*12 -> 15120
A36: 34 | B36: ရွှေမန်း Rum | C36: 0.64 | D36: ၁ x ၁၄ | E36: 1500 | F36: =E36*12 -> 18000
A37: 35 | B37: ရွှေမန်းRum ကော်ဘူး (1 Liter) | C37: 1 | D37: ၁ x 12 | E37: 1600 | F37: =E37*12 -> 19200
A38: 36 | B38: Col 700ml | C38: 0.7 | D38: ၁ x ၁၂ | E38: 4500 | F38: =E38*12 -> 54000
A39: 37 | B39: Col 350ml | C39: 0.35 | D39: ၁ x ၂၄ | E39: 2300 | F39: =E39*24 -> 55200
A40: 38 | B40: Col 175ml | C40: 0.175 | D40: ၁ x ၄၈ | E40: 1300 | F40: =E40*48 -> 62400
A41: 39 | B41: Col 700ml Smooth | C41: 0.7 | D41: ၁ x ၁၂ | E41: 5200 | F41: =E41*12 -> 62400
A42: 40 | B42: Col 350ml Smooth | C42: 0.35 | D42: ၁ x ၂၄ | E42: 2600 | F42: =E42*24 -> 62400
A43: 41 | B43: Col 175ml Smooth | C43: 0.175 | D43: ၁ x ၄၈ | E43: 1450 | F43: =E43*48 -> 69600
A44: 42 | B44: Ngwe Taung 700ml | C44: 0.7 | D44: ၁ x ၁၂ | E44: 4700 | F44: =E44*12 -> 56400

Sheet 7-MTL
A1: MTL | CH1: 2025
A2: Sr. | B2: Product Name | D2: Ranking | E2: ML | F2: Packing | G2: Sales Price | H2: 44562 | J2: 44593 | L2: 44621 | N2: 44652 | P2: 44682 | R2: 44713 | T2: 44743 | V2: 44774 | X2: 44805 | Z2: 44835 | AB2: 44866 | AD2: 44896 | AF2: 2022 Sum | AH2: 44927 | AJ2: 44958 | AL2: 44986 | AN2: 45017 | AP2: 45047 | AR2: 45078 | AT2: 45108 | AV2: 45139 | AX2: 45170 | AZ2: 45200 | BB2: 45231 | BD2: 45261 | BF2: 2023 Sum | BH2: 45292 | BJ2: 45323 | BL2: 45352 | BN2: 45383 | BP2: 45413 | BR2: 45444 | BT2: 45474 | BV2: 45505 | BX2: 45536 | BZ2: 45566 | CB2: 45597 | CD2: 45627 | CF2: 2024 Sum | CH2: 45658 | CJ2: 45689 | CL2: 45717 | CN2: 45748 | CP2: 45778 | CR2: 45809 | CT2: 45839 | CV2: 45870 | CX2: 45901 | CZ2: 45931 | DB2: 45962 | DD2: 45992 | DF2: 2025 Total | DH2: 46023 | DJ2: 46054 | DL2: 46082 | DN2: 46113 | DP2: 46143 | DR2: 46174 | DT2: 46204 | DV2: 46235 | DX2: 46266 | DZ2: 46296 | EB2: 46327 | ED2: 46357 | EF2: 2026 Total
H3: Bot | I3: Lit | J3: Bot | K3: Lit | L3: Bot | M3: Lit | N3: Bot | O3: Lit | P3: Bot | Q3: Lit | R3: Bot | S3: Lit | T3: Bot | U3: Lit | V3: Bot | W3: Lit | X3: Bot | Y3: Lit | Z3: Bot | AA3: Lit | AB3: Bot | AC3: Lit | AD3: Bot | AE3: Lit | AF3: Bot | AG3: Lit | AH3: Bot | AI3: Lit | AJ3: Bot | AK3: Lit | AL3: Bot | AM3: Lit | AN3: Bot | AO3: Lit | AP3: Bot | AQ3: Lit | AR3: Bot | AS3: Lit | AT3: Bot | AU3: Lit | AV3: Bot | AW3: Lit | AX3: Bot | AY3: Lit | AZ3: Bot | BA3: Lit | BB3: Bot | BC3: Lit | BD3: Bot | BE3: Lit | BF3: Bot | BG3: Lit | BH3: Bot | BI3: Lit | BJ3: Bot | BK3: Lit | BL3: Bot | BM3: Lit | BN3: Bot | BO3: Lit | BP3: Bot | BQ3: Lit | BR3: Bot | BS3: Lit | BT3: Bot | BU3: Lit | BV3: Bot | BW3: Lit | BX3: Bot | BY3: Lit | BZ3: Bot | CA3: Lit | CB3: Bot | CC3: Lit | CD3: Bot | CE3: Lit | CF3: Bot | CG3: Lit | CH3: Bot | CI3: Lit | CJ3: Bot | CK3: Lit | CL3: Bot | CM3: Lit | CN3: Bot | CO3: Lit | CP3: Bot | CQ3: Lit | CR3: Bot | CS3: Lit | CT3: Bot | CU3: Lit | CV3: Bot | CW3: Lit | CX3: Bot | CY3: Lit | CZ3: Bot | DA3: Lit | DB3: Bot | DC3: Lit | DD3: Bot | DE3: Lit | DF3: Bot | DG3: Lit | DH3: Bot | DI3: Lit | DJ3: Bot | DK3: Lit | DL3: Bot | DM3: Lit | DN3: Bot | DO3: Lit | DP3: Bot | DQ3: Lit | DR3: Bot | DS3: Lit | DT3: Bot | DU3: Lit | DV3: Bot | DW3: Lit | DX3: Bot | DY3: Lit | DZ3: Bot | EA3: Lit | EB3: Bot | EC3: Lit | ED3: Bot | EE3: Lit | EF3: Bot | EG3: Lit
A4: 1 | B4: "Zay" Vodka 700-ml | C4: ပုလင်း | D4: =RANK(DF4,$DF$4:$DF$144) -> 24 | E4: 0.7 | F4: 1 * 12 | G4: 2020 | H4: 19961 | I4: =H4*$E4 -> 13972.7 | J4: 12844 | K4: =J4*$E4 -> 8990.8 | L4: 22152 | M4: =L4*$E4 -> 15506.4 | N4: 13368 | O4: =N4*$E4 -> 9357.6 | P4: 13720 | Q4: =P4*$E4 -> 9604 | R4: 8880 | S4: =R4*$E4 -> 6216 | T4: 8208 | U4: =T4*$E4 -> 5745.6 | V4: 14127 | W4: =V4*$E4 -> 9888.9 | X4: 6948 | Y4: =X4*$E4 -> 4863.6 | Z4: 3876 | AA4: =Z4*$E4 -> 2713.2 | AB4: 5580 | AC4: =AB4*$E4 -> 3906 | AD4: 4932 | AE4: =AD4*$E4 -> 3452.4 | AF4: =(AD4+AB4+Z4+X4+V4+T4+R4+P4+N4+L4+J4+H4)/1 -> 134596 | AG4: =AF4*$E4 -> 94217.2 | AH4: 6960 | AI4: =AH4*$E4 -> 4872 | AJ4: 6120 | AK4: =AJ4*$E4 -> 4284 | AL4: 4584 | AM4: =AL4*$E4 -> 3208.8 | AN4: 2172 | AO4: =AN4*$E4 -> 1520.4 | AP4: 3288 | AQ4: =AP4*$E4 -> 2301.6 | AR4: 3060 | AS4: =AR4*$E4 -> 2142 | AT4: 2472 | AU4: =AT4*$E4 -> 1730.4 | AV4: 2232 | AW4: =AV4*$E4 -> 1562.4 | AX4: 1032 | AY4: =AX4*$E4 -> 722.4 | AZ4: 2856 | BA4: =AZ4*$E4 -> 1999.2 | BB4: 2235 | BC4: =BB4*$E4 -> 1564.5 | BD4: 3036 | BE4: =BD4*$E4 -> 2125.2 | BF4: =(BD4+BB4+AZ4+AX4+AV4+AT4+AR4+AP4+AN4+AL4+AJ4+AH4)/1 -> 40047 | BG4: =BF4*$E4 -> 28032.9 | BH4: 2178 | BI4: =BH4*$E4 -> 1524.6 | BJ4: 2118 | BK4: =BJ4*$E4 -> 1482.6 | BL4: 2737 | BM4: =BL4*$E4 -> 1915.9 | BN4: 2268 | BO4: =BN4*$E4 -> 1587.6 | BP4: 1992 | BQ4: =BP4*$E4 -> 1394.4 | BR4: 1452 | BS4: =BR4*$E4 -> 1016.4 | BT4: 2598 | BU4: =BT4*$E4 -> 1818.6 | BV4: 2496 | BW4: =BV4*$E4 -> 1747.2 | BX4: 1668 | BY4: =BX4*$E4 -> 1167.6 | BZ4: 948 | CA4: =BZ4*$E4 -> 663.6 | CB4: 1212 | CC4: =CB4*$E4 -> 848.4 | CD4: 3264 | CE4: =CD4*$E4 -> 2284.8 | CF4: =(CD4+CB4+BZ4+BX4+BV4+BT4+BR4+BP4+BN4+BL4+BJ4+BH4)/1 -> 24931 | CG4: =CF4*$E4 -> 17451.7 | CH4: 1308 | CI4: =CH4*$E4 -> 915.6 | CJ4: 1860 | CK4: =CJ4*$E4 -> 1302 | CL4: 840 | CM4: =CL4*$E4 -> 588 | CN4: 358 | CO4: =CN4*$E4 -> 250.6 | CP4: 2640 | CQ4: =CP4*$E4 -> 1848 | CR4: 696 | CS4: =CR4*$E4 -> 487.2 | CT4: 576 | CU4: =CT4*$E4 -> 403.2 | CV4: 660 | CW4: =CV4*$E4 -> 462 | CX4: 1322 | CY4: 925.4 | CZ4: 624 | DA4: 436.8 | DB4: 1740 | DC4: 1218 | DD4: 960 | DE4: 672 | DF4: =SUM(CH4,CJ4,CL4,CN4,CP4,CR4,CT4,CV4,CX4,CZ4,DB4,DD4) -> 13584 | DG4: =DF4*$E4 -> 9508.8 | DH4: 1224 | DI4: 856.8 | DJ4: 900 | DK4: =DJ4*$E4 -> 630 | EF4: =SUM(DH4,DJ4,DL4,DN4,DP4,DR4,DT4,DV4,DX4,DZ4,EB4,ED4) -> 2124 | EG4: =SUM(DI4,DK4,DM4,DO4,DQ4,DS4,DU4,DW4,DY4,EA4,EC4,EE4) -> 1486.8
I5: =H5*$E5 -> 0 | K5: =J5*$E5 -> 0 | M5: =L5*$E5 -> 0 | O5: =N5*$E5 -> 0 | Q5: =P5*$E5 -> 0 | S5: =R5*$E5 -> 0 | U5: =T5*$E5 -> 0 | W5: =V5*$E5 -> 0 | Y5: =X5*$E5 -> 0 | AA5: =Z5*$E5 -> 0 | AC5: =AB5*$E5 -> 0 | AE5: =AD5*$E5 -> 0 | AF5: =(AD5+AB5+Z5+X5+V5+T5+R5+P5+N5+L5+J5+H5)/1 -> 0 | AG5: =AF5*$E5 -> 0 | AI5: =AH5*$E5 -> 0 | AK5: =AJ5*$E5 -> 0 | AM5: =AL5*$E5 -> 0 | AO5: =AN5*$E5 -> 0 | AQ5: =AP5*$E5 -> 0 | AS5: =AR5*$E5 -> 0 | AU5: =AT5*$E5 -> 0 | AW5: =AV5*$E5 -> 0 | AY5: =AX5*$E5 -> 0 | BA5: =AZ5*$E5 -> 0 | BC5: =BB5*$E5 -> 0 | BE5: =BD5*$E5 -> 0 | BF5: =(BD5+BB5+AZ5+AX5+AV5+AT5+AR5+AP5+AN5+AL5+AJ5+AH5)/1 -> 0 | BG5: =BF5*$E5 -> 0 | BI5: =BH5*$E5 -> 0 | BK5: =BJ5*$E5 -> 0 | BM5: =BL5*$E5 -> 0 | BO5: =BN5*$E5 -> 0 | BQ5: =BP5*$E5 -> 0 | BS5: =BR5*$E5 -> 0 | BU5: =BT5*$E5 -> 0 | BW5: =BV5*$E5 -> 0 | BY5: =BX5*$E5 -> 0 | CA5: =BZ5*$E5 -> 0 | CC5: =CB5*$E5 -> 0 | CE5: =CD5*$E5 -> 0 | CF5: =(CD5+CB5+BZ5+BX5+BV5+BT5+BR5+BP5+BN5+BL5+BJ5+BH5)/1 -> 0 | CG5: =CF5*$E5 -> 0 | CI5: =CH5*$E5 -> 0 | CK5: =CJ5*$E5 -> 0 | CM5: =CL5*$E5 -> 0 | CO5: =CN5*$E5 -> 0 | CQ5: =CP5*$E5 -> 0 | CS5: =CR5*$E5 -> 0 | CU5: =CT5*$E5 -> 0 | CW5: =CV5*$E5 -> 0 | CY5: 0 | DA5: 0 | DC5: 0 | DE5: 0 | DF5: =SUM(CH5,CJ5,CL5,CN5,CP5,CR5,CT5,CV5,CX5,CZ5,DB5,DD5) -> 0 | DG5: =DF5*$E5 -> 0 | DI5: 0 | DK5: =DJ5*$E5 -> 0 | EF5: =SUM(DH5,DJ5,DL5,DN5,DP5,DR5,DT5,DV5,DX5,DZ5,EB5,ED5) -> 0 | EG5: =SUM(DI5,DK5,DM5,DO5,DQ5,DS5,DU5,DW5,DY5,EA5,EC5,EE5) -> 0
A6: 2 | B6: "Zay" Vodka (1 Liter) | C6: ‌ကော်ဘူး | D6: =RANK(DF6,$DF$4:$DF$144) -> 35 | E6: 1 | F6: 1 * 12 | I6: =H6*$E6 -> 0 | K6: =J6*$E6 -> 0 | M6: =L6*$E6 -> 0 | O6: =N6*$E6 -> 0 | Q6: =P6*$E6 -> 0 | S6: =R6*$E6 -> 0 | U6: =T6*$E6 -> 0 | W6: =V6*$E6 -> 0 | Y6: =X6*$E6 -> 0 | AA6: =Z6*$E6 -> 0 | AC6: =AB6*$E6 -> 0 | AE6: =AD6*$E6 -> 0 | AF6: =(AD6+AB6+Z6+X6+V6+T6+R6+P6+N6+L6+J6+H6)/1 -> 0 | AG6: =AF6*$E6 -> 0 | AI6: =AH6*$E6 -> 0 | AK6: =AJ6*$E6 -> 0 | AM6: =AL6*$E6 -> 0 | AO6: =AN6*$E6 -> 0 | AQ6: =AP6*$E6 -> 0 | AS6: =AR6*$E6 -> 0 | AU6: =AT6*$E6 -> 0 | AW6: =AV6*$E6 -> 0 | AY6: =AX6*$E6 -> 0 | BA6: =AZ6*$E6 -> 0 | BC6: =BB6*$E6 -> 0 | BE6: =BD6*$E6 -> 0 | BF6: =(BD6+BB6+AZ6+AX6+AV6+AT6+AR6+AP6+AN6+AL6+AJ6+AH6)/1 -> 0 | BG6: =BF6*$E6 -> 0 | BI6: =BH6*$E6 -> 0 | BK6: =BJ6*$E6 -> 0 | BM6: =BL6*$E6 -> 0 | BO6: =BN6*$E6 -> 0 | BQ6: =BP6*$E6 -> 0 | BS6: =BR6*$E6 -> 0 | BU6: =BT6*$E6 -> 0 | BW6: =BV6*$E6 -> 0 | BY6: =BX6*$E6 -> 0 | CA6: =BZ6*$E6 -> 0 | CC6: =CB6*$E6 -> 0 | CE6: =CD6*$E6 -> 0 | CF6: =(CD6+CB6+BZ6+BX6+BV6+BT6+BR6+BP6+BN6+BL6+BJ6+BH6)/1 -> 0 | CG6: =CF6*$E6 -> 0 | CI6: =CH6*$E6 -> 0 | CK6: =CJ6*$E6 -> 0 | CM6: =CL6*$E6 -> 0 | CO6: =CN6*$E6 -> 0 | CQ6: =CP6*$E6 -> 0 | CS6: =CR6*$E6 -> 0 | CU6: =CT6*$E6 -> 0 | CW6: =CV6*$E6 -> 0 | CY6: 0 | DA6: 0 | DC6: 0 | DE6: 0 | DF6: =SUM(CH6,CJ6,CL6,CN6,CP6,CR6,CT6,CV6,CX6,CZ6,DB6,DD6) -> 0 | DG6: =DF6*$E6 -> 0 | DI6: 0 | DK6: =DJ6*$E6 -> 0 | EF6: =SUM(DH6,DJ6,DL6,DN6,DP6,DR6,DT6,DV6,DX6,DZ6,EB6,ED6) -> 0 | EG6: =SUM(DI6,DK6,DM6,DO6,DQ6,DS6,DU6,DW6,DY6,EA6,EC6,EE6) -> 0
A7: 3 | B7: "Zay" (1 Liter) | C7: ‌ကော်ဘူး | D7: =RANK(DF7,$DF$4:$DF$144) -> 34 | E7: 1 | F7: 1 * 12 | G7: 1680 | H7: 972 | I7: =H7*$E7 -> 972 | J7: 468 | K7: =J7*$E7 -> 468 | M7: =L7*$E7 -> 0 | N7: 420 | O7: =N7*$E7 -> 420 | P7: 600 | Q7: =P7*$E7 -> 600 | S7: =R7*$E7 -> 0 | U7: =T7*$E7 -> 0 | V7: 420 | W7: =V7*$E7 -> 420 | X7: 288 | Y7: =X7*$E7 -> 288 | Z7: 180 | AA7: =Z7*$E7 -> 180 | AC7: =AB7*$E7 -> 0 | AD7: 120 | AE7: =AD7*$E7 -> 120 | AF7: =(AD7+AB7+Z7+X7+V7+T7+R7+P7+N7+L7+J7+H7)/1 -> 3468 | AG7: =AF7*$E7 -> 3468 | AH7: 120 | AI7: =AH7*$E7 -> 120 | AK7: =AJ7*$E7 -> 0 | AL7: 60 | AM7: =AL7*$E7 -> 60 | AO7: =AN7*$E7 -> 0 | AP7: 300 | AQ7: =AP7*$E7 -> 300 | AS7: =AR7*$E7 -> 0 | AU7: =AT7*$E7 -> 0 | AW7: =AV7*$E7 -> 0 | AX7: 180 | AY7: =AX7*$E7 -> 180 | AZ7: 12 | BA7: =AZ7*$E7 -> 12 | BB7: 828 | BC7: =BB7*$E7 -> 828 | BD7: 600 | BE7: =BD7*$E7 -> 600 | BF7: =(BD7+BB7+AZ7+AX7+AV7+AT7+AR7+AP7+AN7+AL7+AJ7+AH7)/1 -> 2100 | BG7: =BF7*$E7 -> 2100 | BI7: =BH7*$E7 -> 0 | BJ7: 240 | BK7: =BJ7*$E7 -> 240 | BM7: =BL7*$E7 -> 0 | BO7: =BN7*$E7 -> 0 | BP7: 660 | BQ7: =BP7*$E7 -> 660 | BS7: =BR7*$E7 -> 0 | BU7: =BT7*$E7 -> 0 | BW7: =BV7*$E7 -> 0 | BY7: =BX7*$E7 -> 0 | CA7: =BZ7*$E7 -> 0 | CC7: =CB7*$E7 -> 0 | CE7: =CD7*$E7 -> 0 | CF7: =(CD7+CB7+BZ7+BX7+BV7+BT7+BR7+BP7+BN7+BL7+BJ7+BH7)/1 -> 900 | CG7: =CF7*$E7 -> 900 | CI7: =CH7*$E7 -> 0 | CK7: =CJ7*$E7 -> 0 | CM7: =CL7*$E7 -> 0 | CO7: =CN7*$E7 -> 0 | CQ7: =CP7*$E7 -> 0 | CS7: =CR7*$E7 -> 0 | CT7: 24 | CU7: =CT7*$E7 -> 24 | CW7: =CV7*$E7 -> 0 | CY7: 0 | DA7: 0 | DC7: 0 | DE7: 0 | DF7: =SUM(CH7,CJ7,CL7,CN7,CP7,CR7,CT7,CV7,CX7,CZ7,DB7,DD7) -> 24 | DG7: =DF7*$E7 -> 24 | DI7: 0 | DK7: =DJ7*$E7 -> 0 | EF7: =SUM(DH7,DJ7,DL7,DN7,DP7,DR7,DT7,DV7,DX7,DZ7,EB7,ED7) -> 0 | EG7: =SUM(DI7,DK7,DM7,DO7,DQ7,DS7,DU7,DW7,DY7,EA7,EC7,EE7) -> 0
A8: 4 | B8: "Zay" (0.6 Liter) | C8: ‌ကော်ဘူး | D8: =RANK(DF8,$DF$4:$DF$144) -> 35 | E8: 0.6 | F8: 1 * 12 | G8: 1130 | I8: =H8*$E8 -> 0 | K8: =J8*$E8 -> 0 | M8: =L8*$E8 -> 0 | O8: =N8*$E8 -> 0 | P8: 84 | Q8: =P8*$E8 -> 50.4 | R8: 720 | S8: =R8*$E8 -> 432 | U8: =T8*$E8 -> 0 | V8: 24 | W8: =V8*$E8 -> 14.4 | Y8: =X8*$E8 -> 0 | AA8: =Z8*$E8 -> 0 | AC8: =AB8*$E8 -> 0 | AE8: =AD8*$E8 -> 0 | AF8: =(AD8+AB8+Z8+X8+V8+T8+R8+P8+N8+L8+J8+H8)/1 -> 828 | AG8: =AF8*$E8 -> 496.8 | AH8: 60 | AI8: =AH8*$E8 -> 36 | AK8: =AJ8*$E8 -> 0 | AM8: =AL8*$E8 -> 0 | AO8: =AN8*$E8 -> 0 | AQ8: =AP8*$E8 -> 0 | AS8: =AR8*$E8 -> 0 | AU8: =AT8*$E8 -> 0 | AW8: =AV8*$E8 -> 0 | AY8: =AX8*$E8 -> 0 | BA8: =AZ8*$E8 -> 0 | BB8: 60 | BC8: =BB8*$E8 -> 36 | BE8: =BD8*$E8 -> 0 | BF8: =(BD8+BB8+AZ8+AX8+AV8+AT8+AR8+AP8+AN8+AL8+AJ8+AH8)/1 -> 120 | BG8: =BF8*$E8 -> 72 | BI8: =BH8*$E8 -> 0 | BK8: =BJ8*$E8 -> 0 | BM8: =BL8*$E8 -> 0 | BO8: =BN8*$E8 -> 0 | BQ8: =BP8*$E8 -> 0 | BS8: =BR8*$E8 -> 0 | BU8: =BT8*$E8 -> 0 | BW8: =BV8*$E8 -> 0 | BY8: =BX8*$E8 -> 0 | CA8: =BZ8*$E8 -> 0 | CC8: =CB8*$E8 -> 0 | CE8: =CD8*$E8 -> 0 | CF8: =(CD8+CB8+BZ8+BX8+BV8+BT8+BR8+BP8+BN8+BL8+BJ8+BH8)/1 -> 0 | CG8: =CF8*$E8 -> 0 | CI8: =CH8*$E8 -> 0 | CK8: =CJ8*$E8 -> 0 | CM8: =CL8*$E8 -> 0 | CO8: =CN8*$E8 -> 0 | CQ8: =CP8*$E8 -> 0 | CS8: =CR8*$E8 -> 0 | CU8: =CT8*$E8 -> 0 | CW8: =CV8*$E8 -> 0 | CY8: 0 | DA8: 0 | DC8: 0 | DE8: 0 | DF8: =SUM(CH8,CJ8,CL8,CN8,CP8,CR8,CT8,CV8,CX8,CZ8,DB8,DD8) -> 0 | DG8: =DF8*$E8 -> 0 | DI8: 0 | DK8: =DJ8*$E8 -> 0 | EF8: =SUM(DH8,DJ8,DL8,DN8,DP8,DR8,DT8,DV8,DX8,DZ8,EB8,ED8) -> 0 | EG8: =SUM(DI8,DK8,DM8,DO8,DQ8,DS8,DU8,DW8,DY8,EA8,EC8,EE8) -> 0
A9: 5 | B9: "Zay" (0.35 Liter) | C9: ‌ကော်ဘူး | D9: =RANK(DF9,$DF$4:$DF$144) -> 35 | E9: 0.35 | F9: 1 * 40 | I9: =H9*$E9 -> 0 | K9: =J9*$E9 -> 0 | M9: =L9*$E9 -> 0 | O9: =N9*$E9 -> 0 | Q9: =P9*$E9 -> 0 | S9: =R9*$E9 -> 0 | U9: =T9*$E9 -> 0 | W9: =V9*$E9 -> 0 | Y9: =X9*$E9 -> 0 | AA9: =Z9*$E9 -> 0 | AC9: =AB9*$E9 -> 0 | AE9: =AD9*$E9 -> 0 | AF9: =(AD9+AB9+Z9+X9+V9+T9+R9+P9+N9+L9+J9+H9)/1 -> 0 | AG9: =AF9*$E9 -> 0 | AI9: =AH9*$E9 -> 0 | AK9: =AJ9*$E9 -> 0 | AM9: =AL9*$E9 -> 0 | AO9: =AN9*$E9 -> 0 | AQ9: =AP9*$E9 -> 0 | AS9: =AR9*$E9 -> 0 | AU9: =AT9*$E9 -> 0 | AW9: =AV9*$E9 -> 0 | AY9: =AX9*$E9 -> 0 | BA9: =AZ9*$E9 -> 0 | BC9: =BB9*$E9 -> 0 | BE9: =BD9*$E9 -> 0 | BF9: =(BD9+BB9+AZ9+AX9+AV9+AT9+AR9+AP9+AN9+AL9+AJ9+AH9)/1 -> 0 | BG9: =BF9*$E9 -> 0 | BI9: =BH9*$E9 -> 0 | BK9: =BJ9*$E9 -> 0 | BM9: =BL9*$E9 -> 0 | BO9: =BN9*$E9 -> 0 | BQ9: =BP9*$E9 -> 0 | BS9: =BR9*$E9 -> 0 | BU9: =BT9*$E9 -> 0 | BW9: =BV9*$E9 -> 0 | BY9: =BX9*$E9 -> 0 | CA9: =BZ9*$E9 -> 0 | CC9: =CB9*$E9 -> 0 | CE9: =CD9*$E9 -> 0 | CF9: =(CD9+CB9+BZ9+BX9+BV9+BT9+BR9+BP9+BN9+BL9+BJ9+BH9)/1 -> 0 | CG9: =CF9*$E9 -> 0 | CI9: =CH9*$E9 -> 0 | CK9: =CJ9*$E9 -> 0 | CM9: =CL9*$E9 -> 0 | CO9: =CN9*$E9 -> 0 | CQ9: =CP9*$E9 -> 0 | CS9: =CR9*$E9 -> 0 | CU9: =CT9*$E9 -> 0 | CW9: =CV9*$E9 -> 0 | CY9: 0 | DA9: 0 | DC9: 0 | DE9: 0 | DF9: =SUM(CH9,CJ9,CL9,CN9,CP9,CR9,CT9,CV9,CX9,CZ9,DB9,DD9) -> 0 | DG9: =DF9*$E9 -> 0 | DI9: 0 | DK9: =DJ9*$E9 -> 0 | EF9: =SUM(DH9,DJ9,DL9,DN9,DP9,DR9,DT9,DV9,DX9,DZ9,EB9,ED9) -> 0 | EG9: =SUM(DI9,DK9,DM9,DO9,DQ9,DS9,DU9,DW9,DY9,EA9,EC9,EE9) -> 0
A10: 6 | B10: "Zay" Vodka | C10: ပုလင်း | D10: =RANK(DF10,$DF$4:$DF$144) -> 35 | E10: 0.7 | F10: 1 * 12 | I10: =H10*$E10 -> 0 | K10: =J10*$E10 -> 0 | M10: =L10*$E10 -> 0 | O10: =N10*$E10 -> 0 | Q10: =P10*$E10 -> 0 | S10: =R10*$E10 -> 0 | U10: =T10*$E10 -> 0 | W10: =V10*$E10 -> 0 | Y10: =X10*$E10 -> 0 | AA10: =Z10*$E10 -> 0 | AC10: =AB10*$E10 -> 0 | AE10: =AD10*$E10 -> 0 | AF10: =(AD10+AB10+Z10+X10+V10+T10+R10+P10+N10+L10+J10+H10)/1 -> 0 | AG10: =AF10*$E10 -> 0 | AI10: =AH10*$E10 -> 0 | AK10: =AJ10*$E10 -> 0 | AM10: =AL10*$E10 -> 0 | AO10: =AN10*$E10 -> 0 | AQ10: =AP10*$E10 -> 0 | AS10: =AR10*$E10 -> 0 | AU10: =AT10*$E10 -> 0 | AW10: =AV10*$E10 -> 0 | AY10: =AX10*$E10 -> 0 | BA10: =AZ10*$E10 -> 0 | BC10: =BB10*$E10 -> 0 | BE10: =BD10*$E10 -> 0 | BF10: =(BD10+BB10+AZ10+AX10+AV10+AT10+AR10+AP10+AN10+AL10+AJ10+AH10)/1 -> 0 | BG10: =BF10*$E10 -> 0 | BI10: =BH10*$E10 -> 0 | BK10: =BJ10*$E10 -> 0 | BM10: =BL10*$E10 -> 0 | BO10: =BN10*$E10 -> 0 | BQ10: =BP10*$E10 -> 0 | BS10: =BR10*$E10 -> 0 | BU10: =BT10*$E10 -> 0 | BW10: =BV10*$E10 -> 0 | BY10: =BX10*$E10 -> 0 | CA10: =BZ10*$E10 -> 0 | CC10: =CB10*$E10 -> 0 | CE10: =CD10*$E10 -> 0 | CF10: =(CD10+CB10+BZ10+BX10+BV10+BT10+BR10+BP10+BN10+BL10+BJ10+BH10)/1 -> 0 | CG10: =CF10*$E10 -> 0 | CI10: =CH10*$E10 -> 0 | CK10: =CJ10*$E10 -> 0 | CM10: =CL10*$E10 -> 0 | CO10: =CN10*$E10 -> 0 | CQ10: =CP10*$E10 -> 0 | CS10: =CR10*$E10 -> 0 | CU10: =CT10*$E10 -> 0 | CW10: =CV10*$E10 -> 0 | CY10: 0 | DA10: 0 | DC10: 0 | DE10: 0 | DF10: =SUM(CH10,CJ10,CL10,CN10,CP10,CR10,CT10,CV10,CX10,CZ10,DB10,DD10) -> 0 | DG10: =DF10*$E10 -> 0 | DI10: 0 | DK10: =DJ10*$E10 -> 0 | EF10: =SUM(DH10,DJ10,DL10,DN10,DP10,DR10,DT10,DV10,DX10,DZ10,EB10,ED10) -> 0 | EG10: =SUM(DI10,DK10,DM10,DO10,DQ10,DS10,DU10,DW10,DY10,EA10,EC10,EE10) -> 0
A11: 7 | B11: "Zay" Vodka - 640ml | C11: ပုလင်း | D11: =RANK(DF11,$DF$4:$DF$144) -> 35 | E11: 0.64 | F11: 1 * 24 | I11: =H11*$E11 -> 0 | K11: =J11*$E11 -> 0 | M11: =L11*$E11 -> 0 | O11: =N11*$E11 -> 0 | Q11: =P11*$E11 -> 0 | S11: =R11*$E11 -> 0 | U11: =T11*$E11 -> 0 | W11: =V11*$E11 -> 0 | Y11: =X11*$E11 -> 0 | AA11: =Z11*$E11 -> 0 | AC11: =AB11*$E11 -> 0 | AE11: =AD11*$E11 -> 0 | AF11: =(AD11+AB11+Z11+X11+V11+T11+R11+P11+N11+L11+J11+H11)/1 -> 0 | AG11: =AF11*$E11 -> 0 | AI11: =AH11*$E11 -> 0 | AK11: =AJ11*$E11 -> 0 | AM11: =AL11*$E11 -> 0 | AO11: =AN11*$E11 -> 0 | AQ11: =AP11*$E11 -> 0 | AS11: =AR11*$E11 -> 0 | AU11: =AT11*$E11 -> 0 | AW11: =AV11*$E11 -> 0 | AY11: =AX11*$E11 -> 0 | BA11: =AZ11*$E11 -> 0 | BC11: =BB11*$E11 -> 0 | BE11: =BD11*$E11 -> 0 | BF11: =(BD11+BB11+AZ11+AX11+AV11+AT11+AR11+AP11+AN11+AL11+AJ11+AH11)/1 -> 0 | BG11: =BF11*$E11 -> 0 | BI11: =BH11*$E11 -> 0 | BK11: =BJ11*$E11 -> 0 | BM11: =BL11*$E11 -> 0 | BO11: =BN11*$E11 -> 0 | BQ11: =BP11*$E11 -> 0 | BS11: =BR11*$E11 -> 0 | BU11: =BT11*$E11 -> 0 | BW11: =BV11*$E11 -> 0 | BY11: =BX11*$E11 -> 0 | CA11: =BZ11*$E11 -> 0 | CC11: =CB11*$E11 -> 0 | CE11: =CD11*$E11 -> 0 | CF11: =(CD11+CB11+BZ11+BX11+BV11+BT11+BR11+BP11+BN11+BL11+BJ11+BH11)/1 -> 0 | CG11: =CF11*$E11 -> 0 | CI11: =CH11*$E11 -> 0 | CK11: =CJ11*$E11 -> 0 | CM11: =CL11*$E11 -> 0 | CO11: =CN11*$E11 -> 0 | CQ11: =CP11*$E11 -> 0 | CS11: =CR11*$E11 -> 0 | CU11: =CT11*$E11 -> 0 | CW11: =CV11*$E11 -> 0 | CY11: 0 | DA11: 0 | DC11: 0 | DE11: 0 | DF11: =SUM(CH11,CJ11,CL11,CN11,CP11,CR11,CT11,CV11,CX11,CZ11,DB11,DD11) -> 0 | DG11: =DF11*$E11 -> 0 | DI11: 0 | DK11: =DJ11*$E11 -> 0 | EF11: =SUM(DH11,DJ11,DL11,DN11,DP11,DR11,DT11,DV11,DX11,DZ11,EB11,ED11) -> 0 | EG11: =SUM(DI11,DK11,DM11,DO11,DQ11,DS11,DU11,DW11,DY11,EA11,EC11,EE11) -> 0
A12: 8 | B12: "Zay" Vodka - 640ml | C12: ပုလင်း | D12: =RANK(DF12,$DF$4:$DF$144) -> 2 | E12: 0.64 | F12: 1 * 14 | G12: 1380 | H12: 143122 | I12: =H12*$E12 -> 91598.08 | J12: 132174 | K12: =J12*$E12 -> 84591.36 | L12: 157940 | M12: =L12*$E12 -> 101081.6 | N12: 137970 | O12: =N12*$E12 -> 88300.8 | P12: 133700 | Q12: =P12*$E12 -> 85568 | R12: 144732 | S12: =R12*$E12 -> 92628.48 | T12: 133392 | U12: =T12*$E12 -> 85370.88 | V12: 124475 | W12: =V12*$E12 -> 79664 | X12: 130676 | Y12: =X12*$E12 -> 83632.64 | Z12: 155238 | AA12: =Z12*$E12 -> 99352.32 | AB12: 159313 | AC12: =AB12*$E12 -> 101960.32 | AD12: 163240 | AE12: =AD12*$E12 -> 104473.6 | AF12: =(AD12+AB12+Z12+X12+V12+T12+R12+P12+N12+L12+J12+H12)/1 -> 1715972 | AG12: =AF12*$E12 -> 1098222.1 | AH12: 171178 | AI12: =AH12*$E12 -> 109553.92 | AJ12: 119966 | AK12: =AJ12*$E12 -> 76778.24 | AL12: 137872 | AM12: =AL12*$E12 -> 88238.08 | AN12: 122472 | AO12: =AN12*$E12 -> 78382.08 | AP12: 120876 | AQ12: =AP12*$E12 -> 77360.64 | AR12: 127344 | AS12: =AR12*$E12 -> 81500.16 | AT12: 132384 | AU12: =AT12*$E12 -> 84725.76 | AV12: 161325 | AW12: =AV12*$E12 -> 103248 | AX12: 133912 | AY12: =AX12*$E12 -> 85703.68 | AZ12: 168854 | BA12: =AZ12*$E12 -> 108066.56 | BB12: 150325 | BC12: =BB12*$E12 -> 96208 | BD12: 185822 | BE12: =BD12*$E12 -> 118926.08 | BF12: =(BD12+BB12+AZ12+AX12+AV12+AT12+AR12+AP12+AN12+AL12+AJ12+AH12)/1 -> 1732330 | BG12: =BF12*$E12 -> 1108691.2 | BH12: 175070 | BI12: =BH12*$E12 -> 112044.8 | BJ12: 155676 | BK12: =BJ12*$E12 -> 99632.64 | BL12: 162568 | BM12: =BL12*$E12 -> 104043.52 | BN12: 148862 | BO12: =BN12*$E12 -> 95271.68 | BP12: 160404 | BQ12: =BP12*$E12 -> 102658.56 | BR12: 149233 | BS12: =BR12*$E12 -> 95509.12 | BT12: 157353 | BU12: =BT12*$E12 -> 100705.92 | BV12: 179116 | BW12: =BV12*$E12 -> 114634.24 | BX12: 170683 | BY12: =BX12*$E12 -> 109237.12 | BZ12: 185136 | CA12: =BZ12*$E12 -> 118487.04 | CB12: 155498 | CC12: =CB12*$E12 -> 99518.72 | CD12: 193405 | CE12: =CD12*$E12 -> 123779.2 | CF12: =(CD12+CB12+BZ12+BX12+BV12+BT12+BR12+BP12+BN12+BL12+BJ12+BH12)/1 -> 1993004 | CG12: =CF12*$E12 -> 1275522.6 | CH12: 179189 | CI12: =CH12*$E12 -> 114680.96 | CJ12: 156743 | CK12: =CJ12*$E12 -> 100315.52 | CL12: 209757 | CM12: =CL12*$E12 -> 134244.48 | CN12: 163352 | CO12: =CN12*$E12 -> 104545.28 | CP12: 167668 | CQ12: =CP12*$E12 -> 107307.52 | CR12: 169518 | CS12: =CR12*$E12 -> 108491.52 | CT12: 154737 | CU12: =CT12*$E12 -> 99031.68 | CV12: 177450 | CW12: =CV12*$E12 -> 113568 | CX12: 159414 | CY12: 102024.96 | CZ12: 150772 | DA12: 96494.08 | DB12: 171122 | DC12: 109518.08 | DD12: 181923 | DE12: 116430.72 | DF12: =SUM(CH12,CJ12,CL12,CN12,CP12,CR12,CT12,CV12,CX12,CZ12,DB12,DD12) -> 2041645 | DG12: =DF12*$E12 -> 1306652.8 | DH12: 128898 | DI12: 82494.72 | DJ12: 121791 | DK12: =DJ12*$E12 -> 77946.24 | EF12: =SUM(DH12,DJ12,DL12,DN12,DP12,DR12,DT12,DV12,DX12,DZ12,EB12,ED12) -> 250689 | EG12: =SUM(DI12,DK12,DM12,DO12,DQ12,DS12,DU12,DW12,DY12,EA12,EC12,EE12) -> 160440.96
A13: 9 | B13: "Zay" Vodka - 640ml | C13: ပုလင်း | D13: =RANK(DF13,$DF$4:$DF$144) -> 35 | E13: 0.64 | F13: 1 * 12 | I13: =H13*$E13 -> 0 | K13: =J13*$E13 -> 0 | M13: =L13*$E13 -> 0 | O13: =N13*$E13 -> 0 | Q13: =P13*$E13 -> 0 | S13: =R13*$E13 -> 0 | U13: =T13*$E13 -> 0 | W13: =V13*$E13 -> 0 | Y13: =X13*$E13 -> 0 | AA13: =Z13*$E13 -> 0 | AC13: =AB13*$E13 -> 0 | AE13: =AD13*$E13 -> 0 | AF13: =(AD13+AB13+Z13+X13+V13+T13+R13+P13+N13+L13+J13+H13)/1 -> 0 | AG13: =AF13*$E13 -> 0 | AI13: =AH13*$E13 -> 0 | AK13: =AJ13*$E13 -> 0 | AM13: =AL13*$E13 -> 0 | AO13: =AN13*$E13 -> 0 | AQ13: =AP13*$E13 -> 0 | AS13: =AR13*$E13 -> 0 | AU13: =AT13*$E13 -> 0 | AW13: =AV13*$E13 -> 0 | AY13: =AX13*$E13 -> 0 | BA13: =AZ13*$E13 -> 0 | BC13: =BB13*$E13 -> 0 | BE13: =BD13*$E13 -> 0 | BF13: =(BD13+BB13+AZ13+AX13+AV13+AT13+AR13+AP13+AN13+AL13+AJ13+AH13)/1 -> 0 | BG13: =BF13*$E13 -> 0 | BI13: =BH13*$E13 -> 0 | BK13: =BJ13*$E13 -> 0 | BM13: =BL13*$E13 -> 0 | BO13: =BN13*$E13 -> 0 | BQ13: =BP13*$E13 -> 0 | BS13: =BR13*$E13 -> 0 | BU13: =BT13*$E13 -> 0 | BW13: =BV13*$E13 -> 0 | BY13: =BX13*$E13 -> 0 | CA13: =BZ13*$E13 -> 0 | CC13: =CB13*$E13 -> 0 | CE13: =CD13*$E13 -> 0 | CF13: =(CD13+CB13+BZ13+BX13+BV13+BT13+BR13+BP13+BN13+BL13+BJ13+BH13)/1 -> 0 | CG13: =CF13*$E13 -> 0 | CI13: =CH13*$E13 -> 0 | CK13: =CJ13*$E13 -> 0 | CM13: =CL13*$E13 -> 0 | CO13: =CN13*$E13 -> 0 | CQ13: =CP13*$E13 -> 0 | CS13: =CR13*$E13 -> 0 | CU13: =CT13*$E13 -> 0 | CW13: =CV13*$E13 -> 0 | CY13: 0 | DA13: 0 | DC13: 0 | DE13: 0 | DF13: =SUM(CH13,CJ13,CL13,CN13,CP13,CR13,CT13,CV13,CX13,CZ13,DB13,DD13) -> 0 | DG13: =DF13*$E13 -> 0 | DI13: 0 | DK13: =DJ13*$E13 -> 0 | EF13: =SUM(DH13,DJ13,DL13,DN13,DP13,DR13,DT13,DV13,DX13,DZ13,EB13,ED13) -> 0 | EG13: =SUM(DI13,DK13,DM13,DO13,DQ13,DS13,DU13,DW13,DY13,EA13,EC13,EE13) -> 0
A14: 10 | B14: "Zay" - 640ml | C14: ပုလင်း | D14: =RANK(DF14,$DF$4:$DF$144) -> 35 | E14: 0.64 | F14: 1 * 14 | I14: =H14*$E14 -> 0 | K14: =J14*$E14 -> 0 | M14: =L14*$E14 -> 0 | O14: =N14*$E14 -> 0 | Q14: =P14*$E14 -> 0 | S14: =R14*$E14 -> 0 | U14: =T14*$E14 -> 0 | W14: =V14*$E14 -> 0 | Y14: =X14*$E14 -> 0 | AA14: =Z14*$E14 -> 0 | AC14: =AB14*$E14 -> 0 | AE14: =AD14*$E14 -> 0 | AF14: =(AD14+AB14+Z14+X14+V14+T14+R14+P14+N14+L14+J14+H14)/1 -> 0 | AG14: =AF14*$E14 -> 0 | AI14: =AH14*$E14 -> 0 | AK14: =AJ14*$E14 -> 0 | AM14: =AL14*$E14 -> 0 | AO14: =AN14*$E14 -> 0 | AQ14: =AP14*$E14 -> 0 | AS14: =AR14*$E14 -> 0 | AU14: =AT14*$E14 -> 0 | AW14: =AV14*$E14 -> 0 | AY14: =AX14*$E14 -> 0 | BA14: =AZ14*$E14 -> 0 | BC14: =BB14*$E14 -> 0 | BE14: =BD14*$E14 -> 0 | BF14: =(BD14+BB14+AZ14+AX14+AV14+AT14+AR14+AP14+AN14+AL14+AJ14+AH14)/1 -> 0 | BG14: =BF14*$E14 -> 0 | BI14: =BH14*$E14 -> 0 | BK14: =BJ14*$E14 -> 0 | BM14: =BL14*$E14 -> 0 | BO14: =BN14*$E14 -> 0 | BQ14: =BP14*$E14 -> 0 | BS14: =BR14*$E14 -> 0 | BU14: =BT14*$E14 -> 0 | BW14: =BV14*$E14 -> 0 | BY14: =BX14*$E14 -> 0 | CA14: =BZ14*$E14 -> 0 | CC14: =CB14*$E14 -> 0 | CE14: =CD14*$E14 -> 0 | CF14: =(CD14+CB14+BZ14+BX14+BV14+BT14+BR14+BP14+BN14+BL14+BJ14+BH14)/1 -> 0 | CG14: =CF14*$E14 -> 0 | CI14: =CH14*$E14 -> 0 | CK14: =CJ14*$E14 -> 0 | CM14: =CL14*$E14 -> 0 | CO14: =CN14*$E14 -> 0 | CQ14: =CP14*$E14 -> 0 | CS14: =CR14*$E14 -> 0 | CU14: =CT14*$E14 -> 0 | CW14: =CV14*$E14 -> 0 | CY14: 0 | DA14: 0 | DC14: 0 | DE14: 0 | DF14: =SUM(CH14,CJ14,CL14,CN14,CP14,CR14,CT14,CV14,CX14,CZ14,DB14,DD14) -> 0 | DG14: =DF14*$E14 -> 0 | DI14: 0 | DK14: =DJ14*$E14 -> 0 | EF14: =SUM(DH14,DJ14,DL14,DN14,DP14,DR14,DT14,DV14,DX14,DZ14,EB14,ED14) -> 0 | EG14: =SUM(DI14,DK14,DM14,DO14,DQ14,DS14,DU14,DW14,DY14,EA14,EC14,EE14) -> 0
I15: =H15*$E15 -> 0 | K15: =J15*$E15 -> 0 | M15: =L15*$E15 -> 0 | O15: =N15*$E15 -> 0 | Q15: =P15*$E15 -> 0 | S15: =R15*$E15 -> 0 | U15: =T15*$E15 -> 0 | W15: =V15*$E15 -> 0 | Y15: =X15*$E15 -> 0 | AA15: =Z15*$E15 -> 0 | AC15: =AB15*$E15 -> 0 | AE15: =AD15*$E15 -> 0 | AF15: =(AD15+AB15+Z15+X15+V15+T15+R15+P15+N15+L15+J15+H15)/1 -> 0 | AG15: =AF15*$E15 -> 0 | AI15: =AH15*$E15 -> 0 | AK15: =AJ15*$E15 -> 0 | AM15: =AL15*$E15 -> 0 | AO15: =AN15*$E15 -> 0 | AQ15: =AP15*$E15 -> 0 | AS15: =AR15*$E15 -> 0 | AU15: =AT15*$E15 -> 0 | AW15: =AV15*$E15 -> 0 | AY15: =AX15*$E15 -> 0 | BA15: =AZ15*$E15 -> 0 | BC15: =BB15*$E15 -> 0 | BE15: =BD15*$E15 -> 0 | BF15: =(BD15+BB15+AZ15+AX15+AV15+AT15+AR15+AP15+AN15+AL15+AJ15+AH15)/1 -> 0 | BG15: =BF15*$E15 -> 0 | BI15: =BH15*$E15 -> 0 | BK15: =BJ15*$E15 -> 0 | BM15: =BL15*$E15 -> 0 | BO15: =BN15*$E15 -> 0 | BQ15: =BP15*$E15 -> 0 | BS15: =BR15*$E15 -> 0 | BU15: =BT15*$E15 -> 0 | BW15: =BV15*$E15 -> 0 | BY15: =BX15*$E15 -> 0 | CA15: =BZ15*$E15 -> 0 | CC15: =CB15*$E15 -> 0 | CE15: =CD15*$E15 -> 0 | CF15: =(CD15+CB15+BZ15+BX15+BV15+BT15+BR15+BP15+BN15+BL15+BJ15+BH15)/1 -> 0 | CG15: =CF15*$E15 -> 0 | CI15: =CH15*$E15 -> 0 | CK15: =CJ15*$E15 -> 0 | CM15: =CL15*$E15 -> 0 | CO15: =CN15*$E15 -> 0 | CQ15: =CP15*$E15 -> 0 | CS15: =CR15*$E15 -> 0 | CU15: =CT15*$E15 -> 0 | CW15: =CV15*$E15 -> 0 | CY15: 0 | DA15: 0 | DC15: 0 | DE15: 0 | DF15: =SUM(CH15,CJ15,CL15,CN15,CP15,CR15,CT15,CV15,CX15,CZ15,DB15,DD15) -> 0 | DG15: =DF15*$E15 -> 0 | DI15: 0 | DK15: =DJ15*$E15 -> 0 | EF15: =SUM(DH15,DJ15,DL15,DN15,DP15,DR15,DT15,DV15,DX15,DZ15,EB15,ED15) -> 0 | EG15: =SUM(DI15,DK15,DM15,DO15,DQ15,DS15,DU15,DW15,DY15,EA15,EC15,EE15) -> 0
A16: 11 | B16: Kaung Kyi (1 Liter)_25% | C16: ‌ကော်ဘူး | D16: =RANK(DF16,$DF$4:$DF$144) -> 8 | E16: 1 | F16: 1 * 12 | G16: 1530 | H16: 8475 | I16: =H16*$E16 -> 8475 | J16: 7344 | K16: =J16*$E16 -> 7344 | L16: 14040 | M16: =L16*$E16 -> 14040 | N16: 10788 | O16: =N16*$E16 -> 10788 | P16: 5844 | Q16: =P16*$E16 -> 5844 | R16: 7104 | S16: =R16*$E16 -> 7104 | T16: 10047 | U16: =T16*$E16 -> 10047 | V16: 12900 | W16: =V16*$E16 -> 12900 | X16: 8244 | Y16: =X16*$E16 -> 8244 | Z16: 9120 | AA16: =Z16*$E16 -> 9120 | AB16: 13236 | AC16: =AB16*$E16 -> 13236 | AD16: 10632 | AE16: =AD16*$E16 -> 10632 | AF16: =(AD16+AB16+Z16+X16+V16+T16+R16+P16+N16+L16+J16+H16)/1 -> 117774 | AG16: =AF16*$E16 -> 117774 | AH16: 12312 | AI16: =AH16*$E16 -> 12312 | AJ16: 6684 | AK16: =AJ16*$E16 -> 6684 | AL16: 12432 | AM16: =AL16*$E16 -> 12432 | AN16: 12108 | AO16: =AN16*$E16 -> 12108 | AP16: 12456 | AQ16: =AP16*$E16 -> 12456 | AR16: 13150 | AS16: =AR16*$E16 -> 13150 | AT16: 15358 | AU16: =AT16*$E16 -> 15358 | AV16: 10075 | AW16: =AV16*$E16 -> 10075 | AX16: 13018 | AY16: =AX16*$E16 -> 13018 | AZ16: 10356 | BA16: =AZ16*$E16 -> 10356 | BB16: 16800 | BC16: =BB16*$E16 -> 16800 | BD16: 16884 | BE16: =BD16*$E16 -> 16884 | BF16: =(BD16+BB16+AZ16+AX16+AV16+AT16+AR16+AP16+AN16+AL16+AJ16+AH16)/1 -> 151633 | BG16: =BF16*$E16 -> 151633 | BH16: 15300 | BI16: =BH16*$E16 -> 15300 | BJ16: 13344 | BK16: =BJ16*$E16 -> 13344 | BL16: 11724 | BM16: =BL16*$E16 -> 11724 | BN16: 18996 | BO16: =BN16*$E16 -> 18996 | BP16: 9228 | BQ16: =BP16*$E16 -> 9228 | BR16: 13296 | BS16: =BR16*$E16 -> 13296 | BT16: 18504 | BU16: =BT16*$E16 -> 18504 | BV16: 21840 | BW16: =BV16*$E16 -> 21840 | BX16: 19896 | BY16: =BX16*$E16 -> 19896 | BZ16: 28848 | CA16: =BZ16*$E16 -> 28848 | CB16: 25560 | CC16: =CB16*$E16 -> 25560 | CD16: 36288 | CE16: =CD16*$E16 -> 36288 | CF16: =(CD16+CB16+BZ16+BX16+BV16+BT16+BR16+BP16+BN16+BL16+BJ16+BH16)/1 -> 232824 | CG16: =CF16*$E16 -> 232824 | CH16: 33792 | CI16: =CH16*$E16 -> 33792 | CJ16: 20238 | CK16: =CJ16*$E16 -> 20238 | CL16: 48540 | CM16: =CL16*$E16 -> 48540 | CN16: 22764 | CO16: =CN16*$E16 -> 22764 | CP16: 26844 | CQ16: =CP16*$E16 -> 26844 | CR16: 33972 | CS16: =CR16*$E16 -> 33972 | CT16: 40620 | CU16: =CT16*$E16 -> 40620 | CV16: 36588 | CW16: =CV16*$E16 -> 36588 | CX16: 57684 | CY16: 57684 | CZ16: 67716 | DA16: 67716 | DB16: 32580 | DC16: 32580 | DD16: 53064 | DE16: 53064 | DF16: =SUM(CH16,CJ16,CL16,CN16,CP16,CR16,CT16,CV16,CX16,CZ16,DB16,DD16) -> 474402 | DG16: =DF16*$E16 -> 474402 | DH16: 51190 | DI16: 51190 | DJ16: 42868 | DK16: =DJ16*$E16 -> 42868 | EF16: =SUM(DH16,DJ16,DL16,DN16,DP16,DR16,DT16,DV16,DX16,DZ16,EB16,ED16) -> 94058 | EG16: =SUM(DI16,DK16,DM16,DO16,DQ16,DS16,DU16,DW16,DY16,EA16,EC16,EE16) -> 94058
A17: 12 | B17: Kaung Kyi (1 Liter)_40% | C17: ‌ကော်ဘူး | D17: =RANK(DF17,$DF$4:$DF$144) -> 35 | E17: 1 | F17: 1 * 12 | I17: =H17*$E17 -> 0 | K17: =J17*$E17 -> 0 | M17: =L17*$E17 -> 0 | O17: =N17*$E17 -> 0 | Q17: =P17*$E17 -> 0 | S17: =R17*$E17 -> 0 | U17: =T17*$E17 -> 0 | W17: =V17*$E17 -> 0 | Y17: =X17*$E17 -> 0 | AA17: =Z17*$E17 -> 0 | AC17: =AB17*$E17 -> 0 | AE17: =AD17*$E17 -> 0 | AF17: =(AD17+AB17+Z17+X17+V17+T17+R17+P17+N17+L17+J17+H17)/1 -> 0 | AG17: =AF17*$E17 -> 0 | AI17: =AH17*$E17 -> 0 | AK17: =AJ17*$E17 -> 0 | AM17: =AL17*$E17 -> 0 | AO17: =AN17*$E17 -> 0 | AQ17: =AP17*$E17 -> 0 | AS17: =AR17*$E17 -> 0 | AU17: =AT17*$E17 -> 0 | AW17: =AV17*$E17 -> 0 | AY17: =AX17*$E17 -> 0 | BA17: =AZ17*$E17 -> 0 | BC17: =BB17*$E17 -> 0 | BE17: =BD17*$E17 -> 0 | BF17: =(BD17+BB17+AZ17+AX17+AV17+AT17+AR17+AP17+AN17+AL17+AJ17+AH17)/1 -> 0 | BG17: =BF17*$E17 -> 0 | BI17: =BH17*$E17 -> 0 | BK17: =BJ17*$E17 -> 0 | BM17: =BL17*$E17 -> 0 | BO17: =BN17*$E17 -> 0 | BQ17: =BP17*$E17 -> 0 | BS17: =BR17*$E17 -> 0 | BU17: =BT17*$E17 -> 0 | BW17: =BV17*$E17 -> 0 | BY17: =BX17*$E17 -> 0 | CA17: =BZ17*$E17 -> 0 | CC17: =CB17*$E17 -> 0 | CE17: =CD17*$E17 -> 0 | CF17: =(CD17+CB17+BZ17+BX17+BV17+BT17+BR17+BP17+BN17+BL17+BJ17+BH17)/1 -> 0 | CG17: =CF17*$E17 -> 0 | CI17: =CH17*$E17 -> 0 | CK17: =CJ17*$E17 -> 0 | CM17: =CL17*$E17 -> 0 | CO17: =CN17*$E17 -> 0 | CQ17: =CP17*$E17 -> 0 | CS17: =CR17*$E17 -> 0 | CU17: =CT17*$E17 -> 0 | CW17: =CV17*$E17 -> 0 | CY17: 0 | DA17: 0 | DC17: 0 | DE17: 0 | DF17: =SUM(CH17,CJ17,CL17,CN17,CP17,CR17,CT17,CV17,CX17,CZ17,DB17,DD17) -> 0 | DG17: =DF17*$E17 -> 0 | DI17: 0 | DK17: =DJ17*$E17 -> 0 | EF17: =SUM(DH17,DJ17,DL17,DN17,DP17,DR17,DT17,DV17,DX17,DZ17,EB17,ED17) -> 0 | EG17: =SUM(DI17,DK17,DM17,DO17,DQ17,DS17,DU17,DW17,DY17,EA17,EC17,EE17) -> 0
A18: 13 | B18: Kaung Kyi (0.6 Liter)_25% | C18: ‌ကော်ဘူး | D18: =RANK(DF18,$DF$4:$DF$144) -> 25 | E18: 0.6 | F18: 1 * 12 | G18: 1090 | H18: 1824 | I18: =H18*$E18 -> 1094.4 | J18: 1464 | K18: =J18*$E18 -> 878.4 | L18: 3360 | M18: =L18*$E18 -> 2016 | N18: 3240 | O18: =N18*$E18 -> 1944 | P18: 660 | Q18: =P18*$E18 -> 396 | R18: 720 | S18: =R18*$E18 -> 432 | T18: 1056 | U18: =T18*$E18 -> 633.6 | V18: 1224 | W18: =V18*$E18 -> 734.4 | X18: 852 | Y18: =X18*$E18 -> 511.2 | Z18: 480 | AA18: =Z18*$E18 -> 288 | AB18: 744 | AC18: =AB18*$E18 -> 446.4 | AD18: 1608 | AE18: =AD18*$E18 -> 964.8 | AF18: =(AD18+AB18+Z18+X18+V18+T18+R18+P18+N18+L18+J18+H18)/1 -> 17232 | AG18: =AF18*$E18 -> 10339.2 | AH18: 1488 | AI18: =AH18*$E18 -> 892.8 | AJ18: 492 | AK18: =AJ18*$E18 -> 295.2 | AL18: 552 | AM18: =AL18*$E18 -> 331.2 | AN18: 600 | AO18: =AN18*$E18 -> 360 | AP18: 780 | AQ18: =AP18*$E18 -> 468 | AR18: 648 | AS18: =AR18*$E18 -> 388.8 | AT18: 564 | AU18: =AT18*$E18 -> 338.4 | AV18: 636 | AW18: =AV18*$E18 -> 381.6 | AX18: 600 | AY18: =AX18*$E18 -> 360 | AZ18: 876 | BA18: =AZ18*$E18 -> 525.6 | BB18: 720 | BC18: =BB18*$E18 -> 432 | BD18: 576 | BE18: =BD18*$E18 -> 345.6 | BF18: =(BD18+BB18+AZ18+AX18+AV18+AT18+AR18+AP18+AN18+AL18+AJ18+AH18)/1 -> 8532 | BG18: =BF18*$E18 -> 5119.2 | BH18: 900 | BI18: =BH18*$E18 -> 540 | BJ18: 564 | BK18: =BJ18*$E18 -> 338.4 | BL18: 744 | BM18: =BL18*$E18 -> 446.4 | BN18: 612 | BO18: =BN18*$E18 -> 367.2 | BP18: 12 | BQ18: =BP18*$E18 -> 7.2 | BR18: 336 | BS18: =BR18*$E18 -> 201.6 | BT18: 408 | BU18: =BT18*$E18 -> 244.8 | BV18: 336 | BW18: =BV18*$E18 -> 201.6 | BX18: 840 | BY18: =BX18*$E18 -> 504 | BZ18: 1152 | CA18: =BZ18*$E18 -> 691.2 | CB18: 1776 | CC18: =CB18*$E18 -> 1065.6 | CD18: 600 | CE18: =CD18*$E18 -> 360 | CF18: =(CD18+CB18+BZ18+BX18+BV18+BT18+BR18+BP18+BN18+BL18+BJ18+BH18)/1 -> 8280 | CG18: =CF18*$E18 -> 4968 | CH18: 672 | CI18: =CH18*$E18 -> 403.2 | CJ18: 756 | CK18: =CJ18*$E18 -> 453.6 | CL18: 540 | CM18: =CL18*$E18 -> 324 | CN18: 756 | CO18: =CN18*$E18 -> 453.6 | CP18: 720 | CQ18: =CP18*$E18 -> 432 | CR18: 456 | CS18: =CR18*$E18 -> 273.6 | CT18: 648 | CU18: =CT18*$E18 -> 388.8 | CV18: 552 | CW18: =CV18*$E18 -> 331.2 | CX18: 660 | CY18: 396 | CZ18: 840 | DA18: 504 | DB18: 456 | DC18: 273.6 | DD18: 516 | DE18: 309.6 | DF18: =SUM(CH18,CJ18,CL18,CN18,CP18,CR18,CT18,CV18,CX18,CZ18,DB18,DD18) -> 7572 | DG18: =DF18*$E18 -> 4543.2 | DH18: 216 | DI18: 129.6 | DK18: =DJ18*$E18 -> 0 | EF18: =SUM(DH18,DJ18,DL18,DN18,DP18,DR18,DT18,DV18,DX18,DZ18,EB18,ED18) -> 216 | EG18: =SUM(DI18,DK18,DM18,DO18,DQ18,DS18,DU18,DW18,DY18,EA18,EC18,EE18) -> 129.6
A19: 14 | B19: Kaung Kyi (0.6 Liter)_40% | C19: ‌ကော်ဘူး | D19: =RANK(DF19,$DF$4:$DF$144) -> 35 | E19: 0.6 | F19: 1 * 12 | I19: =H19*$E19 -> 0 | K19: =J19*$E19 -> 0 | M19: =L19*$E19 -> 0 | O19: =N19*$E19 -> 0 | Q19: =P19*$E19 -> 0 | S19: =R19*$E19 -> 0 | U19: =T19*$E19 -> 0 | W19: =V19*$E19 -> 0 | Y19: =X19*$E19 -> 0 | AA19: =Z19*$E19 -> 0 | AC19: =AB19*$E19 -> 0 | AE19: =AD19*$E19 -> 0 | AF19: =(AD19+AB19+Z19+X19+V19+T19+R19+P19+N19+L19+J19+H19)/1 -> 0 | AG19: =AF19*$E19 -> 0 | AI19: =AH19*$E19 -> 0 | AK19: =AJ19*$E19 -> 0 | AM19: =AL19*$E19 -> 0 | AO19: =AN19*$E19 -> 0 | AQ19: =AP19*$E19 -> 0 | AS19: =AR19*$E19 -> 0 | AU19: =AT19*$E19 -> 0 | AW19: =AV19*$E19 -> 0 | AY19: =AX19*$E19 -> 0 | BA19: =AZ19*$E19 -> 0 | BC19: =BB19*$E19 -> 0 | BE19: =BD19*$E19 -> 0 | BF19: =(BD19+BB19+AZ19+AX19+AV19+AT19+AR19+AP19+AN19+AL19+AJ19+AH19)/1 -> 0 | BG19: =BF19*$E19 -> 0 | BI19: =BH19*$E19 -> 0 | BK19: =BJ19*$E19 -> 0 | BM19: =BL19*$E19 -> 0 | BO19: =BN19*$E19 -> 0 | BQ19: =BP19*$E19 -> 0 | BS19: =BR19*$E19 -> 0 | BU19: =BT19*$E19 -> 0 | BW19: =BV19*$E19 -> 0 | BY19: =BX19*$E19 -> 0 | CA19: =BZ19*$E19 -> 0 | CC19: =CB19*$E19 -> 0 | CE19: =CD19*$E19 -> 0 | CF19: =(CD19+CB19+BZ19+BX19+BV19+BT19+BR19+BP19+BN19+BL19+BJ19+BH19)/1 -> 0 | CG19: =CF19*$E19 -> 0 | CI19: =CH19*$E19 -> 0 | CK19: =CJ19*$E19 -> 0 | CM19: =CL19*$E19 -> 0 | CO19: =CN19*$E19 -> 0 | CQ19: =CP19*$E19 -> 0 | CS19: =CR19*$E19 -> 0 | CU19: =CT19*$E19 -> 0 | CW19: =CV19*$E19 -> 0 | CY19: 0 | DA19: 0 | DC19: 0 | DE19: 0 | DF19: =SUM(CH19,CJ19,CL19,CN19,CP19,CR19,CT19,CV19,CX19,CZ19,DB19,DD19) -> 0 | DG19: =DF19*$E19 -> 0 | DI19: 0 | DK19: =DJ19*$E19 -> 0 | EF19: =SUM(DH19,DJ19,DL19,DN19,DP19,DR19,DT19,DV19,DX19,DZ19,EB19,ED19) -> 0 | EG19: =SUM(DI19,DK19,DM19,DO19,DQ19,DS19,DU19,DW19,DY19,EA19,EC19,EE19) -> 0
A20: 15 | B20: Kaung Kyi (0.35 Liter)_25% | C20: ‌ကော်ဘူး | D20: =RANK(DF20,$DF$4:$DF$144) -> 35 | E20: 0.35 | F20: 1 * 40 | I20: =H20*$E20 -> 0 | K20: =J20*$E20 -> 0 | M20: =L20*$E20 -> 0 | O20: =N20*$E20 -> 0 | Q20: =P20*$E20 -> 0 | S20: =R20*$E20 -> 0 | U20: =T20*$E20 -> 0 | W20: =V20*$E20 -> 0 | Y20: =X20*$E20 -> 0 | AA20: =Z20*$E20 -> 0 | AC20: =AB20*$E20 -> 0 | AE20: =AD20*$E20 -> 0 | AF20: =(AD20+AB20+Z20+X20+V20+T20+R20+P20+N20+L20+J20+H20)/1 -> 0 | AG20: =AF20*$E20 -> 0 | AI20: =AH20*$E20 -> 0 | AK20: =AJ20*$E20 -> 0 | AM20: =AL20*$E20 -> 0 | AO20: =AN20*$E20 -> 0 | AQ20: =AP20*$E20 -> 0 | AS20: =AR20*$E20 -> 0 | AU20: =AT20*$E20 -> 0 | AW20: =AV20*$E20 -> 0 | AY20: =AX20*$E20 -> 0 | BA20: =AZ20*$E20 -> 0 | BC20: =BB20*$E20 -> 0 | BE20: =BD20*$E20 -> 0 | BF20: =(BD20+BB20+AZ20+AX20+AV20+AT20+AR20+AP20+AN20+AL20+AJ20+AH20)/1 -> 0 | BG20: =BF20*$E20 -> 0 | BI20: =BH20*$E20 -> 0 | BK20: =BJ20*$E20 -> 0 | BM20: =BL20*$E20 -> 0 | BO20: =BN20*$E20 -> 0 | BQ20: =BP20*$E20 -> 0 | BS20: =BR20*$E20 -> 0 | BU20: =BT20*$E20 -> 0 | BW20: =BV20*$E20 -> 0 | BY20: =BX20*$E20 -> 0 | CA20: =BZ20*$E20 -> 0 | CC20: =CB20*$E20 -> 0 | CE20: =CD20*$E20 -> 0 | CF20: =(CD20+CB20+BZ20+BX20+BV20+BT20+BR20+BP20+BN20+BL20+BJ20+BH20)/1 -> 0 | CG20: =CF20*$E20 -> 0 | CI20: =CH20*$E20 -> 0 | CK20: =CJ20*$E20 -> 0 | CM20: =CL20*$E20 -> 0 | CO20: =CN20*$E20 -> 0 | CQ20: =CP20*$E20 -> 0 | CS20: =CR20*$E20 -> 0 | CU20: =CT20*$E20 -> 0 | CW20: =CV20*$E20 -> 0 | CY20: 0 | DA20: 0 | DC20: 0 | DE20: 0 | DF20: =SUM(CH20,CJ20,CL20,CN20,CP20,CR20,CT20,CV20,CX20,CZ20,DB20,DD20) -> 0 | DG20: =DF20*$E20 -> 0 | DI20: 0 | DK20: =DJ20*$E20 -> 0 | EF20: =SUM(DH20,DJ20,DL20,DN20,DP20,DR20,DT20,DV20,DX20,DZ20,EB20,ED20) -> 0 | EG20: =SUM(DI20,DK20,DM20,DO20,DQ20,DS20,DU20,DW20,DY20,EA20,EC20,EE20) -> 0
A21: 16 | B21: Kaung Kyi ( 0.35 Liter) - 40% | C21: ‌ကော်ဘူး | D21: =RANK(DF21,$DF$4:$DF$144) -> 35 | E21: 0.35 | F21: 1 * 40 | I21: =H21*$E21 -> 0 | K21: =J21*$E21 -> 0 | M21: =L21*$E21 -> 0 | O21: =N21*$E21 -> 0 | Q21: =P21*$E21 -> 0 | S21: =R21*$E21 -> 0 | U21: =T21*$E21 -> 0 | W21: =V21*$E21 -> 0 | Y21: =X21*$E21 -> 0 | AA21: =Z21*$E21 -> 0 | AC21: =AB21*$E21 -> 0 | AE21: =AD21*$E21 -> 0 | AF21: =(AD21+AB21+Z21+X21+V21+T21+R21+P21+N21+L21+J21+H21)/1 -> 0 | AG21: =AF21*$E21 -> 0 | AI21: =AH21*$E21 -> 0 | AK21: =AJ21*$E21 -> 0 | AM21: =AL21*$E21 -> 0 | AO21: =AN21*$E21 -> 0 | AQ21: =AP21*$E21 -> 0 | AS21: =AR21*$E21 -> 0 | AU21: =AT21*$E21 -> 0 | AW21: =AV21*$E21 -> 0 | AY21: =AX21*$E21 -> 0 | BA21: =AZ21*$E21 -> 0 | BC21: =BB21*$E21 -> 0 | BE21: =BD21*$E21 -> 0 | BF21: =(BD21+BB21+AZ21+AX21+AV21+AT21+AR21+AP21+AN21+AL21+AJ21+AH21)/1 -> 0 | BG21: =BF21*$E21 -> 0 | BI21: =BH21*$E21 -> 0 | BK21: =BJ21*$E21 -> 0 | BM21: =BL21*$E21 -> 0 | BO21: =BN21*$E21 -> 0 | BQ21: =BP21*$E21 -> 0 | BS21: =BR21*$E21 -> 0 | BU21: =BT21*$E21 -> 0 | BW21: =BV21*$E21 -> 0 | BY21: =BX21*$E21 -> 0 | CA21: =BZ21*$E21 -> 0 | CC21: =CB21*$E21 -> 0 | CE21: =CD21*$E21 -> 0 | CF21: =(CD21+CB21+BZ21+BX21+BV21+BT21+BR21+BP21+BN21+BL21+BJ21+BH21)/1 -> 0 | CG21: =CF21*$E21 -> 0 | CI21: =CH21*$E21 -> 0 | CK21: =CJ21*$E21 -> 0 | CM21: =CL21*$E21 -> 0 | CO21: =CN21*$E21 -> 0 | CQ21: =CP21*$E21 -> 0 | CS21: =CR21*$E21 -> 0 | CU21: =CT21*$E21 -> 0 | CW21: =CV21*$E21 -> 0 | CY21: 0 | DA21: 0 | DC21: 0 | DE21: 0 | DF21: =SUM(CH21,CJ21,CL21,CN21,CP21,CR21,CT21,CV21,CX21,CZ21,DB21,DD21) -> 0 | DG21: =DF21*$E21 -> 0 | DI21: 0 | DK21: =DJ21*$E21 -> 0 | EF21: =SUM(DH21,DJ21,DL21,DN21,DP21,DR21,DT21,DV21,DX21,DZ21,EB21,ED21) -> 0 | EG21: =SUM(DI21,DK21,DM21,DO21,DQ21,DS21,DU21,DW21,DY21,EA21,EC21,EE21) -> 0
A22: 17 | B22: Kaung Kyi | C22: ပုလင်း | D22: =RANK(DF22,$DF$4:$DF$144) -> 4 | E22: 0.64 | F22: 1 * 14 | G22: 1330 | H22: 70658 | I22: =H22*$E22 -> 45221.12 | J22: 66416 | K22: =J22*$E22 -> 42506.24 | L22: 74508 | M22: =L22*$E22 -> 47685.12 | N22: 54532 | O22: =N22*$E22 -> 34900.48 | P22: 57792 | Q22: =P22*$E22 -> 36986.88 | R22: 64400 | S22: =R22*$E22 -> 41216 | T22: 60830 | U22: =T22*$E22 -> 38931.2 | V22: 64428 | W22: =V22*$E22 -> 41233.92 | X22: 58705 | Y22: =X22*$E22 -> 37571.2 | Z22: 62384 | AA22: =Z22*$E22 -> 39925.76 | AB22: 67326 | AC22: =AB22*$E22 -> 43088.64 | AD22: 82770 | AE22: =AD22*$E22 -> 52972.8 | AF22: =(AD22+AB22+Z22+X22+V22+T22+R22+P22+N22+L22+J22+H22)/1 -> 784749 | AG22: =AF22*$E22 -> 502239.36 | AH22: 67662 | AI22: =AH22*$E22 -> 43303.68 | AJ22: 58922 | AK22: =AJ22*$E22 -> 37710.08 | AL22: 61334 | AM22: =AL22*$E22 -> 39253.76 | AN22: 59794 | AO22: =AN22*$E22 -> 38268.16 | AP22: 45528 | AQ22: =AP22*$E22 -> 29137.92 | AR22: 58940 | AS22: =AR22*$E22 -> 37721.6 | AT22: 68562 | AU22: =AT22*$E22 -> 43879.68 | AV22: 62636 | AW22: =AV22*$E22 -> 40087.04 | AX22: 66628 | AY22: =AX22*$E22 -> 42641.92 | AZ22: 67270 | BA22: =AZ22*$E22 -> 43052.8 | BB22: 65856 | BC22: =BB22*$E22 -> 42147.84 | BD22: 87710 | BE22: =BD22*$E22 -> 56134.4 | BF22: =(BD22+BB22+AZ22+AX22+AV22+AT22+AR22+AP22+AN22+AL22+AJ22+AH22)/1 -> 770842 | BG22: =BF22*$E22 -> 493338.88 | BH22: 75935 | BI22: =BH22*$E22 -> 48598.4 | BJ22: 64518 | BK22: =BJ22*$E22 -> 41291.52 | BL22: 69272 | BM22: =BL22*$E22 -> 44334.08 | BN22: 59570 | BO22: =BN22*$E22 -> 38124.8 | BP22: 65708 | BQ22: =BP22*$E22 -> 42053.12 | BR22: 66472 | BS22: =BR22*$E22 -> 42542.08 | BT22: 71516 | BU22: =BT22*$E22 -> 45770.24 | BV22: 59500 | BW22: =BV22*$E22 -> 38080 | BX22: 66640 | BY22: =BX22*$E22 -> 42649.6 | BZ22: 76510 | CA22: =BZ22*$E22 -> 48966.4 | CB22: 66934 | CC22: =CB22*$E22 -> 42837.76 | CD22: 79688 | CE22: =CD22*$E22 -> 51000.32 | CF22: =(CD22+CB22+BZ22+BX22+BV22+BT22+BR22+BP22+BN22+BL22+BJ22+BH22)/1 -> 822263 | CG22: =CF22*$E22 -> 526248.32 | CH22: 78915 | CI22: =CH22*$E22 -> 50505.6 | CJ22: 57960 | CK22: =CJ22*$E22 -> 37094.4 | CL22: 67424 | CM22: =CL22*$E22 -> 43151.36 | CN22: 59108 | CO22: =CN22*$E22 -> 37829.12 | CP22: 62751 | CQ22: =CP22*$E22 -> 40160.64 | CR22: 60505 | CS22: =CR22*$E22 -> 38723.2 | CT22: 62881 | CU22: =CT22*$E22 -> 40243.84 | CV22: 62132 | CW22: =CV22*$E22 -> 39764.48 | CX22: 62320 | CY22: 39884.8 | CZ22: 61037 | DA22: 39063.68 | DB22: 68404 | DC22: 43778.56 | DD22: 62636 | DE22: 40087.04 | DF22: =SUM(CH22,CJ22,CL22,CN22,CP22,CR22,CT22,CV22,CX22,CZ22,DB22,DD22) -> 766073 | DG22: =DF22*$E22 -> 490286.72 | DH22: 58716 | DI22: 37578.24 | DJ22: 55034 | DK22: =DJ22*$E22 -> 35221.76 | EF22: =SUM(DH22,DJ22,DL22,DN22,DP22,DR22,DT22,DV22,DX22,DZ22,EB22,ED22) -> 113750 | EG22: =SUM(DI22,DK22,DM22,DO22,DQ22,DS22,DU22,DW22,DY22,EA22,EC22,EE22) -> 72800
A23: 18 | B23: Kaung Kyi (40%) | C23: ပုလင်း | D23: =RANK(DF23,$DF$4:$DF$144) -> 35 | E23: 0.64 | F23: 1 * 14 | I23: =H23*$E23 -> 0 | K23: =J23*$E23 -> 0 | M23: =L23*$E23 -> 0 | O23: =N23*$E23 -> 0 | Q23: =P23*$E23 -> 0 | S23: =R23*$E23 -> 0 | U23: =T23*$E23 -> 0 | W23: =V23*$E23 -> 0 | Y23: =X23*$E23 -> 0 | AA23: =Z23*$E23 -> 0 | AC23: =AB23*$E23 -> 0 | AE23: =AD23*$E23 -> 0 | AF23: =(AD23+AB23+Z23+X23+V23+T23+R23+P23+N23+L23+J23+H23)/1 -> 0 | AG23: =AF23*$E23 -> 0 | AI23: =AH23*$E23 -> 0 | AK23: =AJ23*$E23 -> 0 | AM23: =AL23*$E23 -> 0 | AO23: =AN23*$E23 -> 0 | AQ23: =AP23*$E23 -> 0 | AS23: =AR23*$E23 -> 0 | AU23: =AT23*$E23 -> 0 | AW23: =AV23*$E23 -> 0 | AY23: =AX23*$E23 -> 0 | BA23: =AZ23*$E23 -> 0 | BC23: =BB23*$E23 -> 0 | BE23: =BD23*$E23 -> 0 | BF23: =(BD23+BB23+AZ23+AX23+AV23+AT23+AR23+AP23+AN23+AL23+AJ23+AH23)/1 -> 0 | BG23: =BF23*$E23 -> 0 | BI23: =BH23*$E23 -> 0 | BK23: =BJ23*$E23 -> 0 | BM23: =BL23*$E23 -> 0 | BO23: =BN23*$E23 -> 0 | BQ23: =BP23*$E23 -> 0 | BS23: =BR23*$E23 -> 0 | BU23: =BT23*$E23 -> 0 | BW23: =BV23*$E23 -> 0 | BY23: =BX23*$E23 -> 0 | CA23: =BZ23*$E23 -> 0 | CC23: =CB23*$E23 -> 0 | CE23: =CD23*$E23 -> 0 | CF23: =(CD23+CB23+BZ23+BX23+BV23+BT23+BR23+BP23+BN23+BL23+BJ23+BH23)/1 -> 0 | CG23: =CF23*$E23 -> 0 | CI23: =CH23*$E23 -> 0 | CK23: =CJ23*$E23 -> 0 | CM23: =CL23*$E23 -> 0 | CO23: =CN23*$E23 -> 0 | CQ23: =CP23*$E23 -> 0 | CS23: =CR23*$E23 -> 0 | CU23: =CT23*$E23 -> 0 | CW23: =CV23*$E23 -> 0 | CY23: 0 | DA23: 0 | DC23: 0 | DE23: 0 | DF23: =SUM(CH23,CJ23,CL23,CN23,CP23,CR23,CT23,CV23,CX23,CZ23,DB23,DD23) -> 0 | DG23: =DF23*$E23 -> 0 | DI23: 0 | DK23: =DJ23*$E23 -> 0 | EF23: =SUM(DH23,DJ23,DL23,DN23,DP23,DR23,DT23,DV23,DX23,DZ23,EB23,ED23) -> 0 | EG23: =SUM(DI23,DK23,DM23,DO23,DQ23,DS23,DU23,DW23,DY23,EA23,EC23,EE23) -> 0
A24: 19 | B24: Kaung Kyi (46%) | C24: ပုလင်း | D24: =RANK(DF24,$DF$4:$DF$144) -> 35 | E24: 0.64 | F24: 1 * 14 | I24: =H24*$E24 -> 0 | K24: =J24*$E24 -> 0 | M24: =L24*$E24 -> 0 | O24: =N24*$E24 -> 0 | Q24: =P24*$E24 -> 0 | S24: =R24*$E24 -> 0 | U24: =T24*$E24 -> 0 | W24: =V24*$E24 -> 0 | Y24: =X24*$E24 -> 0 | AA24: =Z24*$E24 -> 0 | AC24: =AB24*$E24 -> 0 | AE24: =AD24*$E24 -> 0 | AF24: =(AD24+AB24+Z24+X24+V24+T24+R24+P24+N24+L24+J24+H24)/1 -> 0 | AG24: =AF24*$E24 -> 0 | AI24: =AH24*$E24 -> 0 | AK24: =AJ24*$E24 -> 0 | AM24: =AL24*$E24 -> 0 | AO24: =AN24*$E24 -> 0 | AQ24: =AP24*$E24 -> 0 | AS24: =AR24*$E24 -> 0 | AU24: =AT24*$E24 -> 0 | AW24: =AV24*$E24 -> 0 | AY24: =AX24*$E24 -> 0 | BA24: =AZ24*$E24 -> 0 | BC24: =BB24*$E24 -> 0 | BE24: =BD24*$E24 -> 0 | BF24: =(BD24+BB24+AZ24+AX24+AV24+AT24+AR24+AP24+AN24+AL24+AJ24+AH24)/1 -> 0 | BG24: =BF24*$E24 -> 0 | BI24: =BH24*$E24 -> 0 | BK24: =BJ24*$E24 -> 0 | BM24: =BL24*$E24 -> 0 | BO24: =BN24*$E24 -> 0 | BQ24: =BP24*$E24 -> 0 | BS24: =BR24*$E24 -> 0 | BU24: =BT24*$E24 -> 0 | BW24: =BV24*$E24 -> 0 | BY24: =BX24*$E24 -> 0 | CA24: =BZ24*$E24 -> 0 | CC24: =CB24*$E24 -> 0 | CE24: =CD24*$E24 -> 0 | CF24: =(CD24+CB24+BZ24+BX24+BV24+BT24+BR24+BP24+BN24+BL24+BJ24+BH24)/1 -> 0 | CG24: =CF24*$E24 -> 0 | CI24: =CH24*$E24 -> 0 | CK24: =CJ24*$E24 -> 0 | CM24: =CL24*$E24 -> 0 | CO24: =CN24*$E24 -> 0 | CQ24: =CP24*$E24 -> 0 | CS24: =CR24*$E24 -> 0 | CU24: =CT24*$E24 -> 0 | CW24: =CV24*$E24 -> 0 | CY24: 0 | DA24: 0 | DC24: 0 | DE24: 0 | DF24: =SUM(CH24,CJ24,CL24,CN24,CP24,CR24,CT24,CV24,CX24,CZ24,DB24,DD24) -> 0 | DG24: =DF24*$E24 -> 0 | DI24: 0 | DK24: =DJ24*$E24 -> 0 | EF24: =SUM(DH24,DJ24,DL24,DN24,DP24,DR24,DT24,DV24,DX24,DZ24,EB24,ED24) -> 0 | EG24: =SUM(DI24,DK24,DM24,DO24,DQ24,DS24,DU24,DW24,DY24,EA24,EC24,EE24) -> 0
I25: =H25*$E25 -> 0 | K25: =J25*$E25 -> 0 | M25: =L25*$E25 -> 0 | O25: =N25*$E25 -> 0 | Q25: =P25*$E25 -> 0 | S25: =R25*$E25 -> 0 | U25: =T25*$E25 -> 0 | W25: =V25*$E25 -> 0 | Y25: =X25*$E25 -> 0 | AA25: =Z25*$E25 -> 0 | AC25: =AB25*$E25 -> 0 | AE25: =AD25*$E25 -> 0 | AF25: =(AD25+AB25+Z25+X25+V25+T25+R25+P25+N25+L25+J25+H25)/1 -> 0 | AG25: =AF25*$E25 -> 0 | AI25: =AH25*$E25 -> 0 | AK25: =AJ25*$E25 -> 0 | AM25: =AL25*$E25 -> 0 | AO25: =AN25*$E25 -> 0 | AQ25: =AP25*$E25 -> 0 | AS25: =AR25*$E25 -> 0 | AU25: =AT25*$E25 -> 0 | AW25: =AV25*$E25 -> 0 | AY25: =AX25*$E25 -> 0 | BA25: =AZ25*$E25 -> 0 | BC25: =BB25*$E25 -> 0 | BE25: =BD25*$E25 -> 0 | BF25: =(BD25+BB25+AZ25+AX25+AV25+AT25+AR25+AP25+AN25+AL25+AJ25+AH25)/1 -> 0 | BG25: =BF25*$E25 -> 0 | BI25: =BH25*$E25 -> 0 | BK25: =BJ25*$E25 -> 0 | BM25: =BL25*$E25 -> 0 | BO25: =BN25*$E25 -> 0 | BQ25: =BP25*$E25 -> 0 | BS25: =BR25*$E25 -> 0 | BU25: =BT25*$E25 -> 0 | BW25: =BV25*$E25 -> 0 | BY25: =BX25*$E25 -> 0 | CA25: =BZ25*$E25 -> 0 | CC25: =CB25*$E25 -> 0 | CE25: =CD25*$E25 -> 0 | CF25: =(CD25+CB25+BZ25+BX25+BV25+BT25+BR25+BP25+BN25+BL25+BJ25+BH25)/1 -> 0 | CG25: =CF25*$E25 -> 0 | CI25: =CH25*$E25 -> 0 | CK25: =CJ25*$E25 -> 0 | CM25: =CL25*$E25 -> 0 | CO25: =CN25*$E25 -> 0 | CQ25: =CP25*$E25 -> 0 | CS25: =CR25*$E25 -> 0 | CU25: =CT25*$E25 -> 0 | CW25: =CV25*$E25 -> 0 | CY25: 0 | DA25: 0 | DC25: 0 | DE25: 0 | DF25: =SUM(CH25,CJ25,CL25,CN25,CP25,CR25,CT25,CV25,CX25,CZ25,DB25,DD25) -> 0 | DG25: =DF25*$E25 -> 0 | DI25: 0 | DK25: =DJ25*$E25 -> 0 | EF25: =SUM(DH25,DJ25,DL25,DN25,DP25,DR25,DT25,DV25,DX25,DZ25,EB25,ED25) -> 0 | EG25: =SUM(DI25,DK25,DM25,DO25,DQ25,DS25,DU25,DW25,DY25,EA25,EC25,EE25) -> 0
A26: 20 | B26: မိုးနဲကွန်ကီကော်ဘူး(1 Liter) | C26: ‌ကော်ဘူး | D26: =RANK(DF26,$DF$4:$DF$144) -> 19 | E26: 1 | F26: 1 * 12 | G26: 2100 | I26: =H26*$E26 -> 0 | K26: =J26*$E26 -> 0 | M26: =L26*$E26 -> 0 | O26: =N26*$E26 -> 0 | Q26: =P26*$E26 -> 0 | S26: =R26*$E26 -> 0 | U26: =T26*$E26 -> 0 | W26: =V26*$E26 -> 0 | Y26: =X26*$E26 -> 0 | AA26: =Z26*$E26 -> 0 | AC26: =AB26*$E26 -> 0 | AE26: =AD26*$E26 -> 0 | AF26: =(AD26+AB26+Z26+X26+V26+T26+R26+P26+N26+L26+J26+H26)/1 -> 0 | AG26: =AF26*$E26 -> 0 | AI26: =AH26*$E26 -> 0 | AK26: =AJ26*$E26 -> 0 | AM26: =AL26*$E26 -> 0 | AO26: =AN26*$E26 -> 0 | AQ26: =AP26*$E26 -> 0 | AS26: =AR26*$E26 -> 0 | AU26: =AT26*$E26 -> 0 | AW26: =AV26*$E26 -> 0 | AY26: =AX26*$E26 -> 0 | BA26: =AZ26*$E26 -> 0 | BC26: =BB26*$E26 -> 0 | BE26: =BD26*$E26 -> 0 | BF26: =(BD26+BB26+AZ26+AX26+AV26+AT26+AR26+AP26+AN26+AL26+AJ26+AH26)/1 -> 0 | BG26: =BF26*$E26 -> 0 | BI26: =BH26*$E26 -> 0 | BK26: =BJ26*$E26 -> 0 | BM26: =BL26*$E26 -> 0 | BO26: =BN26*$E26 -> 0 | BQ26: =BP26*$E26 -> 0 | BS26: =BR26*$E26 -> 0 | BU26: =BT26*$E26 -> 0 | BW26: =BV26*$E26 -> 0 | BY26: =BX26*$E26 -> 0 | CA26: =BZ26*$E26 -> 0 | CC26: =CB26*$E26 -> 0 | CE26: =CD26*$E26 -> 0 | CF26: =(CD26+CB26+BZ26+BX26+BV26+BT26+BR26+BP26+BN26+BL26+BJ26+BH26)/1 -> 0 | CG26: =CF26*$E26 -> 0 | CI26: =CH26*$E26 -> 0 | CK26: =CJ26*$E26 -> 0 | CL26: 16608 | CM26: =CL26*$E26 -> 16608 | CN26: 6468 | CO26: =CN26*$E26 -> 6468 | CP26: 8040 | CQ26: =CP26*$E26 -> 8040 | CR26: 1188 | CS26: =CR26*$E26 -> 1188 | CT26: 1740 | CU26: =CT26*$E26 -> 1740 | CV26: 1872 | CW26: =CV26*$E26 -> 1872 | CX26: 348 | CY26: 348 | CZ26: 1704 | DA26: 1704 | DB26: 3192 | DC26: 3192 | DD26: 420 | DE26: 420 | DF26: =SUM(CH26,CJ26,CL26,CN26,CP26,CR26,CT26,CV26,CX26,CZ26,DB26,DD26) -> 41580 | DG26: =DF26*$E26 -> 41580 | DH26: 1356 | DI26: 1356 | DJ26: 1032 | DK26: =DJ26*$E26 -> 1032 | EF26: =SUM(DH26,DJ26,DL26,DN26,DP26,DR26,DT26,DV26,DX26,DZ26,EB26,ED26) -> 2388 | EG26: =SUM(DI26,DK26,DM26,DO26,DQ26,DS26,DU26,DW26,DY26,EA26,EC26,EE26) -> 2388
A27: 21 | B27: မိုးနဲကွန်ကီကော်ဘူး(0.6 Liter) | C27: ‌ကော်ဘူး | D27: =RANK(DF27,$DF$4:$DF$144) -> 35 | E27: 0.6 | F27: 1*12 | I27: =H27*$E27 -> 0 | K27: =J27*$E27 -> 0 | M27: =L27*$E27 -> 0 | O27: =N27*$E27 -> 0 | Q27: =P27*$E27 -> 0 | S27: =R27*$E27 -> 0 | U27: =T27*$E27 -> 0 | W27: =V27*$E27 -> 0 | Y27: =X27*$E27 -> 0 | AA27: =Z27*$E27 -> 0 | AC27: =AB27*$E27 -> 0 | AE27: =AD27*$E27 -> 0 | AF27: =(AD27+AB27+Z27+X27+V27+T27+R27+P27+N27+L27+J27+H27)/1 -> 0 | AG27: =AF27*$E27 -> 0 | AI27: =AH27*$E27 -> 0 | AK27: =AJ27*$E27 -> 0 | AM27: =AL27*$E27 -> 0 | AO27: =AN27*$E27 -> 0 | AQ27: =AP27*$E27 -> 0 | AS27: =AR27*$E27 -> 0 | AU27: =AT27*$E27 -> 0 | AW27: =AV27*$E27 -> 0 | AY27: =AX27*$E27 -> 0 | BA27: =AZ27*$E27 -> 0 | BC27: =BB27*$E27 -> 0 | BE27: =BD27*$E27 -> 0 | BF27: =(BD27+BB27+AZ27+AX27+AV27+AT27+AR27+AP27+AN27+AL27+AJ27+AH27)/1 -> 0 | BG27: =BF27*$E27 -> 0 | BI27: =BH27*$E27 -> 0 | BK27: =BJ27*$E27 -> 0 | BM27: =BL27*$E27 -> 0 | BO27: =BN27*$E27 -> 0 | BQ27: =BP27*$E27 -> 0 | BS27: =BR27*$E27 -> 0 | BU27: =BT27*$E27 -> 0 | BW27: =BV27*$E27 -> 0 | BY27: =BX27*$E27 -> 0 | CA27: =BZ27*$E27 -> 0 | CC27: =CB27*$E27 -> 0 | CE27: =CD27*$E27 -> 0 | CF27: =(CD27+CB27+BZ27+BX27+BV27+BT27+BR27+BP27+BN27+BL27+BJ27+BH27)/1 -> 0 | CG27: =CF27*$E27 -> 0 | CI27: =CH27*$E27 -> 0 | CK27: =CJ27*$E27 -> 0 | CM27: =CL27*$E27 -> 0 | CO27: =CN27*$E27 -> 0 | CQ27: =CP27*$E27 -> 0 | CS27: =CR27*$E27 -> 0 | CU27: =CT27*$E27 -> 0 | CW27: =CV27*$E27 -> 0 | CY27: 0 | DA27: 0 | DC27: 0 | DE27: 0 | DF27: =SUM(CH27,CJ27,CL27,CN27,CP27,CR27,CT27,CV27,CX27,CZ27,DB27,DD27) -> 0 | DG27: =DF27*$E27 -> 0 | DI27: 0 | DK27: =DJ27*$E27 -> 0 | EF27: =SUM(DH27,DJ27,DL27,DN27,DP27,DR27,DT27,DV27,DX27,DZ27,EB27,ED27) -> 0 | EG27: =SUM(DI27,DK27,DM27,DO27,DQ27,DS27,DU27,DW27,DY27,EA27,EC27,EE27) -> 0
A28: 22 | B28: Moe Nae Kon Ki | C28: ပုလင်း | D28: =RANK(DF28,$DF$4:$DF$144) -> 6 | E28: 0.64 | F28: 1 * 14 | G28: 1700 | H28: 19838 | I28: =H28*$E28 -> 12696.32 | J28: 21560 | K28: =J28*$E28 -> 13798.4 | L28: 33040 | M28: =L28*$E28 -> 21145.6 | N28: 33390 | O28: =N28*$E28 -> 21369.6 | P28: 41692 | Q28: =P28*$E28 -> 26682.88 | R28: 61586 | S28: =R28*$E28 -> 39415.04 | T28: 77210 | U28: =T28*$E28 -> 49414.4 | V28: 85148 | W28: =V28*$E28 -> 54494.72 | X28: 78722 | Y28: =X28*$E28 -> 50382.08 | Z28: 46494 | AA28: =Z28*$E28 -> 29756.16 | AB28: 52136 | AC28: =AB28*$E28 -> 33367.04 | AD28: 53018 | AE28: =AD28*$E28 -> 33931.52 | AF28: =(AD28+AB28+Z28+X28+V28+T28+R28+P28+N28+L28+J28+H28)/1 -> 603834 | AG28: =AF28*$E28 -> 386453.76 | AH28: 44912 | AI28: =AH28*$E28 -> 28743.68 | AJ28: 31654 | AK28: =AJ28*$E28 -> 20258.56 | AL28: 34804 | AM28: =AL28*$E28 -> 22274.56 | AN28: 36498 | AO28: =AN28*$E28 -> 23358.72 | AP28: 35546 | AQ28: =AP28*$E28 -> 22749.44 | AR28: 54246 | AS28: =AR28*$E28 -> 34717.44 | AT28: 73412 | AU28: =AT28*$E28 -> 46983.68 | AV28: 66720 | AW28: =AV28*$E28 -> 42700.8 | AX28: 68740 | AY28: =AX28*$E28 -> 43993.6 | AZ28: 81158 | BA28: =AZ28*$E28 -> 51941.12 | BB28: 93086 | BC28: =BB28*$E28 -> 59575.04 | BD28: 97244 | BE28: =BD28*$E28 -> 62236.16 | BF28: =(BD28+BB28+AZ28+AX28+AV28+AT28+AR28+AP28+AN28+AL28+AJ28+AH28)/1 -> 718020 | BG28: =BF28*$E28 -> 459532.8 | BH28: 91784 | BI28: =BH28*$E28 -> 58741.76 | BJ28: 70816 | BK28: =BJ28*$E28 -> 45322.24 | BL28: 67550 | BM28: =BL28*$E28 -> 43232 | BN28: 56644 | BO28: =BN28*$E28 -> 36252.16 | BP28: 80334 | BQ28: =BP28*$E28 -> 51413.76 | BR28: 84071 | BS28: =BR28*$E28 -> 53805.44 | BT28: 80080 | BU28: =BT28*$E28 -> 51251.2 | BV28: 73961 | BW28: =BV28*$E28 -> 47335.04 | BX28: 72380 | BY28: =BX28*$E28 -> 46323.2 | BZ28: 74174 | CA28: =BZ28*$E28 -> 47471.36 | CB28: 68837 | CC28: =CB28*$E28 -> 44055.68 | CD28: 70386 | CE28: =CD28*$E28 -> 45047.04 | CF28: =(CD28+CB28+BZ28+BX28+BV28+BT28+BR28+BP28+BN28+BL28+BJ28+BH28)/1 -> 891017 | CG28: =CF28*$E28 -> 570250.88 | CH28: 58032 | CI28: =CH28*$E28 -> 37140.48 | CJ28: 56770 | CK28: =CJ28*$E28 -> 36332.8 | CL28: 36787 | CM28: =CL28*$E28 -> 23543.68 | CN28: 36194 | CO28: =CN28*$E28 -> 23164.16 | CP28: 70375 | CQ28: =CP28*$E28 -> 45040 | CR28: 54995 | CS28: =CR28*$E28 -> 35196.8 | CT28: 53721 | CU28: =CT28*$E28 -> 34381.44 | CV28: 56280 | CW28: =CV28*$E28 -> 36019.2 | CX28: 40221 | CY28: 25741.44 | CZ28: 65648 | DA28: 42014.72 | DB28: 79478 | DC28: 50865.92 | DD28: 51447 | DE28: 32926.08 | DF28: =SUM(CH28,CJ28,CL28,CN28,CP28,CR28,CT28,CV28,CX28,CZ28,DB28,DD28) -> 659948 | DG28: =DF28*$E28 -> 422366.72 | DH28: 50320 | DI28: 32204.8 | DJ28: 27412 | DK28: =DJ28*$E28 -> 17543.68 | EF28: =SUM(DH28,DJ28,DL28,DN28,DP28,DR28,DT28,DV28,DX28,DZ28,EB28,ED28) -> 77732 | EG28: =SUM(DI28,DK28,DM28,DO28,DQ28,DS28,DU28,DW28,DY28,EA28,EC28,EE28) -> 49748.48
A29: 23 | B29: ‌မျောက်ရှယ် | C29: ပုလင်း | D29: =RANK(DF29,$DF$4:$DF$144) -> 35 | E29: 0.64 | F29: 1 * 14 | I29: =H29*$E29 -> 0 | K29: =J29*$E29 -> 0 | M29: =L29*$E29 -> 0 | O29: =N29*$E29 -> 0 | Q29: =P29*$E29 -> 0 | S29: =R29*$E29 -> 0 | U29: =T29*$E29 -> 0 | W29: =V29*$E29 -> 0 | Y29: =X29*$E29 -> 0 | AA29: =Z29*$E29 -> 0 | AC29: =AB29*$E29 -> 0 | AE29: =AD29*$E29 -> 0 | AF29: =(AD29+AB29+Z29+X29+V29+T29+R29+P29+N29+L29+J29+H29)/1 -> 0 | AG29: =AF29*$E29 -> 0 | AI29: =AH29*$E29 -> 0 | AK29: =AJ29*$E29 -> 0 | AM29: =AL29*$E29 -> 0 | AO29: =AN29*$E29 -> 0 | AQ29: =AP29*$E29 -> 0 | AS29: =AR29*$E29 -> 0 | AU29: =AT29*$E29 -> 0 | AW29: =AV29*$E29 -> 0 | AY29: =AX29*$E29 -> 0 | BA29: =AZ29*$E29 -> 0 | BC29: =BB29*$E29 -> 0 | BE29: =BD29*$E29 -> 0 | BF29: =(BD29+BB29+AZ29+AX29+AV29+AT29+AR29+AP29+AN29+AL29+AJ29+AH29)/1 -> 0 | BG29: =BF29*$E29 -> 0 | BI29: =BH29*$E29 -> 0 | BK29: =BJ29*$E29 -> 0 | BM29: =BL29*$E29 -> 0 | BO29: =BN29*$E29 -> 0 | BQ29: =BP29*$E29 -> 0 | BS29: =BR29*$E29 -> 0 | BU29: =BT29*$E29 -> 0 | BW29: =BV29*$E29 -> 0 | BY29: =BX29*$E29 -> 0 | CA29: =BZ29*$E29 -> 0 | CC29: =CB29*$E29 -> 0 | CE29: =CD29*$E29 -> 0 | CF29: =(CD29+CB29+BZ29+BX29+BV29+BT29+BR29+BP29+BN29+BL29+BJ29+BH29)/1 -> 0 | CG29: =CF29*$E29 -> 0 | CI29: =CH29*$E29 -> 0 | CK29: =CJ29*$E29 -> 0 | CM29: =CL29*$E29 -> 0 | CO29: =CN29*$E29 -> 0 | CQ29: =CP29*$E29 -> 0 | CS29: =CR29*$E29 -> 0 | CU29: =CT29*$E29 -> 0 | CW29: =CV29*$E29 -> 0 | CY29: 0 | DA29: 0 | DC29: 0 | DE29: 0 | DF29: =SUM(CH29,CJ29,CL29,CN29,CP29,CR29,CT29,CV29,CX29,CZ29,DB29,DD29) -> 0 | DG29: =DF29*$E29 -> 0 | DI29: 0 | DK29: =DJ29*$E29 -> 0 | EF29: =SUM(DH29,DJ29,DL29,DN29,DP29,DR29,DT29,DV29,DX29,DZ29,EB29,ED29) -> 0 | EG29: =SUM(DI29,DK29,DM29,DO29,DQ29,DS29,DU29,DW29,DY29,EA29,EC29,EE29) -> 0
I30: =H30*$E30 -> 0 | K30: =J30*$E30 -> 0 | M30: =L30*$E30 -> 0 | O30: =N30*$E30 -> 0 | Q30: =P30*$E30 -> 0 | S30: =R30*$E30 -> 0 | U30: =T30*$E30 -> 0 | W30: =V30*$E30 -> 0 | Y30: =X30*$E30 -> 0 | AA30: =Z30*$E30 -> 0 | AC30: =AB30*$E30 -> 0 | AE30: =AD30*$E30 -> 0 | AF30: =(AD30+AB30+Z30+X30+V30+T30+R30+P30+N30+L30+J30+H30)/1 -> 0 | AG30: =AF30*$E30 -> 0 | AI30: =AH30*$E30 -> 0 | AK30: =AJ30*$E30 -> 0 | AM30: =AL30*$E30 -> 0 | AO30: =AN30*$E30 -> 0 | AQ30: =AP30*$E30 -> 0 | AS30: =AR30*$E30 -> 0 | AU30: =AT30*$E30 -> 0 | AW30: =AV30*$E30 -> 0 | AY30: =AX30*$E30 -> 0 | BA30: =AZ30*$E30 -> 0 | BC30: =BB30*$E30 -> 0 | BE30: =BD30*$E30 -> 0 | BF30: =(BD30+BB30+AZ30+AX30+AV30+AT30+AR30+AP30+AN30+AL30+AJ30+AH30)/1 -> 0 | BG30: =BF30*$E30 -> 0 | BI30: =BH30*$E30 -> 0 | BK30: =BJ30*$E30 -> 0 | BM30: =BL30*$E30 -> 0 | BO30: =BN30*$E30 -> 0 | BQ30: =BP30*$E30 -> 0 | BS30: =BR30*$E30 -> 0 | BU30: =BT30*$E30 -> 0 | BW30: =BV30*$E30 -> 0 | BY30: =BX30*$E30 -> 0 | CA30: =BZ30*$E30 -> 0 | CC30: =CB30*$E30 -> 0 | CE30: =CD30*$E30 -> 0 | CF30: =(CD30+CB30+BZ30+BX30+BV30+BT30+BR30+BP30+BN30+BL30+BJ30+BH30)/1 -> 0 | CG30: =CF30*$E30 -> 0 | CI30: =CH30*$E30 -> 0 | CK30: =CJ30*$E30 -> 0 | CM30: =CL30*$E30 -> 0 | CO30: =CN30*$E30 -> 0 | CQ30: =CP30*$E30 -> 0 | CS30: =CR30*$E30 -> 0 | CU30: =CT30*$E30 -> 0 | CW30: =CV30*$E30 -> 0 | CY30: 0 | DA30: 0 | DC30: 0 | DE30: 0 | DF30: =SUM(CH30,CJ30,CL30,CN30,CP30,CR30,CT30,CV30,CX30,CZ30,DB30,DD30) -> 0 | DG30: =DF30*$E30 -> 0 | DI30: 0 | DK30: =DJ30*$E30 -> 0 | EF30: =SUM(DH30,DJ30,DL30,DN30,DP30,DR30,DT30,DV30,DX30,DZ30,EB30,ED30) -> 0 | EG30: =SUM(DI30,DK30,DM30,DO30,DQ30,DS30,DU30,DW30,DY30,EA30,EC30,EE30) -> 0
A31: 24 | B31: Zayawaddy Red(1 Liter)30% | C31: ‌ကော်ဘူး | D31: =RANK(DF31,$DF$4:$DF$144) -> 32 | E31: 1 | F31: 1 * 12 | G31: 1680 | H31: 840 | I31: =H31*$E31 -> 840 | K31: =J31*$E31 -> 0 | L31: 1812 | M31: =L31*$E31 -> 1812 | O31: =N31*$E31 -> 0 | Q31: =P31*$E31 -> 0 | S31: =R31*$E31 -> 0 | U31: =T31*$E31 -> 0 | W31: =V31*$E31 -> 0 | Y31: =X31*$E31 -> 0 | AA31: =Z31*$E31 -> 0 | AC31: =AB31*$E31 -> 0 | AD31: 120 | AE31: =AD31*$E31 -> 120 | AF31: =(AD31+AB31+Z31+X31+V31+T31+R31+P31+N31+L31+J31+H31)/1 -> 2772 | AG31: =AF31*$E31 -> 2772 | AI31: =AH31*$E31 -> 0 | AK31: =AJ31*$E31 -> 0 | AM31: =AL31*$E31 -> 0 | AO31: =AN31*$E31 -> 0 | AQ31: =AP31*$E31 -> 0 | AS31: =AR31*$E31 -> 0 | AU31: =AT31*$E31 -> 0 | AW31: =AV31*$E31 -> 0 | AY31: =AX31*$E31 -> 0 | BA31: =AZ31*$E31 -> 0 | BC31: =BB31*$E31 -> 0 | BE31: =BD31*$E31 -> 0 | BF31: =(BD31+BB31+AZ31+AX31+AV31+AT31+AR31+AP31+AN31+AL31+AJ31+AH31)/1 -> 0 | BG31: =BF31*$E31 -> 0 | BI31: =BH31*$E31 -> 0 | BK31: =BJ31*$E31 -> 0 | BM31: =BL31*$E31 -> 0 | BO31: =BN31*$E31 -> 0 | BQ31: =BP31*$E31 -> 0 | BS31: =BR31*$E31 -> 0 | BU31: =BT31*$E31 -> 0 | BW31: =BV31*$E31 -> 0 | BY31: =BX31*$E31 -> 0 | CA31: =BZ31*$E31 -> 0 | CC31: =CB31*$E31 -> 0 | CE31: =CD31*$E31 -> 0 | CF31: =(CD31+CB31+BZ31+BX31+BV31+BT31+BR31+BP31+BN31+BL31+BJ31+BH31)/1 -> 0 | CG31: =CF31*$E31 -> 0 | CI31: =CH31*$E31 -> 0 | CK31: =CJ31*$E31 -> 0 | CM31: =CL31*$E31 -> 0 | CO31: =CN31*$E31 -> 0 | CP31: 840 | CQ31: =CP31*$E31 -> 840 | CR31: 1140 | CS31: =CR31*$E31 -> 1140 | CU31: =CT31*$E31 -> 0 | CW31: =CV31*$E31 -> 0 | CY31: 0 | DA31: 0 | DC31: 0 | DE31: 0 | DF31: =SUM(CH31,CJ31,CL31,CN31,CP31,CR31,CT31,CV31,CX31,CZ31,DB31,DD31) -> 1980 | DG31: =DF31*$E31 -> 1980 | DI31: 0 | DK31: =DJ31*$E31 -> 0 | EF31: =SUM(DH31,DJ31,DL31,DN31,DP31,DR31,DT31,DV31,DX31,DZ31,EB31,ED31) -> 0 | EG31: =SUM(DI31,DK31,DM31,DO31,DQ31,DS31,DU31,DW31,DY31,EA31,EC31,EE31) -> 0
A32: 25 | B32: Zayawaddy Red(1 Liter)40% | C32: ‌ကော်ဘူး | D32: =RANK(DF32,$DF$4:$DF$144) -> 35 | E32: 1 | F32: 1 * 12 | I32: =H32*$E32 -> 0 | K32: =J32*$E32 -> 0 | M32: =L32*$E32 -> 0 | O32: =N32*$E32 -> 0 | Q32: =P32*$E32 -> 0 | S32: =R32*$E32 -> 0 | U32: =T32*$E32 -> 0 | W32: =V32*$E32 -> 0 | Y32: =X32*$E32 -> 0 | AA32: =Z32*$E32 -> 0 | AC32: =AB32*$E32 -> 0 | AE32: =AD32*$E32 -> 0 | AF32: =(AD32+AB32+Z32+X32+V32+T32+R32+P32+N32+L32+J32+H32)/1 -> 0 | AG32: =AF32*$E32 -> 0 | AI32: =AH32*$E32 -> 0 | AK32: =AJ32*$E32 -> 0 | AM32: =AL32*$E32 -> 0 | AO32: =AN32*$E32 -> 0 | AQ32: =AP32*$E32 -> 0 | AS32: =AR32*$E32 -> 0 | AU32: =AT32*$E32 -> 0 | AW32: =AV32*$E32 -> 0 | AY32: =AX32*$E32 -> 0 | BA32: =AZ32*$E32 -> 0 | BC32: =BB32*$E32 -> 0 | BE32: =BD32*$E32 -> 0 | BF32: =(BD32+BB32+AZ32+AX32+AV32+AT32+AR32+AP32+AN32+AL32+AJ32+AH32)/1 -> 0 | BG32: =BF32*$E32 -> 0 | BI32: =BH32*$E32 -> 0 | BK32: =BJ32*$E32 -> 0 | BM32: =BL32*$E32 -> 0 | BO32: =BN32*$E32 -> 0 | BQ32: =BP32*$E32 -> 0 | BS32: =BR32*$E32 -> 0 | BU32: =BT32*$E32 -> 0 | BW32: =BV32*$E32 -> 0 | BY32: =BX32*$E32 -> 0 | CA32: =BZ32*$E32 -> 0 | CC32: =CB32*$E32 -> 0 | CE32: =CD32*$E32 -> 0 | CF32: =(CD32+CB32+BZ32+BX32+BV32+BT32+BR32+BP32+BN32+BL32+BJ32+BH32)/1 -> 0 | CG32: =CF32*$E32 -> 0 | CI32: =CH32*$E32 -> 0 | CK32: =CJ32*$E32 -> 0 | CM32: =CL32*$E32 -> 0 | CO32: =CN32*$E32 -> 0 | CQ32: =CP32*$E32 -> 0 | CS32: =CR32*$E32 -> 0 | CU32: =CT32*$E32 -> 0 | CW32: =CV32*$E32 -> 0 | CY32: 0 | DA32: 0 | DC32: 0 | DE32: 0 | DF32: =SUM(CH32,CJ32,CL32,CN32,CP32,CR32,CT32,CV32,CX32,CZ32,DB32,DD32) -> 0 | DG32: =DF32*$E32 -> 0 | DI32: 0 | DK32: =DJ32*$E32 -> 0 | EF32: =SUM(DH32,DJ32,DL32,DN32,DP32,DR32,DT32,DV32,DX32,DZ32,EB32,ED32) -> 0 | EG32: =SUM(DI32,DK32,DM32,DO32,DQ32,DS32,DU32,DW32,DY32,EA32,EC32,EE32) -> 0
A33: 26 | B33: Zayawaddy Red(0.6 Liter)30% | C33: ‌ကော်ဘူး | D33: =RANK(DF33,$DF$4:$DF$144) -> 35 | E33: 0.6 | F33: 1 * 12 | I33: =H33*$E33 -> 0 | K33: =J33*$E33 -> 0 | M33: =L33*$E33 -> 0 | O33: =N33*$E33 -> 0 | Q33: =P33*$E33 -> 0 | S33: =R33*$E33 -> 0 | U33: =T33*$E33 -> 0 | W33: =V33*$E33 -> 0 | Y33: =X33*$E33 -> 0 | AA33: =Z33*$E33 -> 0 | AC33: =AB33*$E33 -> 0 | AE33: =AD33*$E33 -> 0 | AF33: =(AD33+AB33+Z33+X33+V33+T33+R33+P33+N33+L33+J33+H33)/1 -> 0 | AG33: =AF33*$E33 -> 0 | AI33: =AH33*$E33 -> 0 | AK33: =AJ33*$E33 -> 0 | AM33: =AL33*$E33 -> 0 | AO33: =AN33*$E33 -> 0 | AQ33: =AP33*$E33 -> 0 | AS33: =AR33*$E33 -> 0 | AU33: =AT33*$E33 -> 0 | AW33: =AV33*$E33 -> 0 | AY33: =AX33*$E33 -> 0 | BA33: =AZ33*$E33 -> 0 | BC33: =BB33*$E33 -> 0 | BE33: =BD33*$E33 -> 0 | BF33: =(BD33+BB33+AZ33+AX33+AV33+AT33+AR33+AP33+AN33+AL33+AJ33+AH33)/1 -> 0 | BG33: =BF33*$E33 -> 0 | BI33: =BH33*$E33 -> 0 | BK33: =BJ33*$E33 -> 0 | BM33: =BL33*$E33 -> 0 | BO33: =BN33*$E33 -> 0 | BQ33: =BP33*$E33 -> 0 | BS33: =BR33*$E33 -> 0 | BU33: =BT33*$E33 -> 0 | BW33: =BV33*$E33 -> 0 | BY33: =BX33*$E33 -> 0 | CA33: =BZ33*$E33 -> 0 | CC33: =CB33*$E33 -> 0 | CE33: =CD33*$E33 -> 0 | CF33: =(CD33+CB33+BZ33+BX33+BV33+BT33+BR33+BP33+BN33+BL33+BJ33+BH33)/1 -> 0 | CG33: =CF33*$E33 -> 0 | CI33: =CH33*$E33 -> 0 | CK33: =CJ33*$E33 -> 0 | CM33: =CL33*$E33 -> 0 | CO33: =CN33*$E33 -> 0 | CQ33: =CP33*$E33 -> 0 | CS33: =CR33*$E33 -> 0 | CU33: =CT33*$E33 -> 0 | CW33: =CV33*$E33 -> 0 | CY33: 0 | DA33: 0 | DC33: 0 | DE33: 0 | DF33: =SUM(CH33,CJ33,CL33,CN33,CP33,CR33,CT33,CV33,CX33,CZ33,DB33,DD33) -> 0 | DG33: =DF33*$E33 -> 0 | DI33: 0 | DK33: =DJ33*$E33 -> 0 | EF33: =SUM(DH33,DJ33,DL33,DN33,DP33,DR33,DT33,DV33,DX33,DZ33,EB33,ED33) -> 0 | EG33: =SUM(DI33,DK33,DM33,DO33,DQ33,DS33,DU33,DW33,DY33,EA33,EC33,EE33) -> 0
A34: 27 | B34: Zayawaddy Red(0.6 Liter)40% | C34: ‌ကော်ဘူး | D34: =RANK(DF34,$DF$4:$DF$144) -> 35 | E34: 0.6 | F34: 1 * 12 | I34: =H34*$E34 -> 0 | K34: =J34*$E34 -> 0 | M34: =L34*$E34 -> 0 | O34: =N34*$E34 -> 0 | Q34: =P34*$E34 -> 0 | S34: =R34*$E34 -> 0 | U34: =T34*$E34 -> 0 | W34: =V34*$E34 -> 0 | Y34: =X34*$E34 -> 0 | AA34: =Z34*$E34 -> 0 | AC34: =AB34*$E34 -> 0 | AE34: =AD34*$E34 -> 0 | AF34: =(AD34+AB34+Z34+X34+V34+T34+R34+P34+N34+L34+J34+H34)/1 -> 0 | AG34: =AF34*$E34 -> 0 | AI34: =AH34*$E34 -> 0 | AK34: =AJ34*$E34 -> 0 | AM34: =AL34*$E34 -> 0 | AO34: =AN34*$E34 -> 0 | AQ34: =AP34*$E34 -> 0 | AS34: =AR34*$E34 -> 0 | AU34: =AT34*$E34 -> 0 | AW34: =AV34*$E34 -> 0 | AY34: =AX34*$E34 -> 0 | BA34: =AZ34*$E34 -> 0 | BC34: =BB34*$E34 -> 0 | BE34: =BD34*$E34 -> 0 | BF34: =(BD34+BB34+AZ34+AX34+AV34+AT34+AR34+AP34+AN34+AL34+AJ34+AH34)/1 -> 0 | BG34: =BF34*$E34 -> 0 | BI34: =BH34*$E34 -> 0 | BK34: =BJ34*$E34 -> 0 | BM34: =BL34*$E34 -> 0 | BO34: =BN34*$E34 -> 0 | BQ34: =BP34*$E34 -> 0 | BS34: =BR34*$E34 -> 0 | BU34: =BT34*$E34 -> 0 | BW34: =BV34*$E34 -> 0 | BY34: =BX34*$E34 -> 0 | CA34: =BZ34*$E34 -> 0 | CC34: =CB34*$E34 -> 0 | CE34: =CD34*$E34 -> 0 | CF34: =(CD34+CB34+BZ34+BX34+BV34+BT34+BR34+BP34+BN34+BL34+BJ34+BH34)/1 -> 0 | CG34: =CF34*$E34 -> 0 | CI34: =CH34*$E34 -> 0 | CK34: =CJ34*$E34 -> 0 | CM34: =CL34*$E34 -> 0 | CO34: =CN34*$E34 -> 0 | CQ34: =CP34*$E34 -> 0 | CS34: =CR34*$E34 -> 0 | CU34: =CT34*$E34 -> 0 | CW34: =CV34*$E34 -> 0 | CY34: 0 | DA34: 0 | DC34: 0 | DE34: 0 | DF34: =SUM(CH34,CJ34,CL34,CN34,CP34,CR34,CT34,CV34,CX34,CZ34,DB34,DD34) -> 0 | DG34: =DF34*$E34 -> 0 | DI34: 0 | DK34: =DJ34*$E34 -> 0 | EF34: =SUM(DH34,DJ34,DL34,DN34,DP34,DR34,DT34,DV34,DX34,DZ34,EB34,ED34) -> 0 | EG34: =SUM(DI34,DK34,DM34,DO34,DQ34,DS34,DU34,DW34,DY34,EA34,EC34,EE34) -> 0
A35: 28 | B35: Zayawaddy Red(0.35 Liter)40% | C35: ‌ကော်ဘူး | D35: =RANK(DF35,$DF$4:$DF$144) -> 35 | E35: 0.35 | F35: 1 * 40 | I35: =H35*$E35 -> 0 | K35: =J35*$E35 -> 0 | M35: =L35*$E35 -> 0 | O35: =N35*$E35 -> 0 | Q35: =P35*$E35 -> 0 | S35: =R35*$E35 -> 0 | U35: =T35*$E35 -> 0 | W35: =V35*$E35 -> 0 | Y35: =X35*$E35 -> 0 | AA35: =Z35*$E35 -> 0 | AC35: =AB35*$E35 -> 0 | AE35: =AD35*$E35 -> 0 | AF35: =(AD35+AB35+Z35+X35+V35+T35+R35+P35+N35+L35+J35+H35)/1 -> 0 | AG35: =AF35*$E35 -> 0 | AI35: =AH35*$E35 -> 0 | AK35: =AJ35*$E35 -> 0 | AM35: =AL35*$E35 -> 0 | AO35: =AN35*$E35 -> 0 | AQ35: =AP35*$E35 -> 0 | AS35: =AR35*$E35 -> 0 | AU35: =AT35*$E35 -> 0 | AW35: =AV35*$E35 -> 0 | AY35: =AX35*$E35 -> 0 | BA35: =AZ35*$E35 -> 0 | BC35: =BB35*$E35 -> 0 | BE35: =BD35*$E35 -> 0 | BF35: =(BD35+BB35+AZ35+AX35+AV35+AT35+AR35+AP35+AN35+AL35+AJ35+AH35)/1 -> 0 | BG35: =BF35*$E35 -> 0 | BI35: =BH35*$E35 -> 0 | BK35: =BJ35*$E35 -> 0 | BM35: =BL35*$E35 -> 0 | BO35: =BN35*$E35 -> 0 | BQ35: =BP35*$E35 -> 0 | BS35: =BR35*$E35 -> 0 | BU35: =BT35*$E35 -> 0 | BW35: =BV35*$E35 -> 0 | BY35: =BX35*$E35 -> 0 | CA35: =BZ35*$E35 -> 0 | CC35: =CB35*$E35 -> 0 | CE35: =CD35*$E35 -> 0 | CF35: =(CD35+CB35+BZ35+BX35+BV35+BT35+BR35+BP35+BN35+BL35+BJ35+BH35)/1 -> 0 | CG35: =CF35*$E35 -> 0 | CI35: =CH35*$E35 -> 0 | CK35: =CJ35*$E35 -> 0 | CM35: =CL35*$E35 -> 0 | CO35: =CN35*$E35 -> 0 | CQ35: =CP35*$E35 -> 0 | CS35: =CR35*$E35 -> 0 | CU35: =CT35*$E35 -> 0 | CW35: =CV35*$E35 -> 0 | CY35: 0 | DA35: 0 | DC35: 0 | DE35: 0 | DF35: =SUM(CH35,CJ35,CL35,CN35,CP35,CR35,CT35,CV35,CX35,CZ35,DB35,DD35) -> 0 | DG35: =DF35*$E35 -> 0 | DI35: 0 | DK35: =DJ35*$E35 -> 0 | EF35: =SUM(DH35,DJ35,DL35,DN35,DP35,DR35,DT35,DV35,DX35,DZ35,EB35,ED35) -> 0 | EG35: =SUM(DI35,DK35,DM35,DO35,DQ35,DS35,DU35,DW35,DY35,EA35,EC35,EE35) -> 0
A36: 29 | B36: ဇေယျဝတီ Smooth (စိမ်း) | C36: ပုလင်း | D36: =RANK(DF36,$DF$4:$DF$144) -> 35 | E36: 0.7 | F36: 1 * 12 | G36: 1700 | H36: 25776 | I36: =H36*$E36 -> 18043.2 | J36: 20160 | K36: =J36*$E36 -> 14112 | L36: 22660 | M36: =L36*$E36 -> 15862 | N36: 16679 | O36: =N36*$E36 -> 11675.3 | P36: 12936 | Q36: =P36*$E36 -> 9055.2 | R36: 12696 | S36: =R36*$E36 -> 8887.2 | T36: 14820 | U36: =T36*$E36 -> 10374 | V36: 24228 | W36: =V36*$E36 -> 16959.6 | X36: 9156 | Y36: =X36*$E36 -> 6409.2 | Z36: 8520 | AA36: =Z36*$E36 -> 5964 | AB36: 10776 | AC36: =AB36*$E36 -> 7543.2 | AD36: 8832 | AE36: =AD36*$E36 -> 6182.4 | AF36: =(AD36+AB36+Z36+X36+V36+T36+R36+P36+N36+L36+J36+H36)/1 -> 187239 | AG36: =AF36*$E36 -> 131067.3 | AH36: 10740 | AI36: =AH36*$E36 -> 7518 | AJ36: 5988 | AK36: =AJ36*$E36 -> 4191.6 | AL36: 9600 | AM36: =AL36*$E36 -> 6720 | AN36: 6972 | AO36: =AN36*$E36 -> 4880.4 | AP36: 6840 | AQ36: =AP36*$E36 -> 4788 | AR36: 7380 | AS36: =AR36*$E36 -> 5166 | AT36: 4404 | AU36: =AT36*$E36 -> 3082.8 | AV36: 6624 | AW36: =AV36*$E36 -> 4636.8 | AX36: 4282 | AY36: =AX36*$E36 -> 2997.4 | AZ36: 6540 | BA36: =AZ36*$E36 -> 4578 | BB36: 5640 | BC36: =BB36*$E36 -> 3948 | BD36: 5580 | BE36: =BD36*$E36 -> 3906 | BF36: =(BD36+BB36+AZ36+AX36+AV36+AT36+AR36+AP36+AN36+AL36+AJ36+AH36)/1 -> 80590 | BG36: =BF36*$E36 -> 56413 | BH36: 6204 | BI36: =BH36*$E36 -> 4342.8 | BJ36: 5268 | BK36: =BJ36*$E36 -> 3687.6 | BL36: 4440 | BM36: =BL36*$E36 -> 3108 | BN36: 3996 | BO36: =BN36*$E36 -> 2797.2 | BP36: 2436 | BQ36: =BP36*$E36 -> 1705.2 | BR36: 4006 | BS36: =BR36*$E36 -> 2804.2 | BT36: 4020 | BU36: =BT36*$E36 -> 2814 | BV36: 3900 | BW36: =BV36*$E36 -> 2730 | BX36: 4788 | BY36: =BX36*$E36 -> 3351.6 | BZ36: 4680 | CA36: =BZ36*$E36 -> 3276 | CB36: 4452 | CC36: =CB36*$E36 -> 3116.4 | CD36: 5232 | CE36: =CD36*$E36 -> 3662.4 | CF36: =(CD36+CB36+BZ36+BX36+BV36+BT36+BR36+BP36+BN36+BL36+BJ36+BH36)/1 -> 53422 | CG36: =CF36*$E36 -> 37395.4 | CI36: =CH36*$E36 -> 0 | CK36: =CJ36*$E36 -> 0 | CM36: =CL36*$E36 -> 0 | CO36: =CN36*$E36 -> 0 | CQ36: =CP36*$E36 -> 0 | CS36: =CR36*$E36 -> 0 | CU36: =CT36*$E36 -> 0 | CW36: =CV36*$E36 -> 0 | CY36: 0 | DA36: 0 | DC36: 0 | DE36: 0 | DF36: =SUM(CH36,CJ36,CL36,CN36,CP36,CR36,CT36,CV36,CX36,CZ36,DB36,DD36) -> 0 | DG36: =DF36*$E36 -> 0 | DI36: 0 | DK36: =DJ36*$E36 -> 0 | EF36: =SUM(DH36,DJ36,DL36,DN36,DP36,DR36,DT36,DV36,DX36,DZ36,EB36,ED36) -> 0 | EG36: =SUM(DI36,DK36,DM36,DO36,DQ36,DS36,DU36,DW36,DY36,EA36,EC36,EE36) -> 0
A37: 30 | B37: Zayawaddy Red | C37: ပုလင်း | D37: =RANK(DF37,$DF$4:$DF$144) -> 17 | E37: 0.7 | F37: 1 * 12 | G37: 1800 | I37: =H37*$E37 -> 0 | K37: =J37*$E37 -> 0 | M37: =L37*$E37 -> 0 | O37: =N37*$E37 -> 0 | Q37: =P37*$E37 -> 0 | S37: =R37*$E37 -> 0 | U37: =T37*$E37 -> 0 | W37: =V37*$E37 -> 0 | Y37: =X37*$E37 -> 0 | AA37: =Z37*$E37 -> 0 | AC37: =AB37*$E37 -> 0 | AE37: =AD37*$E37 -> 0 | AF37: =(AD37+AB37+Z37+X37+V37+T37+R37+P37+N37+L37+J37+H37)/1 -> 0 | AG37: =AF37*$E37 -> 0 | AI37: =AH37*$E37 -> 0 | AK37: =AJ37*$E37 -> 0 | AM37: =AL37*$E37 -> 0 | AO37: =AN37*$E37 -> 0 | AQ37: =AP37*$E37 -> 0 | AS37: =AR37*$E37 -> 0 | AU37: =AT37*$E37 -> 0 | AW37: =AV37*$E37 -> 0 | AY37: =AX37*$E37 -> 0 | BA37: =AZ37*$E37 -> 0 | BC37: =BB37*$E37 -> 0 | BE37: =BD37*$E37 -> 0 | BF37: =(BD37+BB37+AZ37+AX37+AV37+AT37+AR37+AP37+AN37+AL37+AJ37+AH37)/1 -> 0 | BG37: =BF37*$E37 -> 0 | BI37: =BH37*$E37 -> 0 | BK37: =BJ37*$E37 -> 0 | BM37: =BL37*$E37 -> 0 | BO37: =BN37*$E37 -> 0 | BQ37: =BP37*$E37 -> 0 | BS37: =BR37*$E37 -> 0 | BU37: =BT37*$E37 -> 0 | BW37: =BV37*$E37 -> 0 | BY37: =BX37*$E37 -> 0 | CA37: =BZ37*$E37 -> 0 | CC37: =CB37*$E37 -> 0 | CE37: =CD37*$E37 -> 0 | CF37: =(CD37+CB37+BZ37+BX37+BV37+BT37+BR37+BP37+BN37+BL37+BJ37+BH37)/1 -> 0 | CG37: =CF37*$E37 -> 0 | CH37: 4836 | CI37: =CH37*$E37 -> 3385.2 | CJ37: 3924 | CK37: =CJ37*$E37 -> 2746.8 | CL37: 6216 | CM37: =CL37*$E37 -> 4351.2 | CN37: 1416 | CO37: =CN37*$E37 -> 991.2 | CP37: 2400 | CQ37: =CP37*$E37 -> 1680 | CR37: 4740 | CS37: =CR37*$E37 -> 3318 | CT37: 4320 | CU37: =CT37*$E37 -> 3024 | CV37: 3120 | CW37: =CV37*$E37 -> 2184 | CX37: 1824 | CY37: 1276.8 | CZ37: 4923 | DA37: 3446.1 | DB37: 2664 | DC37: 1864.8 | DD37: 4852 | DE37: 3396.4 | DF37: =SUM(CH37,CJ37,CL37,CN37,CP37,CR37,CT37,CV37,CX37,CZ37,DB37,DD37) -> 45235 | DG37: =DF37*$E37 -> 31664.5 | DH37: 3300 | DI37: 2310 | DJ37: 2844 | DK37: =DJ37*$E37 -> 1990.8 | EF37: =SUM(DH37,DJ37,DL37,DN37,DP37,DR37,DT37,DV37,DX37,DZ37,EB37,ED37) -> 6144 | EG37: =SUM(DI37,DK37,DM37,DO37,DQ37,DS37,DU37,DW37,DY37,EA37,EC37,EE37) -> 4300.8
A38: 31 | B38: Zeyawaddy Rum (43%) | C38: ပုလင်း | D38: =RANK(DF38,$DF$4:$DF$144) -> 27 | E38: 0.68 | F38: 1 * 12 | G38: 1550 | I38: =H38*$E38 -> 0 | K38: =J38*$E38 -> 0 | M38: =L38*$E38 -> 0 | O38: =N38*$E38 -> 0 | Q38: =P38*$E38 -> 0 | S38: =R38*$E38 -> 0 | U38: =T38*$E38 -> 0 | W38: =V38*$E38 -> 0 | Y38: =X38*$E38 -> 0 | AA38: =Z38*$E38 -> 0 | AC38: =AB38*$E38 -> 0 | AE38: =AD38*$E38 -> 0 | AF38: =(AD38+AB38+Z38+X38+V38+T38+R38+P38+N38+L38+J38+H38)/1 -> 0 | AG38: =AF38*$E38 -> 0 | AI38: =AH38*$E38 -> 0 | AK38: =AJ38*$E38 -> 0 | AM38: =AL38*$E38 -> 0 | AO38: =AN38*$E38 -> 0 | AQ38: =AP38*$E38 -> 0 | AS38: =AR38*$E38 -> 0 | AU38: =AT38*$E38 -> 0 | AV38: 264 | AW38: =AV38*$E38 -> 179.52 | AX38: 1668 | AY38: =AX38*$E38 -> 1134.24 | AZ38: 4235 | BA38: =AZ38*$E38 -> 2879.8 | BB38: 576 | BC38: =BB38*$E38 -> 391.68 | BD38: 324 | BE38: =BD38*$E38 -> 220.32 | BF38: =(BD38+BB38+AZ38+AX38+AV38+AT38+AR38+AP38+AN38+AL38+AJ38+AH38)/1 -> 7067 | BG38: =BF38*$E38 -> 4805.56 | BH38: 1200 | BI38: =BH38*$E38 -> 816 | BJ38: 611 | BK38: =BJ38*$E38 -> 415.48 | BL38: 1647 | BM38: =BL38*$E38 -> 1119.96 | BN38: 1038 | BO38: =BN38*$E38 -> 705.84 | BP38: 283 | BQ38: =BP38*$E38 -> 192.44 | BR38: 674 | BS38: =BR38*$E38 -> 458.32 | BT38: 670 | BU38: =BT38*$E38 -> 455.6 | BV38: 624 | BW38: =BV38*$E38 -> 424.32 | BX38: 984 | BY38: =BX38*$E38 -> 669.12 | BZ38: 712 | CA38: =BZ38*$E38 -> 484.16 | CB38: 528 | CC38: =CB38*$E38 -> 359.04 | CD38: 492 | CE38: =CD38*$E38 -> 334.56 | CF38: =(CD38+CB38+BZ38+BX38+BV38+BT38+BR38+BP38+BN38+BL38+BJ38+BH38)/1 -> 9463 | CG38: =CF38*$E38 -> 6434.84 | CH38: 360 | CI38: =CH38*$E38 -> 244.8 | CJ38: 360 | CK38: =CJ38*$E38 -> 244.8 | CL38: 240 | CM38: =CL38*$E38 -> 163.2 | CN38: 1116 | CO38: =CN38*$E38 -> 758.88 | CP38: 480 | CQ38: =CP38*$E38 -> 326.4 | CR38: 420 | CS38: =CR38*$E38 -> 285.6 | CT38: 300 | CU38: =CT38*$E38 -> 204 | CV38: 180 | CW38: =CV38*$E38 -> 122.4 | CX38: 540 | CY38: 367.2 | CZ38: 96 | DA38: 65.28 | DB38: 96 | DC38: 65.28 | DD38: 72 | DE38: 48.96 | DF38: =SUM(CH38,CJ38,CL38,CN38,CP38,CR38,CT38,CV38,CX38,CZ38,DB38,DD38) -> 4260 | DG38: =DF38*$E38 -> 2896.8 | DH38: 96 | DI38: 65.28 | DJ38: 60 | DK38: =DJ38*$E38 -> 40.8 | EF38: =SUM(DH38,DJ38,DL38,DN38,DP38,DR38,DT38,DV38,DX38,DZ38,EB38,ED38) -> 156 | EG38: =SUM(DI38,DK38,DM38,DO38,DQ38,DS38,DU38,DW38,DY38,EA38,EC38,EE38) -> 106.08
A39: 32 | B39: Zeyawaddy Rum (43%) | C39: ပုလင်း | D39: =RANK(DF39,$DF$4:$DF$144) -> 35 | E39: 0.64 | F39: 1 * 12 | I39: =H39*$E39 -> 0 | K39: =J39*$E39 -> 0 | M39: =L39*$E39 -> 0 | O39: =N39*$E39 -> 0 | Q39: =P39*$E39 -> 0 | S39: =R39*$E39 -> 0 | U39: =T39*$E39 -> 0 | W39: =V39*$E39 -> 0 | Y39: =X39*$E39 -> 0 | AA39: =Z39*$E39 -> 0 | AC39: =AB39*$E39 -> 0 | AE39: =AD39*$E39 -> 0 | AF39: =(AD39+AB39+Z39+X39+V39+T39+R39+P39+N39+L39+J39+H39)/1 -> 0 | AG39: =AF39*$E39 -> 0 | AI39: =AH39*$E39 -> 0 | AK39: =AJ39*$E39 -> 0 | AM39: =AL39*$E39 -> 0 | AO39: =AN39*$E39 -> 0 | AQ39: =AP39*$E39 -> 0 | AS39: =AR39*$E39 -> 0 | AU39: =AT39*$E39 -> 0 | AW39: =AV39*$E39 -> 0 | AY39: =AX39*$E39 -> 0 | BA39: =AZ39*$E39 -> 0 | BC39: =BB39*$E39 -> 0 | BE39: =BD39*$E39 -> 0 | BF39: =(BD39+BB39+AZ39+AX39+AV39+AT39+AR39+AP39+AN39+AL39+AJ39+AH39)/1 -> 0 | BG39: =BF39*$E39 -> 0 | BI39: =BH39*$E39 -> 0 | BK39: =BJ39*$E39 -> 0 | BM39: =BL39*$E39 -> 0 | BO39: =BN39*$E39 -> 0 | BQ39: =BP39*$E39 -> 0 | BS39: =BR39*$E39 -> 0 | BU39: =BT39*$E39 -> 0 | BW39: =BV39*$E39 -> 0 | BY39: =BX39*$E39 -> 0 | CA39: =BZ39*$E39 -> 0 | CC39: =CB39*$E39 -> 0 | CE39: =CD39*$E39 -> 0 | CF39: =(CD39+CB39+BZ39+BX39+BV39+BT39+BR39+BP39+BN39+BL39+BJ39+BH39)/1 -> 0 | CG39: =CF39*$E39 -> 0 | CI39: =CH39*$E39 -> 0 | CK39: =CJ39*$E39 -> 0 | CM39: =CL39*$E39 -> 0 | CO39: =CN39*$E39 -> 0 | CQ39: =CP39*$E39 -> 0 | CS39: =CR39*$E39 -> 0 | CU39: =CT39*$E39 -> 0 | CW39: =CV39*$E39 -> 0 | CY39: 0 | DA39: 0 | DC39: 0 | DE39: 0 | DF39: =SUM(CH39,CJ39,CL39,CN39,CP39,CR39,CT39,CV39,CX39,CZ39,DB39,DD39) -> 0 | DG39: =DF39*$E39 -> 0 | DI39: 0 | DK39: =DJ39*$E39 -> 0 | EF39: =SUM(DH39,DJ39,DL39,DN39,DP39,DR39,DT39,DV39,DX39,DZ39,EB39,ED39) -> 0 | EG39: =SUM(DI39,DK39,DM39,DO39,DQ39,DS39,DU39,DW39,DY39,EA39,EC39,EE39) -> 0
A40: 33 | B40: ဇေယျဝတီ Smooth (နီ) | C40: ပုလင်း | D40: =RANK(DF40,$DF$4:$DF$144) -> 35 | E40: 0.64 | F40: 1 * 14 | I40: =H40*$E40 -> 0 | K40: =J40*$E40 -> 0 | M40: =L40*$E40 -> 0 | O40: =N40*$E40 -> 0 | Q40: =P40*$E40 -> 0 | S40: =R40*$E40 -> 0 | U40: =T40*$E40 -> 0 | W40: =V40*$E40 -> 0 | Y40: =X40*$E40 -> 0 | AA40: =Z40*$E40 -> 0 | AC40: =AB40*$E40 -> 0 | AE40: =AD40*$E40 -> 0 | AF40: =(AD40+AB40+Z40+X40+V40+T40+R40+P40+N40+L40+J40+H40)/1 -> 0 | AG40: =AF40*$E40 -> 0 | AI40: =AH40*$E40 -> 0 | AK40: =AJ40*$E40 -> 0 | AM40: =AL40*$E40 -> 0 | AO40: =AN40*$E40 -> 0 | AQ40: =AP40*$E40 -> 0 | AS40: =AR40*$E40 -> 0 | AU40: =AT40*$E40 -> 0 | AW40: =AV40*$E40 -> 0 | AY40: =AX40*$E40 -> 0 | BA40: =AZ40*$E40 -> 0 | BC40: =BB40*$E40 -> 0 | BE40: =BD40*$E40 -> 0 | BF40: =(BD40+BB40+AZ40+AX40+AV40+AT40+AR40+AP40+AN40+AL40+AJ40+AH40)/1 -> 0 | BG40: =BF40*$E40 -> 0 | BI40: =BH40*$E40 -> 0 | BK40: =BJ40*$E40 -> 0 | BM40: =BL40*$E40 -> 0 | BO40: =BN40*$E40 -> 0 | BQ40: =BP40*$E40 -> 0 | BS40: =BR40*$E40 -> 0 | BU40: =BT40*$E40 -> 0 | BW40: =BV40*$E40 -> 0 | BY40: =BX40*$E40 -> 0 | CA40: =BZ40*$E40 -> 0 | CC40: =CB40*$E40 -> 0 | CE40: =CD40*$E40 -> 0 | CF40: =(CD40+CB40+BZ40+BX40+BV40+BT40+BR40+BP40+BN40+BL40+BJ40+BH40)/1 -> 0 | CG40: =CF40*$E40 -> 0 | CI40: =CH40*$E40 -> 0 | CK40: =CJ40*$E40 -> 0 | CM40: =CL40*$E40 -> 0 | CO40: =CN40*$E40 -> 0 | CQ40: =CP40*$E40 -> 0 | CS40: =CR40*$E40 -> 0 | CU40: =CT40*$E40 -> 0 | CW40: =CV40*$E40 -> 0 | CY40: 0 | DA40: 0 | DC40: 0 | DE40: 0 | DF40: =SUM(CH40,CJ40,CL40,CN40,CP40,CR40,CT40,CV40,CX40,CZ40,DB40,DD40) -> 0 | DG40: =DF40*$E40 -> 0 | DI40: 0 | DK40: =DJ40*$E40 -> 0 | EF40: =SUM(DH40,DJ40,DL40,DN40,DP40,DR40,DT40,DV40,DX40,DZ40,EB40,ED40) -> 0 | EG40: =SUM(DI40,DK40,DM40,DO40,DQ40,DS40,DU40,DW40,DY40,EA40,EC40,EE40) -> 0
A41: 34 | B41: Zayawaddy Red | C41: ပုလင်း | D41: =RANK(DF41,$DF$4:$DF$144) -> 7 | E41: 0.64 | F41: 1 * 14 | G41: 1330 | H41: 39676 | I41: =H41*$E41 -> 25392.64 | J41: 47110 | K41: =J41*$E41 -> 30150.4 | L41: 48888 | M41: =L41*$E41 -> 31288.32 | N41: 33124 | O41: =N41*$E41 -> 21199.36 | P41: 38360 | Q41: =P41*$E41 -> 24550.4 | R41: 36918 | S41: =R41*$E41 -> 23627.52 | T41: 42098 | U41: =T41*$E41 -> 26942.72 | V41: 45248 | W41: =V41*$E41 -> 28958.72 | X41: 37324 | Y41: =X41*$E41 -> 23887.36 | Z41: 43708 | AA41: =Z41*$E41 -> 27973.12 | AB41: 44828 | AC41: =AB41*$E41 -> 28689.92 | AD41: 54670 | AE41: =AD41*$E41 -> 34988.8 | AF41: =(AD41+AB41+Z41+X41+V41+T41+R41+P41+N41+L41+J41+H41)/1 -> 511952 | AG41: =AF41*$E41 -> 327649.28 | AH41: 53162 | AI41: =AH41*$E41 -> 34023.68 | AJ41: 47572 | AK41: =AJ41*$E41 -> 30446.08 | AL41: 52598 | AM41: =AL41*$E41 -> 33662.72 | AN41: 43540 | AO41: =AN41*$E41 -> 27865.6 | AP41: 34048 | AQ41: =AP41*$E41 -> 21790.72 | AR41: 44774 | AS41: =AR41*$E41 -> 28655.36 | AT41: 48580 | AU41: =AT41*$E41 -> 31091.2 | AV41: 50008 | AW41: =AV41*$E41 -> 32005.12 | AX41: 46382 | AY41: =AX41*$E41 -> 29684.48 | AZ41: 41111 | BA41: =AZ41*$E41 -> 26311.04 | BB41: 53928 | BC41: =BB41*$E41 -> 34513.92 | BD41: 67326 | BE41: =BD41*$E41 -> 43088.64 | BF41: =(BD41+BB41+AZ41+AX41+AV41+AT41+AR41+AP41+AN41+AL41+AJ41+AH41)/1 -> 583029 | BG41: =BF41*$E41 -> 373138.56 | BH41: 58324 | BI41: =BH41*$E41 -> 37327.36 | BJ41: 52393 | BK41: =BJ41*$E41 -> 33531.52 | BL41: 52290 | BM41: =BL41*$E41 -> 33465.6 | BN41: 51660 | BO41: =BN41*$E41 -> 33062.4 | BP41: 50582 | BQ41: =BP41*$E41 -> 32372.48 | BR41: 50162 | BS41: =BR41*$E41 -> 32103.68 | BT41: 47579 | BU41: =BT41*$E41 -> 30450.56 | BV41: 54922 | BW41: =BV41*$E41 -> 35150.08 | BX41: 54362 | BY41: =BX41*$E41 -> 34791.68 | BZ41: 53634 | CA41: =BZ41*$E41 -> 34325.76 | CB41: 53928 | CC41: =CB41*$E41 -> 34513.92 | CD41: 54544 | CE41: =CD41*$E41 -> 34908.16 | CF41: =(CD41+CB41+BZ41+BX41+BV41+BT41+BR41+BP41+BN41+BL41+BJ41+BH41)/1 -> 634380 | CG41: =CF41*$E41 -> 406003.2 | CH41: 57739 | CI41: =CH41*$E41 -> 36952.96 | CJ41: 45556 | CK41: =CJ41*$E41 -> 29155.84 | CL41: 63224 | CM41: =CL41*$E41 -> 40463.36 | CN41: 50397 | CO41: =CN41*$E41 -> 32254.08 | CP41: 50260 | CQ41: =CP41*$E41 -> 32166.4 | CR41: 51932 | CS41: =CR41*$E41 -> 33236.48 | CT41: 43064 | CU41: =CT41*$E41 -> 27560.96 | CV41: 45798 | CW41: =CV41*$E41 -> 29310.72 | CX41: 44562 | CY41: 28519.68 | CZ41: 51382 | DA41: 32884.48 | DB41: 49140 | DC41: 31449.6 | DD41: 69160 | DE41: 44262.4 | DF41: =SUM(CH41,CJ41,CL41,CN41,CP41,CR41,CT41,CV41,CX41,CZ41,DB41,DD41) -> 622214 | DG41: =DF41*$E41 -> 398216.96 | DH41: 47432 | DI41: 30356.48 | DJ41: 37828 | DK41: =DJ41*$E41 -> 24209.92 | EF41: =SUM(DH41,DJ41,DL41,DN41,DP41,DR41,DT41,DV41,DX41,DZ41,EB41,ED41) -> 85260 | EG41: =SUM(DI41,DK41,DM41,DO41,DQ41,DS41,DU41,DW41,DY41,EA41,EC41,EE41) -> 54566.4
A42: 35 | B42: Zayawaddy Red | C42: ပုလင်း | D42: =RANK(DF42,$DF$4:$DF$144) -> 35 | E42: 0.64 | F42: 1 * 24 | I42: =H42*$E42 -> 0 | K42: =J42*$E42 -> 0 | M42: =L42*$E42 -> 0 | O42: =N42*$E42 -> 0 | Q42: =P42*$E42 -> 0 | S42: =R42*$E42 -> 0 | U42: =T42*$E42 -> 0 | W42: =V42*$E42 -> 0 | Y42: =X42*$E42 -> 0 | AA42: =Z42*$E42 -> 0 | AC42: =AB42*$E42 -> 0 | AE42: =AD42*$E42 -> 0 | AF42: =(AD42+AB42+Z42+X42+V42+T42+R42+P42+N42+L42+J42+H42)/1 -> 0 | AG42: =AF42*$E42 -> 0 | AI42: =AH42*$E42 -> 0 | AK42: =AJ42*$E42 -> 0 | AM42: =AL42*$E42 -> 0 | AO42: =AN42*$E42 -> 0 | AQ42: =AP42*$E42 -> 0 | AS42: =AR42*$E42 -> 0 | AU42: =AT42*$E42 -> 0 | AW42: =AV42*$E42 -> 0 | AY42: =AX42*$E42 -> 0 | BA42: =AZ42*$E42 -> 0 | BC42: =BB42*$E42 -> 0 | BE42: =BD42*$E42 -> 0 | BF42: =(BD42+BB42+AZ42+AX42+AV42+AT42+AR42+AP42+AN42+AL42+AJ42+AH42)/1 -> 0 | BG42: =BF42*$E42 -> 0 | BI42: =BH42*$E42 -> 0 | BK42: =BJ42*$E42 -> 0 | BM42: =BL42*$E42 -> 0 | BO42: =BN42*$E42 -> 0 | BQ42: =BP42*$E42 -> 0 | BS42: =BR42*$E42 -> 0 | BU42: =BT42*$E42 -> 0 | BW42: =BV42*$E42 -> 0 | BY42: =BX42*$E42 -> 0 | CA42: =BZ42*$E42 -> 0 | CC42: =CB42*$E42 -> 0 | CE42: =CD42*$E42 -> 0 | CF42: =(CD42+CB42+BZ42+BX42+BV42+BT42+BR42+BP42+BN42+BL42+BJ42+BH42)/1 -> 0 | CG42: =CF42*$E42 -> 0 | CI42: =CH42*$E42 -> 0 | CK42: =CJ42*$E42 -> 0 | CM42: =CL42*$E42 -> 0 | CO42: =CN42*$E42 -> 0 | CQ42: =CP42*$E42 -> 0 | CS42: =CR42*$E42 -> 0 | CU42: =CT42*$E42 -> 0 | CW42: =CV42*$E42 -> 0 | CY42: 0 | DA42: 0 | DC42: 0 | DE42: 0 | DF42: =SUM(CH42,CJ42,CL42,CN42,CP42,CR42,CT42,CV42,CX42,CZ42,DB42,DD42) -> 0 | DG42: =DF42*$E42 -> 0 | DI42: 0 | DK42: =DJ42*$E42 -> 0 | EF42: =SUM(DH42,DJ42,DL42,DN42,DP42,DR42,DT42,DV42,DX42,DZ42,EB42,ED42) -> 0 | EG42: =SUM(DI42,DK42,DM42,DO42,DQ42,DS42,DU42,DW42,DY42,EA42,EC42,EE42) -> 0
A43: 36 | B43: ဇေယျဝတီ Red (ပု) | C43: ပုလင်း | D43: =RANK(DF43,$DF$4:$DF$144) -> 35 | E43: 0.68 | F43: 1 * 14 | I43: =H43*$E43 -> 0 | K43: =J43*$E43 -> 0 | M43: =L43*$E43 -> 0 | O43: =N43*$E43 -> 0 | Q43: =P43*$E43 -> 0 | S43: =R43*$E43 -> 0 | U43: =T43*$E43 -> 0 | W43: =V43*$E43 -> 0 | Y43: =X43*$E43 -> 0 | AA43: =Z43*$E43 -> 0 | AC43: =AB43*$E43 -> 0 | AE43: =AD43*$E43 -> 0 | AF43: =(AD43+AB43+Z43+X43+V43+T43+R43+P43+N43+L43+J43+H43)/1 -> 0 | AG43: =AF43*$E43 -> 0 | AI43: =AH43*$E43 -> 0 | AK43: =AJ43*$E43 -> 0 | AM43: =AL43*$E43 -> 0 | AO43: =AN43*$E43 -> 0 | AQ43: =AP43*$E43 -> 0 | AS43: =AR43*$E43 -> 0 | AU43: =AT43*$E43 -> 0 | AW43: =AV43*$E43 -> 0 | AY43: =AX43*$E43 -> 0 | BA43: =AZ43*$E43 -> 0 | BC43: =BB43*$E43 -> 0 | BE43: =BD43*$E43 -> 0 | BF43: =(BD43+BB43+AZ43+AX43+AV43+AT43+AR43+AP43+AN43+AL43+AJ43+AH43)/1 -> 0 | BG43: =BF43*$E43 -> 0 | BI43: =BH43*$E43 -> 0 | BK43: =BJ43*$E43 -> 0 | BM43: =BL43*$E43 -> 0 | BO43: =BN43*$E43 -> 0 | BQ43: =BP43*$E43 -> 0 | BS43: =BR43*$E43 -> 0 | BU43: =BT43*$E43 -> 0 | BW43: =BV43*$E43 -> 0 | BY43: =BX43*$E43 -> 0 | CA43: =BZ43*$E43 -> 0 | CC43: =CB43*$E43 -> 0 | CE43: =CD43*$E43 -> 0 | CF43: =(CD43+CB43+BZ43+BX43+BV43+BT43+BR43+BP43+BN43+BL43+BJ43+BH43)/1 -> 0 | CG43: =CF43*$E43 -> 0 | CI43: =CH43*$E43 -> 0 | CK43: =CJ43*$E43 -> 0 | CM43: =CL43*$E43 -> 0 | CO43: =CN43*$E43 -> 0 | CQ43: =CP43*$E43 -> 0 | CS43: =CR43*$E43 -> 0 | CU43: =CT43*$E43 -> 0 | CW43: =CV43*$E43 -> 0 | CY43: 0 | DA43: 0 | DC43: 0 | DE43: 0 | DF43: =SUM(CH43,CJ43,CL43,CN43,CP43,CR43,CT43,CV43,CX43,CZ43,DB43,DD43) -> 0 | DG43: =DF43*$E43 -> 0 | DI43: 0 | DK43: =DJ43*$E43 -> 0 | EF43: =SUM(DH43,DJ43,DL43,DN43,DP43,DR43,DT43,DV43,DX43,DZ43,EB43,ED43) -> 0 | EG43: =SUM(DI43,DK43,DM43,DO43,DQ43,DS43,DU43,DW43,DY43,EA43,EC43,EE43) -> 0
A44: 37 | B44: ဇေယျဝတီ Red (ပု) | C44: ပုလင်း | D44: =RANK(DF44,$DF$4:$DF$144) -> 20 | E44: 0.64 | F44: 1 * 14 | G44: 1600 | I44: =H44*$E44 -> 0 | K44: =J44*$E44 -> 0 | M44: =L44*$E44 -> 0 | O44: =N44*$E44 -> 0 | Q44: =P44*$E44 -> 0 | S44: =R44*$E44 -> 0 | U44: =T44*$E44 -> 0 | W44: =V44*$E44 -> 0 | Y44: =X44*$E44 -> 0 | AA44: =Z44*$E44 -> 0 | AC44: =AB44*$E44 -> 0 | AE44: =AD44*$E44 -> 0 | AF44: =(AD44+AB44+Z44+X44+V44+T44+R44+P44+N44+L44+J44+H44)/1 -> 0 | AG44: =AF44*$E44 -> 0 | AI44: =AH44*$E44 -> 0 | AK44: =AJ44*$E44 -> 0 | AM44: =AL44*$E44 -> 0 | AO44: =AN44*$E44 -> 0 | AQ44: =AP44*$E44 -> 0 | AS44: =AR44*$E44 -> 0 | AU44: =AT44*$E44 -> 0 | AW44: =AV44*$E44 -> 0 | AY44: =AX44*$E44 -> 0 | BA44: =AZ44*$E44 -> 0 | BC44: =BB44*$E44 -> 0 | BE44: =BD44*$E44 -> 0 | BF44: =(BD44+BB44+AZ44+AX44+AV44+AT44+AR44+AP44+AN44+AL44+AJ44+AH44)/1 -> 0 | BG44: =BF44*$E44 -> 0 | BI44: =BH44*$E44 -> 0 | BK44: =BJ44*$E44 -> 0 | BL44: 1470 | BM44: =BL44*$E44 -> 940.8 | BN44: 7000 | BO44: =BN44*$E44 -> 4480 | BP44: 1826 | BQ44: =BP44*$E44 -> 1168.64 | BR44: 2906 | BS44: =BR44*$E44 -> 1859.84 | BT44: 3304 | BU44: =BT44*$E44 -> 2114.56 | BV44: 3584 | BW44: =BV44*$E44 -> 2293.76 | BX44: 1974 | BY44: =BX44*$E44 -> 1263.36 | BZ44: 3724 | CA44: =BZ44*$E44 -> 2383.36 | CB44: 2646 | CC44: =CB44*$E44 -> 1693.44 | CD44: 3262 | CE44: =CD44*$E44 -> 2087.68 | CF44: =(CD44+CB44+BZ44+BX44+BV44+BT44+BR44+BP44+BN44+BL44+BJ44+BH44)/1 -> 31696 | CG44: =CF44*$E44 -> 20285.44 | CH44: 3080 | CI44: =CH44*$E44 -> 1971.2 | CJ44: 2198 | CK44: =CJ44*$E44 -> 1406.72 | CL44: 1960 | CM44: =CL44*$E44 -> 1254.4 | CN44: 504 | CO44: =CN44*$E44 -> 322.56 | CP44: 3220 | CQ44: =CP44*$E44 -> 2060.8 | CR44: 1764 | CS44: =CR44*$E44 -> 1128.96 | CT44: 2086 | CU44: =CT44*$E44 -> 1335.04 | CV44: 2310 | CW44: =CV44*$E44 -> 1478.4 | CX44: 3290 | CY44: 2105.6 | CZ44: 2100 | DA44: 1344 | DB44: 3528 | DC44: 2257.92 | DD44: 3892 | DE44: 2490.88 | DF44: =SUM(CH44,CJ44,CL44,CN44,CP44,CR44,CT44,CV44,CX44,CZ44,DB44,DD44) -> 29932 | DG44: =DF44*$E44 -> 19156.48 | DH44: 1820 | DI44: 1164.8 | DJ44: 2982 | DK44: =DJ44*$E44 -> 1908.48 | EF44: =SUM(DH44,DJ44,DL44,DN44,DP44,DR44,DT44,DV44,DX44,DZ44,EB44,ED44) -> 4802 | EG44: =SUM(DI44,DK44,DM44,DO44,DQ44,DS44,DU44,DW44,DY44,EA44,EC44,EE44) -> 3073.28
A45: 38 | B45: ‌ဇေယျဝတီ Red (ice) | C45: ပုလင်း | D45: =RANK(DF45,$DF$4:$DF$144) -> 35 | E45: 0.64 | F45: 1 * 14 | I45: =H45*$E45 -> 0 | K45: =J45*$E45 -> 0 | M45: =L45*$E45 -> 0 | O45: =N45*$E45 -> 0 | Q45: =P45*$E45 -> 0 | S45: =R45*$E45 -> 0 | U45: =T45*$E45 -> 0 | W45: =V45*$E45 -> 0 | Y45: =X45*$E45 -> 0 | AA45: =Z45*$E45 -> 0 | AC45: =AB45*$E45 -> 0 | AE45: =AD45*$E45 -> 0 | AF45: =(AD45+AB45+Z45+X45+V45+T45+R45+P45+N45+L45+J45+H45)/1 -> 0 | AG45: =AF45*$E45 -> 0 | AI45: =AH45*$E45 -> 0 | AK45: =AJ45*$E45 -> 0 | AM45: =AL45*$E45 -> 0 | AO45: =AN45*$E45 -> 0 | AQ45: =AP45*$E45 -> 0 | AS45: =AR45*$E45 -> 0 | AU45: =AT45*$E45 -> 0 | AW45: =AV45*$E45 -> 0 | AY45: =AX45*$E45 -> 0 | BA45: =AZ45*$E45 -> 0 | BC45: =BB45*$E45 -> 0 | BE45: =BD45*$E45 -> 0 | BF45: =(BD45+BB45+AZ45+AX45+AV45+AT45+AR45+AP45+AN45+AL45+AJ45+AH45)/1 -> 0 | BG45: =BF45*$E45 -> 0 | BI45: =BH45*$E45 -> 0 | BK45: =BJ45*$E45 -> 0 | BM45: =BL45*$E45 -> 0 | BO45: =BN45*$E45 -> 0 | BQ45: =BP45*$E45 -> 0 | BS45: =BR45*$E45 -> 0 | BU45: =BT45*$E45 -> 0 | BW45: =BV45*$E45 -> 0 | BY45: =BX45*$E45 -> 0 | CA45: =BZ45*$E45 -> 0 | CC45: =CB45*$E45 -> 0 | CE45: =CD45*$E45 -> 0 | CF45: =(CD45+CB45+BZ45+BX45+BV45+BT45+BR45+BP45+BN45+BL45+BJ45+BH45)/1 -> 0 | CG45: =CF45*$E45 -> 0 | CI45: =CH45*$E45 -> 0 | CK45: =CJ45*$E45 -> 0 | CM45: =CL45*$E45 -> 0 | CO45: =CN45*$E45 -> 0 | CQ45: =CP45*$E45 -> 0 | CS45: =CR45*$E45 -> 0 | CU45: =CT45*$E45 -> 0 | CW45: =CV45*$E45 -> 0 | CY45: 0 | DA45: 0 | DC45: 0 | DE45: 0 | DF45: =SUM(CH45,CJ45,CL45,CN45,CP45,CR45,CT45,CV45,CX45,CZ45,DB45,DD45) -> 0 | DG45: =DF45*$E45 -> 0 | DI45: 0 | DK45: =DJ45*$E45 -> 0 | EF45: =SUM(DH45,DJ45,DL45,DN45,DP45,DR45,DT45,DV45,DX45,DZ45,EB45,ED45) -> 0 | EG45: =SUM(DI45,DK45,DM45,DO45,DQ45,DS45,DU45,DW45,DY45,EA45,EC45,EE45) -> 0
A46: 39 | B46: ‌ဇေယျဝတီ Red (ice) | C46: ပုလင်း | D46: =RANK(DF46,$DF$4:$DF$144) -> 35 | E46: 0.64 | F46: 1 * 14 | I46: =H46*$E46 -> 0 | K46: =J46*$E46 -> 0 | M46: =L46*$E46 -> 0 | O46: =N46*$E46 -> 0 | Q46: =P46*$E46 -> 0 | S46: =R46*$E46 -> 0 | U46: =T46*$E46 -> 0 | W46: =V46*$E46 -> 0 | Y46: =X46*$E46 -> 0 | AA46: =Z46*$E46 -> 0 | AC46: =AB46*$E46 -> 0 | AE46: =AD46*$E46 -> 0 | AF46: =(AD46+AB46+Z46+X46+V46+T46+R46+P46+N46+L46+J46+H46)/1 -> 0 | AG46: =AF46*$E46 -> 0 | AI46: =AH46*$E46 -> 0 | AK46: =AJ46*$E46 -> 0 | AM46: =AL46*$E46 -> 0 | AO46: =AN46*$E46 -> 0 | AQ46: =AP46*$E46 -> 0 | AS46: =AR46*$E46 -> 0 | AU46: =AT46*$E46 -> 0 | AW46: =AV46*$E46 -> 0 | AY46: =AX46*$E46 -> 0 | BA46: =AZ46*$E46 -> 0 | BC46: =BB46*$E46 -> 0 | BE46: =BD46*$E46 -> 0 | BF46: =(BD46+BB46+AZ46+AX46+AV46+AT46+AR46+AP46+AN46+AL46+AJ46+AH46)/1 -> 0 | BG46: =BF46*$E46 -> 0 | BI46: =BH46*$E46 -> 0 | BK46: =BJ46*$E46 -> 0 | BM46: =BL46*$E46 -> 0 | BO46: =BN46*$E46 -> 0 | BQ46: =BP46*$E46 -> 0 | BS46: =BR46*$E46 -> 0 | BU46: =BT46*$E46 -> 0 | BW46: =BV46*$E46 -> 0 | BY46: =BX46*$E46 -> 0 | CA46: =BZ46*$E46 -> 0 | CC46: =CB46*$E46 -> 0 | CE46: =CD46*$E46 -> 0 | CF46: =(CD46+CB46+BZ46+BX46+BV46+BT46+BR46+BP46+BN46+BL46+BJ46+BH46)/1 -> 0 | CG46: =CF46*$E46 -> 0 | CI46: =CH46*$E46 -> 0 | CK46: =CJ46*$E46 -> 0 | CM46: =CL46*$E46 -> 0 | CO46: =CN46*$E46 -> 0 | CQ46: =CP46*$E46 -> 0 | CS46: =CR46*$E46 -> 0 | CU46: =CT46*$E46 -> 0 | CW46: =CV46*$E46 -> 0 | CY46: 0 | DA46: 0 | DC46: 0 | DE46: 0 | DF46: =SUM(CH46,CJ46,CL46,CN46,CP46,CR46,CT46,CV46,CX46,CZ46,DB46,DD46) -> 0 | DG46: =DF46*$E46 -> 0 | DI46: 0 | DK46: =DJ46*$E46 -> 0 | EF46: =SUM(DH46,DJ46,DL46,DN46,DP46,DR46,DT46,DV46,DX46,DZ46,EB46,ED46) -> 0 | EG46: =SUM(DI46,DK46,DM46,DO46,DQ46,DS46,DU46,DW46,DY46,EA46,EC46,EE46) -> 0
A47: 40 | B47: ‌ဇေယျဝတီ Red (ice) | C47: ပုလင်း | D47: =RANK(DF47,$DF$4:$DF$144) -> 35 | E47: 0.64 | F47: 1 * 14 | I47: =H47*$E47 -> 0 | K47: =J47*$E47 -> 0 | M47: =L47*$E47 -> 0 | O47: =N47*$E47 -> 0 | Q47: =P47*$E47 -> 0 | S47: =R47*$E47 -> 0 | U47: =T47*$E47 -> 0 | W47: =V47*$E47 -> 0 | Y47: =X47*$E47 -> 0 | AA47: =Z47*$E47 -> 0 | AC47: =AB47*$E47 -> 0 | AE47: =AD47*$E47 -> 0 | AF47: =(AD47+AB47+Z47+X47+V47+T47+R47+P47+N47+L47+J47+H47)/1 -> 0 | AG47: =AF47*$E47 -> 0 | AI47: =AH47*$E47 -> 0 | AK47: =AJ47*$E47 -> 0 | AM47: =AL47*$E47 -> 0 | AO47: =AN47*$E47 -> 0 | AQ47: =AP47*$E47 -> 0 | AS47: =AR47*$E47 -> 0 | AU47: =AT47*$E47 -> 0 | AW47: =AV47*$E47 -> 0 | AY47: =AX47*$E47 -> 0 | BA47: =AZ47*$E47 -> 0 | BC47: =BB47*$E47 -> 0 | BE47: =BD47*$E47 -> 0 | BF47: =(BD47+BB47+AZ47+AX47+AV47+AT47+AR47+AP47+AN47+AL47+AJ47+AH47)/1 -> 0 | BG47: =BF47*$E47 -> 0 | BI47: =BH47*$E47 -> 0 | BK47: =BJ47*$E47 -> 0 | BM47: =BL47*$E47 -> 0 | BO47: =BN47*$E47 -> 0 | BQ47: =BP47*$E47 -> 0 | BS47: =BR47*$E47 -> 0 | BU47: =BT47*$E47 -> 0 | BW47: =BV47*$E47 -> 0 | BY47: =BX47*$E47 -> 0 | CA47: =BZ47*$E47 -> 0 | CC47: =CB47*$E47 -> 0 | CE47: =CD47*$E47 -> 0 | CF47: =(CD47+CB47+BZ47+BX47+BV47+BT47+BR47+BP47+BN47+BL47+BJ47+BH47)/1 -> 0 | CG47: =CF47*$E47 -> 0 | CI47: =CH47*$E47 -> 0 | CK47: =CJ47*$E47 -> 0 | CM47: =CL47*$E47 -> 0 | CO47: =CN47*$E47 -> 0 | CQ47: =CP47*$E47 -> 0 | CS47: =CR47*$E47 -> 0 | CU47: =CT47*$E47 -> 0 | CW47: =CV47*$E47 -> 0 | CY47: 0 | DA47: 0 | DC47: 0 | DE47: 0 | DF47: =SUM(CH47,CJ47,CL47,CN47,CP47,CR47,CT47,CV47,CX47,CZ47,DB47,DD47) -> 0 | DG47: =DF47*$E47 -> 0 | DI47: 0 | DK47: =DJ47*$E47 -> 0 | EF47: =SUM(DH47,DJ47,DL47,DN47,DP47,DR47,DT47,DV47,DX47,DZ47,EB47,ED47) -> 0 | EG47: =SUM(DI47,DK47,DM47,DO47,DQ47,DS47,DU47,DW47,DY47,EA47,EC47,EE47) -> 0
I48: =H48*$E48 -> 0 | K48: =J48*$E48 -> 0 | M48: =L48*$E48 -> 0 | O48: =N48*$E48 -> 0 | Q48: =P48*$E48 -> 0 | S48: =R48*$E48 -> 0 | U48: =T48*$E48 -> 0 | W48: =V48*$E48 -> 0 | Y48: =X48*$E48 -> 0 | AA48: =Z48*$E48 -> 0 | AC48: =AB48*$E48 -> 0 | AE48: =AD48*$E48 -> 0 | AF48: =(AD48+AB48+Z48+X48+V48+T48+R48+P48+N48+L48+J48+H48)/1 -> 0 | AG48: =AF48*$E48 -> 0 | AI48: =AH48*$E48 -> 0 | AK48: =AJ48*$E48 -> 0 | AM48: =AL48*$E48 -> 0 | AO48: =AN48*$E48 -> 0 | AQ48: =AP48*$E48 -> 0 | AS48: =AR48*$E48 -> 0 | AU48: =AT48*$E48 -> 0 | AW48: =AV48*$E48 -> 0 | AY48: =AX48*$E48 -> 0 | BA48: =AZ48*$E48 -> 0 | BC48: =BB48*$E48 -> 0 | BE48: =BD48*$E48 -> 0 | BF48: =(BD48+BB48+AZ48+AX48+AV48+AT48+AR48+AP48+AN48+AL48+AJ48+AH48)/1 -> 0 | BG48: =BF48*$E48 -> 0 | BI48: =BH48*$E48 -> 0 | BK48: =BJ48*$E48 -> 0 | BM48: =BL48*$E48 -> 0 | BO48: =BN48*$E48 -> 0 | BQ48: =BP48*$E48 -> 0 | BS48: =BR48*$E48 -> 0 | BU48: =BT48*$E48 -> 0 | BW48: =BV48*$E48 -> 0 | BY48: =BX48*$E48 -> 0 | CA48: =BZ48*$E48 -> 0 | CC48: =CB48*$E48 -> 0 | CE48: =CD48*$E48 -> 0 | CF48: =(CD48+CB48+BZ48+BX48+BV48+BT48+BR48+BP48+BN48+BL48+BJ48+BH48)/1 -> 0 | CG48: =CF48*$E48 -> 0 | CI48: =CH48*$E48 -> 0 | CK48: =CJ48*$E48 -> 0 | CM48: =CL48*$E48 -> 0 | CO48: =CN48*$E48 -> 0 | CQ48: =CP48*$E48 -> 0 | CS48: =CR48*$E48 -> 0 | CU48: =CT48*$E48 -> 0 | CW48: =CV48*$E48 -> 0 | CY48: 0 | DA48: 0 | DC48: 0 | DE48: 0 | DF48: =SUM(CH48,CJ48,CL48,CN48,CP48,CR48,CT48,CV48,CX48,CZ48,DB48,DD48) -> 0 | DG48: =DF48*$E48 -> 0 | DI48: 0 | DK48: =DJ48*$E48 -> 0 | EF48: =SUM(DH48,DJ48,DL48,DN48,DP48,DR48,DT48,DV48,DX48,DZ48,EB48,ED48) -> 0 | EG48: =SUM(DI48,DK48,DM48,DO48,DQ48,DS48,DU48,DW48,DY48,EA48,EC48,EE48) -> 0
A49: 41 | B49: မြန်မာရှောက်ပျား(1 Liter) | C49: ‌ကော်ဘူး | D49: =RANK(DF49,$DF$4:$DF$144) -> 35 | E49: 1 | F49: 1 * 12 | I49: =H49*$E49 -> 0 | K49: =J49*$E49 -> 0 | M49: =L49*$E49 -> 0 | O49: =N49*$E49 -> 0 | Q49: =P49*$E49 -> 0 | S49: =R49*$E49 -> 0 | U49: =T49*$E49 -> 0 | W49: =V49*$E49 -> 0 | Y49: =X49*$E49 -> 0 | AA49: =Z49*$E49 -> 0 | AC49: =AB49*$E49 -> 0 | AE49: =AD49*$E49 -> 0 | AF49: =(AD49+AB49+Z49+X49+V49+T49+R49+P49+N49+L49+J49+H49)/1 -> 0 | AG49: =AF49*$E49 -> 0 | AI49: =AH49*$E49 -> 0 | AK49: =AJ49*$E49 -> 0 | AM49: =AL49*$E49 -> 0 | AO49: =AN49*$E49 -> 0 | AQ49: =AP49*$E49 -> 0 | AS49: =AR49*$E49 -> 0 | AU49: =AT49*$E49 -> 0 | AW49: =AV49*$E49 -> 0 | AY49: =AX49*$E49 -> 0 | BA49: =AZ49*$E49 -> 0 | BC49: =BB49*$E49 -> 0 | BE49: =BD49*$E49 -> 0 | BF49: =(BD49+BB49+AZ49+AX49+AV49+AT49+AR49+AP49+AN49+AL49+AJ49+AH49)/1 -> 0 | BG49: =BF49*$E49 -> 0 | BI49: =BH49*$E49 -> 0 | BK49: =BJ49*$E49 -> 0 | BM49: =BL49*$E49 -> 0 | BO49: =BN49*$E49 -> 0 | BQ49: =BP49*$E49 -> 0 | BS49: =BR49*$E49 -> 0 | BU49: =BT49*$E49 -> 0 | BW49: =BV49*$E49 -> 0 | BY49: =BX49*$E49 -> 0 | CA49: =BZ49*$E49 -> 0 | CC49: =CB49*$E49 -> 0 | CE49: =CD49*$E49 -> 0 | CF49: =(CD49+CB49+BZ49+BX49+BV49+BT49+BR49+BP49+BN49+BL49+BJ49+BH49)/1 -> 0 | CG49: =CF49*$E49 -> 0 | CI49: =CH49*$E49 -> 0 | CK49: =CJ49*$E49 -> 0 | CM49: =CL49*$E49 -> 0 | CO49: =CN49*$E49 -> 0 | CQ49: =CP49*$E49 -> 0 | CS49: =CR49*$E49 -> 0 | CU49: =CT49*$E49 -> 0 | CW49: =CV49*$E49 -> 0 | CY49: 0 | DA49: 0 | DC49: 0 | DE49: 0 | DF49: =SUM(CH49,CJ49,CL49,CN49,CP49,CR49,CT49,CV49,CX49,CZ49,DB49,DD49) -> 0 | DG49: =DF49*$E49 -> 0 | DI49: 0 | DJ49: 486 | DK49: =DJ49*$E49 -> 486 | EF49: =SUM(DH49,DJ49,DL49,DN49,DP49,DR49,DT49,DV49,DX49,DZ49,EB49,ED49) -> 486 | EG49: =SUM(DI49,DK49,DM49,DO49,DQ49,DS49,DU49,DW49,DY49,EA49,EC49,EE49) -> 486
A50: 42 | B50: မြန်မာရှောက်ပျား(1 Liter) | C50: ‌ကော်ဘူး | D50: =RANK(DF50,$DF$4:$DF$144) -> 35 | E50: 1 | F50: 1 * 24 | I50: =H50*$E50 -> 0 | K50: =J50*$E50 -> 0 | M50: =L50*$E50 -> 0 | O50: =N50*$E50 -> 0 | Q50: =P50*$E50 -> 0 | S50: =R50*$E50 -> 0 | U50: =T50*$E50 -> 0 | W50: =V50*$E50 -> 0 | Y50: =X50*$E50 -> 0 | AA50: =Z50*$E50 -> 0 | AC50: =AB50*$E50 -> 0 | AE50: =AD50*$E50 -> 0 | AF50: =(AD50+AB50+Z50+X50+V50+T50+R50+P50+N50+L50+J50+H50)/1 -> 0 | AG50: =AF50*$E50 -> 0 | AI50: =AH50*$E50 -> 0 | AK50: =AJ50*$E50 -> 0 | AM50: =AL50*$E50 -> 0 | AO50: =AN50*$E50 -> 0 | AQ50: =AP50*$E50 -> 0 | AS50: =AR50*$E50 -> 0 | AU50: =AT50*$E50 -> 0 | AW50: =AV50*$E50 -> 0 | AY50: =AX50*$E50 -> 0 | BA50: =AZ50*$E50 -> 0 | BC50: =BB50*$E50 -> 0 | BE50: =BD50*$E50 -> 0 | BF50: =(BD50+BB50+AZ50+AX50+AV50+AT50+AR50+AP50+AN50+AL50+AJ50+AH50)/1 -> 0 | BG50: =BF50*$E50 -> 0 | BI50: =BH50*$E50 -> 0 | BK50: =BJ50*$E50 -> 0 | BM50: =BL50*$E50 -> 0 | BO50: =BN50*$E50 -> 0 | BQ50: =BP50*$E50 -> 0 | BS50: =BR50*$E50 -> 0 | BU50: =BT50*$E50 -> 0 | BW50: =BV50*$E50 -> 0 | BY50: =BX50*$E50 -> 0 | CA50: =BZ50*$E50 -> 0 | CC50: =CB50*$E50 -> 0 | CE50: =CD50*$E50 -> 0 | CF50: =(CD50+CB50+BZ50+BX50+BV50+BT50+BR50+BP50+BN50+BL50+BJ50+BH50)/1 -> 0 | CG50: =CF50*$E50 -> 0 | CI50: =CH50*$E50 -> 0 | CK50: =CJ50*$E50 -> 0 | CM50: =CL50*$E50 -> 0 | CO50: =CN50*$E50 -> 0 | CQ50: =CP50*$E50 -> 0 | CS50: =CR50*$E50 -> 0 | CU50: =CT50*$E50 -> 0 | CW50: =CV50*$E50 -> 0 | CY50: 0 | DA50: 0 | DC50: 0 | DE50: 0 | DF50: =SUM(CH50,CJ50,CL50,CN50,CP50,CR50,CT50,CV50,CX50,CZ50,DB50,DD50) -> 0 | DG50: =DF50*$E50 -> 0 | DI50: 0 | DK50: =DJ50*$E50 -> 0 | EF50: =SUM(DH50,DJ50,DL50,DN50,DP50,DR50,DT50,DV50,DX50,DZ50,EB50,ED50) -> 0 | EG50: =SUM(DI50,DK50,DM50,DO50,DQ50,DS50,DU50,DW50,DY50,EA50,EC50,EE50) -> 0
A51: 43 | B51: မြန်မာရှောက်ပျား | C51: ပုလင်း | D51: =RANK(DF51,$DF$4:$DF$144) -> 3 | E51: 0.64 | F51: 1 * 14 | G51: 1370 | H51: 131800 | I51: =H51*$E51 -> 84352 | J51: 163296 | K51: =J51*$E51 -> 104509.44 | L51: 161518 | M51: =L51*$E51 -> 103371.52 | N51: 105252 | O51: =N51*$E51 -> 67361.28 | P51: 100870 | Q51: =P51*$E51 -> 64556.8 | R51: 159208 | S51: =R51*$E51 -> 101893.12 | T51: 146160 | U51: =T51*$E51 -> 93542.4 | V51: 158214 | W51: =V51*$E51 -> 101256.96 | X51: 140784 | Y51: =X51*$E51 -> 90101.76 | Z51: 106176 | AA51: =Z51*$E51 -> 67952.64 | AB51: 152852 | AC51: =AB51*$E51 -> 97825.28 | AD51: 156408 | AE51: =AD51*$E51 -> 100101.12 | AF51: =(AD51+AB51+Z51+X51+V51+T51+R51+P51+N51+L51+J51+H51)/1 -> 1682538 | AG51: =AF51*$E51 -> 1076824.3 | AH51: 167569 | AI51: =AH51*$E51 -> 107244.16 | AJ51: 156820 | AK51: =AJ51*$E51 -> 100364.8 | AL51: 114324 | AM51: =AL51*$E51 -> 73167.36 | AN51: 130060 | AO51: =AN51*$E51 -> 83238.4 | AP51: 115192 | AQ51: =AP51*$E51 -> 73722.88 | AR51: 135985 | AS51: =AR51*$E51 -> 87030.4 | AT51: 151284 | AU51: =AT51*$E51 -> 96821.76 | AV51: 131558 | AW51: =AV51*$E51 -> 84197.12 | AX51: 123746 | AY51: =AX51*$E51 -> 79197.44 | AZ51: 134428 | BA51: =AZ51*$E51 -> 86033.92 | BB51: 144902 | BC51: =BB51*$E51 -> 92737.28 | BD51: 207298 | BE51: =BD51*$E51 -> 132670.72 | BF51: =(BD51+BB51+AZ51+AX51+AV51+AT51+AR51+AP51+AN51+AL51+AJ51+AH51)/1 -> 1713166 | BG51: =BF51*$E51 -> 1096426.2 | BH51: 204793 | BI51: =BH51*$E51 -> 131067.52 | BJ51: 124476 | BK51: =BJ51*$E51 -> 79664.64 | BL51: 119466 | BM51: =BL51*$E51 -> 76458.24 | BN51: 121002 | BO51: =BN51*$E51 -> 77441.28 | BP51: 136738 | BQ51: =BP51*$E51 -> 87512.32 | BR51: 143416 | BS51: =BR51*$E51 -> 91786.24 | BT51: 140525 | BU51: =BT51*$E51 -> 89936 | BV51: 137417 | BW51: =BV51*$E51 -> 87946.88 | BX51: 149520 | BY51: =BX51*$E51 -> 95692.8 | BZ51: 136758 | CA51: =BZ51*$E51 -> 87525.12 | CB51: 148316 | CC51: =CB51*$E51 -> 94922.24 | CD51: 159250 | CE51: =CD51*$E51 -> 101920 | CF51: =(CD51+CB51+BZ51+BX51+BV51+BT51+BR51+BP51+BN51+BL51+BJ51+BH51)/1 -> 1721677 | CG51: =CF51*$E51 -> 1101873.3 | CH51: 154924 | CI51: =CH51*$E51 -> 99151.36 | CJ51: 128100 | CK51: =CJ51*$E51 -> 81984 | CL51: 168241 | CM51: =CL51*$E51 -> 107674.24 | CN51: 113416 | CO51: =CN51*$E51 -> 72586.24 | CP51: 125095 | CQ51: =CP51*$E51 -> 80060.8 | CR51: 129262 | CS51: =CR51*$E51 -> 82727.68 | CT51: 129416 | CU51: =CT51*$E51 -> 82826.24 | CV51: 113666 | CW51: =CV51*$E51 -> 72746.24 | CX51: 130958 | CY51: 83813.12 | CZ51: 123398 | DA51: 78974.72 | DB51: 132608 | DC51: 84869.12 | DD51: 129794 | DE51: 83068.16 | DF51: =SUM(CH51,CJ51,CL51,CN51,CP51,CR51,CT51,CV51,CX51,CZ51,DB51,DD51) -> 1578878 | DG51: =DF51*$E51 -> 1010481.9 | DH51: 129486 | DI51: 82871.04 | DJ51: 110882 | DK51: =DJ51*$E51 -> 70964.48 | EF51: =SUM(DH51,DJ51,DL51,DN51,DP51,DR51,DT51,DV51,DX51,DZ51,EB51,ED51) -> 240368 | EG51: =SUM(DI51,DK51,DM51,DO51,DQ51,DS51,DU51,DW51,DY51,EA51,EC51,EE51) -> 153835.52
A52: 44 | B52: မြန်မာရှောက်ပျား | C52: ပုလင်း | D52: =RANK(DF52,$DF$4:$DF$144) -> 35 | E52: 0.64 | F52: 1 * 24 | I52: =H52*$E52 -> 0 | K52: =J52*$E52 -> 0 | M52: =L52*$E52 -> 0 | O52: =N52*$E52 -> 0 | Q52: =P52*$E52 -> 0 | S52: =R52*$E52 -> 0 | U52: =T52*$E52 -> 0 | W52: =V52*$E52 -> 0 | Y52: =X52*$E52 -> 0 | AA52: =Z52*$E52 -> 0 | AC52: =AB52*$E52 -> 0 | AE52: =AD52*$E52 -> 0 | AF52: =(AD52+AB52+Z52+X52+V52+T52+R52+P52+N52+L52+J52+H52)/1 -> 0 | AG52: =AF52*$E52 -> 0 | AI52: =AH52*$E52 -> 0 | AK52: =AJ52*$E52 -> 0 | AM52: =AL52*$E52 -> 0 | AO52: =AN52*$E52 -> 0 | AQ52: =AP52*$E52 -> 0 | AS52: =AR52*$E52 -> 0 | AU52: =AT52*$E52 -> 0 | AW52: =AV52*$E52 -> 0 | AY52: =AX52*$E52 -> 0 | BA52: =AZ52*$E52 -> 0 | BC52: =BB52*$E52 -> 0 | BE52: =BD52*$E52 -> 0 | BF52: =(BD52+BB52+AZ52+AX52+AV52+AT52+AR52+AP52+AN52+AL52+AJ52+AH52)/1 -> 0 | BG52: =BF52*$E52 -> 0 | BI52: =BH52*$E52 -> 0 | BK52: =BJ52*$E52 -> 0 | BM52: =BL52*$E52 -> 0 | BO52: =BN52*$E52 -> 0 | BQ52: =BP52*$E52 -> 0 | BS52: =BR52*$E52 -> 0 | BU52: =BT52*$E52 -> 0 | BW52: =BV52*$E52 -> 0 | BY52: =BX52*$E52 -> 0 | CA52: =BZ52*$E52 -> 0 | CC52: =CB52*$E52 -> 0 | CE52: =CD52*$E52 -> 0 | CF52: =(CD52+CB52+BZ52+BX52+BV52+BT52+BR52+BP52+BN52+BL52+BJ52+BH52)/1 -> 0 | CG52: =CF52*$E52 -> 0 | CI52: =CH52*$E52 -> 0 | CK52: =CJ52*$E52 -> 0 | CM52: =CL52*$E52 -> 0 | CO52: =CN52*$E52 -> 0 | CQ52: =CP52*$E52 -> 0 | CS52: =CR52*$E52 -> 0 | CU52: =CT52*$E52 -> 0 | CW52: =CV52*$E52 -> 0 | CY52: 0 | DA52: 0 | DC52: 0 | DE52: 0 | DF52: =SUM(CH52,CJ52,CL52,CN52,CP52,CR52,CT52,CV52,CX52,CZ52,DB52,DD52) -> 0 | DG52: =DF52*$E52 -> 0 | DI52: 0 | DK52: =DJ52*$E52 -> 0 | EF52: =SUM(DH52,DJ52,DL52,DN52,DP52,DR52,DT52,DV52,DX52,DZ52,EB52,ED52) -> 0 | EG52: =SUM(DI52,DK52,DM52,DO52,DQ52,DS52,DU52,DW52,DY52,EA52,EC52,EE52) -> 0
I53: =H53*$E53 -> 0 | K53: =J53*$E53 -> 0 | M53: =L53*$E53 -> 0 | O53: =N53*$E53 -> 0 | Q53: =P53*$E53 -> 0 | S53: =R53*$E53 -> 0 | U53: =T53*$E53 -> 0 | W53: =V53*$E53 -> 0 | Y53: =X53*$E53 -> 0 | AA53: =Z53*$E53 -> 0 | AC53: =AB53*$E53 -> 0 | AE53: =AD53*$E53 -> 0 | AF53: =(AD53+AB53+Z53+X53+V53+T53+R53+P53+N53+L53+J53+H53)/1 -> 0 | AG53: =AF53*$E53 -> 0 | AI53: =AH53*$E53 -> 0 | AK53: =AJ53*$E53 -> 0 | AM53: =AL53*$E53 -> 0 | AO53: =AN53*$E53 -> 0 | AQ53: =AP53*$E53 -> 0 | AS53: =AR53*$E53 -> 0 | AU53: =AT53*$E53 -> 0 | AW53: =AV53*$E53 -> 0 | AY53: =AX53*$E53 -> 0 | BA53: =AZ53*$E53 -> 0 | BC53: =BB53*$E53 -> 0 | BE53: =BD53*$E53 -> 0 | BF53: =(BD53+BB53+AZ53+AX53+AV53+AT53+AR53+AP53+AN53+AL53+AJ53+AH53)/1 -> 0 | BG53: =BF53*$E53 -> 0 | BI53: =BH53*$E53 -> 0 | BK53: =BJ53*$E53 -> 0 | BM53: =BL53*$E53 -> 0 | BO53: =BN53*$E53 -> 0 | BQ53: =BP53*$E53 -> 0 | BS53: =BR53*$E53 -> 0 | BU53: =BT53*$E53 -> 0 | BW53: =BV53*$E53 -> 0 | BY53: =BX53*$E53 -> 0 | CA53: =BZ53*$E53 -> 0 | CC53: =CB53*$E53 -> 0 | CE53: =CD53*$E53 -> 0 | CF53: =(CD53+CB53+BZ53+BX53+BV53+BT53+BR53+BP53+BN53+BL53+BJ53+BH53)/1 -> 0 | CG53: =CF53*$E53 -> 0 | CI53: =CH53*$E53 -> 0 | CK53: =CJ53*$E53 -> 0 | CM53: =CL53*$E53 -> 0 | CO53: =CN53*$E53 -> 0 | CQ53: =CP53*$E53 -> 0 | CS53: =CR53*$E53 -> 0 | CU53: =CT53*$E53 -> 0 | CW53: =CV53*$E53 -> 0 | CY53: 0 | DA53: 0 | DC53: 0 | DE53: 0 | DF53: =SUM(CH53,CJ53,CL53,CN53,CP53,CR53,CT53,CV53,CX53,CZ53,DB53,DD53) -> 0 | DG53: =DF53*$E53 -> 0 | DI53: 0 | DK53: =DJ53*$E53 -> 0 | EF53: =SUM(DH53,DJ53,DL53,DN53,DP53,DR53,DT53,DV53,DX53,DZ53,EB53,ED53) -> 0 | EG53: =SUM(DI53,DK53,DM53,DO53,DQ53,DS53,DU53,DW53,DY53,EA53,EC53,EE53) -> 0
I54: =H54*$E54 -> 0 | K54: =J54*$E54 -> 0 | M54: =L54*$E54 -> 0 | O54: =N54*$E54 -> 0 | Q54: =P54*$E54 -> 0 | S54: =R54*$E54 -> 0 | U54: =T54*$E54 -> 0 | W54: =V54*$E54 -> 0 | Y54: =X54*$E54 -> 0 | AA54: =Z54*$E54 -> 0 | AC54: =AB54*$E54 -> 0 | AE54: =AD54*$E54 -> 0 | AF54: =(AD54+AB54+Z54+X54+V54+T54+R54+P54+N54+L54+J54+H54)/1 -> 0 | AG54: =AF54*$E54 -> 0 | AI54: =AH54*$E54 -> 0 | AK54: =AJ54*$E54 -> 0 | AM54: =AL54*$E54 -> 0 | AO54: =AN54*$E54 -> 0 | AQ54: =AP54*$E54 -> 0 | AS54: =AR54*$E54 -> 0 | AU54: =AT54*$E54 -> 0 | AW54: =AV54*$E54 -> 0 | AY54: =AX54*$E54 -> 0 | BA54: =AZ54*$E54 -> 0 | BC54: =BB54*$E54 -> 0 | BE54: =BD54*$E54 -> 0 | BF54: =(BD54+BB54+AZ54+AX54+AV54+AT54+AR54+AP54+AN54+AL54+AJ54+AH54)/1 -> 0 | BG54: =BF54*$E54 -> 0 | BI54: =BH54*$E54 -> 0 | BK54: =BJ54*$E54 -> 0 | BM54: =BL54*$E54 -> 0 | BO54: =BN54*$E54 -> 0 | BQ54: =BP54*$E54 -> 0 | BS54: =BR54*$E54 -> 0 | BU54: =BT54*$E54 -> 0 | BW54: =BV54*$E54 -> 0 | BY54: =BX54*$E54 -> 0 | CA54: =BZ54*$E54 -> 0 | CC54: =CB54*$E54 -> 0 | CE54: =CD54*$E54 -> 0 | CF54: =(CD54+CB54+BZ54+BX54+BV54+BT54+BR54+BP54+BN54+BL54+BJ54+BH54)/1 -> 0 | CG54: =CF54*$E54 -> 0 | CI54: =CH54*$E54 -> 0 | CK54: =CJ54*$E54 -> 0 | CM54: =CL54*$E54 -> 0 | CO54: =CN54*$E54 -> 0 | CQ54: =CP54*$E54 -> 0 | CS54: =CR54*$E54 -> 0 | CU54: =CT54*$E54 -> 0 | CW54: =CV54*$E54 -> 0 | CY54: 0 | DA54: 0 | DC54: 0 | DE54: 0 | DF54: =SUM(CH54,CJ54,CL54,CN54,CP54,CR54,CT54,CV54,CX54,CZ54,DB54,DD54) -> 0 | DG54: =DF54*$E54 -> 0 | DI54: 0 | DK54: =DJ54*$E54 -> 0 | EF54: =SUM(DH54,DJ54,DL54,DN54,DP54,DR54,DT54,DV54,DX54,DZ54,EB54,ED54) -> 0 | EG54: =SUM(DI54,DK54,DM54,DO54,DQ54,DS54,DU54,DW54,DY54,EA54,EC54,EE54) -> 0
A55: 45 | B55: သံပုရာအရက်(1 Liter) | C55: ‌ကော်ဘူး | D55: =RANK(DF55,$DF$4:$DF$144) -> 35 | E55: 1 | F55: 1 * 12 | I55: =H55*$E55 -> 0 | K55: =J55*$E55 -> 0 | M55: =L55*$E55 -> 0 | O55: =N55*$E55 -> 0 | Q55: =P55*$E55 -> 0 | S55: =R55*$E55 -> 0 | U55: =T55*$E55 -> 0 | W55: =V55*$E55 -> 0 | Y55: =X55*$E55 -> 0 | AA55: =Z55*$E55 -> 0 | AC55: =AB55*$E55 -> 0 | AE55: =AD55*$E55 -> 0 | AF55: =(AD55+AB55+Z55+X55+V55+T55+R55+P55+N55+L55+J55+H55)/1 -> 0 | AG55: =AF55*$E55 -> 0 | AI55: =AH55*$E55 -> 0 | AK55: =AJ55*$E55 -> 0 | AM55: =AL55*$E55 -> 0 | AO55: =AN55*$E55 -> 0 | AQ55: =AP55*$E55 -> 0 | AS55: =AR55*$E55 -> 0 | AU55: =AT55*$E55 -> 0 | AW55: =AV55*$E55 -> 0 | AY55: =AX55*$E55 -> 0 | BA55: =AZ55*$E55 -> 0 | BC55: =BB55*$E55 -> 0 | BE55: =BD55*$E55 -> 0 | BF55: =(BD55+BB55+AZ55+AX55+AV55+AT55+AR55+AP55+AN55+AL55+AJ55+AH55)/1 -> 0 | BG55: =BF55*$E55 -> 0 | BI55: =BH55*$E55 -> 0 | BK55: =BJ55*$E55 -> 0 | BM55: =BL55*$E55 -> 0 | BO55: =BN55*$E55 -> 0 | BQ55: =BP55*$E55 -> 0 | BS55: =BR55*$E55 -> 0 | BU55: =BT55*$E55 -> 0 | BW55: =BV55*$E55 -> 0 | BY55: =BX55*$E55 -> 0 | CA55: =BZ55*$E55 -> 0 | CC55: =CB55*$E55 -> 0 | CE55: =CD55*$E55 -> 0 | CF55: =(CD55+CB55+BZ55+BX55+BV55+BT55+BR55+BP55+BN55+BL55+BJ55+BH55)/1 -> 0 | CG55: =CF55*$E55 -> 0 | CI55: =CH55*$E55 -> 0 | CK55: =CJ55*$E55 -> 0 | CM55: =CL55*$E55 -> 0 | CO55: =CN55*$E55 -> 0 | CQ55: =CP55*$E55 -> 0 | CS55: =CR55*$E55 -> 0 | CU55: =CT55*$E55 -> 0 | CW55: =CV55*$E55 -> 0 | CY55: 0 | DA55: 0 | DC55: 0 | DE55: 0 | DF55: =SUM(CH55,CJ55,CL55,CN55,CP55,CR55,CT55,CV55,CX55,CZ55,DB55,DD55) -> 0 | DG55: =DF55*$E55 -> 0 | DI55: 0 | DK55: =DJ55*$E55 -> 0 | EF55: =SUM(DH55,DJ55,DL55,DN55,DP55,DR55,DT55,DV55,DX55,DZ55,EB55,ED55) -> 0 | EG55: =SUM(DI55,DK55,DM55,DO55,DQ55,DS55,DU55,DW55,DY55,EA55,EC55,EE55) -> 0
A56: 46 | B56: သံပုရာအရက်(0.6 Liter) | C56: ‌ကော်ဘူး | D56: =RANK(DF56,$DF$4:$DF$144) -> 35 | E56: 0.6 | F56: 1 * 12 | I56: =H56*$E56 -> 0 | K56: =J56*$E56 -> 0 | M56: =L56*$E56 -> 0 | O56: =N56*$E56 -> 0 | Q56: =P56*$E56 -> 0 | S56: =R56*$E56 -> 0 | U56: =T56*$E56 -> 0 | W56: =V56*$E56 -> 0 | Y56: =X56*$E56 -> 0 | AA56: =Z56*$E56 -> 0 | AC56: =AB56*$E56 -> 0 | AE56: =AD56*$E56 -> 0 | AF56: =(AD56+AB56+Z56+X56+V56+T56+R56+P56+N56+L56+J56+H56)/1 -> 0 | AG56: =AF56*$E56 -> 0 | AI56: =AH56*$E56 -> 0 | AK56: =AJ56*$E56 -> 0 | AM56: =AL56*$E56 -> 0 | AO56: =AN56*$E56 -> 0 | AQ56: =AP56*$E56 -> 0 | AS56: =AR56*$E56 -> 0 | AU56: =AT56*$E56 -> 0 | AW56: =AV56*$E56 -> 0 | AY56: =AX56*$E56 -> 0 | BA56: =AZ56*$E56 -> 0 | BC56: =BB56*$E56 -> 0 | BE56: =BD56*$E56 -> 0 | BF56: =(BD56+BB56+AZ56+AX56+AV56+AT56+AR56+AP56+AN56+AL56+AJ56+AH56)/1 -> 0 | BG56: =BF56*$E56 -> 0 | BI56: =BH56*$E56 -> 0 | BK56: =BJ56*$E56 -> 0 | BM56: =BL56*$E56 -> 0 | BO56: =BN56*$E56 -> 0 | BQ56: =BP56*$E56 -> 0 | BS56: =BR56*$E56 -> 0 | BU56: =BT56*$E56 -> 0 | BW56: =BV56*$E56 -> 0 | BY56: =BX56*$E56 -> 0 | CA56: =BZ56*$E56 -> 0 | CC56: =CB56*$E56 -> 0 | CE56: =CD56*$E56 -> 0 | CF56: =(CD56+CB56+BZ56+BX56+BV56+BT56+BR56+BP56+BN56+BL56+BJ56+BH56)/1 -> 0 | CG56: =CF56*$E56 -> 0 | CI56: =CH56*$E56 -> 0 | CK56: =CJ56*$E56 -> 0 | CM56: =CL56*$E56 -> 0 | CO56: =CN56*$E56 -> 0 | CQ56: =CP56*$E56 -> 0 | CS56: =CR56*$E56 -> 0 | CU56: =CT56*$E56 -> 0 | CW56: =CV56*$E56 -> 0 | CY56: 0 | DA56: 0 | DC56: 0 | DE56: 0 | DF56: =SUM(CH56,CJ56,CL56,CN56,CP56,CR56,CT56,CV56,CX56,CZ56,DB56,DD56) -> 0 | DG56: =DF56*$E56 -> 0 | DI56: 0 | DK56: =DJ56*$E56 -> 0 | EF56: =SUM(DH56,DJ56,DL56,DN56,DP56,DR56,DT56,DV56,DX56,DZ56,EB56,ED56) -> 0 | EG56: =SUM(DI56,DK56,DM56,DO56,DQ56,DS56,DU56,DW56,DY56,EA56,EC56,EE56) -> 0
A57: 47 | B57: သံပုရာအရက် | C57: ပုလင်း | D57: =RANK(DF57,$DF$4:$DF$144) -> 5 | E57: 0.64 | F57: 1 * 14 | G57: 1330 | H57: 74970 | I57: =H57*$E57 -> 47980.8 | J57: 68278 | K57: =J57*$E57 -> 43697.92 | L57: 73962 | M57: =L57*$E57 -> 47335.68 | N57: 48118 | O57: =N57*$E57 -> 30795.52 | P57: 58968 | Q57: =P57*$E57 -> 37739.52 | R57: 63574 | S57: =R57*$E57 -> 40687.36 | T57: 57927 | U57: =T57*$E57 -> 37073.28 | V57: 66318 | W57: =V57*$E57 -> 42443.52 | X57: 60858 | Y57: =X57*$E57 -> 38949.12 | Z57: 64358 | AA57: =Z57*$E57 -> 41189.12 | AB57: 66906 | AC57: =AB57*$E57 -> 42819.84 | AD57: 73374 | AE57: =AD57*$E57 -> 46959.36 | AF57: =(AD57+AB57+Z57+X57+V57+T57+R57+P57+N57+L57+J57+H57)/1 -> 777611 | AG57: =AF57*$E57 -> 497671.04 | AH57: 80892 | AI57: =AH57*$E57 -> 51770.88 | AJ57: 53830 | AK57: =AJ57*$E57 -> 34451.2 | AL57: 55370 | AM57: =AL57*$E57 -> 35436.8 | AN57: 52542 | AO57: =AN57*$E57 -> 33626.88 | AP57: 50932 | AQ57: =AP57*$E57 -> 32596.48 | AR57: 57764 | AS57: =AR57*$E57 -> 36968.96 | AT57: 57736 | AU57: =AT57*$E57 -> 36951.04 | AV57: 56924 | AW57: =AV57*$E57 -> 36431.36 | AX57: 57470 | AY57: =AX57*$E57 -> 36780.8 | AZ57: 61329 | BA57: =AZ57*$E57 -> 39250.56 | BB57: 62412 | BC57: =BB57*$E57 -> 39943.68 | BD57: 74214 | BE57: =BD57*$E57 -> 47496.96 | BF57: =(BD57+BB57+AZ57+AX57+AV57+AT57+AR57+AP57+AN57+AL57+AJ57+AH57)/1 -> 721415 | BG57: =BF57*$E57 -> 461705.6 | BH57: 67704 | BI57: =BH57*$E57 -> 43330.56 | BJ57: 60746 | BK57: =BJ57*$E57 -> 38877.44 | BL57: 59836 | BM57: =BL57*$E57 -> 38295.04 | BN57: 50484 | BO57: =BN57*$E57 -> 32309.76 | BP57: 59738 | BQ57: =BP57*$E57 -> 38232.32 | BR57: 58751 | BS57: =BR57*$E57 -> 37600.64 | BT57: 60256 | BU57: =BT57*$E57 -> 38563.84 | BV57: 54824 | BW57: =BV57*$E57 -> 35087.36 | BX57: 60466 | BY57: =BX57*$E57 -> 38698.24 | BZ57: 67844 | CA57: =BZ57*$E57 -> 43420.16 | CB57: 63854 | CC57: =CB57*$E57 -> 40866.56 | CD57: 77781 | CE57: =CD57*$E57 -> 49779.84 | CF57: =(CD57+CB57+BZ57+BX57+BV57+BT57+BR57+BP57+BN57+BL57+BJ57+BH57)/1 -> 742284 | CG57: =CF57*$E57 -> 475061.76 | CH57: 68715 | CI57: =CH57*$E57 -> 43977.6 | CJ57: 60634 | CK57: =CJ57*$E57 -> 38805.76 | CL57: 70656 | CM57: =CL57*$E57 -> 45219.84 | CN57: 50554 | CO57: =CN57*$E57 -> 32354.56 | CP57: 59329 | CQ57: =CP57*$E57 -> 37970.56 | CR57: 56182 | CS57: =CR57*$E57 -> 35956.48 | CT57: 51492 | CU57: =CT57*$E57 -> 32954.88 | CV57: 53284 | CW57: =CV57*$E57 -> 34101.76 | CX57: 53508 | CY57: 34245.12 | CZ57: 58674 | DA57: 37551.36 | DB57: 56952 | DC57: 36449.28 | DD57: 58660 | DE57: 37542.4 | DF57: =SUM(CH57,CJ57,CL57,CN57,CP57,CR57,CT57,CV57,CX57,CZ57,DB57,DD57) -> 698640 | DG57: =DF57*$E57 -> 447129.6 | DH57: 58674 | DI57: 37551.36 | DJ57: 52385 | DK57: =DJ57*$E57 -> 33526.4 | EF57: =SUM(DH57,DJ57,DL57,DN57,DP57,DR57,DT57,DV57,DX57,DZ57,EB57,ED57) -> 111059 | EG57: =SUM(DI57,DK57,DM57,DO57,DQ57,DS57,DU57,DW57,DY57,EA57,EC57,EE57) -> 71077.76
A58: 48 | B58: သံပုရာအရက် | C58: ပုလင်း | D58: =RANK(DF58,$DF$4:$DF$144) -> 35 | E58: 0.64 | F58: 1 * 24 | I58: =H58*$E58 -> 0 | K58: =J58*$E58 -> 0 | M58: =L58*$E58 -> 0 | O58: =N58*$E58 -> 0 | Q58: =P58*$E58 -> 0 | S58: =R58*$E58 -> 0 | U58: =T58*$E58 -> 0 | W58: =V58*$E58 -> 0 | Y58: =X58*$E58 -> 0 | AA58: =Z58*$E58 -> 0 | AC58: =AB58*$E58 -> 0 | AE58: =AD58*$E58 -> 0 | AF58: =(AD58+AB58+Z58+X58+V58+T58+R58+P58+N58+L58+J58+H58)/1 -> 0 | AG58: =AF58*$E58 -> 0 | AI58: =AH58*$E58 -> 0 | AK58: =AJ58*$E58 -> 0 | AM58: =AL58*$E58 -> 0 | AO58: =AN58*$E58 -> 0 | AQ58: =AP58*$E58 -> 0 | AS58: =AR58*$E58 -> 0 | AU58: =AT58*$E58 -> 0 | AW58: =AV58*$E58 -> 0 | AY58: =AX58*$E58 -> 0 | BA58: =AZ58*$E58 -> 0 | BC58: =BB58*$E58 -> 0 | BE58: =BD58*$E58 -> 0 | BF58: =(BD58+BB58+AZ58+AX58+AV58+AT58+AR58+AP58+AN58+AL58+AJ58+AH58)/1 -> 0 | BG58: =BF58*$E58 -> 0 | BI58: =BH58*$E58 -> 0 | BK58: =BJ58*$E58 -> 0 | BM58: =BL58*$E58 -> 0 | BO58: =BN58*$E58 -> 0 | BQ58: =BP58*$E58 -> 0 | BS58: =BR58*$E58 -> 0 | BU58: =BT58*$E58 -> 0 | BW58: =BV58*$E58 -> 0 | BY58: =BX58*$E58 -> 0 | CA58: =BZ58*$E58 -> 0 | CC58: =CB58*$E58 -> 0 | CE58: =CD58*$E58 -> 0 | CF58: =(CD58+CB58+BZ58+BX58+BV58+BT58+BR58+BP58+BN58+BL58+BJ58+BH58)/1 -> 0 | CG58: =CF58*$E58 -> 0 | CI58: =CH58*$E58 -> 0 | CK58: =CJ58*$E58 -> 0 | CM58: =CL58*$E58 -> 0 | CO58: =CN58*$E58 -> 0 | CQ58: =CP58*$E58 -> 0 | CS58: =CR58*$E58 -> 0 | CU58: =CT58*$E58 -> 0 | CW58: =CV58*$E58 -> 0 | CY58: 0 | DA58: 0 | DC58: 0 | DE58: 0 | DF58: =SUM(CH58,CJ58,CL58,CN58,CP58,CR58,CT58,CV58,CX58,CZ58,DB58,DD58) -> 0 | DG58: =DF58*$E58 -> 0 | DI58: 0 | DK58: =DJ58*$E58 -> 0 | EF58: =SUM(DH58,DJ58,DL58,DN58,DP58,DR58,DT58,DV58,DX58,DZ58,EB58,ED58) -> 0 | EG58: =SUM(DI58,DK58,DM58,DO58,DQ58,DS58,DU58,DW58,DY58,EA58,EC58,EE58) -> 0
I59: =H59*$E59 -> 0 | K59: =J59*$E59 -> 0 | M59: =L59*$E59 -> 0 | O59: =N59*$E59 -> 0 | Q59: =P59*$E59 -> 0 | S59: =R59*$E59 -> 0 | U59: =T59*$E59 -> 0 | W59: =V59*$E59 -> 0 | Y59: =X59*$E59 -> 0 | AA59: =Z59*$E59 -> 0 | AC59: =AB59*$E59 -> 0 | AE59: =AD59*$E59 -> 0 | AF59: =(AD59+AB59+Z59+X59+V59+T59+R59+P59+N59+L59+J59+H59)/1 -> 0 | AG59: =AF59*$E59 -> 0 | AI59: =AH59*$E59 -> 0 | AK59: =AJ59*$E59 -> 0 | AM59: =AL59*$E59 -> 0 | AO59: =AN59*$E59 -> 0 | AQ59: =AP59*$E59 -> 0 | AS59: =AR59*$E59 -> 0 | AU59: =AT59*$E59 -> 0 | AW59: =AV59*$E59 -> 0 | AY59: =AX59*$E59 -> 0 | BA59: =AZ59*$E59 -> 0 | BC59: =BB59*$E59 -> 0 | BE59: =BD59*$E59 -> 0 | BF59: =(BD59+BB59+AZ59+AX59+AV59+AT59+AR59+AP59+AN59+AL59+AJ59+AH59)/1 -> 0 | BG59: =BF59*$E59 -> 0 | BI59: =BH59*$E59 -> 0 | BK59: =BJ59*$E59 -> 0 | BM59: =BL59*$E59 -> 0 | BO59: =BN59*$E59 -> 0 | BQ59: =BP59*$E59 -> 0 | BS59: =BR59*$E59 -> 0 | BU59: =BT59*$E59 -> 0 | BW59: =BV59*$E59 -> 0 | BY59: =BX59*$E59 -> 0 | CA59: =BZ59*$E59 -> 0 | CC59: =CB59*$E59 -> 0 | CE59: =CD59*$E59 -> 0 | CF59: =(CD59+CB59+BZ59+BX59+BV59+BT59+BR59+BP59+BN59+BL59+BJ59+BH59)/1 -> 0 | CG59: =CF59*$E59 -> 0 | CI59: =CH59*$E59 -> 0 | CK59: =CJ59*$E59 -> 0 | CM59: =CL59*$E59 -> 0 | CO59: =CN59*$E59 -> 0 | CQ59: =CP59*$E59 -> 0 | CS59: =CR59*$E59 -> 0 | CU59: =CT59*$E59 -> 0 | CW59: =CV59*$E59 -> 0 | CY59: 0 | DA59: 0 | DC59: 0 | DE59: 0 | DF59: =SUM(CH59,CJ59,CL59,CN59,CP59,CR59,CT59,CV59,CX59,CZ59,DB59,DD59) -> 0 | DG59: =DF59*$E59 -> 0 | DI59: 0 | DK59: =DJ59*$E59 -> 0 | EF59: =SUM(DH59,DJ59,DL59,DN59,DP59,DR59,DT59,DV59,DX59,DZ59,EB59,ED59) -> 0 | EG59: =SUM(DI59,DK59,DM59,DO59,DQ59,DS59,DU59,DW59,DY59,EA59,EC59,EE59) -> 0
A60: 49 | B60: Dagon Tamarind (1 Liter) | C60: ‌ကော်ဘူး | D60: =RANK(DF60,$DF$4:$DF$144) -> 35 | E60: 1 | F60: 1 * 12 | I60: =H60*$E60 -> 0 | K60: =J60*$E60 -> 0 | M60: =L60*$E60 -> 0 | O60: =N60*$E60 -> 0 | Q60: =P60*$E60 -> 0 | S60: =R60*$E60 -> 0 | U60: =T60*$E60 -> 0 | W60: =V60*$E60 -> 0 | Y60: =X60*$E60 -> 0 | AA60: =Z60*$E60 -> 0 | AC60: =AB60*$E60 -> 0 | AE60: =AD60*$E60 -> 0 | AF60: =(AD60+AB60+Z60+X60+V60+T60+R60+P60+N60+L60+J60+H60)/1 -> 0 | AG60: =AF60*$E60 -> 0 | AI60: =AH60*$E60 -> 0 | AK60: =AJ60*$E60 -> 0 | AM60: =AL60*$E60 -> 0 | AO60: =AN60*$E60 -> 0 | AQ60: =AP60*$E60 -> 0 | AS60: =AR60*$E60 -> 0 | AU60: =AT60*$E60 -> 0 | AW60: =AV60*$E60 -> 0 | AY60: =AX60*$E60 -> 0 | BA60: =AZ60*$E60 -> 0 | BC60: =BB60*$E60 -> 0 | BE60: =BD60*$E60 -> 0 | BF60: =(BD60+BB60+AZ60+AX60+AV60+AT60+AR60+AP60+AN60+AL60+AJ60+AH60)/1 -> 0 | BG60: =BF60*$E60 -> 0 | BI60: =BH60*$E60 -> 0 | BK60: =BJ60*$E60 -> 0 | BM60: =BL60*$E60 -> 0 | BO60: =BN60*$E60 -> 0 | BQ60: =BP60*$E60 -> 0 | BS60: =BR60*$E60 -> 0 | BU60: =BT60*$E60 -> 0 | BW60: =BV60*$E60 -> 0 | BY60: =BX60*$E60 -> 0 | CA60: =BZ60*$E60 -> 0 | CC60: =CB60*$E60 -> 0 | CE60: =CD60*$E60 -> 0 | CF60: =(CD60+CB60+BZ60+BX60+BV60+BT60+BR60+BP60+BN60+BL60+BJ60+BH60)/1 -> 0 | CG60: =CF60*$E60 -> 0 | CI60: =CH60*$E60 -> 0 | CK60: =CJ60*$E60 -> 0 | CM60: =CL60*$E60 -> 0 | CO60: =CN60*$E60 -> 0 | CQ60: =CP60*$E60 -> 0 | CS60: =CR60*$E60 -> 0 | CU60: =CT60*$E60 -> 0 | CW60: =CV60*$E60 -> 0 | CY60: 0 | DA60: 0 | DC60: 0 | DE60: 0 | DF60: =SUM(CH60,CJ60,CL60,CN60,CP60,CR60,CT60,CV60,CX60,CZ60,DB60,DD60) -> 0 | DG60: =DF60*$E60 -> 0 | DI60: 0 | DK60: =DJ60*$E60 -> 0 | EF60: =SUM(DH60,DJ60,DL60,DN60,DP60,DR60,DT60,DV60,DX60,DZ60,EB60,ED60) -> 0 | EG60: =SUM(DI60,DK60,DM60,DO60,DQ60,DS60,DU60,DW60,DY60,EA60,EC60,EE60) -> 0
A61: 50 | B61: Dagon Tamarind - 600ml | E61: 0.6 | I61: =H61*$E61 -> 0 | K61: =J61*$E61 -> 0 | M61: =L61*$E61 -> 0 | O61: =N61*$E61 -> 0 | Q61: =P61*$E61 -> 0 | S61: =R61*$E61 -> 0 | U61: =T61*$E61 -> 0 | W61: =V61*$E61 -> 0 | Y61: =X61*$E61 -> 0 | AA61: =Z61*$E61 -> 0 | AC61: =AB61*$E61 -> 0 | AE61: =AD61*$E61 -> 0 | AF61: =(AD61+AB61+Z61+X61+V61+T61+R61+P61+N61+L61+J61+H61)/1 -> 0 | AG61: =AF61*$E61 -> 0 | AI61: =AH61*$E61 -> 0 | AK61: =AJ61*$E61 -> 0 | AM61: =AL61*$E61 -> 0 | AO61: =AN61*$E61 -> 0 | AQ61: =AP61*$E61 -> 0 | AS61: =AR61*$E61 -> 0 | AU61: =AT61*$E61 -> 0 | AW61: =AV61*$E61 -> 0 | AY61: =AX61*$E61 -> 0 | BA61: =AZ61*$E61 -> 0 | BC61: =BB61*$E61 -> 0 | BE61: =BD61*$E61 -> 0 | BF61: =(BD61+BB61+AZ61+AX61+AV61+AT61+AR61+AP61+AN61+AL61+AJ61+AH61)/1 -> 0 | BG61: =BF61*$E61 -> 0 | BI61: =BH61*$E61 -> 0 | BK61: =BJ61*$E61 -> 0 | BM61: =BL61*$E61 -> 0 | BO61: =BN61*$E61 -> 0 | BQ61: =BP61*$E61 -> 0 | BS61: =BR61*$E61 -> 0 | BU61: =BT61*$E61 -> 0 | BW61: =BV61*$E61 -> 0 | BY61: =BX61*$E61 -> 0 | CA61: =BZ61*$E61 -> 0 | CC61: =CB61*$E61 -> 0 | CE61: =CD61*$E61 -> 0 | CF61: =(CD61+CB61+BZ61+BX61+BV61+BT61+BR61+BP61+BN61+BL61+BJ61+BH61)/1 -> 0 | CG61: =CF61*$E61 -> 0 | CI61: =CH61*$E61 -> 0 | CK61: =CJ61*$E61 -> 0 | CM61: =CL61*$E61 -> 0 | CO61: =CN61*$E61 -> 0 | CQ61: =CP61*$E61 -> 0 | CS61: =CR61*$E61 -> 0 | CU61: =CT61*$E61 -> 0 | CW61: =CV61*$E61 -> 0 | CY61: 0 | DA61: 0 | DC61: 0 | DE61: 0 | DF61: =SUM(CH61,CJ61,CL61,CN61,CP61,CR61,CT61,CV61,CX61,CZ61,DB61,DD61) -> 0 | DG61: =DF61*$E61 -> 0 | DI61: 0 | DK61: =DJ61*$E61 -> 0 | EF61: =SUM(DH61,DJ61,DL61,DN61,DP61,DR61,DT61,DV61,DX61,DZ61,EB61,ED61) -> 0 | EG61: =SUM(DI61,DK61,DM61,DO61,DQ61,DS61,DU61,DW61,DY61,EA61,EC61,EE61) -> 0
A62: 51 | B62: Dagon Tamarind (0.35 Liter) | C62: ‌ကော်ဘူး | D62: =RANK(DF62,$DF$4:$DF$144) -> 35 | E62: 0.35 | F62: 1 * 40 | I62: =H62*$E62 -> 0 | K62: =J62*$E62 -> 0 | M62: =L62*$E62 -> 0 | O62: =N62*$E62 -> 0 | Q62: =P62*$E62 -> 0 | S62: =R62*$E62 -> 0 | U62: =T62*$E62 -> 0 | W62: =V62*$E62 -> 0 | Y62: =X62*$E62 -> 0 | AA62: =Z62*$E62 -> 0 | AC62: =AB62*$E62 -> 0 | AE62: =AD62*$E62 -> 0 | AF62: =(AD62+AB62+Z62+X62+V62+T62+R62+P62+N62+L62+J62+H62)/1 -> 0 | AG62: =AF62*$E62 -> 0 | AI62: =AH62*$E62 -> 0 | AK62: =AJ62*$E62 -> 0 | AM62: =AL62*$E62 -> 0 | AO62: =AN62*$E62 -> 0 | AQ62: =AP62*$E62 -> 0 | AS62: =AR62*$E62 -> 0 | AU62: =AT62*$E62 -> 0 | AW62: =AV62*$E62 -> 0 | AY62: =AX62*$E62 -> 0 | BA62: =AZ62*$E62 -> 0 | BC62: =BB62*$E62 -> 0 | BE62: =BD62*$E62 -> 0 | BF62: =(BD62+BB62+AZ62+AX62+AV62+AT62+AR62+AP62+AN62+AL62+AJ62+AH62)/1 -> 0 | BG62: =BF62*$E62 -> 0 | BI62: =BH62*$E62 -> 0 | BK62: =BJ62*$E62 -> 0 | BM62: =BL62*$E62 -> 0 | BO62: =BN62*$E62 -> 0 | BQ62: =BP62*$E62 -> 0 | BS62: =BR62*$E62 -> 0 | BU62: =BT62*$E62 -> 0 | BW62: =BV62*$E62 -> 0 | BY62: =BX62*$E62 -> 0 | CA62: =BZ62*$E62 -> 0 | CC62: =CB62*$E62 -> 0 | CE62: =CD62*$E62 -> 0 | CF62: =(CD62+CB62+BZ62+BX62+BV62+BT62+BR62+BP62+BN62+BL62+BJ62+BH62)/1 -> 0 | CG62: =CF62*$E62 -> 0 | CI62: =CH62*$E62 -> 0 | CK62: =CJ62*$E62 -> 0 | CM62: =CL62*$E62 -> 0 | CO62: =CN62*$E62 -> 0 | CQ62: =CP62*$E62 -> 0 | CS62: =CR62*$E62 -> 0 | CU62: =CT62*$E62 -> 0 | CW62: =CV62*$E62 -> 0 | CY62: 0 | DA62: 0 | DC62: 0 | DE62: 0 | DF62: =SUM(CH62,CJ62,CL62,CN62,CP62,CR62,CT62,CV62,CX62,CZ62,DB62,DD62) -> 0 | DG62: =DF62*$E62 -> 0 | DI62: 0 | DK62: =DJ62*$E62 -> 0 | EF62: =SUM(DH62,DJ62,DL62,DN62,DP62,DR62,DT62,DV62,DX62,DZ62,EB62,ED62) -> 0 | EG62: =SUM(DI62,DK62,DM62,DO62,DQ62,DS62,DU62,DW62,DY62,EA62,EC62,EE62) -> 0
A63: 52 | B63: 2 in 1 မန်ကျည်း | C63: ပုလင်း | D63: =RANK(DF63,$DF$4:$DF$144) -> 16 | E63: 0.64 | F63: 1 * 14 | G63: 1350 | H63: 9128 | I63: =H63*$E63 -> 5841.92 | J63: 6594 | K63: =J63*$E63 -> 4220.16 | L63: 10458 | M63: =L63*$E63 -> 6693.12 | N63: 7602 | O63: =N63*$E63 -> 4865.28 | P63: 7350 | Q63: =P63*$E63 -> 4704 | R63: 9688 | S63: =R63*$E63 -> 6200.32 | T63: 7000 | U63: =T63*$E63 -> 4480 | V63: 8358 | W63: =V63*$E63 -> 5349.12 | X63: 6860 | Y63: =X63*$E63 -> 4390.4 | Z63: 7700 | AA63: =Z63*$E63 -> 4928 | AB63: 8568 | AC63: =AB63*$E63 -> 5483.52 | AD63: 10920 | AE63: =AD63*$E63 -> 6988.8 | AF63: =(AD63+AB63+Z63+X63+V63+T63+R63+P63+N63+L63+J63+H63)/1 -> 100226 | AG63: =AF63*$E63 -> 64144.64 | AH63: 12866 | AI63: =AH63*$E63 -> 8234.24 | AJ63: 7532 | AK63: =AJ63*$E63 -> 4820.48 | AL63: 7742 | AM63: =AL63*$E63 -> 4954.88 | AN63: 7000 | AO63: =AN63*$E63 -> 4480 | AP63: 3780 | AQ63: =AP63*$E63 -> 2419.2 | AR63: 4760 | AS63: =AR63*$E63 -> 3046.4 | AT63: 8540 | AU63: =AT63*$E63 -> 5465.6 | AV63: 7546 | AW63: =AV63*$E63 -> 4829.44 | AX63: 7070 | AY63: =AX63*$E63 -> 4524.8 | AZ63: 3780 | BA63: =AZ63*$E63 -> 2419.2 | BB63: 5586 | BC63: =BB63*$E63 -> 3575.04 | BD63: 8070 | BE63: =BD63*$E63 -> 5164.8 | BF63: =(BD63+BB63+AZ63+AX63+AV63+AT63+AR63+AP63+AN63+AL63+AJ63+AH63)/1 -> 84272 | BG63: =BF63*$E63 -> 53934.08 | BH63: 6426 | BI63: =BH63*$E63 -> 4112.64 | BJ63: 5473 | BK63: =BJ63*$E63 -> 3502.72 | BL63: 6440 | BM63: =BL63*$E63 -> 4121.6 | BN63: 3542 | BO63: =BN63*$E63 -> 2266.88 | BP63: 5124 | BQ63: =BP63*$E63 -> 3279.36 | BR63: 6335 | BS63: =BR63*$E63 -> 4054.4 | BT63: 5614 | BU63: =BT63*$E63 -> 3592.96 | BV63: 8190 | BW63: =BV63*$E63 -> 5241.6 | BX63: 8190 | BY63: =BX63*$E63 -> 5241.6 | BZ63: 5670 | CA63: =BZ63*$E63 -> 3628.8 | CB63: 5670 | CC63: =CB63*$E63 -> 3628.8 | CD63: 6510 | CE63: =CD63*$E63 -> 4166.4 | CF63: =(CD63+CB63+BZ63+BX63+BV63+BT63+BR63+BP63+BN63+BL63+BJ63+BH63)/1 -> 73184 | CG63: =CF63*$E63 -> 46837.76 | CH63: 6650 | CI63: =CH63*$E63 -> 4256 | CJ63: 3500 | CK63: =CJ63*$E63 -> 2240 | CL63: 6762 | CM63: =CL63*$E63 -> 4327.68 | CN63: 3514 | CO63: =CN63*$E63 -> 2248.96 | CP63: 4410 | CQ63: =CP63*$E63 -> 2822.4 | CR63: 6356 | CS63: =CR63*$E63 -> 4067.84 | CT63: 5292 | CU63: =CT63*$E63 -> 3386.88 | CV63: 5614 | CW63: =CV63*$E63 -> 3592.96 | CX63: 5390 | CY63: 3449.6 | CZ63: 4522 | DA63: 2894.08 | DB63: 3724 | DC63: 2383.36 | DD63: 4900 | DE63: 3136 | DF63: =SUM(CH63,CJ63,CL63,CN63,CP63,CR63,CT63,CV63,CX63,CZ63,DB63,DD63) -> 60634 | DG63: =DF63*$E63 -> 38805.76 | DH63: 5698 | DI63: 3646.72 | DJ63: 3360 | DK63: =DJ63*$E63 -> 2150.4 | EF63: =SUM(DH63,DJ63,DL63,DN63,DP63,DR63,DT63,DV63,DX63,DZ63,EB63,ED63) -> 9058 | EG63: =SUM(DI63,DK63,DM63,DO63,DQ63,DS63,DU63,DW63,DY63,EA63,EC63,EE63) -> 5797.12
A64: 53 | B64: Dagon Tamarind | C64: ပုလင်း | D64: =RANK(DF64,$DF$4:$DF$144) -> 30 | E64: 0.64 | F64: 1 * 14 | G64: 1280 | I64: =H64*$E64 -> 0 | K64: =J64*$E64 -> 0 | M64: =L64*$E64 -> 0 | O64: =N64*$E64 -> 0 | Q64: =P64*$E64 -> 0 | S64: =R64*$E64 -> 0 | U64: =T64*$E64 -> 0 | W64: =V64*$E64 -> 0 | Y64: =X64*$E64 -> 0 | AA64: =Z64*$E64 -> 0 | AC64: =AB64*$E64 -> 0 | AE64: =AD64*$E64 -> 0 | AF64: =(AD64+AB64+Z64+X64+V64+T64+R64+P64+N64+L64+J64+H64)/1 -> 0 | AG64: =AF64*$E64 -> 0 | AI64: =AH64*$E64 -> 0 | AK64: =AJ64*$E64 -> 0 | AM64: =AL64*$E64 -> 0 | AO64: =AN64*$E64 -> 0 | AQ64: =AP64*$E64 -> 0 | AS64: =AR64*$E64 -> 0 | AU64: =AT64*$E64 -> 0 | AW64: =AV64*$E64 -> 0 | AY64: =AX64*$E64 -> 0 | BA64: =AZ64*$E64 -> 0 | BC64: =BB64*$E64 -> 0 | BE64: =BD64*$E64 -> 0 | BF64: =(BD64+BB64+AZ64+AX64+AV64+AT64+AR64+AP64+AN64+AL64+AJ64+AH64)/1 -> 0 | BG64: =BF64*$E64 -> 0 | BI64: =BH64*$E64 -> 0 | BK64: =BJ64*$E64 -> 0 | BL64: 2942 | BM64: =BL64*$E64 -> 1882.88 | BN64: 651 | BO64: =BN64*$E64 -> 416.64 | BP64: 2143 | BQ64: =BP64*$E64 -> 1371.52 | BR64: 1267 | BS64: =BR64*$E64 -> 810.88 | BT64: 371 | BU64: =BT64*$E64 -> 237.44 | BV64: 336 | BW64: =BV64*$E64 -> 215.04 | BX64: 770 | BY64: =BX64*$E64 -> 492.8 | BZ64: 3164 | CA64: =BZ64*$E64 -> 2024.96 | CB64: 196 | CC64: =CB64*$E64 -> 125.44 | CD64: 280 | CE64: =CD64*$E64 -> 179.2 | CF64: =(CD64+CB64+BZ64+BX64+BV64+BT64+BR64+BP64+BN64+BL64+BJ64+BH64)/1 -> 12120 | CG64: =CF64*$E64 -> 7756.8 | CH64: 210 | CI64: =CH64*$E64 -> 134.4 | CJ64: 168 | CK64: =CJ64*$E64 -> 107.52 | CL64: 686 | CM64: =CL64*$E64 -> 439.04 | CN64: 112 | CO64: =CN64*$E64 -> 71.68 | CP64: 294 | CQ64: =CP64*$E64 -> 188.16 | CR64: 126 | CS64: =CR64*$E64 -> 80.64 | CT64: 182 | CU64: =CT64*$E64 -> 116.48 | CV64: 210 | CW64: =CV64*$E64 -> 134.4 | CX64: 154 | CY64: 98.56 | CZ64: 210 | DA64: 134.4 | DB64: 196 | DC64: 125.44 | DD64: 210 | DE64: 134.4 | DF64: =SUM(CH64,CJ64,CL64,CN64,CP64,CR64,CT64,CV64,CX64,CZ64,DB64,DD64) -> 2758 | DG64: =DF64*$E64 -> 1765.12 | DH64: 210 | DI64: 134.4 | DJ64: 224 | DK64: =DJ64*$E64 -> 143.36 | EF64: =SUM(DH64,DJ64,DL64,DN64,DP64,DR64,DT64,DV64,DX64,DZ64,EB64,ED64) -> 434 | EG64: =SUM(DI64,DK64,DM64,DO64,DQ64,DS64,DU64,DW64,DY64,EA64,EC64,EE64) -> 277.76
AF65: =(AD65+AB65+Z65+X65+V65+T65+R65+P65+N65+L65+J65+H65)/1 -> 0 | AG65: =AF65*$E65 -> 0 | BF65: =(BD65+BB65+AZ65+AX65+AV65+AT65+AR65+AP65+AN65+AL65+AJ65+AH65)/1 -> 0 | BG65: =BF65*$E65 -> 0 | CF65: =(CD65+CB65+BZ65+BX65+BV65+BT65+BR65+BP65+BN65+BL65+BJ65+BH65)/1 -> 0 | CG65: =CF65*$E65 -> 0 | CI65: =CH65*$E65 -> 0 | CK65: =CJ65*$E65 -> 0 | CM65: =CL65*$E65 -> 0 | CO65: =CN65*$E65 -> 0 | CQ65: =CP65*$E65 -> 0 | CS65: =CR65*$E65 -> 0 | CU65: =CT65*$E65 -> 0 | CW65: =CV65*$E65 -> 0 | CY65: 0 | DA65: 0 | DC65: 0 | DE65: 0 | DF65: =SUM(CH65,CJ65,CL65,CN65,CP65,CR65,CT65,CV65,CX65,CZ65,DB65,DD65) -> 0 | DG65: =DF65*$E65 -> 0 | DI65: 0 | DK65: =DJ65*$E65 -> 0 | EF65: =SUM(DH65,DJ65,DL65,DN65,DP65,DR65,DT65,DV65,DX65,DZ65,EB65,ED65) -> 0 | EG65: =SUM(DI65,DK65,DM65,DO65,DQ65,DS65,DU65,DW65,DY65,EA65,EC65,EE65) -> 0
A66: 54 | B66: Rice ကောက်ညှင်းစပါး(1 Liter) | C66: ‌ကော်ဘူး | D66: =RANK(DF66,$DF$4:$DF$144) -> 35 | E66: 1 | F66: 1 * 12 | I66: =H66*$E66 -> 0 | K66: =J66*$E66 -> 0 | M66: =L66*$E66 -> 0 | O66: =N66*$E66 -> 0 | Q66: =P66*$E66 -> 0 | S66: =R66*$E66 -> 0 | U66: =T66*$E66 -> 0 | W66: =V66*$E66 -> 0 | Y66: =X66*$E66 -> 0 | AA66: =Z66*$E66 -> 0 | AC66: =AB66*$E66 -> 0 | AE66: =AD66*$E66 -> 0 | AF66: =(AD66+AB66+Z66+X66+V66+T66+R66+P66+N66+L66+J66+H66)/1 -> 0 | AG66: =AF66*$E66 -> 0 | AI66: =AH66*$E66 -> 0 | AK66: =AJ66*$E66 -> 0 | AM66: =AL66*$E66 -> 0 | AO66: =AN66*$E66 -> 0 | AQ66: =AP66*$E66 -> 0 | AS66: =AR66*$E66 -> 0 | AU66: =AT66*$E66 -> 0 | AW66: =AV66*$E66 -> 0 | AY66: =AX66*$E66 -> 0 | BA66: =AZ66*$E66 -> 0 | BC66: =BB66*$E66 -> 0 | BE66: =BD66*$E66 -> 0 | BF66: =(BD66+BB66+AZ66+AX66+AV66+AT66+AR66+AP66+AN66+AL66+AJ66+AH66)/1 -> 0 | BG66: =BF66*$E66 -> 0 | BI66: =BH66*$E66 -> 0 | BK66: =BJ66*$E66 -> 0 | BM66: =BL66*$E66 -> 0 | BO66: =BN66*$E66 -> 0 | BQ66: =BP66*$E66 -> 0 | BS66: =BR66*$E66 -> 0 | BU66: =BT66*$E66 -> 0 | BW66: =BV66*$E66 -> 0 | BY66: =BX66*$E66 -> 0 | CA66: =BZ66*$E66 -> 0 | CC66: =CB66*$E66 -> 0 | CE66: =CD66*$E66 -> 0 | CF66: =(CD66+CB66+BZ66+BX66+BV66+BT66+BR66+BP66+BN66+BL66+BJ66+BH66)/1 -> 0 | CG66: =CF66*$E66 -> 0 | CI66: =CH66*$E66 -> 0 | CK66: =CJ66*$E66 -> 0 | CM66: =CL66*$E66 -> 0 | CO66: =CN66*$E66 -> 0 | CQ66: =CP66*$E66 -> 0 | CS66: =CR66*$E66 -> 0 | CU66: =CT66*$E66 -> 0 | CW66: =CV66*$E66 -> 0 | CY66: 0 | DA66: 0 | DC66: 0 | DE66: 0 | DF66: =SUM(CH66,CJ66,CL66,CN66,CP66,CR66,CT66,CV66,CX66,CZ66,DB66,DD66) -> 0 | DG66: =DF66*$E66 -> 0 | DI66: 0 | DK66: =DJ66*$E66 -> 0 | EF66: =SUM(DH66,DJ66,DL66,DN66,DP66,DR66,DT66,DV66,DX66,DZ66,EB66,ED66) -> 0 | EG66: =SUM(DI66,DK66,DM66,DO66,DQ66,DS66,DU66,DW66,DY66,EA66,EC66,EE66) -> 0
A67: 55 | B67: Rice ကောက်ညှင်းစပါး(0.6 Liter) | C67: ‌ကော်ဘူး | D67: =RANK(DF67,$DF$4:$DF$144) -> 35 | E67: 0.6 | F67: 1 * 12 | I67: =H67*$E67 -> 0 | K67: =J67*$E67 -> 0 | M67: =L67*$E67 -> 0 | O67: =N67*$E67 -> 0 | Q67: =P67*$E67 -> 0 | S67: =R67*$E67 -> 0 | U67: =T67*$E67 -> 0 | W67: =V67*$E67 -> 0 | Y67: =X67*$E67 -> 0 | AA67: =Z67*$E67 -> 0 | AC67: =AB67*$E67 -> 0 | AE67: =AD67*$E67 -> 0 | AF67: =(AD67+AB67+Z67+X67+V67+T67+R67+P67+N67+L67+J67+H67)/1 -> 0 | AG67: =AF67*$E67 -> 0 | AI67: =AH67*$E67 -> 0 | AK67: =AJ67*$E67 -> 0 | AM67: =AL67*$E67 -> 0 | AO67: =AN67*$E67 -> 0 | AQ67: =AP67*$E67 -> 0 | AS67: =AR67*$E67 -> 0 | AU67: =AT67*$E67 -> 0 | AW67: =AV67*$E67 -> 0 | AY67: =AX67*$E67 -> 0 | BA67: =AZ67*$E67 -> 0 | BC67: =BB67*$E67 -> 0 | BE67: =BD67*$E67 -> 0 | BF67: =(BD67+BB67+AZ67+AX67+AV67+AT67+AR67+AP67+AN67+AL67+AJ67+AH67)/1 -> 0 | BG67: =BF67*$E67 -> 0 | BI67: =BH67*$E67 -> 0 | BK67: =BJ67*$E67 -> 0 | BM67: =BL67*$E67 -> 0 | BO67: =BN67*$E67 -> 0 | BQ67: =BP67*$E67 -> 0 | BS67: =BR67*$E67 -> 0 | BU67: =BT67*$E67 -> 0 | BW67: =BV67*$E67 -> 0 | BY67: =BX67*$E67 -> 0 | CA67: =BZ67*$E67 -> 0 | CC67: =CB67*$E67 -> 0 | CE67: =CD67*$E67 -> 0 | CF67: =(CD67+CB67+BZ67+BX67+BV67+BT67+BR67+BP67+BN67+BL67+BJ67+BH67)/1 -> 0 | CG67: =CF67*$E67 -> 0 | CI67: =CH67*$E67 -> 0 | CK67: =CJ67*$E67 -> 0 | CM67: =CL67*$E67 -> 0 | CO67: =CN67*$E67 -> 0 | CQ67: =CP67*$E67 -> 0 | CS67: =CR67*$E67 -> 0 | CU67: =CT67*$E67 -> 0 | CW67: =CV67*$E67 -> 0 | CY67: 0 | DA67: 0 | DC67: 0 | DE67: 0 | DF67: =SUM(CH67,CJ67,CL67,CN67,CP67,CR67,CT67,CV67,CX67,CZ67,DB67,DD67) -> 0 | DG67: =DF67*$E67 -> 0 | DI67: 0 | DK67: =DJ67*$E67 -> 0 | EF67: =SUM(DH67,DJ67,DL67,DN67,DP67,DR67,DT67,DV67,DX67,DZ67,EB67,ED67) -> 0 | EG67: =SUM(DI67,DK67,DM67,DO67,DQ67,DS67,DU67,DW67,DY67,EA67,EC67,EE67) -> 0
A68: 56 | B68: Rice ကောက်ညှင်းစပါး | C68: ပုလင်း | D68: =RANK(DF68,$DF$4:$DF$144) -> 35 | E68: 0.64 | F68: 1 * 14 | I68: =H68*$E68 -> 0 | K68: =J68*$E68 -> 0 | M68: =L68*$E68 -> 0 | O68: =N68*$E68 -> 0 | Q68: =P68*$E68 -> 0 | S68: =R68*$E68 -> 0 | U68: =T68*$E68 -> 0 | W68: =V68*$E68 -> 0 | Y68: =X68*$E68 -> 0 | AA68: =Z68*$E68 -> 0 | AC68: =AB68*$E68 -> 0 | AE68: =AD68*$E68 -> 0 | AF68: =(AD68+AB68+Z68+X68+V68+T68+R68+P68+N68+L68+J68+H68)/1 -> 0 | AG68: =AF68*$E68 -> 0 | AI68: =AH68*$E68 -> 0 | AK68: =AJ68*$E68 -> 0 | AM68: =AL68*$E68 -> 0 | AO68: =AN68*$E68 -> 0 | AQ68: =AP68*$E68 -> 0 | AS68: =AR68*$E68 -> 0 | AU68: =AT68*$E68 -> 0 | AW68: =AV68*$E68 -> 0 | AY68: =AX68*$E68 -> 0 | BA68: =AZ68*$E68 -> 0 | BC68: =BB68*$E68 -> 0 | BE68: =BD68*$E68 -> 0 | BF68: =(BD68+BB68+AZ68+AX68+AV68+AT68+AR68+AP68+AN68+AL68+AJ68+AH68)/1 -> 0 | BG68: =BF68*$E68 -> 0 | BI68: =BH68*$E68 -> 0 | BK68: =BJ68*$E68 -> 0 | BM68: =BL68*$E68 -> 0 | BO68: =BN68*$E68 -> 0 | BQ68: =BP68*$E68 -> 0 | BS68: =BR68*$E68 -> 0 | BU68: =BT68*$E68 -> 0 | BW68: =BV68*$E68 -> 0 | BY68: =BX68*$E68 -> 0 | CA68: =BZ68*$E68 -> 0 | CC68: =CB68*$E68 -> 0 | CE68: =CD68*$E68 -> 0 | CF68: =(CD68+CB68+BZ68+BX68+BV68+BT68+BR68+BP68+BN68+BL68+BJ68+BH68)/1 -> 0 | CG68: =CF68*$E68 -> 0 | CI68: =CH68*$E68 -> 0 | CK68: =CJ68*$E68 -> 0 | CM68: =CL68*$E68 -> 0 | CO68: =CN68*$E68 -> 0 | CQ68: =CP68*$E68 -> 0 | CS68: =CR68*$E68 -> 0 | CU68: =CT68*$E68 -> 0 | CW68: =CV68*$E68 -> 0 | CY68: 0 | DA68: 0 | DC68: 0 | DE68: 0 | DF68: =SUM(CH68,CJ68,CL68,CN68,CP68,CR68,CT68,CV68,CX68,CZ68,DB68,DD68) -> 0 | DG68: =DF68*$E68 -> 0 | DI68: 0 | DK68: =DJ68*$E68 -> 0 | EF68: =SUM(DH68,DJ68,DL68,DN68,DP68,DR68,DT68,DV68,DX68,DZ68,EB68,ED68) -> 0 | EG68: =SUM(DI68,DK68,DM68,DO68,DQ68,DS68,DU68,DW68,DY68,EA68,EC68,EE68) -> 0
I69: =H69*$E69 -> 0 | K69: =J69*$E69 -> 0 | M69: =L69*$E69 -> 0 | O69: =N69*$E69 -> 0 | Q69: =P69*$E69 -> 0 | S69: =R69*$E69 -> 0 | U69: =T69*$E69 -> 0 | W69: =V69*$E69 -> 0 | Y69: =X69*$E69 -> 0 | AA69: =Z69*$E69 -> 0 | AC69: =AB69*$E69 -> 0 | AE69: =AD69*$E69 -> 0 | AF69: =(AD69+AB69+Z69+X69+V69+T69+R69+P69+N69+L69+J69+H69)/1 -> 0 | AG69: =AF69*$E69 -> 0 | AI69: =AH69*$E69 -> 0 | AK69: =AJ69*$E69 -> 0 | AM69: =AL69*$E69 -> 0 | AO69: =AN69*$E69 -> 0 | AQ69: =AP69*$E69 -> 0 | AS69: =AR69*$E69 -> 0 | AU69: =AT69*$E69 -> 0 | AW69: =AV69*$E69 -> 0 | AY69: =AX69*$E69 -> 0 | BA69: =AZ69*$E69 -> 0 | BC69: =BB69*$E69 -> 0 | BE69: =BD69*$E69 -> 0 | BF69: =(BD69+BB69+AZ69+AX69+AV69+AT69+AR69+AP69+AN69+AL69+AJ69+AH69)/1 -> 0 | BG69: =BF69*$E69 -> 0 | BI69: =BH69*$E69 -> 0 | BK69: =BJ69*$E69 -> 0 | BM69: =BL69*$E69 -> 0 | BO69: =BN69*$E69 -> 0 | BQ69: =BP69*$E69 -> 0 | BS69: =BR69*$E69 -> 0 | BU69: =BT69*$E69 -> 0 | BW69: =BV69*$E69 -> 0 | BY69: =BX69*$E69 -> 0 | CA69: =BZ69*$E69 -> 0 | CC69: =CB69*$E69 -> 0 | CE69: =CD69*$E69 -> 0 | CF69: =(CD69+CB69+BZ69+BX69+BV69+BT69+BR69+BP69+BN69+BL69+BJ69+BH69)/1 -> 0 | CG69: =CF69*$E69 -> 0 | CI69: =CH69*$E69 -> 0 | CK69: =CJ69*$E69 -> 0 | CM69: =CL69*$E69 -> 0 | CO69: =CN69*$E69 -> 0 | CQ69: =CP69*$E69 -> 0 | CS69: =CR69*$E69 -> 0 | CU69: =CT69*$E69 -> 0 | CW69: =CV69*$E69 -> 0 | CY69: 0 | DA69: 0 | DC69: 0 | DE69: 0 | DF69: =SUM(CH69,CJ69,CL69,CN69,CP69,CR69,CT69,CV69,CX69,CZ69,DB69,DD69) -> 0 | DG69: =DF69*$E69 -> 0 | DI69: 0 | DK69: =DJ69*$E69 -> 0 | EF69: =SUM(DH69,DJ69,DL69,DN69,DP69,DR69,DT69,DV69,DX69,DZ69,EB69,ED69) -> 0 | EG69: =SUM(DI69,DK69,DM69,DO69,DQ69,DS69,DU69,DW69,DY69,EA69,EC69,EE69) -> 0
A70: 57 | B70: ကချင်ရိုးရာဆန်အရက်(1 Liter) | C70: ‌ကော်ဘူး | D70: =RANK(DF70,$DF$4:$DF$144) -> 35 | E70: 1 | F70: 1 * 12 | I70: =H70*$E70 -> 0 | K70: =J70*$E70 -> 0 | M70: =L70*$E70 -> 0 | O70: =N70*$E70 -> 0 | Q70: =P70*$E70 -> 0 | S70: =R70*$E70 -> 0 | U70: =T70*$E70 -> 0 | W70: =V70*$E70 -> 0 | Y70: =X70*$E70 -> 0 | AA70: =Z70*$E70 -> 0 | AC70: =AB70*$E70 -> 0 | AE70: =AD70*$E70 -> 0 | AF70: =(AD70+AB70+Z70+X70+V70+T70+R70+P70+N70+L70+J70+H70)/1 -> 0 | AG70: =AF70*$E70 -> 0 | AI70: =AH70*$E70 -> 0 | AK70: =AJ70*$E70 -> 0 | AM70: =AL70*$E70 -> 0 | AO70: =AN70*$E70 -> 0 | AQ70: =AP70*$E70 -> 0 | AS70: =AR70*$E70 -> 0 | AU70: =AT70*$E70 -> 0 | AW70: =AV70*$E70 -> 0 | AY70: =AX70*$E70 -> 0 | BA70: =AZ70*$E70 -> 0 | BC70: =BB70*$E70 -> 0 | BE70: =BD70*$E70 -> 0 | BF70: =(BD70+BB70+AZ70+AX70+AV70+AT70+AR70+AP70+AN70+AL70+AJ70+AH70)/1 -> 0 | BG70: =BF70*$E70 -> 0 | BI70: =BH70*$E70 -> 0 | BK70: =BJ70*$E70 -> 0 | BM70: =BL70*$E70 -> 0 | BO70: =BN70*$E70 -> 0 | BQ70: =BP70*$E70 -> 0 | BS70: =BR70*$E70 -> 0 | BU70: =BT70*$E70 -> 0 | BW70: =BV70*$E70 -> 0 | BY70: =BX70*$E70 -> 0 | CA70: =BZ70*$E70 -> 0 | CC70: =CB70*$E70 -> 0 | CE70: =CD70*$E70 -> 0 | CF70: =(CD70+CB70+BZ70+BX70+BV70+BT70+BR70+BP70+BN70+BL70+BJ70+BH70)/1 -> 0 | CG70: =CF70*$E70 -> 0 | CI70: =CH70*$E70 -> 0 | CK70: =CJ70*$E70 -> 0 | CM70: =CL70*$E70 -> 0 | CO70: =CN70*$E70 -> 0 | CQ70: =CP70*$E70 -> 0 | CS70: =CR70*$E70 -> 0 | CU70: =CT70*$E70 -> 0 | CW70: =CV70*$E70 -> 0 | CY70: 0 | DA70: 0 | DC70: 0 | DE70: 0 | DF70: =SUM(CH70,CJ70,CL70,CN70,CP70,CR70,CT70,CV70,CX70,CZ70,DB70,DD70) -> 0 | DG70: =DF70*$E70 -> 0 | DI70: 0 | DK70: =DJ70*$E70 -> 0 | EF70: =SUM(DH70,DJ70,DL70,DN70,DP70,DR70,DT70,DV70,DX70,DZ70,EB70,ED70) -> 0 | EG70: =SUM(DI70,DK70,DM70,DO70,DQ70,DS70,DU70,DW70,DY70,EA70,EC70,EE70) -> 0
A71: 58 | B71: ကချင်ရိုးရာဆန်အရက်(0.6 Liter) | C71: ‌ကော်ဘူး | D71: =RANK(DF71,$DF$4:$DF$144) -> 35 | E71: 0.6 | F71: 1 * 12 | I71: =H71*$E71 -> 0 | K71: =J71*$E71 -> 0 | M71: =L71*$E71 -> 0 | O71: =N71*$E71 -> 0 | Q71: =P71*$E71 -> 0 | S71: =R71*$E71 -> 0 | U71: =T71*$E71 -> 0 | W71: =V71*$E71 -> 0 | Y71: =X71*$E71 -> 0 | AA71: =Z71*$E71 -> 0 | AC71: =AB71*$E71 -> 0 | AE71: =AD71*$E71 -> 0 | AF71: =(AD71+AB71+Z71+X71+V71+T71+R71+P71+N71+L71+J71+H71)/1 -> 0 | AG71: =AF71*$E71 -> 0 | AI71: =AH71*$E71 -> 0 | AK71: =AJ71*$E71 -> 0 | AM71: =AL71*$E71 -> 0 | AO71: =AN71*$E71 -> 0 | AQ71: =AP71*$E71 -> 0 | AS71: =AR71*$E71 -> 0 | AU71: =AT71*$E71 -> 0 | AW71: =AV71*$E71 -> 0 | AY71: =AX71*$E71 -> 0 | BA71: =AZ71*$E71 -> 0 | BC71: =BB71*$E71 -> 0 | BE71: =BD71*$E71 -> 0 | BF71: =(BD71+BB71+AZ71+AX71+AV71+AT71+AR71+AP71+AN71+AL71+AJ71+AH71)/1 -> 0 | BG71: =BF71*$E71 -> 0 | BI71: =BH71*$E71 -> 0 | BK71: =BJ71*$E71 -> 0 | BM71: =BL71*$E71 -> 0 | BO71: =BN71*$E71 -> 0 | BQ71: =BP71*$E71 -> 0 | BS71: =BR71*$E71 -> 0 | BU71: =BT71*$E71 -> 0 | BW71: =BV71*$E71 -> 0 | BY71: =BX71*$E71 -> 0 | CA71: =BZ71*$E71 -> 0 | CC71: =CB71*$E71 -> 0 | CE71: =CD71*$E71 -> 0 | CF71: =(CD71+CB71+BZ71+BX71+BV71+BT71+BR71+BP71+BN71+BL71+BJ71+BH71)/1 -> 0 | CG71: =CF71*$E71 -> 0 | CI71: =CH71*$E71 -> 0 | CK71: =CJ71*$E71 -> 0 | CM71: =CL71*$E71 -> 0 | CO71: =CN71*$E71 -> 0 | CQ71: =CP71*$E71 -> 0 | CS71: =CR71*$E71 -> 0 | CU71: =CT71*$E71 -> 0 | CW71: =CV71*$E71 -> 0 | CY71: 0 | DA71: 0 | DC71: 0 | DE71: 0 | DF71: =SUM(CH71,CJ71,CL71,CN71,CP71,CR71,CT71,CV71,CX71,CZ71,DB71,DD71) -> 0 | DG71: =DF71*$E71 -> 0 | DI71: 0 | DK71: =DJ71*$E71 -> 0 | EF71: =SUM(DH71,DJ71,DL71,DN71,DP71,DR71,DT71,DV71,DX71,DZ71,EB71,ED71) -> 0 | EG71: =SUM(DI71,DK71,DM71,DO71,DQ71,DS71,DU71,DW71,DY71,EA71,EC71,EE71) -> 0
A72: 59 | B72: ကချင်ရိုးရာဆန်အရက် | C72: ပုလင်း | D72: =RANK(DF72,$DF$4:$DF$144) -> 35 | E72: 0.64 | F72: 1 * 14 | I72: =H72*$E72 -> 0 | K72: =J72*$E72 -> 0 | M72: =L72*$E72 -> 0 | O72: =N72*$E72 -> 0 | Q72: =P72*$E72 -> 0 | S72: =R72*$E72 -> 0 | U72: =T72*$E72 -> 0 | W72: =V72*$E72 -> 0 | Y72: =X72*$E72 -> 0 | AA72: =Z72*$E72 -> 0 | AC72: =AB72*$E72 -> 0 | AE72: =AD72*$E72 -> 0 | AF72: =(AD72+AB72+Z72+X72+V72+T72+R72+P72+N72+L72+J72+H72)/1 -> 0 | AG72: =AF72*$E72 -> 0 | AI72: =AH72*$E72 -> 0 | AK72: =AJ72*$E72 -> 0 | AM72: =AL72*$E72 -> 0 | AO72: =AN72*$E72 -> 0 | AQ72: =AP72*$E72 -> 0 | AS72: =AR72*$E72 -> 0 | AU72: =AT72*$E72 -> 0 | AW72: =AV72*$E72 -> 0 | AY72: =AX72*$E72 -> 0 | BA72: =AZ72*$E72 -> 0 | BC72: =BB72*$E72 -> 0 | BE72: =BD72*$E72 -> 0 | BF72: =(BD72+BB72+AZ72+AX72+AV72+AT72+AR72+AP72+AN72+AL72+AJ72+AH72)/1 -> 0 | BG72: =BF72*$E72 -> 0 | BI72: =BH72*$E72 -> 0 | BK72: =BJ72*$E72 -> 0 | BM72: =BL72*$E72 -> 0 | BO72: =BN72*$E72 -> 0 | BQ72: =BP72*$E72 -> 0 | BS72: =BR72*$E72 -> 0 | BU72: =BT72*$E72 -> 0 | BW72: =BV72*$E72 -> 0 | BY72: =BX72*$E72 -> 0 | CA72: =BZ72*$E72 -> 0 | CC72: =CB72*$E72 -> 0 | CE72: =CD72*$E72 -> 0 | CF72: =(CD72+CB72+BZ72+BX72+BV72+BT72+BR72+BP72+BN72+BL72+BJ72+BH72)/1 -> 0 | CG72: =CF72*$E72 -> 0 | CI72: =CH72*$E72 -> 0 | CK72: =CJ72*$E72 -> 0 | CM72: =CL72*$E72 -> 0 | CO72: =CN72*$E72 -> 0 | CQ72: =CP72*$E72 -> 0 | CS72: =CR72*$E72 -> 0 | CU72: =CT72*$E72 -> 0 | CW72: =CV72*$E72 -> 0 | CY72: 0 | DA72: 0 | DC72: 0 | DE72: 0 | DF72: =SUM(CH72,CJ72,CL72,CN72,CP72,CR72,CT72,CV72,CX72,CZ72,DB72,DD72) -> 0 | DG72: =DF72*$E72 -> 0 | DI72: 0 | DK72: =DJ72*$E72 -> 0 | EF72: =SUM(DH72,DJ72,DL72,DN72,DP72,DR72,DT72,DV72,DX72,DZ72,EB72,ED72) -> 0 | EG72: =SUM(DI72,DK72,DM72,DO72,DQ72,DS72,DU72,DW72,DY72,EA72,EC72,EE72) -> 0
I73: =H73*$E73 -> 0 | K73: =J73*$E73 -> 0 | M73: =L73*$E73 -> 0 | O73: =N73*$E73 -> 0 | Q73: =P73*$E73 -> 0 | S73: =R73*$E73 -> 0 | U73: =T73*$E73 -> 0 | W73: =V73*$E73 -> 0 | Y73: =X73*$E73 -> 0 | AA73: =Z73*$E73 -> 0 | AC73: =AB73*$E73 -> 0 | AE73: =AD73*$E73 -> 0 | AF73: =(AD73+AB73+Z73+X73+V73+T73+R73+P73+N73+L73+J73+H73)/1 -> 0 | AG73: =AF73*$E73 -> 0 | AI73: =AH73*$E73 -> 0 | AK73: =AJ73*$E73 -> 0 | AM73: =AL73*$E73 -> 0 | AO73: =AN73*$E73 -> 0 | AQ73: =AP73*$E73 -> 0 | AS73: =AR73*$E73 -> 0 | AU73: =AT73*$E73 -> 0 | AW73: =AV73*$E73 -> 0 | AY73: =AX73*$E73 -> 0 | BA73: =AZ73*$E73 -> 0 | BC73: =BB73*$E73 -> 0 | BE73: =BD73*$E73 -> 0 | BF73: =(BD73+BB73+AZ73+AX73+AV73+AT73+AR73+AP73+AN73+AL73+AJ73+AH73)/1 -> 0 | BG73: =BF73*$E73 -> 0 | BI73: =BH73*$E73 -> 0 | BK73: =BJ73*$E73 -> 0 | BM73: =BL73*$E73 -> 0 | BO73: =BN73*$E73 -> 0 | BQ73: =BP73*$E73 -> 0 | BS73: =BR73*$E73 -> 0 | BU73: =BT73*$E73 -> 0 | BW73: =BV73*$E73 -> 0 | BY73: =BX73*$E73 -> 0 | CA73: =BZ73*$E73 -> 0 | CC73: =CB73*$E73 -> 0 | CE73: =CD73*$E73 -> 0 | CF73: =(CD73+CB73+BZ73+BX73+BV73+BT73+BR73+BP73+BN73+BL73+BJ73+BH73)/1 -> 0 | CG73: =CF73*$E73 -> 0 | CI73: =CH73*$E73 -> 0 | CK73: =CJ73*$E73 -> 0 | CM73: =CL73*$E73 -> 0 | CO73: =CN73*$E73 -> 0 | CQ73: =CP73*$E73 -> 0 | CS73: =CR73*$E73 -> 0 | CU73: =CT73*$E73 -> 0 | CW73: =CV73*$E73 -> 0 | CY73: 0 | DA73: 0 | DC73: 0 | DE73: 0 | DF73: =SUM(CH73,CJ73,CL73,CN73,CP73,CR73,CT73,CV73,CX73,CZ73,DB73,DD73) -> 0 | DG73: =DF73*$E73 -> 0 | DI73: 0 | DK73: =DJ73*$E73 -> 0 | EF73: =SUM(DH73,DJ73,DL73,DN73,DP73,DR73,DT73,DV73,DX73,DZ73,EB73,ED73) -> 0 | EG73: =SUM(DI73,DK73,DM73,DO73,DQ73,DS73,DU73,DW73,DY73,EA73,EC73,EE73) -> 0
A74: 60 | B74: Dagon Pineapple | C74: ပုလင်း | D74: =RANK(DF74,$DF$4:$DF$144) -> 35 | E74: 0.64 | F74: 1 * 14 | I74: =H74*$E74 -> 0 | K74: =J74*$E74 -> 0 | M74: =L74*$E74 -> 0 | O74: =N74*$E74 -> 0 | Q74: =P74*$E74 -> 0 | S74: =R74*$E74 -> 0 | U74: =T74*$E74 -> 0 | W74: =V74*$E74 -> 0 | Y74: =X74*$E74 -> 0 | AA74: =Z74*$E74 -> 0 | AC74: =AB74*$E74 -> 0 | AE74: =AD74*$E74 -> 0 | AF74: =(AD74+AB74+Z74+X74+V74+T74+R74+P74+N74+L74+J74+H74)/1 -> 0 | AG74: =AF74*$E74 -> 0 | AI74: =AH74*$E74 -> 0 | AK74: =AJ74*$E74 -> 0 | AM74: =AL74*$E74 -> 0 | AO74: =AN74*$E74 -> 0 | AQ74: =AP74*$E74 -> 0 | AS74: =AR74*$E74 -> 0 | AU74: =AT74*$E74 -> 0 | AW74: =AV74*$E74 -> 0 | AY74: =AX74*$E74 -> 0 | BA74: =AZ74*$E74 -> 0 | BC74: =BB74*$E74 -> 0 | BE74: =BD74*$E74 -> 0 | BF74: =(BD74+BB74+AZ74+AX74+AV74+AT74+AR74+AP74+AN74+AL74+AJ74+AH74)/1 -> 0 | BG74: =BF74*$E74 -> 0 | BI74: =BH74*$E74 -> 0 | BK74: =BJ74*$E74 -> 0 | BM74: =BL74*$E74 -> 0 | BO74: =BN74*$E74 -> 0 | BQ74: =BP74*$E74 -> 0 | BS74: =BR74*$E74 -> 0 | BU74: =BT74*$E74 -> 0 | BW74: =BV74*$E74 -> 0 | BY74: =BX74*$E74 -> 0 | CA74: =BZ74*$E74 -> 0 | CC74: =CB74*$E74 -> 0 | CE74: =CD74*$E74 -> 0 | CF74: =(CD74+CB74+BZ74+BX74+BV74+BT74+BR74+BP74+BN74+BL74+BJ74+BH74)/1 -> 0 | CG74: =CF74*$E74 -> 0 | CI74: =CH74*$E74 -> 0 | CK74: =CJ74*$E74 -> 0 | CM74: =CL74*$E74 -> 0 | CO74: =CN74*$E74 -> 0 | CQ74: =CP74*$E74 -> 0 | CS74: =CR74*$E74 -> 0 | CU74: =CT74*$E74 -> 0 | CW74: =CV74*$E74 -> 0 | CY74: 0 | DA74: 0 | DC74: 0 | DE74: 0 | DF74: =SUM(CH74,CJ74,CL74,CN74,CP74,CR74,CT74,CV74,CX74,CZ74,DB74,DD74) -> 0 | DG74: =DF74*$E74 -> 0 | DI74: 0 | DK74: =DJ74*$E74 -> 0 | EF74: =SUM(DH74,DJ74,DL74,DN74,DP74,DR74,DT74,DV74,DX74,DZ74,EB74,ED74) -> 0 | EG74: =SUM(DI74,DK74,DM74,DO74,DQ74,DS74,DU74,DW74,DY74,EA74,EC74,EE74) -> 0
A75: 61 | B75: Dagon Pineapple | C75: ပုလင်း | D75: =RANK(DF75,$DF$4:$DF$144) -> 13 | E75: 0.64 | F75: 1 * 24 | G75: 1330 | H75: 12312 | I75: =H75*$E75 -> 7879.68 | J75: 9552 | K75: =J75*$E75 -> 6113.28 | L75: 17280 | M75: =L75*$E75 -> 11059.2 | N75: 8328 | O75: =N75*$E75 -> 5329.92 | P75: 8640 | Q75: =P75*$E75 -> 5529.6 | R75: 15312 | S75: =R75*$E75 -> 9799.68 | T75: 10944 | U75: =T75*$E75 -> 7004.16 | V75: 12888 | W75: =V75*$E75 -> 8248.32 | X75: 11496 | Y75: =X75*$E75 -> 7357.44 | Z75: 8736 | AA75: =Z75*$E75 -> 5591.04 | AB75: 5760 | AC75: =AB75*$E75 -> 3686.4 | AD75: 13536 | AE75: =AD75*$E75 -> 8663.04 | AF75: =(AD75+AB75+Z75+X75+V75+T75+R75+P75+N75+L75+J75+H75)/1 -> 134784 | AG75: =AF75*$E75 -> 86261.76 | AH75: 15072 | AI75: =AH75*$E75 -> 9646.08 | AJ75: 5352 | AK75: =AJ75*$E75 -> 3425.28 | AL75: 11496 | AM75: =AL75*$E75 -> 7357.44 | AN75: 10296 | AO75: =AN75*$E75 -> 6589.44 | AP75: 9336 | AQ75: =AP75*$E75 -> 5975.04 | AR75: 11016 | AS75: =AR75*$E75 -> 7050.24 | AT75: 13056 | AU75: =AT75*$E75 -> 8355.84 | AV75: 14400 | AW75: =AV75*$E75 -> 9216 | AX75: 12576 | AY75: =AX75*$E75 -> 8048.64 | AZ75: 10680 | BA75: =AZ75*$E75 -> 6835.2 | BB75: 6942 | BC75: =BB75*$E75 -> 4442.88 | BD75: 17568 | BE75: =BD75*$E75 -> 11243.52 | BF75: =(BD75+BB75+AZ75+AX75+AV75+AT75+AR75+AP75+AN75+AL75+AJ75+AH75)/1 -> 137790 | BG75: =BF75*$E75 -> 88185.6 | BH75: 5832 | BI75: =BH75*$E75 -> 3732.48 | BJ75: 7320 | BK75: =BJ75*$E75 -> 4684.8 | BL75: 12024 | BM75: =BL75*$E75 -> 7695.36 | BN75: 6528 | BO75: =BN75*$E75 -> 4177.92 | BP75: 7944 | BQ75: =BP75*$E75 -> 5084.16 | BR75: 9492 | BS75: =BR75*$E75 -> 6074.88 | BT75: 11832 | BU75: =BT75*$E75 -> 7572.48 | BV75: 12852 | BW75: =BV75*$E75 -> 8225.28 | BX75: 10104 | BY75: =BX75*$E75 -> 6466.56 | BZ75: 12240 | CA75: =BZ75*$E75 -> 7833.6 | CB75: 8880 | CC75: =CB75*$E75 -> 5683.2 | CD75: 12951 | CE75: =CD75*$E75 -> 8288.64 | CF75: =(CD75+CB75+BZ75+BX75+BV75+BT75+BR75+BP75+BN75+BL75+BJ75+BH75)/1 -> 117999 | CG75: =CF75*$E75 -> 75519.36 | CH75: 10968 | CI75: =CH75*$E75 -> 7019.52 | CJ75: 10200 | CK75: =CJ75*$E75 -> 6528 | CL75: 14808 | CM75: =CL75*$E75 -> 9477.12 | CN75: 8928 | CO75: =CN75*$E75 -> 5713.92 | CP75: 13152 | CQ75: =CP75*$E75 -> 8417.28 | CR75: 13198 | CS75: =CR75*$E75 -> 8446.72 | CT75: 11976 | CU75: =CT75*$E75 -> 7664.64 | CV75: 11280 | CW75: =CV75*$E75 -> 7219.2 | CX75: 8160 | CY75: 5222.4 | CZ75: 7848 | DA75: 5022.72 | DB75: 7464 | DC75: 4776.96 | DD75: 8880 | DE75: 5683.2 | DF75: =SUM(CH75,CJ75,CL75,CN75,CP75,CR75,CT75,CV75,CX75,CZ75,DB75,DD75) -> 126862 | DG75: =DF75*$E75 -> 81191.68 | DH75: 12360 | DI75: 7910.4 | DJ75: 11496 | DK75: =DJ75*$E75 -> 7357.44 | EF75: =SUM(DH75,DJ75,DL75,DN75,DP75,DR75,DT75,DV75,DX75,DZ75,EB75,ED75) -> 23856 | EG75: =SUM(DI75,DK75,DM75,DO75,DQ75,DS75,DU75,DW75,DY75,EA75,EC75,EE75) -> 15267.84
I76: =H76*$E76 -> 0 | K76: =J76*$E76 -> 0 | M76: =L76*$E76 -> 0 | O76: =N76*$E76 -> 0 | Q76: =P76*$E76 -> 0 | S76: =R76*$E76 -> 0 | U76: =T76*$E76 -> 0 | W76: =V76*$E76 -> 0 | Y76: =X76*$E76 -> 0 | AA76: =Z76*$E76 -> 0 | AC76: =AB76*$E76 -> 0 | AE76: =AD76*$E76 -> 0 | AF76: =(AD76+AB76+Z76+X76+V76+T76+R76+P76+N76+L76+J76+H76)/1 -> 0 | AG76: =AF76*$E76 -> 0 | AI76: =AH76*$E76 -> 0 | AK76: =AJ76*$E76 -> 0 | AM76: =AL76*$E76 -> 0 | AO76: =AN76*$E76 -> 0 | AQ76: =AP76*$E76 -> 0 | AS76: =AR76*$E76 -> 0 | AU76: =AT76*$E76 -> 0 | AW76: =AV76*$E76 -> 0 | AY76: =AX76*$E76 -> 0 | BA76: =AZ76*$E76 -> 0 | BC76: =BB76*$E76 -> 0 | BE76: =BD76*$E76 -> 0 | BF76: =(BD76+BB76+AZ76+AX76+AV76+AT76+AR76+AP76+AN76+AL76+AJ76+AH76)/1 -> 0 | BG76: =BF76*$E76 -> 0 | BI76: =BH76*$E76 -> 0 | BK76: =BJ76*$E76 -> 0 | BM76: =BL76*$E76 -> 0 | BO76: =BN76*$E76 -> 0 | BQ76: =BP76*$E76 -> 0 | BS76: =BR76*$E76 -> 0 | BU76: =BT76*$E76 -> 0 | BW76: =BV76*$E76 -> 0 | BY76: =BX76*$E76 -> 0 | CA76: =BZ76*$E76 -> 0 | CC76: =CB76*$E76 -> 0 | CE76: =CD76*$E76 -> 0 | CF76: =(CD76+CB76+BZ76+BX76+BV76+BT76+BR76+BP76+BN76+BL76+BJ76+BH76)/1 -> 0 | CG76: =CF76*$E76 -> 0 | CI76: =CH76*$E76 -> 0 | CK76: =CJ76*$E76 -> 0 | CM76: =CL76*$E76 -> 0 | CO76: =CN76*$E76 -> 0 | CQ76: =CP76*$E76 -> 0 | CS76: =CR76*$E76 -> 0 | CU76: =CT76*$E76 -> 0 | CW76: =CV76*$E76 -> 0 | CY76: 0 | DA76: 0 | DC76: 0 | DE76: 0 | DF76: =SUM(CH76,CJ76,CL76,CN76,CP76,CR76,CT76,CV76,CX76,CZ76,DB76,DD76) -> 0 | DG76: =DF76*$E76 -> 0 | DI76: 0 | DK76: =DJ76*$E76 -> 0 | EF76: =SUM(DH76,DJ76,DL76,DN76,DP76,DR76,DT76,DV76,DX76,DZ76,EB76,ED76) -> 0 | EG76: =SUM(DI76,DK76,DM76,DO76,DQ76,DS76,DU76,DW76,DY76,EA76,EC76,EE76) -> 0
A77: 62 | B77: Cj-5 | C77: ပုလင်း | D77: =RANK(DF77,$DF$4:$DF$144) -> 35 | E77: 0.64 | F77: 1 * 14 | I77: =H77*$E77 -> 0 | K77: =J77*$E77 -> 0 | M77: =L77*$E77 -> 0 | O77: =N77*$E77 -> 0 | Q77: =P77*$E77 -> 0 | S77: =R77*$E77 -> 0 | U77: =T77*$E77 -> 0 | W77: =V77*$E77 -> 0 | Y77: =X77*$E77 -> 0 | AA77: =Z77*$E77 -> 0 | AC77: =AB77*$E77 -> 0 | AE77: =AD77*$E77 -> 0 | AF77: =(AD77+AB77+Z77+X77+V77+T77+R77+P77+N77+L77+J77+H77)/1 -> 0 | AG77: =AF77*$E77 -> 0 | AI77: =AH77*$E77 -> 0 | AK77: =AJ77*$E77 -> 0 | AM77: =AL77*$E77 -> 0 | AO77: =AN77*$E77 -> 0 | AQ77: =AP77*$E77 -> 0 | AS77: =AR77*$E77 -> 0 | AU77: =AT77*$E77 -> 0 | AW77: =AV77*$E77 -> 0 | AY77: =AX77*$E77 -> 0 | BA77: =AZ77*$E77 -> 0 | BC77: =BB77*$E77 -> 0 | BE77: =BD77*$E77 -> 0 | BF77: =(BD77+BB77+AZ77+AX77+AV77+AT77+AR77+AP77+AN77+AL77+AJ77+AH77)/1 -> 0 | BG77: =BF77*$E77 -> 0 | BI77: =BH77*$E77 -> 0 | BK77: =BJ77*$E77 -> 0 | BM77: =BL77*$E77 -> 0 | BO77: =BN77*$E77 -> 0 | BQ77: =BP77*$E77 -> 0 | BS77: =BR77*$E77 -> 0 | BU77: =BT77*$E77 -> 0 | BW77: =BV77*$E77 -> 0 | BY77: =BX77*$E77 -> 0 | CA77: =BZ77*$E77 -> 0 | CC77: =CB77*$E77 -> 0 | CE77: =CD77*$E77 -> 0 | CF77: =(CD77+CB77+BZ77+BX77+BV77+BT77+BR77+BP77+BN77+BL77+BJ77+BH77)/1 -> 0 | CG77: =CF77*$E77 -> 0 | CI77: =CH77*$E77 -> 0 | CK77: =CJ77*$E77 -> 0 | CM77: =CL77*$E77 -> 0 | CO77: =CN77*$E77 -> 0 | CQ77: =CP77*$E77 -> 0 | CS77: =CR77*$E77 -> 0 | CU77: =CT77*$E77 -> 0 | CW77: =CV77*$E77 -> 0 | CY77: 0 | DA77: 0 | DC77: 0 | DE77: 0 | DF77: =SUM(CH77,CJ77,CL77,CN77,CP77,CR77,CT77,CV77,CX77,CZ77,DB77,DD77) -> 0 | DG77: =DF77*$E77 -> 0 | DI77: 0 | DK77: =DJ77*$E77 -> 0 | EF77: =SUM(DH77,DJ77,DL77,DN77,DP77,DR77,DT77,DV77,DX77,DZ77,EB77,ED77) -> 0 | EG77: =SUM(DI77,DK77,DM77,DO77,DQ77,DS77,DU77,DW77,DY77,EA77,EC77,EE77) -> 0
A78: 63 | B78: Cj-5 | C78: ပုလင်း | D78: =RANK(DF78,$DF$4:$DF$144) -> 35 | E78: 0.64 | F78: 1 * 24 | I78: =H78*$E78 -> 0 | K78: =J78*$E78 -> 0 | M78: =L78*$E78 -> 0 | O78: =N78*$E78 -> 0 | Q78: =P78*$E78 -> 0 | S78: =R78*$E78 -> 0 | U78: =T78*$E78 -> 0 | W78: =V78*$E78 -> 0 | Y78: =X78*$E78 -> 0 | AA78: =Z78*$E78 -> 0 | AC78: =AB78*$E78 -> 0 | AE78: =AD78*$E78 -> 0 | AF78: =(AD78+AB78+Z78+X78+V78+T78+R78+P78+N78+L78+J78+H78)/1 -> 0 | AG78: =AF78*$E78 -> 0 | AI78: =AH78*$E78 -> 0 | AK78: =AJ78*$E78 -> 0 | AM78: =AL78*$E78 -> 0 | AO78: =AN78*$E78 -> 0 | AQ78: =AP78*$E78 -> 0 | AS78: =AR78*$E78 -> 0 | AU78: =AT78*$E78 -> 0 | AW78: =AV78*$E78 -> 0 | AY78: =AX78*$E78 -> 0 | BA78: =AZ78*$E78 -> 0 | BC78: =BB78*$E78 -> 0 | BE78: =BD78*$E78 -> 0 | BF78: =(BD78+BB78+AZ78+AX78+AV78+AT78+AR78+AP78+AN78+AL78+AJ78+AH78)/1 -> 0 | BG78: =BF78*$E78 -> 0 | BI78: =BH78*$E78 -> 0 | BK78: =BJ78*$E78 -> 0 | BM78: =BL78*$E78 -> 0 | BO78: =BN78*$E78 -> 0 | BQ78: =BP78*$E78 -> 0 | BS78: =BR78*$E78 -> 0 | BU78: =BT78*$E78 -> 0 | BW78: =BV78*$E78 -> 0 | BY78: =BX78*$E78 -> 0 | CA78: =BZ78*$E78 -> 0 | CC78: =CB78*$E78 -> 0 | CE78: =CD78*$E78 -> 0 | CF78: =(CD78+CB78+BZ78+BX78+BV78+BT78+BR78+BP78+BN78+BL78+BJ78+BH78)/1 -> 0 | CG78: =CF78*$E78 -> 0 | CI78: =CH78*$E78 -> 0 | CK78: =CJ78*$E78 -> 0 | CM78: =CL78*$E78 -> 0 | CO78: =CN78*$E78 -> 0 | CQ78: =CP78*$E78 -> 0 | CS78: =CR78*$E78 -> 0 | CU78: =CT78*$E78 -> 0 | CW78: =CV78*$E78 -> 0 | CY78: 0 | DA78: 0 | DC78: 0 | DE78: 0 | DF78: =SUM(CH78,CJ78,CL78,CN78,CP78,CR78,CT78,CV78,CX78,CZ78,DB78,DD78) -> 0 | DG78: =DF78*$E78 -> 0 | DI78: 0 | DK78: =DJ78*$E78 -> 0 | EF78: =SUM(DH78,DJ78,DL78,DN78,DP78,DR78,DT78,DV78,DX78,DZ78,EB78,ED78) -> 0 | EG78: =SUM(DI78,DK78,DM78,DO78,DQ78,DS78,DU78,DW78,DY78,EA78,EC78,EE78) -> 0
I79: =H79*$E79 -> 0 | K79: =J79*$E79 -> 0 | M79: =L79*$E79 -> 0 | O79: =N79*$E79 -> 0 | Q79: =P79*$E79 -> 0 | S79: =R79*$E79 -> 0 | U79: =T79*$E79 -> 0 | W79: =V79*$E79 -> 0 | Y79: =X79*$E79 -> 0 | AA79: =Z79*$E79 -> 0 | AC79: =AB79*$E79 -> 0 | AE79: =AD79*$E79 -> 0 | AF79: =(AD79+AB79+Z79+X79+V79+T79+R79+P79+N79+L79+J79+H79)/1 -> 0 | AG79: =AF79*$E79 -> 0 | AI79: =AH79*$E79 -> 0 | AK79: =AJ79*$E79 -> 0 | AM79: =AL79*$E79 -> 0 | AO79: =AN79*$E79 -> 0 | AQ79: =AP79*$E79 -> 0 | AS79: =AR79*$E79 -> 0 | AU79: =AT79*$E79 -> 0 | AW79: =AV79*$E79 -> 0 | AY79: =AX79*$E79 -> 0 | BA79: =AZ79*$E79 -> 0 | BC79: =BB79*$E79 -> 0 | BE79: =BD79*$E79 -> 0 | BF79: =(BD79+BB79+AZ79+AX79+AV79+AT79+AR79+AP79+AN79+AL79+AJ79+AH79)/1 -> 0 | BG79: =BF79*$E79 -> 0 | BI79: =BH79*$E79 -> 0 | BK79: =BJ79*$E79 -> 0 | BM79: =BL79*$E79 -> 0 | BO79: =BN79*$E79 -> 0 | BQ79: =BP79*$E79 -> 0 | BS79: =BR79*$E79 -> 0 | BU79: =BT79*$E79 -> 0 | BW79: =BV79*$E79 -> 0 | BY79: =BX79*$E79 -> 0 | CA79: =BZ79*$E79 -> 0 | CC79: =CB79*$E79 -> 0 | CE79: =CD79*$E79 -> 0 | CF79: =(CD79+CB79+BZ79+BX79+BV79+BT79+BR79+BP79+BN79+BL79+BJ79+BH79)/1 -> 0 | CG79: =CF79*$E79 -> 0 | CI79: =CH79*$E79 -> 0 | CK79: =CJ79*$E79 -> 0 | CM79: =CL79*$E79 -> 0 | CO79: =CN79*$E79 -> 0 | CQ79: =CP79*$E79 -> 0 | CS79: =CR79*$E79 -> 0 | CU79: =CT79*$E79 -> 0 | CW79: =CV79*$E79 -> 0 | CY79: 0 | DA79: 0 | DC79: 0 | DE79: 0 | DF79: =SUM(CH79,CJ79,CL79,CN79,CP79,CR79,CT79,CV79,CX79,CZ79,DB79,DD79) -> 0 | DG79: =DF79*$E79 -> 0 | DI79: 0 | DK79: =DJ79*$E79 -> 0 | EF79: =SUM(DH79,DJ79,DL79,DN79,DP79,DR79,DT79,DV79,DX79,DZ79,EB79,ED79) -> 0 | EG79: =SUM(DI79,DK79,DM79,DO79,DQ79,DS79,DU79,DW79,DY79,EA79,EC79,EE79) -> 0
A80: 64 | B80: Super Red | C80: ပုလင်း | D80: =RANK(DF80,$DF$4:$DF$144) -> 35 | E80: 0.64 | F80: 1 * 24 | I80: =H80*$E80 -> 0 | K80: =J80*$E80 -> 0 | M80: =L80*$E80 -> 0 | O80: =N80*$E80 -> 0 | Q80: =P80*$E80 -> 0 | S80: =R80*$E80 -> 0 | U80: =T80*$E80 -> 0 | W80: =V80*$E80 -> 0 | Y80: =X80*$E80 -> 0 | AA80: =Z80*$E80 -> 0 | AC80: =AB80*$E80 -> 0 | AE80: =AD80*$E80 -> 0 | AF80: =(AD80+AB80+Z80+X80+V80+T80+R80+P80+N80+L80+J80+H80)/1 -> 0 | AG80: =AF80*$E80 -> 0 | AI80: =AH80*$E80 -> 0 | AK80: =AJ80*$E80 -> 0 | AM80: =AL80*$E80 -> 0 | AO80: =AN80*$E80 -> 0 | AQ80: =AP80*$E80 -> 0 | AS80: =AR80*$E80 -> 0 | AU80: =AT80*$E80 -> 0 | AW80: =AV80*$E80 -> 0 | AY80: =AX80*$E80 -> 0 | BA80: =AZ80*$E80 -> 0 | BC80: =BB80*$E80 -> 0 | BE80: =BD80*$E80 -> 0 | BF80: =(BD80+BB80+AZ80+AX80+AV80+AT80+AR80+AP80+AN80+AL80+AJ80+AH80)/1 -> 0 | BG80: =BF80*$E80 -> 0 | BI80: =BH80*$E80 -> 0 | BK80: =BJ80*$E80 -> 0 | BM80: =BL80*$E80 -> 0 | BO80: =BN80*$E80 -> 0 | BQ80: =BP80*$E80 -> 0 | BS80: =BR80*$E80 -> 0 | BU80: =BT80*$E80 -> 0 | BW80: =BV80*$E80 -> 0 | BY80: =BX80*$E80 -> 0 | CA80: =BZ80*$E80 -> 0 | CC80: =CB80*$E80 -> 0 | CE80: =CD80*$E80 -> 0 | CF80: =(CD80+CB80+BZ80+BX80+BV80+BT80+BR80+BP80+BN80+BL80+BJ80+BH80)/1 -> 0 | CG80: =CF80*$E80 -> 0 | CI80: =CH80*$E80 -> 0 | CK80: =CJ80*$E80 -> 0 | CM80: =CL80*$E80 -> 0 | CO80: =CN80*$E80 -> 0 | CQ80: =CP80*$E80 -> 0 | CS80: =CR80*$E80 -> 0 | CU80: =CT80*$E80 -> 0 | CW80: =CV80*$E80 -> 0 | CY80: 0 | DA80: 0 | DC80: 0 | DE80: 0 | DF80: =SUM(CH80,CJ80,CL80,CN80,CP80,CR80,CT80,CV80,CX80,CZ80,DB80,DD80) -> 0 | DG80: =DF80*$E80 -> 0 | DI80: 0 | DK80: =DJ80*$E80 -> 0 | EF80: =SUM(DH80,DJ80,DL80,DN80,DP80,DR80,DT80,DV80,DX80,DZ80,EB80,ED80) -> 0 | EG80: =SUM(DI80,DK80,DM80,DO80,DQ80,DS80,DU80,DW80,DY80,EA80,EC80,EE80) -> 0
A81: 65 | B81: Super Red (ပု) | C81: ပုလင်း | D81: =RANK(DF81,$DF$4:$DF$144) -> 35 | E81: 0.64 | F81: 1 * 12 | I81: =H81*$E81 -> 0 | K81: =J81*$E81 -> 0 | M81: =L81*$E81 -> 0 | O81: =N81*$E81 -> 0 | Q81: =P81*$E81 -> 0 | S81: =R81*$E81 -> 0 | U81: =T81*$E81 -> 0 | W81: =V81*$E81 -> 0 | Y81: =X81*$E81 -> 0 | AA81: =Z81*$E81 -> 0 | AC81: =AB81*$E81 -> 0 | AE81: =AD81*$E81 -> 0 | AF81: =(AD81+AB81+Z81+X81+V81+T81+R81+P81+N81+L81+J81+H81)/1 -> 0 | AG81: =AF81*$E81 -> 0 | AI81: =AH81*$E81 -> 0 | AK81: =AJ81*$E81 -> 0 | AM81: =AL81*$E81 -> 0 | AO81: =AN81*$E81 -> 0 | AQ81: =AP81*$E81 -> 0 | AS81: =AR81*$E81 -> 0 | AU81: =AT81*$E81 -> 0 | AW81: =AV81*$E81 -> 0 | AY81: =AX81*$E81 -> 0 | BA81: =AZ81*$E81 -> 0 | BC81: =BB81*$E81 -> 0 | BE81: =BD81*$E81 -> 0 | BF81: =(BD81+BB81+AZ81+AX81+AV81+AT81+AR81+AP81+AN81+AL81+AJ81+AH81)/1 -> 0 | BG81: =BF81*$E81 -> 0 | BI81: =BH81*$E81 -> 0 | BK81: =BJ81*$E81 -> 0 | BM81: =BL81*$E81 -> 0 | BO81: =BN81*$E81 -> 0 | BQ81: =BP81*$E81 -> 0 | BS81: =BR81*$E81 -> 0 | BU81: =BT81*$E81 -> 0 | BW81: =BV81*$E81 -> 0 | BY81: =BX81*$E81 -> 0 | CA81: =BZ81*$E81 -> 0 | CC81: =CB81*$E81 -> 0 | CE81: =CD81*$E81 -> 0 | CF81: =(CD81+CB81+BZ81+BX81+BV81+BT81+BR81+BP81+BN81+BL81+BJ81+BH81)/1 -> 0 | CG81: =CF81*$E81 -> 0 | CI81: =CH81*$E81 -> 0 | CK81: =CJ81*$E81 -> 0 | CM81: =CL81*$E81 -> 0 | CO81: =CN81*$E81 -> 0 | CQ81: =CP81*$E81 -> 0 | CS81: =CR81*$E81 -> 0 | CU81: =CT81*$E81 -> 0 | CW81: =CV81*$E81 -> 0 | CY81: 0 | DA81: 0 | DC81: 0 | DE81: 0 | DF81: =SUM(CH81,CJ81,CL81,CN81,CP81,CR81,CT81,CV81,CX81,CZ81,DB81,DD81) -> 0 | DG81: =DF81*$E81 -> 0 | DI81: 0 | DK81: =DJ81*$E81 -> 0 | EF81: =SUM(DH81,DJ81,DL81,DN81,DP81,DR81,DT81,DV81,DX81,DZ81,EB81,ED81) -> 0 | EG81: =SUM(DI81,DK81,DM81,DO81,DQ81,DS81,DU81,DW81,DY81,EA81,EC81,EE81) -> 0
A82: 66 | B82: Super Liquor | C82: ပုလင်း | E82: 0.64 | F82: 1 * 14 | AF82: =(AD82+AB82+Z82+X82+V82+T82+R82+P82+N82+L82+J82+H82)/1 -> 0 | AG82: =AF82*$E82 -> 0 | BF82: =(BD82+BB82+AZ82+AX82+AV82+AT82+AR82+AP82+AN82+AL82+AJ82+AH82)/1 -> 0 | BG82: =BF82*$E82 -> 0 | CF82: =(CD82+CB82+BZ82+BX82+BV82+BT82+BR82+BP82+BN82+BL82+BJ82+BH82)/1 -> 0 | CG82: =CF82*$E82 -> 0 | CI82: =CH82*$E82 -> 0 | CK82: =CJ82*$E82 -> 0 | CM82: =CL82*$E82 -> 0 | CO82: =CN82*$E82 -> 0 | CQ82: =CP82*$E82 -> 0 | CS82: =CR82*$E82 -> 0 | CU82: =CT82*$E82 -> 0 | CW82: =CV82*$E82 -> 0 | CY82: 0 | DA82: 0 | DC82: 0 | DE82: 0 | DF82: =SUM(CH82,CJ82,CL82,CN82,CP82,CR82,CT82,CV82,CX82,CZ82,DB82,DD82) -> 0 | DG82: =DF82*$E82 -> 0 | DI82: 0 | DK82: =DJ82*$E82 -> 0 | EF82: =SUM(DH82,DJ82,DL82,DN82,DP82,DR82,DT82,DV82,DX82,DZ82,EB82,ED82) -> 0 | EG82: =SUM(DI82,DK82,DM82,DO82,DQ82,DS82,DU82,DW82,DY82,EA82,EC82,EE82) -> 0
A83: 67 | B83: Super Liquor | C83: ‌ကော်ဘူး | E83: 1 | F83: 1 * 12 | AF83: =(AD83+AB83+Z83+X83+V83+T83+R83+P83+N83+L83+J83+H83)/1 -> 0 | AG83: =AF83*$E83 -> 0 | BF83: =(BD83+BB83+AZ83+AX83+AV83+AT83+AR83+AP83+AN83+AL83+AJ83+AH83)/1 -> 0 | BG83: =BF83*$E83 -> 0 | CF83: =(CD83+CB83+BZ83+BX83+BV83+BT83+BR83+BP83+BN83+BL83+BJ83+BH83)/1 -> 0 | CG83: =CF83*$E83 -> 0 | CI83: =CH83*$E83 -> 0 | CK83: =CJ83*$E83 -> 0 | CM83: =CL83*$E83 -> 0 | CO83: =CN83*$E83 -> 0 | CQ83: =CP83*$E83 -> 0 | CS83: =CR83*$E83 -> 0 | CU83: =CT83*$E83 -> 0 | CW83: =CV83*$E83 -> 0 | CY83: 0 | DA83: 0 | DC83: 0 | DE83: 0 | DF83: =SUM(CH83,CJ83,CL83,CN83,CP83,CR83,CT83,CV83,CX83,CZ83,DB83,DD83) -> 0 | DG83: =DF83*$E83 -> 0 | DI83: 0 | DK83: =DJ83*$E83 -> 0 | EF83: =SUM(DH83,DJ83,DL83,DN83,DP83,DR83,DT83,DV83,DX83,DZ83,EB83,ED83) -> 0 | EG83: =SUM(DI83,DK83,DM83,DO83,DQ83,DS83,DU83,DW83,DY83,EA83,EC83,EE83) -> 0
A84: 68 | B84: Super Vodka (1 Liter) - 38% | C84: ‌ကော်ဘူး | D84: =RANK(DF84,$DF$4:$DF$144) -> 35 | E84: 1 | F84: 1 * 12 | I84: =H84*$E84 -> 0 | K84: =J84*$E84 -> 0 | M84: =L84*$E84 -> 0 | O84: =N84*$E84 -> 0 | Q84: =P84*$E84 -> 0 | S84: =R84*$E84 -> 0 | U84: =T84*$E84 -> 0 | W84: =V84*$E84 -> 0 | Y84: =X84*$E84 -> 0 | AA84: =Z84*$E84 -> 0 | AC84: =AB84*$E84 -> 0 | AE84: =AD84*$E84 -> 0 | AF84: =(AD84+AB84+Z84+X84+V84+T84+R84+P84+N84+L84+J84+H84)/1 -> 0 | AG84: =AF84*$E84 -> 0 | AI84: =AH84*$E84 -> 0 | AK84: =AJ84*$E84 -> 0 | AM84: =AL84*$E84 -> 0 | AO84: =AN84*$E84 -> 0 | AQ84: =AP84*$E84 -> 0 | AS84: =AR84*$E84 -> 0 | AU84: =AT84*$E84 -> 0 | AW84: =AV84*$E84 -> 0 | AY84: =AX84*$E84 -> 0 | BA84: =AZ84*$E84 -> 0 | BC84: =BB84*$E84 -> 0 | BE84: =BD84*$E84 -> 0 | BF84: =(BD84+BB84+AZ84+AX84+AV84+AT84+AR84+AP84+AN84+AL84+AJ84+AH84)/1 -> 0 | BG84: =BF84*$E84 -> 0 | BI84: =BH84*$E84 -> 0 | BK84: =BJ84*$E84 -> 0 | BM84: =BL84*$E84 -> 0 | BO84: =BN84*$E84 -> 0 | BQ84: =BP84*$E84 -> 0 | BS84: =BR84*$E84 -> 0 | BU84: =BT84*$E84 -> 0 | BW84: =BV84*$E84 -> 0 | BY84: =BX84*$E84 -> 0 | CA84: =BZ84*$E84 -> 0 | CC84: =CB84*$E84 -> 0 | CE84: =CD84*$E84 -> 0 | CF84: =(CD84+CB84+BZ84+BX84+BV84+BT84+BR84+BP84+BN84+BL84+BJ84+BH84)/1 -> 0 | CG84: =CF84*$E84 -> 0 | CI84: =CH84*$E84 -> 0 | CK84: =CJ84*$E84 -> 0 | CM84: =CL84*$E84 -> 0 | CO84: =CN84*$E84 -> 0 | CQ84: =CP84*$E84 -> 0 | CS84: =CR84*$E84 -> 0 | CU84: =CT84*$E84 -> 0 | CW84: =CV84*$E84 -> 0 | CY84: 0 | DA84: 0 | DC84: 0 | DE84: 0 | DF84: =SUM(CH84,CJ84,CL84,CN84,CP84,CR84,CT84,CV84,CX84,CZ84,DB84,DD84) -> 0 | DG84: =DF84*$E84 -> 0 | DI84: 0 | DK84: =DJ84*$E84 -> 0 | EF84: =SUM(DH84,DJ84,DL84,DN84,DP84,DR84,DT84,DV84,DX84,DZ84,EB84,ED84) -> 0 | EG84: =SUM(DI84,DK84,DM84,DO84,DQ84,DS84,DU84,DW84,DY84,EA84,EC84,EE84) -> 0
I85: =H85*$E85 -> 0 | K85: =J85*$E85 -> 0 | M85: =L85*$E85 -> 0 | O85: =N85*$E85 -> 0 | Q85: =P85*$E85 -> 0 | S85: =R85*$E85 -> 0 | U85: =T85*$E85 -> 0 | W85: =V85*$E85 -> 0 | Y85: =X85*$E85 -> 0 | AA85: =Z85*$E85 -> 0 | AC85: =AB85*$E85 -> 0 | AE85: =AD85*$E85 -> 0 | AF85: =(AD85+AB85+Z85+X85+V85+T85+R85+P85+N85+L85+J85+H85)/1 -> 0 | AG85: =AF85*$E85 -> 0 | AI85: =AH85*$E85 -> 0 | AK85: =AJ85*$E85 -> 0 | AM85: =AL85*$E85 -> 0 | AO85: =AN85*$E85 -> 0 | AQ85: =AP85*$E85 -> 0 | AS85: =AR85*$E85 -> 0 | AU85: =AT85*$E85 -> 0 | AW85: =AV85*$E85 -> 0 | AY85: =AX85*$E85 -> 0 | BA85: =AZ85*$E85 -> 0 | BC85: =BB85*$E85 -> 0 | BE85: =BD85*$E85 -> 0 | BF85: =(BD85+BB85+AZ85+AX85+AV85+AT85+AR85+AP85+AN85+AL85+AJ85+AH85)/1 -> 0 | BG85: =BF85*$E85 -> 0 | BI85: =BH85*$E85 -> 0 | BK85: =BJ85*$E85 -> 0 | BM85: =BL85*$E85 -> 0 | BO85: =BN85*$E85 -> 0 | BQ85: =BP85*$E85 -> 0 | BS85: =BR85*$E85 -> 0 | BU85: =BT85*$E85 -> 0 | BW85: =BV85*$E85 -> 0 | BY85: =BX85*$E85 -> 0 | CA85: =BZ85*$E85 -> 0 | CC85: =CB85*$E85 -> 0 | CE85: =CD85*$E85 -> 0 | CF85: =(CD85+CB85+BZ85+BX85+BV85+BT85+BR85+BP85+BN85+BL85+BJ85+BH85)/1 -> 0 | CG85: =CF85*$E85 -> 0 | CI85: =CH85*$E85 -> 0 | CK85: =CJ85*$E85 -> 0 | CM85: =CL85*$E85 -> 0 | CO85: =CN85*$E85 -> 0 | CQ85: =CP85*$E85 -> 0 | CS85: =CR85*$E85 -> 0 | CU85: =CT85*$E85 -> 0 | CW85: =CV85*$E85 -> 0 | CY85: 0 | DA85: 0 | DC85: 0 | DE85: 0 | DF85: =SUM(CH85,CJ85,CL85,CN85,CP85,CR85,CT85,CV85,CX85,CZ85,DB85,DD85) -> 0 | DG85: =DF85*$E85 -> 0 | DI85: 0 | DK85: =DJ85*$E85 -> 0 | EF85: =SUM(DH85,DJ85,DL85,DN85,DP85,DR85,DT85,DV85,DX85,DZ85,EB85,ED85) -> 0 | EG85: =SUM(DI85,DK85,DM85,DO85,DQ85,DS85,DU85,DW85,DY85,EA85,EC85,EE85) -> 0
A86: 69 | B86: ချယ်ရီ (Special)(1 Liter)မြန်မာ | C86: ‌ကော်ဘူး | D86: =RANK(DF86,$DF$4:$DF$144) -> 35 | E86: 1 | F86: 1 * 24 | I86: =H86*$E86 -> 0 | K86: =J86*$E86 -> 0 | M86: =L86*$E86 -> 0 | O86: =N86*$E86 -> 0 | Q86: =P86*$E86 -> 0 | S86: =R86*$E86 -> 0 | U86: =T86*$E86 -> 0 | W86: =V86*$E86 -> 0 | Y86: =X86*$E86 -> 0 | AA86: =Z86*$E86 -> 0 | AC86: =AB86*$E86 -> 0 | AE86: =AD86*$E86 -> 0 | AF86: =(AD86+AB86+Z86+X86+V86+T86+R86+P86+N86+L86+J86+H86)/1 -> 0 | AG86: =AF86*$E86 -> 0 | AI86: =AH86*$E86 -> 0 | AK86: =AJ86*$E86 -> 0 | AM86: =AL86*$E86 -> 0 | AO86: =AN86*$E86 -> 0 | AQ86: =AP86*$E86 -> 0 | AS86: =AR86*$E86 -> 0 | AU86: =AT86*$E86 -> 0 | AW86: =AV86*$E86 -> 0 | AY86: =AX86*$E86 -> 0 | BA86: =AZ86*$E86 -> 0 | BC86: =BB86*$E86 -> 0 | BE86: =BD86*$E86 -> 0 | BF86: =(BD86+BB86+AZ86+AX86+AV86+AT86+AR86+AP86+AN86+AL86+AJ86+AH86)/1 -> 0 | BG86: =BF86*$E86 -> 0 | BI86: =BH86*$E86 -> 0 | BK86: =BJ86*$E86 -> 0 | BM86: =BL86*$E86 -> 0 | BO86: =BN86*$E86 -> 0 | BQ86: =BP86*$E86 -> 0 | BS86: =BR86*$E86 -> 0 | BU86: =BT86*$E86 -> 0 | BW86: =BV86*$E86 -> 0 | BY86: =BX86*$E86 -> 0 | CA86: =BZ86*$E86 -> 0 | CC86: =CB86*$E86 -> 0 | CE86: =CD86*$E86 -> 0 | CF86: =(CD86+CB86+BZ86+BX86+BV86+BT86+BR86+BP86+BN86+BL86+BJ86+BH86)/1 -> 0 | CG86: =CF86*$E86 -> 0 | CI86: =CH86*$E86 -> 0 | CK86: =CJ86*$E86 -> 0 | CM86: =CL86*$E86 -> 0 | CO86: =CN86*$E86 -> 0 | CQ86: =CP86*$E86 -> 0 | CS86: =CR86*$E86 -> 0 | CU86: =CT86*$E86 -> 0 | CW86: =CV86*$E86 -> 0 | CY86: 0 | DA86: 0 | DC86: 0 | DE86: 0 | DF86: =SUM(CH86,CJ86,CL86,CN86,CP86,CR86,CT86,CV86,CX86,CZ86,DB86,DD86) -> 0 | DG86: =DF86*$E86 -> 0 | DI86: 0 | DK86: =DJ86*$E86 -> 0 | EF86: =SUM(DH86,DJ86,DL86,DN86,DP86,DR86,DT86,DV86,DX86,DZ86,EB86,ED86) -> 0 | EG86: =SUM(DI86,DK86,DM86,DO86,DQ86,DS86,DU86,DW86,DY86,EA86,EC86,EE86) -> 0
A87: 70 | B87: ချယ်ရီ (Special)(1 Liter)Eng | C87: ‌ကော်ဘူး | D87: =RANK(DF87,$DF$4:$DF$144) -> 35 | E87: 1 | F87: 1 * 24 | I87: =H87*$E87 -> 0 | K87: =J87*$E87 -> 0 | M87: =L87*$E87 -> 0 | O87: =N87*$E87 -> 0 | Q87: =P87*$E87 -> 0 | S87: =R87*$E87 -> 0 | U87: =T87*$E87 -> 0 | W87: =V87*$E87 -> 0 | Y87: =X87*$E87 -> 0 | AA87: =Z87*$E87 -> 0 | AC87: =AB87*$E87 -> 0 | AE87: =AD87*$E87 -> 0 | AF87: =(AD87+AB87+Z87+X87+V87+T87+R87+P87+N87+L87+J87+H87)/1 -> 0 | AG87: =AF87*$E87 -> 0 | AI87: =AH87*$E87 -> 0 | AK87: =AJ87*$E87 -> 0 | AM87: =AL87*$E87 -> 0 | AO87: =AN87*$E87 -> 0 | AQ87: =AP87*$E87 -> 0 | AS87: =AR87*$E87 -> 0 | AU87: =AT87*$E87 -> 0 | AW87: =AV87*$E87 -> 0 | AY87: =AX87*$E87 -> 0 | BA87: =AZ87*$E87 -> 0 | BC87: =BB87*$E87 -> 0 | BE87: =BD87*$E87 -> 0 | BF87: =(BD87+BB87+AZ87+AX87+AV87+AT87+AR87+AP87+AN87+AL87+AJ87+AH87)/1 -> 0 | BG87: =BF87*$E87 -> 0 | BI87: =BH87*$E87 -> 0 | BK87: =BJ87*$E87 -> 0 | BM87: =BL87*$E87 -> 0 | BO87: =BN87*$E87 -> 0 | BQ87: =BP87*$E87 -> 0 | BS87: =BR87*$E87 -> 0 | BU87: =BT87*$E87 -> 0 | BW87: =BV87*$E87 -> 0 | BY87: =BX87*$E87 -> 0 | CA87: =BZ87*$E87 -> 0 | CC87: =CB87*$E87 -> 0 | CE87: =CD87*$E87 -> 0 | CF87: =(CD87+CB87+BZ87+BX87+BV87+BT87+BR87+BP87+BN87+BL87+BJ87+BH87)/1 -> 0 | CG87: =CF87*$E87 -> 0 | CI87: =CH87*$E87 -> 0 | CK87: =CJ87*$E87 -> 0 | CM87: =CL87*$E87 -> 0 | CO87: =CN87*$E87 -> 0 | CQ87: =CP87*$E87 -> 0 | CS87: =CR87*$E87 -> 0 | CU87: =CT87*$E87 -> 0 | CW87: =CV87*$E87 -> 0 | CY87: 0 | DA87: 0 | DC87: 0 | DE87: 0 | DF87: =SUM(CH87,CJ87,CL87,CN87,CP87,CR87,CT87,CV87,CX87,CZ87,DB87,DD87) -> 0 | DG87: =DF87*$E87 -> 0 | DI87: 0 | DK87: =DJ87*$E87 -> 0 | EF87: =SUM(DH87,DJ87,DL87,DN87,DP87,DR87,DT87,DV87,DX87,DZ87,EB87,ED87) -> 0 | EG87: =SUM(DI87,DK87,DM87,DO87,DQ87,DS87,DU87,DW87,DY87,EA87,EC87,EE87) -> 0
A88: 71 | B88: ချယ်ရီအရက်သန့်(1 Liter) | C88: ‌ကော်ဘူး | D88: =RANK(DF88,$DF$4:$DF$144) -> 35 | E88: 1 | F88: 1 * 12 | I88: =H88*$E88 -> 0 | K88: =J88*$E88 -> 0 | M88: =L88*$E88 -> 0 | O88: =N88*$E88 -> 0 | Q88: =P88*$E88 -> 0 | S88: =R88*$E88 -> 0 | U88: =T88*$E88 -> 0 | W88: =V88*$E88 -> 0 | Y88: =X88*$E88 -> 0 | AA88: =Z88*$E88 -> 0 | AC88: =AB88*$E88 -> 0 | AE88: =AD88*$E88 -> 0 | AF88: =(AD88+AB88+Z88+X88+V88+T88+R88+P88+N88+L88+J88+H88)/1 -> 0 | AG88: =AF88*$E88 -> 0 | AI88: =AH88*$E88 -> 0 | AK88: =AJ88*$E88 -> 0 | AM88: =AL88*$E88 -> 0 | AO88: =AN88*$E88 -> 0 | AQ88: =AP88*$E88 -> 0 | AS88: =AR88*$E88 -> 0 | AU88: =AT88*$E88 -> 0 | AW88: =AV88*$E88 -> 0 | AY88: =AX88*$E88 -> 0 | BA88: =AZ88*$E88 -> 0 | BC88: =BB88*$E88 -> 0 | BE88: =BD88*$E88 -> 0 | BF88: =(BD88+BB88+AZ88+AX88+AV88+AT88+AR88+AP88+AN88+AL88+AJ88+AH88)/1 -> 0 | BG88: =BF88*$E88 -> 0 | BI88: =BH88*$E88 -> 0 | BK88: =BJ88*$E88 -> 0 | BM88: =BL88*$E88 -> 0 | BO88: =BN88*$E88 -> 0 | BQ88: =BP88*$E88 -> 0 | BS88: =BR88*$E88 -> 0 | BU88: =BT88*$E88 -> 0 | BW88: =BV88*$E88 -> 0 | BY88: =BX88*$E88 -> 0 | CA88: =BZ88*$E88 -> 0 | CC88: =CB88*$E88 -> 0 | CE88: =CD88*$E88 -> 0 | CF88: =(CD88+CB88+BZ88+BX88+BV88+BT88+BR88+BP88+BN88+BL88+BJ88+BH88)/1 -> 0 | CG88: =CF88*$E88 -> 0 | CI88: =CH88*$E88 -> 0 | CK88: =CJ88*$E88 -> 0 | CM88: =CL88*$E88 -> 0 | CO88: =CN88*$E88 -> 0 | CQ88: =CP88*$E88 -> 0 | CS88: =CR88*$E88 -> 0 | CU88: =CT88*$E88 -> 0 | CW88: =CV88*$E88 -> 0 | CY88: 0 | DA88: 0 | DC88: 0 | DE88: 0 | DF88: =SUM(CH88,CJ88,CL88,CN88,CP88,CR88,CT88,CV88,CX88,CZ88,DB88,DD88) -> 0 | DG88: =DF88*$E88 -> 0 | DI88: 0 | DK88: =DJ88*$E88 -> 0 | EF88: =SUM(DH88,DJ88,DL88,DN88,DP88,DR88,DT88,DV88,DX88,DZ88,EB88,ED88) -> 0 | EG88: =SUM(DI88,DK88,DM88,DO88,DQ88,DS88,DU88,DW88,DY88,EA88,EC88,EE88) -> 0
A89: 72 | B89: ချယ်ရီကော်ဘူး(0.6 Liter) | C89: ‌ကော်ဘူး | D89: =RANK(DF89,$DF$4:$DF$144) -> 9 | E89: 0.6 | F89: 1 * 24 | G89: 900 | I89: =H89*$E89 -> 0 | K89: =J89*$E89 -> 0 | M89: =L89*$E89 -> 0 | O89: =N89*$E89 -> 0 | Q89: =P89*$E89 -> 0 | S89: =R89*$E89 -> 0 | U89: =T89*$E89 -> 0 | W89: =V89*$E89 -> 0 | Y89: =X89*$E89 -> 0 | AA89: =Z89*$E89 -> 0 | AC89: =AB89*$E89 -> 0 | AE89: =AD89*$E89 -> 0 | AF89: =(AD89+AB89+Z89+X89+V89+T89+R89+P89+N89+L89+J89+H89)/1 -> 0 | AG89: =AF89*$E89 -> 0 | AI89: =AH89*$E89 -> 0 | AK89: =AJ89*$E89 -> 0 | AM89: =AL89*$E89 -> 0 | AO89: =AN89*$E89 -> 0 | AQ89: =AP89*$E89 -> 0 | AS89: =AR89*$E89 -> 0 | AU89: =AT89*$E89 -> 0 | AW89: =AV89*$E89 -> 0 | AY89: =AX89*$E89 -> 0 | BA89: =AZ89*$E89 -> 0 | BC89: =BB89*$E89 -> 0 | BE89: =BD89*$E89 -> 0 | BF89: =(BD89+BB89+AZ89+AX89+AV89+AT89+AR89+AP89+AN89+AL89+AJ89+AH89)/1 -> 0 | BG89: =BF89*$E89 -> 0 | BI89: =BH89*$E89 -> 0 | BK89: =BJ89*$E89 -> 0 | BM89: =BL89*$E89 -> 0 | BO89: =BN89*$E89 -> 0 | BP89: 12608 | BQ89: =BP89*$E89 -> 7564.8 | BR89: 6380 | BS89: =BR89*$E89 -> 3828 | BT89: 18960 | BU89: =BT89*$E89 -> 11376 | BV89: 12922 | BW89: =BV89*$E89 -> 7753.2 | BX89: 27118 | BY89: =BX89*$E89 -> 16270.8 | BZ89: 29069 | CA89: =BZ89*$E89 -> 17441.4 | CB89: 28498 | CC89: =CB89*$E89 -> 17098.8 | CD89: 30810 | CE89: =CD89*$E89 -> 18486 | CF89: =(CD89+CB89+BZ89+BX89+BV89+BT89+BR89+BP89+BN89+BL89+BJ89+BH89)/1 -> 166365 | CG89: =CF89*$E89 -> 99819 | CH89: 42798 | CI89: =CH89*$E89 -> 25678.8 | CJ89: 32991 | CK89: =CJ89*$E89 -> 19794.6 | CL89: 26400 | CM89: =CL89*$E89 -> 15840 | CN89: 39264 | CO89: =CN89*$E89 -> 23558.4 | CP89: 37848 | CQ89: =CP89*$E89 -> 22708.8 | CR89: 38424 | CS89: =CR89*$E89 -> 23054.4 | CT89: 33432 | CU89: =CT89*$E89 -> 20059.2 | CV89: 38659 | CW89: =CV89*$E89 -> 23195.4 | CX89: 34248 | CY89: 20548.8 | CZ89: 38904 | DA89: 23342.4 | DB89: 46128 | DC89: 27676.8 | DD89: 56712 | DE89: 34027.2 | DF89: =SUM(CH89,CJ89,CL89,CN89,CP89,CR89,CT89,CV89,CX89,CZ89,DB89,DD89) -> 465808 | DG89: =DF89*$E89 -> 279484.8 | DH89: 27240 | DI89: 16344 | DJ89: 32650 | DK89: =DJ89*$E89 -> 19590 | EF89: =SUM(DH89,DJ89,DL89,DN89,DP89,DR89,DT89,DV89,DX89,DZ89,EB89,ED89) -> 59890 | EG89: =SUM(DI89,DK89,DM89,DO89,DQ89,DS89,DU89,DW89,DY89,EA89,EC89,EE89) -> 35934
A90: 73 | B90: ချယ်ရီအရက်သန့် | C90: ပုလင်း | D90: =RANK(DF90,$DF$4:$DF$144) -> 26 | E90: 0.64 | F90: 1 * 14 | G90: 1200 | I90: =H90*$E90 -> 0 | K90: =J90*$E90 -> 0 | M90: =L90*$E90 -> 0 | O90: =N90*$E90 -> 0 | Q90: =P90*$E90 -> 0 | S90: =R90*$E90 -> 0 | U90: =T90*$E90 -> 0 | W90: =V90*$E90 -> 0 | Y90: =X90*$E90 -> 0 | AA90: =Z90*$E90 -> 0 | AC90: =AB90*$E90 -> 0 | AE90: =AD90*$E90 -> 0 | AF90: =(AD90+AB90+Z90+X90+V90+T90+R90+P90+N90+L90+J90+H90)/1 -> 0 | AG90: =AF90*$E90 -> 0 | AI90: =AH90*$E90 -> 0 | AK90: =AJ90*$E90 -> 0 | AM90: =AL90*$E90 -> 0 | AO90: =AN90*$E90 -> 0 | AQ90: =AP90*$E90 -> 0 | AS90: =AR90*$E90 -> 0 | AU90: =AT90*$E90 -> 0 | AW90: =AV90*$E90 -> 0 | AY90: =AX90*$E90 -> 0 | BA90: =AZ90*$E90 -> 0 | BC90: =BB90*$E90 -> 0 | BE90: =BD90*$E90 -> 0 | BF90: =(BD90+BB90+AZ90+AX90+AV90+AT90+AR90+AP90+AN90+AL90+AJ90+AH90)/1 -> 0 | BG90: =BF90*$E90 -> 0 | BI90: =BH90*$E90 -> 0 | BK90: =BJ90*$E90 -> 0 | BL90: 5419 | BM90: =BL90*$E90 -> 3468.16 | BN90: 840 | BO90: =BN90*$E90 -> 537.6 | BP90: 2533 | BQ90: =BP90*$E90 -> 1621.12 | BR90: 2394 | BS90: =BR90*$E90 -> 1532.16 | BT90: 623 | BU90: =BT90*$E90 -> 398.72 | BV90: 504 | BW90: =BV90*$E90 -> 322.56 | BX90: 322 | BY90: =BX90*$E90 -> 206.08 | BZ90: 373 | CA90: =BZ90*$E90 -> 238.72 | CB90: 1512 | CC90: =CB90*$E90 -> 967.68 | CD90: 168 | CE90: =CD90*$E90 -> 107.52 | CF90: =(CD90+CB90+BZ90+BX90+BV90+BT90+BR90+BP90+BN90+BL90+BJ90+BH90)/1 -> 14688 | CG90: =CF90*$E90 -> 9400.32 | CH90: 98 | CI90: =CH90*$E90 -> 62.72 | CJ90: 2380 | CK90: =CJ90*$E90 -> 1523.2 | CM90: =CL90*$E90 -> 0 | CO90: =CN90*$E90 -> 0 | CQ90: =CP90*$E90 -> 0 | CS90: =CR90*$E90 -> 0 | CT90: 700 | CU90: =CT90*$E90 -> 448 | CW90: =CV90*$E90 -> 0 | CX90: 700 | CY90: 448 | CZ90: 420 | DA90: 268.8 | DB90: 70 | DC90: 44.8 | DD90: 700 | DE90: 448 | DF90: =SUM(CH90,CJ90,CL90,CN90,CP90,CR90,CT90,CV90,CX90,CZ90,DB90,DD90) -> 5068 | DG90: =DF90*$E90 -> 3243.52 | DI90: 0 | DJ90: 420 | DK90: =DJ90*$E90 -> 268.8 | EF90: =SUM(DH90,DJ90,DL90,DN90,DP90,DR90,DT90,DV90,DX90,DZ90,EB90,ED90) -> 420 | EG90: =SUM(DI90,DK90,DM90,DO90,DQ90,DS90,DU90,DW90,DY90,EA90,EC90,EE90) -> 268.8
I91: =H91*$E91 -> 0 | K91: =J91*$E91 -> 0 | M91: =L91*$E91 -> 0 | O91: =N91*$E91 -> 0 | Q91: =P91*$E91 -> 0 | S91: =R91*$E91 -> 0 | U91: =T91*$E91 -> 0 | W91: =V91*$E91 -> 0 | Y91: =X91*$E91 -> 0 | AA91: =Z91*$E91 -> 0 | AC91: =AB91*$E91 -> 0 | AE91: =AD91*$E91 -> 0 | AF91: =(AD91+AB91+Z91+X91+V91+T91+R91+P91+N91+L91+J91+H91)/1 -> 0 | AG91: =AF91*$E91 -> 0 | AI91: =AH91*$E91 -> 0 | AK91: =AJ91*$E91 -> 0 | AM91: =AL91*$E91 -> 0 | AO91: =AN91*$E91 -> 0 | AQ91: =AP91*$E91 -> 0 | AS91: =AR91*$E91 -> 0 | AU91: =AT91*$E91 -> 0 | AW91: =AV91*$E91 -> 0 | AY91: =AX91*$E91 -> 0 | BA91: =AZ91*$E91 -> 0 | BC91: =BB91*$E91 -> 0 | BE91: =BD91*$E91 -> 0 | BF91: =(BD91+BB91+AZ91+AX91+AV91+AT91+AR91+AP91+AN91+AL91+AJ91+AH91)/1 -> 0 | BG91: =BF91*$E91 -> 0 | BI91: =BH91*$E91 -> 0 | BK91: =BJ91*$E91 -> 0 | BM91: =BL91*$E91 -> 0 | BO91: =BN91*$E91 -> 0 | BQ91: =BP91*$E91 -> 0 | BS91: =BR91*$E91 -> 0 | BU91: =BT91*$E91 -> 0 | BW91: =BV91*$E91 -> 0 | BY91: =BX91*$E91 -> 0 | CA91: =BZ91*$E91 -> 0 | CC91: =CB91*$E91 -> 0 | CE91: =CD91*$E91 -> 0 | CF91: =(CD91+CB91+BZ91+BX91+BV91+BT91+BR91+BP91+BN91+BL91+BJ91+BH91)/1 -> 0 | CG91: =CF91*$E91 -> 0 | CI91: =CH91*$E91 -> 0 | CK91: =CJ91*$E91 -> 0 | CM91: =CL91*$E91 -> 0 | CO91: =CN91*$E91 -> 0 | CQ91: =CP91*$E91 -> 0 | CS91: =CR91*$E91 -> 0 | CU91: =CT91*$E91 -> 0 | CW91: =CV91*$E91 -> 0 | CY91: 0 | DA91: 0 | DC91: 0 | DE91: 0 | DF91: =SUM(CH91,CJ91,CL91,CN91,CP91,CR91,CT91,CV91,CX91,CZ91,DB91,DD91) -> 0 | DG91: =DF91*$E91 -> 0 | DI91: 0 | DK91: =DJ91*$E91 -> 0 | EF91: =SUM(DH91,DJ91,DL91,DN91,DP91,DR91,DT91,DV91,DX91,DZ91,EB91,ED91) -> 0 | EG91: =SUM(DI91,DK91,DM91,DO91,DQ91,DS91,DU91,DW91,DY91,EA91,EC91,EE91) -> 0
A92: 74 | B92: ချယ်ရီသံပုရာ (1 Liter ) | C92: ‌ကော်ဘူး | D92: =RANK(DF92,$DF$4:$DF$144) -> 35 | E92: 1 | F92: 1 * 24 | I92: =H92*$E92 -> 0 | K92: =J92*$E92 -> 0 | M92: =L92*$E92 -> 0 | O92: =N92*$E92 -> 0 | Q92: =P92*$E92 -> 0 | S92: =R92*$E92 -> 0 | U92: =T92*$E92 -> 0 | W92: =V92*$E92 -> 0 | Y92: =X92*$E92 -> 0 | AA92: =Z92*$E92 -> 0 | AC92: =AB92*$E92 -> 0 | AE92: =AD92*$E92 -> 0 | AF92: =(AD92+AB92+Z92+X92+V92+T92+R92+P92+N92+L92+J92+H92)/1 -> 0 | AG92: =AF92*$E92 -> 0 | AI92: =AH92*$E92 -> 0 | AK92: =AJ92*$E92 -> 0 | AM92: =AL92*$E92 -> 0 | AO92: =AN92*$E92 -> 0 | AQ92: =AP92*$E92 -> 0 | AS92: =AR92*$E92 -> 0 | AU92: =AT92*$E92 -> 0 | AW92: =AV92*$E92 -> 0 | AY92: =AX92*$E92 -> 0 | BA92: =AZ92*$E92 -> 0 | BC92: =BB92*$E92 -> 0 | BE92: =BD92*$E92 -> 0 | BF92: =(BD92+BB92+AZ92+AX92+AV92+AT92+AR92+AP92+AN92+AL92+AJ92+AH92)/1 -> 0 | BG92: =BF92*$E92 -> 0 | BI92: =BH92*$E92 -> 0 | BK92: =BJ92*$E92 -> 0 | BM92: =BL92*$E92 -> 0 | BO92: =BN92*$E92 -> 0 | BQ92: =BP92*$E92 -> 0 | BS92: =BR92*$E92 -> 0 | BU92: =BT92*$E92 -> 0 | BW92: =BV92*$E92 -> 0 | BY92: =BX92*$E92 -> 0 | CA92: =BZ92*$E92 -> 0 | CC92: =CB92*$E92 -> 0 | CE92: =CD92*$E92 -> 0 | CF92: =(CD92+CB92+BZ92+BX92+BV92+BT92+BR92+BP92+BN92+BL92+BJ92+BH92)/1 -> 0 | CG92: =CF92*$E92 -> 0 | CI92: =CH92*$E92 -> 0 | CK92: =CJ92*$E92 -> 0 | CM92: =CL92*$E92 -> 0 | CO92: =CN92*$E92 -> 0 | CQ92: =CP92*$E92 -> 0 | CS92: =CR92*$E92 -> 0 | CU92: =CT92*$E92 -> 0 | CW92: =CV92*$E92 -> 0 | CY92: 0 | DA92: 0 | DC92: 0 | DE92: 0 | DF92: =SUM(CH92,CJ92,CL92,CN92,CP92,CR92,CT92,CV92,CX92,CZ92,DB92,DD92) -> 0 | DG92: =DF92*$E92 -> 0 | DI92: 0 | DK92: =DJ92*$E92 -> 0 | EF92: =SUM(DH92,DJ92,DL92,DN92,DP92,DR92,DT92,DV92,DX92,DZ92,EB92,ED92) -> 0 | EG92: =SUM(DI92,DK92,DM92,DO92,DQ92,DS92,DU92,DW92,DY92,EA92,EC92,EE92) -> 0
A93: 75 | B93: ချယ်ရီသံပုရာ (1 Liter ) | C93: ‌ကော်ဘူး | D93: =RANK(DF93,$DF$4:$DF$144) -> 12 | E93: 1 | F93: 1 * 12 | G93: 1220 | I93: =H93*$E93 -> 0 | K93: =J93*$E93 -> 0 | M93: =L93*$E93 -> 0 | O93: =N93*$E93 -> 0 | Q93: =P93*$E93 -> 0 | S93: =R93*$E93 -> 0 | U93: =T93*$E93 -> 0 | W93: =V93*$E93 -> 0 | Y93: =X93*$E93 -> 0 | AA93: =Z93*$E93 -> 0 | AC93: =AB93*$E93 -> 0 | AE93: =AD93*$E93 -> 0 | AF93: =(AD93+AB93+Z93+X93+V93+T93+R93+P93+N93+L93+J93+H93)/1 -> 0 | AG93: =AF93*$E93 -> 0 | AI93: =AH93*$E93 -> 0 | AK93: =AJ93*$E93 -> 0 | AM93: =AL93*$E93 -> 0 | AO93: =AN93*$E93 -> 0 | AQ93: =AP93*$E93 -> 0 | AS93: =AR93*$E93 -> 0 | AU93: =AT93*$E93 -> 0 | AW93: =AV93*$E93 -> 0 | AY93: =AX93*$E93 -> 0 | BA93: =AZ93*$E93 -> 0 | BC93: =BB93*$E93 -> 0 | BE93: =BD93*$E93 -> 0 | BF93: =(BD93+BB93+AZ93+AX93+AV93+AT93+AR93+AP93+AN93+AL93+AJ93+AH93)/1 -> 0 | BG93: =BF93*$E93 -> 0 | BI93: =BH93*$E93 -> 0 | BK93: =BJ93*$E93 -> 0 | BM93: =BL93*$E93 -> 0 | BO93: =BN93*$E93 -> 0 | BQ93: =BP93*$E93 -> 0 | BS93: =BR93*$E93 -> 0 | BU93: =BT93*$E93 -> 0 | BW93: =BV93*$E93 -> 0 | BX93: 1800 | BY93: =BX93*$E93 -> 1800 | BZ93: 1225 | CA93: =BZ93*$E93 -> 1225 | CB93: 2352 | CC93: =CB93*$E93 -> 2352 | CD93: 3829 | CE93: =CD93*$E93 -> 3829 | CF93: =(CD93+CB93+BZ93+BX93+BV93+BT93+BR93+BP93+BN93+BL93+BJ93+BH93)/1 -> 9206 | CG93: =CF93*$E93 -> 9206 | CH93: 8591 | CI93: =CH93*$E93 -> 8591 | CJ93: 7187 | CK93: =CJ93*$E93 -> 7187 | CL93: 4257 | CM93: =CL93*$E93 -> 4257 | CN93: 4920 | CO93: =CN93*$E93 -> 4920 | CP93: 7955 | CQ93: =CP93*$E93 -> 7955 | CR93: 4860 | CS93: =CR93*$E93 -> 4860 | CT93: 13137 | CU93: =CT93*$E93 -> 13137 | CV93: 8892 | CW93: =CV93*$E93 -> 8892 | CX93: 27768 | CY93: 27768 | CZ93: 12502 | DA93: 12502 | DB93: 30048 | DC93: 30048 | DD93: 20220 | DE93: 20220 | DF93: =SUM(CH93,CJ93,CL93,CN93,CP93,CR93,CT93,CV93,CX93,CZ93,DB93,DD93) -> 150337 | DG93: =DF93*$E93 -> 150337 | DH93: 11274 | DI93: 11274 | DJ93: 12354 | DK93: =DJ93*$E93 -> 12354 | EF93: =SUM(DH93,DJ93,DL93,DN93,DP93,DR93,DT93,DV93,DX93,DZ93,EB93,ED93) -> 23628 | EG93: =SUM(DI93,DK93,DM93,DO93,DQ93,DS93,DU93,DW93,DY93,EA93,EC93,EE93) -> 23628
A94: 76 | B94: ချယ်ရီသံပုရာ (0.6 Liter ) | C94: ‌ကော်ဘူး | D94: =RANK(DF94,$DF$4:$DF$144) -> 21 | E94: 0.6 | F94: 1 * 24 | G94: 915 | I94: =H94*$E94 -> 0 | K94: =J94*$E94 -> 0 | M94: =L94*$E94 -> 0 | O94: =N94*$E94 -> 0 | Q94: =P94*$E94 -> 0 | S94: =R94*$E94 -> 0 | U94: =T94*$E94 -> 0 | W94: =V94*$E94 -> 0 | Y94: =X94*$E94 -> 0 | AA94: =Z94*$E94 -> 0 | AC94: =AB94*$E94 -> 0 | AE94: =AD94*$E94 -> 0 | AF94: =(AD94+AB94+Z94+X94+V94+T94+R94+P94+N94+L94+J94+H94)/1 -> 0 | AG94: =AF94*$E94 -> 0 | AI94: =AH94*$E94 -> 0 | AK94: =AJ94*$E94 -> 0 | AM94: =AL94*$E94 -> 0 | AO94: =AN94*$E94 -> 0 | AQ94: =AP94*$E94 -> 0 | AS94: =AR94*$E94 -> 0 | AU94: =AT94*$E94 -> 0 | AW94: =AV94*$E94 -> 0 | AY94: =AX94*$E94 -> 0 | BA94: =AZ94*$E94 -> 0 | BC94: =BB94*$E94 -> 0 | BE94: =BD94*$E94 -> 0 | BF94: =(BD94+BB94+AZ94+AX94+AV94+AT94+AR94+AP94+AN94+AL94+AJ94+AH94)/1 -> 0 | BG94: =BF94*$E94 -> 0 | BI94: =BH94*$E94 -> 0 | BK94: =BJ94*$E94 -> 0 | BM94: =BL94*$E94 -> 0 | BO94: =BN94*$E94 -> 0 | BQ94: =BP94*$E94 -> 0 | BS94: =BR94*$E94 -> 0 | BU94: =BT94*$E94 -> 0 | BW94: =BV94*$E94 -> 0 | BX94: 3192 | BY94: =BX94*$E94 -> 1915.2 | BZ94: 3095 | CA94: =BZ94*$E94 -> 1857 | CB94: 2112 | CC94: =CB94*$E94 -> 1267.2 | CD94: 3870 | CE94: =CD94*$E94 -> 2322 | CF94: =(CD94+CB94+BZ94+BX94+BV94+BT94+BR94+BP94+BN94+BL94+BJ94+BH94)/1 -> 12269 | CG94: =CF94*$E94 -> 7361.4 | CH94: 3756 | CI94: =CH94*$E94 -> 2253.6 | CJ94: 2577 | CK94: =CJ94*$E94 -> 1546.2 | CL94: 2112 | CM94: =CL94*$E94 -> 1267.2 | CN94: 1992 | CO94: =CN94*$E94 -> 1195.2 | CP94: 1296 | CQ94: =CP94*$E94 -> 777.6 | CR94: 1536 | CS94: =CR94*$E94 -> 921.6 | CT94: 984 | CU94: =CT94*$E94 -> 590.4 | CV94: 648 | CW94: =CV94*$E94 -> 388.8 | CX94: 2088 | CY94: 1252.8 | CZ94: 576 | DA94: 345.6 | DB94: 984 | DC94: 590.4 | DD94: 1608 | DE94: 964.8 | DF94: =SUM(CH94,CJ94,CL94,CN94,CP94,CR94,CT94,CV94,CX94,CZ94,DB94,DD94) -> 20157 | DG94: =DF94*$E94 -> 12094.2 | DH94: 792 | DI94: 475.2 | DJ94: 1020 | DK94: =DJ94*$E94 -> 612 | EF94: =SUM(DH94,DJ94,DL94,DN94,DP94,DR94,DT94,DV94,DX94,DZ94,EB94,ED94) -> 1812 | EG94: =SUM(DI94,DK94,DM94,DO94,DQ94,DS94,DU94,DW94,DY94,EA94,EC94,EE94) -> 1087.2
A95: 77 | B95: ချယ်ရီသံပုရာ | C95: ပုလင်း | D95: =RANK(DF95,$DF$4:$DF$144) -> 35 | E95: 0.64 | F95: 1 * 14 | I95: =H95*$E95 -> 0 | K95: =J95*$E95 -> 0 | M95: =L95*$E95 -> 0 | O95: =N95*$E95 -> 0 | Q95: =P95*$E95 -> 0 | S95: =R95*$E95 -> 0 | U95: =T95*$E95 -> 0 | W95: =V95*$E95 -> 0 | Y95: =X95*$E95 -> 0 | AA95: =Z95*$E95 -> 0 | AC95: =AB95*$E95 -> 0 | AE95: =AD95*$E95 -> 0 | AF95: =(AD95+AB95+Z95+X95+V95+T95+R95+P95+N95+L95+J95+H95)/1 -> 0 | AG95: =AF95*$E95 -> 0 | AI95: =AH95*$E95 -> 0 | AK95: =AJ95*$E95 -> 0 | AM95: =AL95*$E95 -> 0 | AO95: =AN95*$E95 -> 0 | AQ95: =AP95*$E95 -> 0 | AS95: =AR95*$E95 -> 0 | AU95: =AT95*$E95 -> 0 | AW95: =AV95*$E95 -> 0 | AY95: =AX95*$E95 -> 0 | BA95: =AZ95*$E95 -> 0 | BC95: =BB95*$E95 -> 0 | BE95: =BD95*$E95 -> 0 | BF95: =(BD95+BB95+AZ95+AX95+AV95+AT95+AR95+AP95+AN95+AL95+AJ95+AH95)/1 -> 0 | BG95: =BF95*$E95 -> 0 | BI95: =BH95*$E95 -> 0 | BK95: =BJ95*$E95 -> 0 | BM95: =BL95*$E95 -> 0 | BO95: =BN95*$E95 -> 0 | BQ95: =BP95*$E95 -> 0 | BS95: =BR95*$E95 -> 0 | BU95: =BT95*$E95 -> 0 | BW95: =BV95*$E95 -> 0 | BY95: =BX95*$E95 -> 0 | CA95: =BZ95*$E95 -> 0 | CC95: =CB95*$E95 -> 0 | CE95: =CD95*$E95 -> 0 | CF95: =(CD95+CB95+BZ95+BX95+BV95+BT95+BR95+BP95+BN95+BL95+BJ95+BH95)/1 -> 0 | CG95: =CF95*$E95 -> 0 | CI95: =CH95*$E95 -> 0 | CK95: =CJ95*$E95 -> 0 | CM95: =CL95*$E95 -> 0 | CO95: =CN95*$E95 -> 0 | CQ95: =CP95*$E95 -> 0 | CS95: =CR95*$E95 -> 0 | CU95: =CT95*$E95 -> 0 | CW95: =CV95*$E95 -> 0 | CY95: 0 | DA95: 0 | DC95: 0 | DE95: 0 | DF95: =SUM(CH95,CJ95,CL95,CN95,CP95,CR95,CT95,CV95,CX95,CZ95,DB95,DD95) -> 0 | DG95: =DF95*$E95 -> 0 | DI95: 0 | DK95: =DJ95*$E95 -> 0 | EF95: =SUM(DH95,DJ95,DL95,DN95,DP95,DR95,DT95,DV95,DX95,DZ95,EB95,ED95) -> 0 | EG95: =SUM(DI95,DK95,DM95,DO95,DQ95,DS95,DU95,DW95,DY95,EA95,EC95,EE95) -> 0
I96: =H96*$E96 -> 0 | K96: =J96*$E96 -> 0 | M96: =L96*$E96 -> 0 | O96: =N96*$E96 -> 0 | Q96: =P96*$E96 -> 0 | S96: =R96*$E96 -> 0 | U96: =T96*$E96 -> 0 | W96: =V96*$E96 -> 0 | Y96: =X96*$E96 -> 0 | AA96: =Z96*$E96 -> 0 | AC96: =AB96*$E96 -> 0 | AE96: =AD96*$E96 -> 0 | AF96: =(AD96+AB96+Z96+X96+V96+T96+R96+P96+N96+L96+J96+H96)/1 -> 0 | AG96: =AF96*$E96 -> 0 | AI96: =AH96*$E96 -> 0 | AK96: =AJ96*$E96 -> 0 | AM96: =AL96*$E96 -> 0 | AO96: =AN96*$E96 -> 0 | AQ96: =AP96*$E96 -> 0 | AS96: =AR96*$E96 -> 0 | AU96: =AT96*$E96 -> 0 | AW96: =AV96*$E96 -> 0 | AY96: =AX96*$E96 -> 0 | BA96: =AZ96*$E96 -> 0 | BC96: =BB96*$E96 -> 0 | BE96: =BD96*$E96 -> 0 | BF96: =(BD96+BB96+AZ96+AX96+AV96+AT96+AR96+AP96+AN96+AL96+AJ96+AH96)/1 -> 0 | BG96: =BF96*$E96 -> 0 | BI96: =BH96*$E96 -> 0 | BK96: =BJ96*$E96 -> 0 | BM96: =BL96*$E96 -> 0 | BO96: =BN96*$E96 -> 0 | BQ96: =BP96*$E96 -> 0 | BS96: =BR96*$E96 -> 0 | BU96: =BT96*$E96 -> 0 | BW96: =BV96*$E96 -> 0 | BY96: =BX96*$E96 -> 0 | CA96: =BZ96*$E96 -> 0 | CC96: =CB96*$E96 -> 0 | CE96: =CD96*$E96 -> 0 | CF96: =(CD96+CB96+BZ96+BX96+BV96+BT96+BR96+BP96+BN96+BL96+BJ96+BH96)/1 -> 0 | CG96: =CF96*$E96 -> 0 | CI96: =CH96*$E96 -> 0 | CK96: =CJ96*$E96 -> 0 | CM96: =CL96*$E96 -> 0 | CO96: =CN96*$E96 -> 0 | CQ96: =CP96*$E96 -> 0 | CS96: =CR96*$E96 -> 0 | CU96: =CT96*$E96 -> 0 | CW96: =CV96*$E96 -> 0 | CY96: 0 | DA96: 0 | DC96: 0 | DE96: 0 | DF96: =SUM(CH96,CJ96,CL96,CN96,CP96,CR96,CT96,CV96,CX96,CZ96,DB96,DD96) -> 0 | DG96: =DF96*$E96 -> 0 | DI96: 0 | DK96: =DJ96*$E96 -> 0 | EF96: =SUM(DH96,DJ96,DL96,DN96,DP96,DR96,DT96,DV96,DX96,DZ96,EB96,ED96) -> 0 | EG96: =SUM(DI96,DK96,DM96,DO96,DQ96,DS96,DU96,DW96,DY96,EA96,EC96,EE96) -> 0
A97: 78 | B97: ရွှေမင်းသားခေါင်ရည် | C97: ‌ကော်ဘူး | E97: 0.75 | AF97: =(AD97+AB97+Z97+X97+V97+T97+R97+P97+N97+L97+J97+H97)/1 -> 0 | AG97: =AF97*$E97 -> 0 | BF97: =(BD97+BB97+AZ97+AX97+AV97+AT97+AR97+AP97+AN97+AL97+AJ97+AH97)/1 -> 0 | BG97: =BF97*$E97 -> 0 | CF97: =(CD97+CB97+BZ97+BX97+BV97+BT97+BR97+BP97+BN97+BL97+BJ97+BH97)/1 -> 0 | CG97: =CF97*$E97 -> 0 | CI97: =CH97*$E97 -> 0 | CK97: =CJ97*$E97 -> 0 | CM97: =CL97*$E97 -> 0 | CO97: =CN97*$E97 -> 0 | CQ97: =CP97*$E97 -> 0 | CS97: =CR97*$E97 -> 0 | CU97: =CT97*$E97 -> 0 | CW97: =CV97*$E97 -> 0 | CY97: 0 | DA97: 0 | DC97: 0 | DE97: 0 | DF97: =SUM(CH97,CJ97,CL97,CN97,CP97,CR97,CT97,CV97,CX97,CZ97,DB97,DD97) -> 0 | DG97: =DF97*$E97 -> 0 | DI97: 0 | DK97: =DJ97*$E97 -> 0 | EF97: =SUM(DH97,DJ97,DL97,DN97,DP97,DR97,DT97,DV97,DX97,DZ97,EB97,ED97) -> 0 | EG97: =SUM(DI97,DK97,DM97,DO97,DQ97,DS97,DU97,DW97,DY97,EA97,EC97,EE97) -> 0
A98: 79 | B98: ရွှေမင်းသားခေါင်ရည် | C98: ကော်ဘူး | E98: 0.6 | F98: 1 *12 | G98: 800 | AF98: =(AD98+AB98+Z98+X98+V98+T98+R98+P98+N98+L98+J98+H98)/1 -> 0 | AG98: =AF98*$E98 -> 0 | BE98: =BD98*$E98 -> 0 | BF98: =(BD98+BB98+AZ98+AX98+AV98+AT98+AR98+AP98+AN98+AL98+AJ98+AH98)/1 -> 0 | BG98: =BF98*$E98 -> 0 | BI98: =BH98*$E98 -> 0 | BK98: =BJ98*$E98 -> 0 | BM98: =BL98*$E98 -> 0 | BO98: =BN98*$E98 -> 0 | BQ98: =BP98*$E98 -> 0 | BS98: =BR98*$E98 -> 0 | BU98: =BT98*$E98 -> 0 | BW98: =BV98*$E98 -> 0 | BY98: =BX98*$E98 -> 0 | CA98: =BZ98*$E98 -> 0 | CC98: =CB98*$E98 -> 0 | CE98: =CD98*$E98 -> 0 | CF98: =(CD98+CB98+BZ98+BX98+BV98+BT98+BR98+BP98+BN98+BL98+BJ98+BH98)/1 -> 0 | CG98: =CF98*$E98 -> 0 | CI98: =CH98*$E98 -> 0 | CK98: =CJ98*$E98 -> 0 | CM98: =CL98*$E98 -> 0 | CO98: =CN98*$E98 -> 0 | CQ98: =CP98*$E98 -> 0 | CR98: 6432 | CS98: =CR98*$E98 -> 3859.2 | CT98: 3024 | CU98: =CT98*$E98 -> 1814.4 | CV98: 1764 | CW98: =CV98*$E98 -> 1058.4 | CX98: 1188 | CY98: 712.8 | CZ98: 192 | DA98: 115.2 | DB98: 528 | DC98: 316.8 | DD98: 732 | DE98: 439.2 | DF98: =SUM(CH98,CJ98,CL98,CN98,CP98,CR98,CT98,CV98,CX98,CZ98,DB98,DD98) -> 13860 | DG98: =DF98*$E98 -> 8316 | DH98: 648 | DI98: 388.8 | DJ98: 588 | DK98: =DJ98*$E98 -> 352.8 | EF98: =SUM(DH98,DJ98,DL98,DN98,DP98,DR98,DT98,DV98,DX98,DZ98,EB98,ED98) -> 1236 | EG98: =SUM(DI98,DK98,DM98,DO98,DQ98,DS98,DU98,DW98,DY98,EA98,EC98,EE98) -> 741.6
A99: 80 | B99: ရွှေမင်းသားခေါင်ရည် | C99: ပုလင်း | E99: 0.64 | F99: 1 * 24 | G99: 800 | I99: =H99*$E99 -> 0 | K99: =J99*$E99 -> 0 | M99: =L99*$E99 -> 0 | O99: =N99*$E99 -> 0 | Q99: =P99*$E99 -> 0 | S99: =R99*$E99 -> 0 | U99: =T99*$E99 -> 0 | W99: =V99*$E99 -> 0 | Y99: =X99*$E99 -> 0 | AA99: =Z99*$E99 -> 0 | AC99: =AB99*$E99 -> 0 | AE99: =AD99*$E99 -> 0 | AF99: =(AD99+AB99+Z99+X99+V99+T99+R99+P99+N99+L99+J99+H99)/1 -> 0 | AG99: =AF99*$E99 -> 0 | AI99: =AH99*$E99 -> 0 | AK99: =AJ99*$E99 -> 0 | AM99: =AL99*$E99 -> 0 | AN99: 5029 | AO99: =AN99*$E99 -> 3218.56 | AP99: 520 | AQ99: =AP99*$E99 -> 332.8 | AR99: 192 | AS99: =AR99*$E99 -> 122.88 | AT99: 192 | AU99: =AT99*$E99 -> 122.88 | AV99: 72 | AW99: =AV99*$E99 -> 46.08 | AX99: 576 | AY99: =AX99*$E99 -> 368.64 | AZ99: 24 | BA99: =AZ99*$E99 -> 15.36 | BB99: 264 | BC99: =BB99*$E99 -> 168.96 | BD99: 120 | BE99: =BD99*$E99 -> 76.8 | BF99: =(BD99+BB99+AZ99+AX99+AV99+AT99+AR99+AP99+AN99+AL99+AJ99+AH99)/1 -> 6989 | BG99: =BF99*$E99 -> 4472.96 | BI99: =BH99*$E99 -> 0 | BJ99: 144 | BK99: =BJ99*$E99 -> 92.16 | BL99: 4149 | BM99: =BL99*$E99 -> 2655.36 | BN99: 18550 | BO99: =BN99*$E99 -> 11872 | BP99: 20986 | BQ99: =BP99*$E99 -> 13431.04 | BR99: 17002 | BS99: =BR99*$E99 -> 10881.28 | BT99: 21224 | BU99: =BT99*$E99 -> 13583.36 | BV99: 18204 | BW99: =BV99*$E99 -> 11650.56 | BX99: 17136 | BY99: =BX99*$E99 -> 10967.04 | BZ99: 20256 | CA99: =BZ99*$E99 -> 12963.84 | CB99: 18185 | CC99: =CB99*$E99 -> 11638.4 | CD99: 11232 | CE99: =CD99*$E99 -> 7188.48 | CF99: =(CD99+CB99+BZ99+BX99+BV99+BT99+BR99+BP99+BN99+BL99+BJ99+BH99)/1 -> 167068 | CG99: =CF99*$E99 -> 106923.52 | CH99: 14112 | CI99: =CH99*$E99 -> 9031.68 | CJ99: 17376 | CK99: =CJ99*$E99 -> 11120.64 | CL99: 20266 | CM99: =CL99*$E99 -> 12970.24 | CN99: 21648 | CO99: =CN99*$E99 -> 13854.72 | CP99: 31114 | CQ99: =CP99*$E99 -> 19912.96 | CR99: 13233 | CS99: =CR99*$E99 -> 8469.12 | CT99: 11904 | CU99: =CT99*$E99 -> 7618.56 | CV99: 10783 | CW99: =CV99*$E99 -> 6901.12 | CX99: 10296 | CY99: 6589.44 | CZ99: 10992 | DA99: 7034.88 | DB99: 13176 | DC99: 8432.64 | DD99: 10536 | DE99: 6743.04 | DF99: =SUM(CH99,CJ99,CL99,CN99,CP99,CR99,CT99,CV99,CX99,CZ99,DB99,DD99) -> 185436 | DG99: =DF99*$E99 -> 118679.04 | DH99: 8179 | DI99: 5234.56 | DJ99: 6409 | DK99: =DJ99*$E99 -> 4101.76 | EF99: =SUM(DH99,DJ99,DL99,DN99,DP99,DR99,DT99,DV99,DX99,DZ99,EB99,ED99) -> 14588 | EG99: =SUM(DI99,DK99,DM99,DO99,DQ99,DS99,DU99,DW99,DY99,EA99,EC99,EE99) -> 9336.32
AF100: =(AD100+AB100+Z100+X100+V100+T100+R100+P100+N100+L100+J100+H100)/1 -> 0 | AG100: =AF100*$E100 -> 0 | BF100: =(BD100+BB100+AZ100+AX100+AV100+AT100+AR100+AP100+AN100+AL100+AJ100+AH100)/1 -> 0 | BG100: =BF100*$E100 -> 0 | CF100: =(CD100+CB100+BZ100+BX100+BV100+BT100+BR100+BP100+BN100+BL100+BJ100+BH100)/1 -> 0 | CG100: =CF100*$E100 -> 0 | CI100: =CH100*$E100 -> 0 | CK100: =CJ100*$E100 -> 0 | CM100: =CL100*$E100 -> 0 | CO100: =CN100*$E100 -> 0 | CQ100: =CP100*$E100 -> 0 | CS100: =CR100*$E100 -> 0 | CU100: =CT100*$E100 -> 0 | CW100: =CV100*$E100 -> 0 | CY100: 0 | DA100: 0 | DC100: 0 | DE100: 0 | DF100: =SUM(CH100,CJ100,CL100,CN100,CP100,CR100,CT100,CV100,CX100,CZ100,DB100,DD100) -> 0 | DG100: =DF100*$E100 -> 0 | DI100: 0 | DK100: =DJ100*$E100 -> 0 | EF100: =SUM(DH100,DJ100,DL100,DN100,DP100,DR100,DT100,DV100,DX100,DZ100,EB100,ED100) -> 0 | EG100: =SUM(DI100,DK100,DM100,DO100,DQ100,DS100,DU100,DW100,DY100,EA100,EC100,EE100) -> 0
...

Sheet Compare for MTL
A1: BE Sales For MTL (All In Bottle)
A2: No | B2: Month | C2: 2022 (BE) | E2: 2023 (BE) | G2: 2024 (BE) | I2: 2025 (BE) | K2: 2026 (BE) | M2: Total
C3: Bottle | D3: Liters | E3: Bottle | F3: Liters | G3: Bottle | H3: Liters | I3: Bottle | J3: Liters | K3: Bottle | L3: Liters | M3: Bottle | N3: Liters
A4: 1 | B4: January | C4: =+'7-MTL'!H147 -> 798573 | D4: =+'7-MTL'!I147 -> 517485.54 | E4: =+'7-MTL'!AH147 -> 868076 | F4: =+'7-MTL'!AI147 -> 561000.53 | G4: =+'7-MTL'!BH147 -> 949178 | H4: =+'7-MTL'!BI147 -> 613512.2 | I4: =+'7-MTL'!CH147 -> 965752 | J4: =+'7-MTL'!CI147 -> 631832.88 | K4: ='MTL-26'!G147 -> 822987 | L4: ='MTL-26'!H147 -> 549147.6 | M4: =C4+E4+G4+I4 -> 3581579 | N4: =D4+F4+H4+J4 -> 2323831.1
A5: 2 | B5: February | C5: =+'7-MTL'!J147 -> 761500 | D5: =+'7-MTL'!K147 -> 492129.52 | E5: =+'7-MTL'!AJ147 -> 703567 | F5: =+'7-MTL'!AK147 -> 453398.52 | G5: =+'7-MTL'!BJ147 -> 773779 | H5: =+'7-MTL'!BK147 -> 500548.68 | I5: =+'7-MTL'!CJ147 -> 818851 | J5: =+'7-MTL'!CK147 -> 532828.48 | K5: ='MTL-26'!I147 -> 729741 | L5: ='MTL-26'!J147 -> 486294.32 | M5: =C5+E5+G5+I5 -> 3057697 | N5: =D5+F5+H5+J5 -> 1978905.2
A6: 3 | B6: March | C6: =+'7-MTL'!L147 -> 873994 | D6: =+'7-MTL'!M147 -> 567669.16 | E6: =+'7-MTL'!AL147 -> 700409 | F6: =+'7-MTL'!AM147 -> 453549.19 | G6: =+'7-MTL'!BL147 -> 794108 | H6: =+'7-MTL'!BM147 -> 512919.14 | I6: =+'7-MTL'!CL147 -> 1020554 | J6: =+'7-MTL'!CM147 -> 677348.72 | M6: =C6+E6+G6+I6 -> 3389065 | N6: =D6+F6+H6+J6 -> 2211486.2
A7: 4 | B7: April | C7: =+'7-MTL'!N147 -> 671845 | D7: =+'7-MTL'!O147 -> 435727.06 | E7: =+'7-MTL'!AN147 -> 687993 | F7: =+'7-MTL'!AO147 -> 445211.09 | G7: =+'7-MTL'!BN147 -> 749078 | H7: =+'7-MTL'!BO147 -> 486537 | I7: ='MTL-25'!M140 -> 803099 | J7: ='MTL-25'!N140 -> 524612.25 | M7: =C7+E7+G7+I7 -> 2912015 | N7: =D7+F7+H7+J7 -> 1892087.4
A8: 5 | B8: May | C8: =+'7-MTL'!P147 -> 693667 | D8: =+'7-MTL'!Q147 -> 447894.94 | E8: =+'7-MTL'!AP147 -> 596933 | F8: =+'7-MTL'!AQ147 -> 387230.61 | G8: =+'7-MTL'!BP147 -> 840592 | H8: =+'7-MTL'!BQ147 -> 541215.06 | I8: ='7-MTL'!CP147 -> 888740 | J8: ='7-MTL'!CQ147 -> 583181.49 | M8: =C8+E8+G8+I8 -> 3019932 | N8: =D8+F8+H8+J8 -> 1959522.1
A9: 6 | B9: June | C9: =+'7-MTL'!R147 -> 793060 | D9: =+'7-MTL'!S147 -> 511380.88 | E9: =+'7-MTL'!AR147 -> 727689 | F9: =+'7-MTL'!AS147 -> 471066.7 | G9: =+'7-MTL'!BR147 -> 820396 | H9: =+'7-MTL'!BS147 -> 529836.97 | I9: ='MTL-25'!Q140 -> 884247 | J9: ='MTL-25'!R140 -> 578612.4 | M9: =C9+E9+G9+I9 -> 3225392 | N9: =D9+F9+H9+J9 -> 2090897
A10: 7 | B10: July | C10: =+'7-MTL'!T147 -> 775218 | D10: =+'7-MTL'!U147 -> 501101.64 | E10: =+'7-MTL'!AT147 -> 786996 | F10: =+'7-MTL'!AU147 -> 509609.91 | G10: =+'7-MTL'!BT147 -> 868137 | H10: =+'7-MTL'!BU147 -> 561678.62 | I10: ='MTL-25'!S140 -> 863703 | J10: ='MTL-25'!T140 -> 571258.19 | M10: =C10+E10+G10+I10 -> 3294054 | N10: =D10+F10+H10+J10 -> 2143648.4
A11: 8 | B11: August | C11: =+'7-MTL'!V147 -> 841044 | D11: =+'7-MTL'!W147 -> 545230.62 | E11: =+'7-MTL'!AV147 -> 788661 | F11: =+'7-MTL'!AW147 -> 508896.12 | G11: =+'7-MTL'!BV147 -> 864657 | H11: =+'7-MTL'!BW147 -> 560913.68 | I11: ='MTL-25'!U140 -> 848693 | J11: ='MTL-25'!V140 -> 558733.84 | M11: =C11+E11+G11+I11 -> 3343055 | N11: =D11+F11+H11+J11 -> 2173774.3
A12: 9 | B12: September | C12: =+'7-MTL'!X147 -> 762200 | D12: =+'7-MTL'!Y147 -> 491813.12 | E12: =+'7-MTL'!AX147 -> 748311 | F12: =+'7-MTL'!AY147 -> 484025.73 | G12: =+'7-MTL'!BX147 -> 901641 | H12: =+'7-MTL'!BY147 -> 583965.26 | I12: ='MTL-25'!W140 -> 866201 | J12: ='MTL-25'!X140 -> 583840.04 | M12: =C12+E12+G12+I12 -> 3278353 | N12: =D12+F12+H12+J12 -> 2143644.1
A13: 10 | B13: October | C13: =+'7-MTL'!Z147 -> 752404 | D13: =+'7-MTL'!AA147 -> 485261.91 | E13: =+'7-MTL'!AZ147 -> 831736 | F13: =+'7-MTL'!BA147 -> 536759.7 | G13: =+'7-MTL'!BZ147 -> 946416 | H13: =+'7-MTL'!CA147 -> 615351.65 | I13: ='MTL-25'!Y140 -> 899036 | J13: ='MTL-25'!Z140 -> 603753.98 | M13: =C13+E13+G13+I13 -> 3429592 | N13: =D13+F13+H13+J13 -> 2241127.2
A14: 11 | B14: November | C14: =+'7-MTL'!AB147 -> 825151 | D14: =+'7-MTL'!AC147 -> 533743.92 | E14: =+'7-MTL'!BB147 -> 828638 | F14: =+'7-MTL'!BC147 -> 537132.14 | G14: =+'7-MTL'!CB147 -> 917030 | H14: =+'7-MTL'!CC147 -> 595835.02 | I14: ='MTL-25'!AA140 -> 928681 | J14: ='MTL-25'!AB140 -> 616783.96 | M14: =C14+E14+G14+I14 -> 3499500 | N14: =D14+F14+H14+J14 -> 2283495
A15: 12 | B15: December | C15: =+'7-MTL'!AD147 -> 885399 | D15: =+'7-MTL'!AE147 -> 571252.51 | E15: =+'7-MTL'!BD147 -> 1032520 | F15: =+'7-MTL'!BE147 -> 667591.06 | G15: =+'7-MTL'!CD147 -> 1013431 | H15: =+'7-MTL'!CE147 -> 662153.44 | I15: ='MTL-25'!AC140 -> 956796 | J15: ='MTL-25'!AD140 -> 636981.12 | M15: =C15+E15+G15+I15 -> 3888146 | N15: =D15+F15+H15+J15 -> 2537978.1
B16: လက်ဆောင်ပေးစာရင်း | C16: ='[3]MTL-FOC -22'!AB38 -> 3713 | D16: ='[3]MTL-FOC -22'!AC38 -> 2651.18 | E16: ='[3]MTL-FOC-23'!AB38 -> 9598 | F16: ='[3]MTL-FOC-23'!AC38 -> 6344.73 | G16: ='[3]MTL-FOC-24'!AB38 -> 8806 | H16: ='[3]MTL-FOC-24'!AC38 -> 6150.47 | I16: ='MTL-25FOC'!AE142 -> 34533 | J16: ='MTL-25FOC'!AF142 -> 26760.16 | K16: ='MTL-26FOC'!AE148 -> 1653 | L16: ='MTL-26FOC'!AF148 -> 1145.16 | M16: =C16+E16+G16+I16 -> 56650 | N16: =D16+F16+H16+J16 -> 41906.54
B18: Total | C18: =SUM(C4:C15) -> 9434055 | D18: =SUM(D4:D15) -> 6100690.8 | E18: =SUM(E4:E15) -> 9301529 | F18: =SUM(F4:F15) -> 6015471.3 | G18: =SUM(G4:G15) -> 10438443 | H18: =SUM(H4:H15) -> 6764466.7 | I18: =SUM(I4:I15) -> 10744353 | J18: =SUM(J4:J15) -> 7099767.4 | ... N18: =SUM(N4:N15) -> 25980396
C19: =+C18-'7-MTL'!AF147 -> 0 | D19: =+D18-'7-MTL'!AG147 -> 0 | E19: =+E18-'7-MTL'!BF147 -> 0 | F19: =+F18-'7-MTL'!BG147 -> 0 | G19: =+G18-'7-MTL'!CF147 -> 0 | H19: =+H18-'7-MTL'!CG147 -> 0 | I19: =+I18-'7-MTL'!DF147 -> 0 | J19: =+J18-'7-MTL'!DG147 -> 0
A21: BE(KK) Sales For MTL (All In Bottle)
A22: No | B22: Month | C22: 2022 (KK) | E22: 2023 (KK) | G22: 2024 (KK) | I22: 2025 (KK) | K22: 2026 (KK) | M22: Total
C23: Bottle | D23: Liters | E23: Bottle | F23: Liters | G23: Bottle | H23: Liters | I23: Bottle | J23: Liters | K23: Bottle | L23: Liters | M23: Bottle | N23: Liters
A24: 1 | B24: Kaung Kyi (1 Liter)_25% | C24: =+'7-MTL'!AF16 -> 117774 | D24: =+'7-MTL'!AG16 -> 117774 | E24: =+'7-MTL'!BF16 -> 151633 | F24: =+'7-MTL'!BG16 -> 151633 | G24: =+'7-MTL'!CF16 -> 232824 | H24: =+'7-MTL'!CG16 -> 232824 | I24: =+'7-MTL'!DF16 -> 474402 | J24: =+'7-MTL'!DG16 -> 474402 | K24: ='MTL-26'!AE16 -> 94058 | L24: ='MTL-26'!AF16 -> 94058 | M24: =C24+E24+G24+I24 -> 976633 | N24: =D24+F24+H24+J24 -> 976633
A25: 2 | B25: Kaung Kyi (1 Liter)_40% | C25: =+'7-MTL'!AF17 -> 0 | D25: =+'7-MTL'!AG17 -> 0 | E25: =+'7-MTL'!BF17 -> 0 | F25: =+'7-MTL'!BG17 -> 0 | G25: =+'7-MTL'!CF17 -> 0 | H25: =+'7-MTL'!CG17 -> 0 | I25: =+'7-MTL'!DF17 -> 0 | J25: =+'7-MTL'!DG17 -> 0 | K25: ='MTL-26'!AE17 -> 0 | L25: ='MTL-26'!AF17 -> 0 | M25: =C25+E25+G25+I25 -> 0 | N25: =D25+F25+H25+J25 -> 0
A26: 3 | B26: Kaung Kyi (0.6 Liter)_25% | C26: =+'7-MTL'!AF18 -> 17232 | D26: =+'7-MTL'!AG18 -> 10339.2 | E26: =+'7-MTL'!BF18 -> 8532 | F26: =+'7-MTL'!BG18 -> 5119.2 | G26: =+'7-MTL'!CF18 -> 8280 | H26: =+'7-MTL'!CG18 -> 4968 | I26: =+'7-MTL'!DF18 -> 7572 | J26: =+'7-MTL'!DG18 -> 4543.2 | K26: ='MTL-26'!AE18 -> 216 | L26: ='MTL-26'!AF18 -> 129.6 | M26: =C26+E26+G26+I26 -> 41616 | N26: =D26+F26+H26+J26 -> 24969.6
A27: 4 | B27: Kaung Kyi (0.6 Liter)_40% | C27: =+'7-MTL'!AF19 -> 0 | D27: =+'7-MTL'!AG19 -> 0 | E27: =+'7-MTL'!BF19 -> 0 | F27: =+'7-MTL'!BG19 -> 0 | G27: =+'7-MTL'!CF19 -> 0 | H27: =+'7-MTL'!CG19 -> 0 | I27: =+'7-MTL'!DF19 -> 0 | J27: =+'7-MTL'!DG19 -> 0 | K27: ='MTL-26'!AE19 -> 0 | L27: ='MTL-26'!AF19 -> 0 | M27: =C27+E27+G27+I27 -> 0 | N27: =D27+F27+H27+J27 -> 0
A28: 5 | B28: Kaung Kyi (0.35 Liter)_25% | C28: =+'7-MTL'!AF20 -> 0 | D28: =+'7-MTL'!AG20 -> 0 | E28: =+'7-MTL'!BF20 -> 0 | F28: =+'7-MTL'!BG20 -> 0 | G28: =+'7-MTL'!CF20 -> 0 | H28: =+'7-MTL'!CG20 -> 0 | I28: =+'7-MTL'!DF20 -> 0 | J28: =+'7-MTL'!DG20 -> 0 | K28: ='MTL-26'!AE20 -> 0 | L28: ='MTL-26'!AF20 -> 0 | M28: =C28+E28+G28+I28 -> 0 | N28: =D28+F28+H28+J28 -> 0
A29: 6 | B29: Kaung Kyi ( 0.35 Liter) - 40% | C29: =+'7-MTL'!AF21 -> 0 | D29: =+'7-MTL'!AG21 -> 0 | E29: =+'7-MTL'!BF21 -> 0 | F29: =+'7-MTL'!BG21 -> 0 | G29: =+'7-MTL'!CF21 -> 0 | H29: =+'7-MTL'!CG21 -> 0 | I29: =+'7-MTL'!DF21 -> 0 | J29: =+'7-MTL'!DG21 -> 0 | K29: ='MTL-26'!AE21 -> 0 | L29: ='MTL-26'!AF21 -> 0 | M29: =C29+E29+G29+I29 -> 0 | N29: =D29+F29+H29+J29 -> 0
A30: 7 | B30: Kaung Kyi | C30: =+'7-MTL'!AF22 -> 784749 | D30: =+'7-MTL'!AG22 -> 502239.36 | E30: =+'7-MTL'!BF22 -> 770842 | F30: =+'7-MTL'!BG22 -> 493338.88 | G30: =+'7-MTL'!CF22 -> 822263 | H30: =+'7-MTL'!CG22 -> 526248.32 | I30: =+'7-MTL'!DF22 -> 766073 | J30: =+'7-MTL'!DG22 -> 490286.72 | K30: ='MTL-26'!AE22 -> 113750 | L30: ='MTL-26'!AF22 -> 72800 | M30: =C30+E30+G30+I30 -> 3143927 | N30: =D30+F30+H30+J30 -> 2012113.3
A31: 8 | B31: Kaung Kyi (40%) | C31: =+'7-MTL'!AF23 -> 0 | D31: =+'7-MTL'!AG23 -> 0 | E31: =+'7-MTL'!BF23 -> 0 | F31: =+'7-MTL'!BG23 -> 0 | G31: =+'7-MTL'!CF23 -> 0 | H31: =+'7-MTL'!CG23 -> 0 | I31: =+'7-MTL'!DF23 -> 0 | J31: =+'7-MTL'!DG23 -> 0 | K31: ='MTL-26'!AE23 -> 0 | L31: ='MTL-26'!AF23 -> 0 | M31: =C31+E31+G31+I31 -> 0 | N31: =D31+F31+H31+J31 -> 0
A32: 9 | B32: Kaung Kyi (46%) | C32: =+'7-MTL'!AF24 -> 0 | D32: =+'7-MTL'!AG24 -> 0 | E32: =+'7-MTL'!BF24 -> 0 | F32: =+'7-MTL'!BG24 -> 0 | G32: =+'7-MTL'!CF24 -> 0 | H32: =+'7-MTL'!CG24 -> 0 | I32: =+'7-MTL'!DF24 -> 0 | J32: =+'7-MTL'!DG24 -> 0 | K32: ='MTL-26'!AE24 -> 0 | L32: ='MTL-26'!AF24 -> 0 | M32: =C32+E32+G32+I32 -> 0 | N32: =D32+F32+H32+J32 -> 0
B34: Total | C34: =SUM(C24:C32) -> 919755 | D34: =SUM(D24:D32) -> 630352.56 | E34: =SUM(E24:E32) -> 931007 | F34: =SUM(F24:F32) -> 650091.08 | G34: =SUM(G24:G32) -> 1063367 | H34: =SUM(H24:H32) -> 764040.32 | I34: =SUM(I24:I32) -> 1248047 | J34: =SUM(J24:J32) -> 969231.92 | ... N34: =SUM(N24:N32) -> 3013715.9

Sheet MTL-22
A1: MTL
A2: Sr. | B2: Product Name | D2: ML | E2: Packing | F2: 44562 | H2: 44593 | J2: 44621 | L2: 44652 | N2: 44682 | P2: 44713 | R2: 44743 | T2: 44774 | V2: 44805 | X2: 44835 | Z2: 44866 | AB2: 44896 | AD2: 2022 Average
F3: Bot | G3: Lit | H3: Bot | I3: Lit | J3: Bot | K3: Lit | L3: Bot | M3: Lit | N3: Bot | O3: Lit | P3: Bot | Q3: Lit | R3: Bot | S3: Lit | T3: Bot | U3: Lit | V3: Bot | W3: Lit | X3: Bot | Y3: Lit | Z3: Bot | AA3: Lit | AB3: Bot | AC3: Lit | AD3: Bot | AE3: Lit
