Workbook
Name a: #REF!
Name aa: #REF!
Name aa: #REF!
Name aa: #REF!
Name aa: #REF!
Name aa: #REF!
Name aa: #REF!
Name aa: #REF!
Name aa: #REF!
Name aa: #REF!
Name aa: #REF!
Name aa: #REF!
Name aa: #REF!
Name aa: #REF!
Name aa: #REF!
Name aaa: #REF!
Name aaa: #REF!
Name aaa: #REF!
Name aaaaa: #REF!
Name aaaaaaa: #REF!
Name asd: '[1]Market ( Mar) '!#REF!
Name atr: #REF!
Name atr: #REF!
Name atr: #REF!
Name b: #REF!
Name b: #REF!
Name b: #REF!
Name bb: #REF!
Name bb: #REF!
Name bb: #REF!
Name Beg_Bal: #REF!
Name Beg_Bal: #REF!
Name Beg_Bal: #REF!
Name Cash_Cr: #REF!
Name Cash_Cr: #REF!
Name Cash_Cr: #REF!
Name Cash_Dr: #REF!
Name Cash_Dr: #REF!
Name Cash_Dr: #REF!
Name cc: #REF!
Name cc: #REF!
Name cc: #REF!
Name ccc: #REF!
Name ccc: #REF!
Name ccc: #REF!
Name cft: #REF!
Name cr: #REF!
Name cr: #REF!
Name cr: #REF!
Name crs: #REF!
Name crs: #REF!
Name crs: #REF!
Name cvvvv: #REF!
Name cwer: #REF!
Name Data: #REF!
Name Data: #REF!
Name Data: #REF!
Name dd: #REF!
Name dd: #REF!
Name dd: #REF!

Sheet 4-Township Summary
A1: Maw La Myaing Region ( Townwise Report ) (2024, 2025) (BE Bottle & Liter)
A2: No | B2: TownShip | D2: 45292 | F2: 45323 | H2: 45352 | J2: 45383 | L2: 45413 | N2: 45444 | P2: 45474 | R2: 45505 | T2: 45536 | V2: 45566 | X2: 45597 | Z2: 45627 | AB2: 2024 Total | AD2: Average - 2024 | AF2: 45658 | AH2: 45689 | AJ2: 45717 | AL2: 45748 | AN2: 45778 | AP2: 45809 | AR2: 45839 | AT2: 45870 | AV2: 45901 | AX2: 45931 | AZ2: 45962 | BB2: 45992 | BD2: 2025 Total | BF2: Average - 2025 | BH2: 46023 | BJ2: 46054 | BL2: 46082 | BN2: 46113 | BP2: 46143 | BR2: 46174 | BT2: 46204 | BV2: 46235 | BX2: 46266 | BZ2: 46296 | CB2: 46327 | CD2: 46357 | CF2: 2026 Total | CH2: Average | CJ2: Town wise Contribution | CK2: Contirbution wise Priority Town
D3: Bottle | E3: Liter | F3: Bottle | G3: Liter | H3: Bottle | I3: Liter | J3: Bottle | K3: Liter | L3: Bottle | M3: Liter | N3: Bottle | O3: Liter | P3: Bottle | Q3: Liter | R3: Bottle | S3: Liter | T3: Bottle | U3: Liter | V3: Bottle | W3: Liter | X3: Bottle | Y3: Liter | Z3: Bottle | AA3: Liter | AB3: Bottle | AC3: Liter | AD3: Bottle | AE3: Liter | AF3: Bottle | AG3: Liter | AH3: Bottle | AI3: Liter | AJ3: Bottle | AK3: Liter | AL3: Bottle | AM3: Liter | AN3: Bottle | AO3: Liter | AP3: Bottle | AQ3: Liter | AR3: Bottle | AS3: Liter | AT3: Bottle | AU3: Liter | AV3: Bottle | AW3: Liter | AX3: Bottle | AY3: Liter | AZ3: Bottle | BA3: Liter | BB3: Bottle | BC3: Liter | BD3: Bottle | BE3: Liter | BH3: Bottle | BI3: Liter | BJ3: Bottle | BK3: Liter | BL3: Bottle | BM3: Liter | BN3: Bottle | BO3: Liter | BP3: Bottle | BQ3: Liter | BR3: Bottle | BS3: Liter | BT3: Bottle | BU3: Liter | BV3: Bottle | BW3: Liter | BX3: Bottle | BY3: Liter | BZ3: Bottle | CA3: Liter | CB3: Bottle | CC3: Liter | CD3: Bottle | CE3: Liter | CF3: Bottle | CG3: Liter | CH3: Bottle | CI3: Liter
A4: 1 | B4: Maw La Myaing | D4: ='4-MawLaMyaing'!F19 -> 56202 | E4: ='4-MawLaMyaing'!G19 -> 38107.8 | F4: ='4-MawLaMyaing'!I19 -> 45514 | G4: ='4-MawLaMyaing'!J19 -> 30964.96 | H4: ='4-MawLaMyaing'!L19 -> 53936 | I4: ='4-MawLaMyaing'!M19 -> 35894.96 | J4: ='4-MawLaMyaing'!O19 -> 63394 | K4: ='4-MawLaMyaing'!P19 -> 43411.76 | L4: ='4-MawLaMyaing'!R19 -> 63813 | M4: ='4-MawLaMyaing'!S19 -> 43308.06 | N4: ='4-MawLaMyaing'!U19 -> 71716 | O4: ='4-MawLaMyaing'!V19 -> 50823.76 | P4: ='4-MawLaMyaing'!X19 -> 64060 | Q4: ='4-MawLaMyaing'!Y19 -> 45375.28 | R4: ='4-MawLaMyaing'!AA19 -> 71562 | S4: ='4-MawLaMyaing'!AB19 -> 49290.24 | T4: ='4-MawLaMyaing'!AD19 -> 53115 | U4: ='4-MawLaMyaing'!AE19 -> 37443.42 | V4: ='4-MawLaMyaing'!AG19 -> 83208 | W4: ='4-MawLaMyaing'!AH19 -> 59850.12 | X4: ='4-MawLaMyaing'!AJ19 -> 64196 | Y4: ='4-MawLaMyaing'!AK19 -> 46431.08 | Z4: ='4-MawLaMyaing'!AM19 -> 70903 | AA4: ='4-MawLaMyaing'!AN19 -> 51537.46 | AB4: =SUM(D4+F4+H4+J4+L4+N4+P4+R4+T4+V4+X4+Z4) -> 761619 | AC4: =SUM(E4+G4+I4+K4+M4+O4+Q4+S4+U4+W4+Y4+AA4) -> 532438.9 | AD4: =AB4/12 -> 63468.25 | AE4: =AC4/12 -> 44369.908 | AF4: 72061 | AG4: 53802.46 | AH4: 73600 | AI4: 54732.04 | AJ4: 87386 | AK4: 62489.12 | AL4: 57052 | AM4: 40867.84 | AN4: 94218 | AO4: 73311.36 | AP4: 75020 | AQ4: 56777.6 | AR4: 69718 | AS4: 51481.12 | AT4: 73507 | AU4: 55470.07 | AV4: 71613 | AW4: 54656.99 | AX4: 70493 | AY4: 52464.3 | AZ4: 59132 | BA4: 44412.02 | BB4: 68033 | BC4: 50739.83 | BD4: =+AF4+AH4+AJ4+AL4+AN4+AP4+AR4+AT4+AV4+AX4+AZ4+BB4 -> 871833 | BE4: =+AG4+AI4+AK4+AM4+AO4+AQ4+AS4+AU4+AW4+AY4+BA4+BC4 -> 651204.75 | BF4: =BD4/12 -> 72652.75 | BG4: =BE4/12 -> 54267.062 | BH4: 56203 | BI4: 41060.67 | BJ4: 66607 | BK4: 50582.77 | BL4: 32373 | BM4: 24441.73 | CF4: =BH4+BJ4+BL4+BN4+BP4+BR4+BT4+BV4+BX4+BZ4+CB4+CD4 -> 155183 | CG4: =BI4+BK4+BM4+BO4+BQ4+BS4+BU4+BW4+BY4+CA4+CC4+CE4 -> 116085.17 | CH4: =CF4/2.5 -> 62073.2 | CI4: =CG4/2.5 -> 46434.068 | CJ4: =BF4/$BF$16% -> 23.315213 | CK4: 14
A5: 2 | B5: Hpa-an | D5: ='4-Hpa-An'!F18 -> 11846 | E5: ='4-Hpa-An'!G18 -> 8761.68 | F5: ='4-Hpa-An'!I18 -> 11808 | G5: ='4-Hpa-An'!J18 -> 8544.24 | H5: ='4-Hpa-An'!L18 -> 16834 | I5: ='4-Hpa-An'!M18 -> 11570.4 | J5: ='4-Hpa-An'!O18 -> 22252 | K5: ='4-Hpa-An'!P18 -> 15247.84 | L5: ='4-Hpa-An'!R18 -> 14478 | M5: ='4-Hpa-An'!S18 -> 10162.08 | N5: ='4-Hpa-An'!U18 -> 19720 | O5: ='4-Hpa-An'!V18 -> 13886 | P5: ='4-Hpa-An'!X18 -> 19380 | Q5: ='4-Hpa-An'!Y18 -> 13776.4 | R5: ='4-Hpa-An'!AA18 -> 21800 | S5: ='4-Hpa-An'!AB18 -> 15362.8 | T5: ='4-Hpa-An'!AD18 -> 17740 | U5: ='4-Hpa-An'!AE18 -> 13477.2 | V5: ='4-Hpa-An'!AG18 -> 17980 | W5: ='4-Hpa-An'!AH18 -> 13162.4 | X5: ='4-Hpa-An'!AJ18 -> 14780 | Y5: ='4-Hpa-An'!AK18 -> 10409.6 | Z5: ='4-Hpa-An'!AM18 -> 13940 | AA5: ='4-Hpa-An'!AN18 -> 9553.6 | AB5: =SUM(D5+F5+H5+J5+L5+N5+P5+R5+T5+V5+X5+Z5) -> 202558 | AC5: =SUM(E5+G5+I5+K5+M5+O5+Q5+S5+U5+W5+Y5+AA5) -> 143914.24 | AD5: =AB5/12 -> 16879.833 | AE5: =AC5/12 -> 11992.853 | AF5: 16350 | AG5: 12450 | AH5: 10260 | AI5: 7560 | AJ5: 27620 | AK5: 20108.4 | AL5: 8860 | AM5: 6145.6 | AN5: 12154 | AO5: 8842.56 | AP5: 21076 | AQ5: 15676.08 | AR5: 16294 | AS5: 12134 | AT5: 11930 | AU5: 9197.2 | AV5: 17376 | AW5: 12421.6 | AX5: 15760 | AY5: 11460.8 | AZ5: 18390 | BA5: 13928.4 | BB5: 10444 | BC5: 8218.4 | BD5: =+AF5+AH5+AJ5+AL5+AN5+AP5+AR5+AT5+AV5+AX5+AZ5+BB5 -> 186514 | BE5: =+AG5+AI5+AK5+AM5+AO5+AQ5+AS5+AU5+AW5+AY5+BA5+BC5 -> 138143.04 | BF5: =BD5/12 -> 15542.833 | BG5: =BE5/12 -> 11511.92 | BH5: 18556 | BI5: 14840.64 | BJ5: 13406 | BK5: 10399.2 | BL5: 11020 | BM5: 7744 | CF5: =BH5+BJ5+BL5+BN5+BP5+BR5+BT5+BV5+BX5+BZ5+CB5+CD5 -> 42982 | CG5: =BI5+BK5+BM5+BO5+BQ5+BS5+BU5+BW5+BY5+CA5+CC5+CE5 -> 32983.84 | CH5: =CF5/2.5 -> 17192.8 | CI5: =CG5/2.5 -> 13193.536 | CJ5: =BF5/$BF$16% -> 4.9878976 | CK5: 2
A6: 3 | B6: Paung | D6: ='4-Paung'!F13 -> 4546 | E6: ='4-Paung'!G13 -> 3030.4 | F6: ='4-Paung'!I13 -> 4120 | G6: ='4-Paung'!J13 -> 2636.8 | H6: ='4-Paung'!L13 -> 3532 | I6: ='4-Paung'!M13 -> 2260.48 | J6: ='4-Paung'!O13 -> 4980 | K6: ='4-Paung'!P13 -> 3398.88 | L6: ='4-Paung'!R13 -> 6232 | M6: ='4-Paung'!S13 -> 4054 | N6: ='4-Paung'!U13 -> 3020 | O6: ='4-Paung'!V13 -> 2084 | P6: ='4-Paung'!X13 -> 6164 | Q6: ='4-Paung'!Y13 -> 4040 | R6: ='4-Paung'!AA13 -> 5300 | S6: ='4-Paung'!AB13 -> 3518 | T6: ='4-Paung'!AD13 -> 4430 | U6: ='4-Paung'!AE13 -> 2939.6 | V6: ='4-Paung'!AG13 -> 3774 | W6: ='4-Paung'!AH13 -> 2462.16 | X6: ='4-Paung'!AJ13 -> 3782 | Y6: ='4-Paung'!AK13 -> 2518.4 | Z6: ='4-Paung'!AM13 -> 5250 | AA6: ='4-Paung'!AN13 -> 3360 | AB6: =SUM(D6+F6+H6+J6+L6+N6+P6+R6+T6+V6+X6+Z6) -> 55130 | AC6: =SUM(E6+G6+I6+K6+M6+O6+Q6+S6+U6+W6+Y6+AA6) -> 36302.72 | AD6: =AB6/12 -> 4594.1667 | AE6: =AC6/12 -> 3025.2267 | AF6: 5476 | AG6: 3571.6 | AH6: 5740 | AI6: 3738.4 | AJ6: 5880 | AK6: 3835.2 | AL6: 4766 | AM6: 3052.4 | AN6: 5836 | AO6: 3798.4 | AP6: 5326 | AQ6: 3410.8 | AR6: 5256 | AS6: 3366 | AT6: 2924 | AU6: 1898 | AV6: 4616 | AW6: 2960 | AX6: 1990 | AY6: 1273.6 | AZ6: 6932 | BA6: 4501.28 | BB6: 2970 | BC6: 1900.8 | BD6: =+AF6+AH6+AJ6+AL6+AN6+AP6+AR6+AT6+AV6+AX6+AZ6+BB6 -> 57712 | BE6: =+AG6+AI6+AK6+AM6+AO6+AQ6+AS6+AU6+AW6+AY6+BA6+BC6 -> 37306.48 | BF6: =BD6/12 -> 4809.3333 | BG6: =BE6/12 -> 3108.8733 | BH6: 4586 | BI6: 2998.4 | BJ6: 3150 | BK6: 2016 | BL6: 5206 | BM6: 3334 | CF6: =BH6+BJ6+BL6+BN6+BP6+BR6+BT6+BV6+BX6+BZ6+CB6+CD6 -> 12942 | CG6: =BI6+BK6+BM6+BO6+BQ6+BS6+BU6+BW6+BY6+CA6+CC6+CE6 -> 8348.4 | CH6: =CF6/2.5 -> 5176.8 | CI6: =CG6/2.5 -> 3339.36 | CJ6: =BF6/$BF$16% -> 1.5433777 | CK6: 11
A7: 4 | B7: Mudon | D7: ='4-Mu Don'!F8 -> 11340 | E7: ='4-Mu Don'!G8 -> 7257.6 | F7: ='4-Mu Don'!I8 -> 12306 | G7: ='4-Mu Don'!J8 -> 7875.84 | H7: ='4-Mu Don'!L8 -> 9870 | I7: ='4-Mu Don'!M8 -> 6316.8 | J7: ='4-Mu Don'!O8 -> 9842 | K7: ='4-Mu Don'!P8 -> 6298.88 | L7: ='4-Mu Don'!R8 -> 14826 | M7: ='4-Mu Don'!S8 -> 9488.64 | N7: ='4-Mu Don'!U8 -> 12180 | O7: ='4-Mu Don'!V8 -> 7795.2 | P7: ='4-Mu Don'!X8 -> 15400 | Q7: ='4-Mu Don'!Y8 -> 9856 | R7: ='4-Mu Don'!AA8 -> 11410 | S7: ='4-Mu Don'!AB8 -> 7302.4 | T7: ='4-Mu Don'!AD8 -> 9870 | U7: ='4-Mu Don'!AE8 -> 6316.8 | V7: ='4-Mu Don'!AG8 -> 14014 | W7: ='4-Mu Don'!AH8 -> 8968.96 | X7: ='4-Mu Don'!AJ8 -> 13484 | Y7: ='4-Mu Don'!AK8 -> 8629.76 | Z7: ='4-Mu Don'!AM8 -> 16160 | AA7: ='4-Mu Don'!AN8 -> 10342.4 | AB7: =SUM(D7+F7+H7+J7+L7+N7+P7+R7+T7+V7+X7+Z7) -> 150702 | AC7: =SUM(E7+G7+I7+K7+M7+O7+Q7+S7+U7+W7+Y7+AA7) -> 96449.28 | AD7: =AB7/12 -> 12558.5 | AE7: =AC7/12 -> 8037.44 | AF7: 18000 | AG7: 11520 | AH7: 15470 | AI7: 10116.8 | AJ7: 25462 | AK7: 16425.28 | AL7: 13890 | AM7: 8932.8 | AN7: 17472 | AO7: 11182.08 | AP7: 22736 | AQ7: 14551.04 | AR7: 16280 | AS7: 10635.2 | AT7: 13930 | AU7: 8915.2 | AV7: 16142 | AW7: 10330.88 | AX7: 20144 | AY7: 13626.56 | AZ7: 19950 | BA7: 13178.4 | BB7: 20996 | BC7: 13761.44 | BD7: =+AF7+AH7+AJ7+AL7+AN7+AP7+AR7+AT7+AV7+AX7+AZ7+BB7 -> 220472 | BE7: =+AG7+AI7+AK7+AM7+AO7+AQ7+AS7+AU7+AW7+AY7+BA7+BC7 -> 143175.68 | BF7: =BD7/12 -> 18372.667 | BG7: =BE7/12 -> 11931.307 | BH7: 17328 | BI7: 11400.96 | BJ7: 14072 | BK7: 9546.08 | BL7: 9770 | BM7: 6317.6 | CF7: =BH7+BJ7+BL7+BN7+BP7+BR7+BT7+BV7+BX7+BZ7+CB7+CD7 -> 41170 | CG7: =BI7+BK7+BM7+BO7+BQ7+BS7+BU7+BW7+BY7+CA7+CC7+CE7 -> 27264.64 | CH7: =CF7/2.5 -> 16468 | CI7: =CG7/2.5 -> 10905.856 | CJ7: =BF7/$BF$16% -> 5.8960279 | CK7: 8
A8: 5 | B8: ThaHtone | D8: ='4-ThaHtone'!F16 -> 25850 | E8: ='4-ThaHtone'!G16 -> 17150.24 | F8: ='4-ThaHtone'!I16 -> 21570 | G8: ='4-ThaHtone'!J16 -> 14078.4 | H8: ='4-ThaHtone'!L16 -> 23948 | I8: ='4-ThaHtone'!M16 -> 15737.12 | J8: ='4-ThaHtone'!O16 -> 28878 | K8: ='4-ThaHtone'!P16 -> 18844.8 | L8: ='4-ThaHtone'!R16 -> 19746 | M8: ='4-ThaHtone'!S16 -> 12889.44 | N8: ='4-ThaHtone'!U16 -> 23630 | O8: ='4-ThaHtone'!V16 -> 15368 | P8: ='4-ThaHtone'!X16 -> 23622 | Q8: ='4-ThaHtone'!Y16 -> 15262.08 | R8: ='4-ThaHtone'!AA16 -> 27836 | S8: ='4-ThaHtone'!AB16 -> 18085.76 | T8: ='4-ThaHtone'!AD16 -> 14486 | U8: ='4-ThaHtone'!AE16 -> 9530.24 | V8: ='4-ThaHtone'!AG16 -> 23086 | W8: ='4-ThaHtone'!AH16 -> 15174.64 | X8: ='4-ThaHtone'!AJ16 -> 12490 | Y8: ='4-ThaHtone'!AK16 -> 8112.4 | Z8: ='4-ThaHtone'!AM16 -> 13314 | AA8: ='4-ThaHtone'!AN16 -> 8875.2 | AB8: =SUM(D8+F8+H8+J8+L8+N8+P8+R8+T8+V8+X8+Z8) -> 258456 | AC8: =SUM(E8+G8+I8+K8+M8+O8+Q8+S8+U8+W8+Y8+AA8) -> 169108.32 | AD8: =AB8/12 -> 21538 | AE8: =AC8/12 -> 14092.36 | AF8: 10500 | AG8: 6720 | AH8: 17230 | AI8: 11304.4 | AJ8: 17144 | AK8: 11195.36 | AL8: 17402 | AM8: 11543.36 | AN8: 14050 | AO8: 9280 | AP8: 14250 | AQ8: 9156 | AR8: 16590 | AS8: 10718.4 | AT8: 18890 | AU8: 13205.6 | AV8: 12120 | AW8: 7828.8 | AX8: 12550 | AY8: 8140 | AZ8: 16978 | BA8: 11729.92 | BB8: 15180 | BC8: 10816.8 | BD8: =+AF8+AH8+AJ8+AL8+AN8+AP8+AR8+AT8+AV8+AX8+AZ8+BB8 -> 182884 | BE8: =+AG8+AI8+AK8+AM8+AO8+AQ8+AS8+AU8+AW8+AY8+BA8+BC8 -> 121638.64 | BF8: =BD8/12 -> 15240.333 | BG8: =BE8/12 -> 10136.553 | BH8: 8410 | BI8: 5785.6 | BJ8: 5400 | BK8: 3528 | BL8: 1200 | BM8: 840 | CF8: =BH8+BJ8+BL8+BN8+BP8+BR8+BT8+BV8+BX8+BZ8+CB8+CD8 -> 15010 | CG8: =BI8+BK8+BM8+BO8+BQ8+BS8+BU8+BW8+BY8+CA8+CC8+CE8 -> 10153.6 | CH8: =CF8/2.5 -> 6004 | CI8: =CG8/2.5 -> 4061.44 | CJ8: =BF8/$BF$16% -> 4.8908214 | CK8: 7
A9: 6 | B9: KawKareik | D9: ='4-KawKariek'!F7 -> 0 | E9: ='4-KawKariek'!G7 -> 0 | F9: ='4-KawKariek'!I7 -> 0 | G9: ='4-KawKariek'!J7 -> 0 | H9: ='4-KawKariek'!L7 -> 288 | I9: ='4-KawKariek'!M7 -> 201.6 | J9: ='4-KawKariek'!O7 -> 480 | K9: ='4-KawKariek'!P7 -> 336 | L9: ='4-KawKariek'!R7 -> 108 | M9: ='4-KawKariek'!S7 -> 75.6 | N9: ='4-KawKariek'!U7 -> 0 | O9: ='4-KawKariek'!V7 -> 0 | P9: ='4-KawKariek'!X7 -> 0 | Q9: ='4-KawKariek'!Y7 -> 0 | R9: ='4-KawKariek'!AA7 -> 0 | S9: ='4-KawKariek'!AB7 -> 0 | T9: ='4-KawKariek'!AD7 -> 0 | U9: ='4-KawKariek'!AE7 -> 0 | V9: ='4-KawKariek'!AG7 -> 0 | W9: ='4-KawKariek'!AH7 -> 0 | X9: ='4-KawKariek'!AJ7 -> 348 | Y9: ='4-KawKariek'!AK7 -> 243.6 | Z9: ='4-KawKariek'!AM7 -> 0 | AA9: ='4-KawKariek'!AN7 -> 0 | AB9: =SUM(D9+F9+H9+J9+L9+N9+P9+R9+T9+V9+X9+Z9) -> 1224 | AC9: =SUM(E9+G9+I9+K9+M9+O9+Q9+S9+U9+W9+Y9+AA9) -> 856.8 | AD9: =AB9/12 -> 102 | AE9: =AC9/12 -> 71.4 | AV9: 132 | AW9: 132 | AX9: 240 | AY9: 240 | BD9: =+AF9+AH9+AJ9+AL9+AN9+AP9+AR9+AT9+AV9+AX9+AZ9+BB9 -> 372 | BE9: =+AG9+AI9+AK9+AM9+AO9+AQ9+AS9+AU9+AW9+AY9+BA9+BC9 -> 372 | BF9: =BD9/12 -> 31 | BG9: =BE9/12 -> 31 | BH9: 120 | BI9: 120 | BJ9: 60 | BK9: 60 | CF9: =BH9+BJ9+BL9+BN9+BP9+BR9+BT9+BV9+BX9+BZ9+CB9+CD9 -> 180 | CG9: =BI9+BK9+BM9+BO9+BQ9+BS9+BU9+BW9+BY9+CA9+CC9+CE9 -> 180 | CH9: =CF9/2.5 -> 72 | CI9: =CG9/2.5 -> 72 | CJ9: =BF9/$BF$16% -> 0.0099483036 | CK9: 10
A10: 7 | B10: Yay | D10: ='4-Yaye'!F9 -> 169526 | E10: ='4-Yaye'!G9 -> 122709.44 | F10: ='4-Yaye'!I9 -> 146888 | G10: ='4-Yaye'!J9 -> 105106.4 | H10: ='4-Yaye'!L9 -> 191080 | I10: ='4-Yaye'!M9 -> 138966.4 | J10: ='4-Yaye'!O9 -> 181370 | K10: ='4-Yaye'!P9 -> 131329.28 | L10: ='4-Yaye'!R9 -> 192794 | M10: ='4-Yaye'!S9 -> 135816.8 | N10: ='4-Yaye'!U9 -> 181674 | O10: ='4-Yaye'!V9 -> 131823.36 | P10: ='4-Yaye'!X9 -> 174746 | Q10: ='4-Yaye'!Y9 -> 127749.44 | R10: ='4-Yaye'!AA9 -> 215318 | S10: ='4-Yaye'!AB9 -> 160760 | T10: ='4-Yaye'!AD9 -> 185158 | U10: ='4-Yaye'!AE9 -> 138980.8 | V10: ='4-Yaye'!AG9 -> 186142 | W10: ='4-Yaye'!AH9 -> 138640 | X10: ='4-Yaye'!AJ9 -> 135916 | Y10: ='4-Yaye'!AK9 -> 100888 | Z10: ='4-Yaye'!AM9 -> 175596 | AA10: ='4-Yaye'!AN9 -> 134620.8 | AB10: =SUM(D10+F10+H10+J10+L10+N10+P10+R10+T10+V10+X10+Z10) -> 2136208 | AC10: =SUM(E10+G10+I10+K10+M10+O10+Q10+S10+U10+W10+Y10+AA10) -> 1567390.7 | AD10: =AB10/12 -> 178017.33 | AE10: =AC10/12 -> 130615.89 | AF10: 164430 | AG10: 124740 | AH10: 167688 | AI10: 126108 | AJ10: 197792 | AK10: 147150.08 | AL10: 145772 | AM10: 103230.08 | AN10: 216684 | AO10: 162070.56 | AP10: 201666 | AQ10: 154869.6 | AR10: 188250 | AS10: 143419.2 | AT10: 179600 | AU10: 142354.4 | AV10: 186272 | AW10: 147484.16 | AX10: 176400 | AY10: 136785.6 | AZ10: 158310 | BA10: 126331.2 | BB10: 182410 | BC10: 147608.8 | BD10: =+AF10+AH10+AJ10+AL10+AN10+AP10+AR10+AT10+AV10+AX10+AZ10+BB10 -> 2165274 | BE10: =+AG10+AI10+AK10+AM10+AO10+AQ10+AS10+AU10+AW10+AY10+BA10+BC10 -> 1662151.7 | BF10: =BD10/12 -> 180439.5 | BG10: =BE10/12 -> 138512.64 | BH10: 184310 | BI10: 150164 | BJ10: 170230 | BK10: 135580 | BL10: 125522 | BM10: 105286.4 | CF10: =BH10+BJ10+BL10+BN10+BP10+BR10+BT10+BV10+BX10+BZ10+CB10+CD10 -> 480062 | CG10: =BI10+BK10+BM10+BO10+BQ10+BS10+BU10+BW10+BY10+CA10+CC10+CE10 -> 391030.4 | CH10: =CF10/2.5 -> 192024.8 | CI10: =CG10/2.5 -> 156412.16 | CJ10: =BF10/$BF$16% -> 57.905385 | CK10: 17
A11: 8 | B11: Phar Pun | D11: ='4-Phar Pon'!F8 -> 2800 | E11: ='4-Phar Pon'!G8 -> 1792 | F11: ='4-Phar Pon'!I8 -> 2800 | G11: ='4-Phar Pon'!J8 -> 1792 | H11: ='4-Phar Pon'!L8 -> 2800 | I11: ='4-Phar Pon'!M8 -> 1792 | J11: ='4-Phar Pon'!O8 -> 0 | K11: ='4-Phar Pon'!P8 -> 0 | L11: ='4-Phar Pon'!R8 -> 2800 | M11: ='4-Phar Pon'!S8 -> 1792 | N11: ='4-Phar Pon'!U8 -> 2800 | O11: ='4-Phar Pon'!V8 -> 1792 | P11: ='4-Phar Pon'!X8 -> 2800 | Q11: ='4-Phar Pon'!Y8 -> 1792 | R11: ='4-Phar Pon'!AA8 -> 2800 | S11: ='4-Phar Pon'!AB8 -> 1792 | T11: ='4-Phar Pon'!AD8 -> 2800 | U11: ='4-Phar Pon'!AE8 -> 1792 | V11: ='4-Phar Pon'!AG8 -> 2800 | W11: ='4-Phar Pon'!AH8 -> 1792 | X11: ='4-Phar Pon'!AJ8 -> 1400 | Y11: ='4-Phar Pon'!AK8 -> 896 | Z11: ='4-Phar Pon'!AM8 -> 0 | AA11: ='4-Phar Pon'!AN8 -> 0 | AB11: =SUM(D11+F11+H11+J11+L11+N11+P11+R11+T11+V11+X11+Z11) -> 26600 | AC11: =SUM(E11+G11+I11+K11+M11+O11+Q11+S11+U11+W11+Y11+AA11) -> 17024 | AD11: =AB11/12 -> 2216.6667 | AE11: =AC11/12 -> 1418.6667 | AF11: 560 | AG11: 358.4 | AJ11: 840 | AK11: 537.6 | AL11: 1680 | AM11: 1075.2 | AN11: 2800 | AO11: 1792 | AR11: 2800 | AS11: 1792 | AT11: 2800 | AU11: 1792 | AX11: 2800 | AY11: 1792 | BB11: 2800 | BC11: 1792 | BD11: =+AF11+AH11+AJ11+AL11+AN11+AP11+AR11+AT11+AV11+AX11+AZ11+BB11 -> 17080 | BE11: =+AG11+AI11+AK11+AM11+AO11+AQ11+AS11+AU11+AW11+AY11+BA11+BC11 -> 10931.2 | BF11: =BD11/12 -> 1423.3333 | BG11: =BE11/12 -> 910.93333 | CF11: =BH11+BJ11+BL11+BN11+BP11+BR11+BT11+BV11+BX11+BZ11+CB11+CD11 -> 0 | CG11: =BI11+BK11+BM11+BO11+BQ11+BS11+BU11+BW11+BY11+CA11+CC11+CE11 -> 0 | CH11: =CF11/2.5 -> 0 | CI11: =CG11/2.5 -> 0 | CJ11: =BF11/$BF$16% -> 0.4567662 | CK11: 19
A12: 9 | B12: Bagoda-3 | F12: ='4-Bagoda-3'!I8 -> 3800 | G12: ='4-Bagoda-3'!J8 -> 3296 | H12: ='4-Bagoda-3'!L8 -> 2400 | I12: ='4-Bagoda-3'!M8 -> 2400 | J12: ='4-Bagoda-3'!O8 -> 0 | K12: ='4-Bagoda-3'!P8 -> 0 | L12: ='4-Bagoda-3'!R8 -> 700 | M12: ='4-Bagoda-3'!S8 -> 448 | N12: ='4-Bagoda-3'!U8 -> 2600 | O12: ='4-Bagoda-3'!V8 -> 2096 | P12: ='4-Bagoda-3'!X8 -> 0 | Q12: ='4-Bagoda-3'!Y8 -> 0 | R12: ='4-Bagoda-3'!AA8 -> 0 | S12: ='4-Bagoda-3'!AB8 -> 0 | T12: ='4-Bagoda-3'!AD8 -> 0 | U12: ='4-Bagoda-3'!AE8 -> 0 | V12: ='4-Bagoda-3'!AG8 -> 0 | W12: ='4-Bagoda-3'!AH8 -> 0 | X12: ='4-Bagoda-3'!AJ8 -> 0 | Y12: ='4-Bagoda-3'!AK8 -> 0 | Z12: ='4-Bagoda-3'!AM8 -> 0 | AA12: ='4-Bagoda-3'!AN8 -> 0 | AB12: =SUM(D12+F12+H12+J12+L12+N12+P12+R12+T12+V12+X12+Z12) -> 9500 | AC12: =SUM(E12+G12+I12+K12+M12+O12+Q12+S12+U12+W12+Y12+AA12) -> 8240 | AD12: =AB12/12 -> 791.66667 | AE12: =AC12/12 -> 686.66667 | AF12: 2400 | AG12: 2400 | AH12: 140 | AI12: 89.6 | AR12: 2520 | AS12: 2520 | BB12: 2400 | BC12: 2400 | BD12: =+AF12+AH12+AJ12+AL12+AN12+AP12+AR12+AT12+AV12+AX12+AZ12+BB12 -> 7460 | BE12: =+AG12+AI12+AK12+AM12+AO12+AQ12+AS12+AU12+AW12+AY12+BA12+BC12 -> 7409.6 | BF12: =BD12/12 -> 621.66667 | BG12: =BE12/12 -> 617.46667 | CF12: =BH12+BJ12+BL12+BN12+BP12+BR12+BT12+BV12+BX12+BZ12+CB12+CD12 -> 0 | CG12: =BI12+BK12+BM12+BO12+BQ12+BS12+BU12+BW12+BY12+CA12+CC12+CE12 -> 0 | CH12: =CF12/2.5 -> 0 | CI12: =CG12/2.5 -> 0 | CJ12: =BF12/$BF$16% -> 0.19950093 | CK12: 5
A13: 10 | B13: Chang Sone | D13: ='4-Chang Sone'!F11 -> 2870 | E13: ='4-Chang Sone'!G11 -> 1836.8 | F13: ='4-Chang Sone'!I11 -> 1596 | G13: ='4-Chang Sone'!J11 -> 1053.12 | H13: ='4-Chang Sone'!L11 -> 1492 | I13: ='4-Chang Sone'!M11 -> 962.08 | J13: ='4-Chang Sone'!O11 -> 2010 | K13: ='4-Chang Sone'!P11 -> 1293.6 | L13: ='4-Chang Sone'!R11 -> 4026 | M13: ='4-Chang Sone'!S11 -> 2984.16 | N13: ='4-Chang Sone'!U11 -> 2080 | O13: ='4-Chang Sone'!V11 -> 1338.4 | P13: ='4-Chang Sone'!X11 -> 3040 | Q13: ='4-Chang Sone'!Y11 -> 1960 | R13: ='4-Chang Sone'!AA11 -> 2240 | S13: ='4-Chang Sone'!AB11 -> 1433.6 | T13: ='4-Chang Sone'!AD11 -> 1870 | U13: ='4-Chang Sone'!AE11 -> 1204 | V13: ='4-Chang Sone'!AG11 -> 3420 | W13: ='4-Chang Sone'!AH11 -> 2192.4 | X13: ='4-Chang Sone'!AJ11 -> 4900 | Y13: ='4-Chang Sone'!AK11 -> 3136 | Z13: ='4-Chang Sone'!AM11 -> 2930 | AA13: ='4-Chang Sone'!AN11 -> 1878.8 | AB13: =SUM(D13+F13+H13+J13+L13+N13+P13+R13+T13+V13+X13+Z13) -> 32474 | AC13: =SUM(E13+G13+I13+K13+M13+O13+Q13+S13+U13+W13+Y13+AA13) -> 21272.96 | AD13: =AB13/12 -> 2706.1667 | AE13: =AC13/12 -> 1772.7467 | AF13: 1590 | AG13: 1024.8 | AH13: 2486 | AI13: 1593.2 | AJ13: 2300 | AK13: 1475.6 | AL13: 700 | AM13: 448 | AN13: 2510 | AO13: 1610 | AP13: 2634 | AQ13: 1690.08 | AR13: 910 | AS13: 582.4 | AT13: 1936 | AU13: 1242.64 | AV13: 1860 | AW13: 1406.4 | AX13: 1310 | AY13: 845.6 | AZ13: 2240 | BA13: 1433.6 | BB13: 1400 | BC13: 896 | BD13: =+AF13+AH13+AJ13+AL13+AN13+AP13+AR13+AT13+AV13+AX13+AZ13+BB13 -> 21876 | BE13: =+AG13+AI13+AK13+AM13+AO13+AQ13+AS13+AU13+AW13+AY13+BA13+BC13 -> 14248.32 | BF13: =BD13/12 -> 1823 | BG13: =BE13/12 -> 1187.36 | BH13: 840 | BI13: 537.6 | BJ13: 840 | BK13: 537.6 | BL13: 1762 | BM13: 1132 | CF13: =BH13+BJ13+BL13+BN13+BP13+BR13+BT13+BV13+BX13+BZ13+CB13+CD13 -> 3442 | CG13: =BI13+BK13+BM13+BO13+BQ13+BS13+BU13+BW13+BY13+CA13+CC13+CE13 -> 2207.2 | CH13: =CF13/2.5 -> 1376.8 | CI13: =CG13/2.5 -> 882.88 | CJ13: =BF13/$BF$16% -> 0.58502443 | CK13: 3
A14: 11 | B14: Than Phyu ZaYat | D14: ='4-Than Phyu Zayat'!F8 -> 0 | E14: ='4-Than Phyu Zayat'!G8 -> 0 | F14: ='4-Than Phyu Zayat'!I8 -> 0 | G14: ='4-Than Phyu Zayat'!J8 -> 0 | H14: ='4-Than Phyu Zayat'!L8 -> 0 | I14: ='4-Than Phyu Zayat'!M8 -> 0 | J14: ='4-Than Phyu Zayat'!O8 -> 0 | K14: ='4-Than Phyu Zayat'!P8 -> 0 | N14: ='4-Than Phyu Zayat'!U8 -> 0 | O14: ='4-Than Phyu Zayat'!V8 -> 0 | P14: ='4-Than Phyu Zayat'!X8 -> 0 | Q14: ='4-Than Phyu Zayat'!Y8 -> 0 | R14: ='4-Than Phyu Zayat'!AA8 -> 0 | S14: ='4-Than Phyu Zayat'!AB8 -> 0 | T14: ='4-Than Phyu Zayat'!AD8 -> 0 | U14: ='4-Than Phyu Zayat'!AE8 -> 0 | V14: ='4-Than Phyu Zayat'!AG8 -> 0 | W14: ='4-Than Phyu Zayat'!AH8 -> 0 | X14: ='4-Than Phyu Zayat'!AJ8 -> 0 | Y14: ='4-Than Phyu Zayat'!AK8 -> 0 | Z14: ='4-Than Phyu Zayat'!AM8 -> 432 | AA14: ='4-Than Phyu Zayat'!AN8 -> 277.2 | AB14: =SUM(D14+F14+H14+J14+L14+N14+P14+R14+T14+V14+X14+Z14) -> 432 | AC14: =SUM(E14+G14+I14+K14+M14+O14+Q14+S14+U14+W14+Y14+AA14) -> 277.2 | AD14: =AB14/12 -> 36 | AE14: =AC14/12 -> 23.1 | AF14: 700 | AG14: 448 | AH14: 980 | AI14: 627.2 | AJ14: 700 | AK14: 448 | AN14: 700 | AO14: 448 | AR14: 714 | AS14: 462 | AT14: 700 | AU14: 448 | AV14: 420 | AW14: 268.8 | AX14: 700 | AY14: 448 | AZ14: 700 | BA14: 448 | BB14: 1540 | BC14: 985.6 | BD14: =+AF14+AH14+AJ14+AL14+AN14+AP14+AR14+AT14+AV14+AX14+AZ14+BB14 -> 7854 | BE14: =+AG14+AI14+AK14+AM14+AO14+AQ14+AS14+AU14+AW14+AY14+BA14+BC14 -> 5031.6 | BF14: =BD14/12 -> 654.5 | BG14: =BE14/12 -> 419.3 | BJ14: 714 | BK14: 456.96 | BL14: 736 | BM14: 484 | CF14: =BH14+BJ14+BL14+BN14+BP14+BR14+BT14+BV14+BX14+BZ14+CB14+CD14 -> 1450 | CG14: =BI14+BK14+BM14+BO14+BQ14+BS14+BU14+BW14+BY14+CA14+CC14+CE14 -> 940.96 | CH14: =CF14/2.5 -> 580 | CI14: =CG14/2.5 -> 376.384 | CJ14: =BF14/$BF$16% -> 0.21003757 | CK14: 18
A15: 12 | B15: Thein ZatYat | AB15: =SUM(D15+F15+H15+J15+L15+N15+P15+R15+T15+V15+X15+Z15) -> 0 | AC15: =SUM(E15+G15+I15+K15+M15+O15+Q15+S15+U15+W15+Y15+AA15) -> 0 | BH15: 8822 | BI15: 6618.08 | BJ15: 11420 | BK15: 8972 | BL15: 10256 | BM15: 7989.44 | CF15: =BH15+BJ15+BL15+BN15+BP15+BR15+BT15+BV15+BX15+BZ15+CB15+CD15 -> 30498 | CG15: =BI15+BK15+BM15+BO15+BQ15+BS15+BU15+BW15+BY15+CA15+CC15+CE15 -> 23579.52 | CH15: =CF15/2.5 -> 12199.2 | CI15: =CG15/2.5 -> 9431.808
B16: Wholesales Total | D16: =SUM(D4:D14) -> 284980 | E16: =SUM(E4:E14) -> 200645.96 | F16: =SUM(F4:F15) -> 250402 | G16: =SUM(G4:G15) -> 175347.76 | H16: =SUM(H4:H15) -> 306180 | I16: =SUM(I4:I15) -> 216101.84 | J16: =SUM(J4:J15) -> 313206 | K16: =SUM(K4:K15) -> 220161.04 | L16: =SUM(L4:L15) -> 319523 | M16: =SUM(M4:M15) -> 221018.78 | ... CI16: =SUM(CI4:CI15) -> 245109.49 | CJ16: 100%
CJ17: =292067-CJ16 -> 292066 | CK17: =292067-CK16 -> 292067
A18: No | B18: TownShip | C18: Van | D18: 45292 | F18: 45323 | H18: 45352 | J18: 45383 | L18: 45413 | N18: 45444 | P18: 45474 | R18: 45505 | T18: 45536 | V18: 45566 | X18: 45597 | Z18: 45627 | AB18: 2024 Total | AD18: Average - 2024 | AF18: 45658 | AH18: 45689 | AJ18: 45717 | AL18: 45748 | AN18: 45778 | AP18: 45809 | AR18: 45839 | AT18: 45870 | AV18: 45901 | AX18: 45931 | AZ18: 45962 | BB18: 45992 | BD18: 2025 Total | BF18: Average - 2025 | BH18: 46023 | BJ18: 46054 | BL18: 46082 | BN18: 46113 | BP18: 46143 | BR18: 46174 | BT18: 46204 | BV18: 46235 | BX18: 46266 | BZ18: 46296 | CB18: 46327 | CD18: 46357 | CF18: 2026 Total | CH18: Average | CJ18: Town wise Contribution | CK18: Contirbution wise Priority Town
D19: Bottle | E19: Liter | F19: Bottle | G19: Liter | H19: Bottle | I19: Liter | J19: Bottle | K19: Liter | L19: Bottle | M19: Liter | N19: Bottle | O19: Liter | P19: Bottle | Q19: Liter | R19: Bottle | S19: Liter | T19: Bottle | U19: Liter | V19: Bottle | W19: Liter | X19: Bottle | Y19: Liter | Z19: Bottle | AA19: Liter | AB19: Bottle | AC19: Liter | AD19: Bottle | AE19: Liter | AF19: Bottle | AG19: Liter | AH19: Bottle | AI19: Liter | AJ19: Bottle | AK19: Liter | AL19: Bottle | AM19: Liter | AN19: Bottle | AO19: Liter | AP19: Bottle | AQ19: Liter | AR19: Bottle | AS19: Liter | AT19: Bottle | AU19: Liter | AV19: Bottle | AW19: Liter | AX19: Bottle | AY19: Liter | AZ19: Bottle | BA19: Liter | BB19: Bottle | BC19: Liter | BD19: Bottle | BE19: Liter | BH19: Bottle | BI19: Liter | BJ19: Bottle | BK19: Liter | BL19: Bottle | BM19: Liter | BN19: Bottle | BO19: Liter | BP19: Bottle | BQ19: Liter | BR19: Bottle | BS19: Liter | BT19: Bottle | BU19: Liter | BV19: Bottle | BW19: Liter | BX19: Bottle | BY19: Liter | BZ19: Bottle | CA19: Liter | CB19: Bottle | CC19: Liter | CD19: Bottle | CE19: Liter | CF19: Bottle | CG19: Liter | CH19: Bottle | CI19: Liter
A20: 1 | B20: Maw La Myaing | C20: Van 3 | D20: 1470 | E20: 940.8 | F20: 348 | G20: 348 | H20: 1980 | I20: 1980 | J20: 2800 | K20: 1792 | L20: 1540 | M20: 985.6 | N20: 1534 | O20: 1202.8 | P20: 1750 | Q20: 1120 | T20: 2870 | U20: 1836.8 | V20: 8220 | W20: 6708 | X20: 3114 | Y20: 2286 | Z20: 5007 | AA20: 3927 | AB20: =SUM(D20+F20+H20+J20+L20+N20+P20+R20+T20+V20+X20+Z20) -> 30633 | AC20: =SUM(E20+G20+I20+K20+M20+O20+Q20+S20+U20+W20+Y20+AA20) -> 23127 | AD20: =AB20/12 -> 2552.75 | AE20: =AC20/12 -> 1927.25 | AF20: 893 | AG20: 789.98 | AH20: 1802 | AI20: 1587.8 | AJ20: 3310 | AK20: 2541.04 | AL20: 2214 | AM20: 1874.88 | AN20: 3798 | AO20: 3156.48 | AP20: 3578 | AQ20: 2731.28 | AR20: 2584 | AS20: 2306.8 | AT20: 3316 | AU20: 2796.67 | AV20: 2721 | AW20: 2265.95 | AX20: 3833 | AY20: 3158.46 | AZ20: 3152 | BA20: 2772.98 | BB20: 5759 | BC20: 4849.43 | BD20: =+AF20+AH20+AJ20+AL20+AN20+AP20+AR20+AT20+AV20+AX20+AZ20+BB20 -> 36960 | BE20: =+AG20+AI20+AK20+AM20+AO20+AQ20+AS20+AU20+AW20+AY20+BA20+BC20 -> 30831.75 | BF20: =BD20/12 -> 3080 | BG20: =BE20/12 -> 2569.3125 | BH20: 8355 | BI20: 6655.79 | BJ20: 8479 | BK20: 7355.89 | BL20: 6513 | BM20: 5368.45 | CF20: =BH20+BJ20+BL20+BN20+BP20+BR20+BT20+BV20+BX20+BZ20+CB20+CD20 -> 23347 | CG20: =BI20+BK20+BM20+BO20+BQ20+BS20+BU20+BW20+BY20+CA20+CC20+CE4 -> 19380.13 | CH20: =CF20/2.5 -> 9338.8 | CI20: =CG20/2.5 -> 7752.052 | CJ20: =IFERROR(BF20/$BF$32%,0) -> 32.774093 | CK20: 8
A21: 2 | B21: Hpa-an | C21: Van 2 | F21: 36 | G21: 25.2 | H21: 200 | I21: 70 | J21: 720 | K21: 504 | N21: 700 | O21: 448 | T21: 200 | U21: 70 | X21: 280 | Y21: 179.2 | Z21: 420 | AA21: 268.8 | AB21: =SUM(D21+F21+H21+J21+L21+N21+P21+R21+T21+V21+X21+Z21) -> 2556 | AC21: =SUM(E21+G21+I21+K21+M21+O21+Q21+S21+U21+W21+Y21+AA21) -> 1565.2 | AD21: =AB21/12 -> 213 | AE21: =AC21/12 -> 130.43333 | AH21: 120 | AI21: 120 | AJ21: 1940 | AK21: 1587.2 | AL21: 720 | AM21: 504 | AP21: 1200 | AQ21: 1200 | AT21: 360 | AU21: 584 | AZ21: 780 | BA21: 628.8 | BD21: =+AF21+AH21+AJ21+AL21+AN21+AP21+AR21+AT21+AV21+AX21+AZ21+BB21 -> 5120 | BE21: =+AG21+AI21+AK21+AM21+AO21+AQ21+AS21+AU21+AW21+AY21+BA21+BC21 -> 4624 | BF21: =BD21/12 -> 426.66667 | BG21: =BE21/12 -> 385.33333 | BH21: 2520 | BI21: 2520 | BJ21: 1040 | BK21: 910 | CF21: =BH21+BJ21+BL21+BN21+BP21+BR21+BT21+BV21+BX21+BZ21+CB21+CD21 -> 3560 | CG21: =BI21+BK21+BM21+BO21+BQ21+BS21+BU21+BW21+BY21+CA21+CC21+CE5 -> 3430 | CH21: =CF21/2.5 -> 1424 | CI21: =CG21/2.5 -> 1372 | CJ21: =IFERROR(BF21/$BF$32%,0) -> 4.5401341 | CK21: 14
A22: 3 | B22: Paung | C22: Van 2 | F22: 176 | G22: 114.8 | T22: 280 | U22: 179.2 | X22: 392 | Y22: 330.8 | Z22: 1250 | AA22: 800 | AB22: =SUM(D22+F22+H22+J22+L22+N22+P22+R22+T22+V22+X22+Z22) -> 2098 | AC22: =SUM(E22+G22+I22+K22+M22+O22+Q22+S22+U22+W22+Y22+AA22) -> 1424.8 | AD22: =AB22/12 -> 174.83333 | AE22: =AC22/12 -> 118.73333 | AH22: 176 | AI22: 114.8 | BD22: =+AF22+AH22+AJ22+AL22+AN22+AP22+AR22+AT22+AV22+AX22+AZ22+BB22 -> 176 | BE22: =+AG22+AI22+AK22+AM22+AO22+AQ22+AS22+AU22+AW22+AY22+BA22+BC22 -> 114.8 | BF22: =BD22/12 -> 14.666667 | BG22: =BE22/12 -> 9.5666667 | BH22: 3186 | BI22: 2102.4 | BJ22: 1970 | BK22: 1260.8 | BL22: 4506 | BM22: 2886 | CF22: =BH22+BJ22+BL22+BN22+BP22+BR22+BT22+BV22+BX22+BZ22+CB22+CD22 -> 9662 | CG22: =BI22+BK22+BM22+BO22+BQ22+BS22+BU22+BW22+BY22+CA22+CC22+CE6 -> 6249.2 | CH22: =CF22/2.5 -> 3864.8 | CI22: =CG22/2.5 -> 2499.68 | CJ22: =IFERROR(BF22/$BF$32%,0) -> 0.15606711 | CK22: 13
A23: 4 | B23: Mudon | C23: Van 1 | H23: 360 | I23: 360 | L23: 1288 | M23: 824.32 | P23: 700 | Q23: 448 | X23: 280 | Y23: 179.2 | Z23: 280 | AA23: 179.2 | AB23: =SUM(D23+F23+H23+J23+L23+N23+P23+R23+T23+V23+X23+Z23) -> 2908 | AC23: =SUM(E23+G23+I23+K23+M23+O23+Q23+S23+U23+W23+Y23+AA23) -> 1990.72 | AD23: =AB23/12 -> 242.33333 | AE23: =AC23/12 -> 165.89333 | AJ23: 360 | AK23: 360 | AN23: 1288 | AO23: 824.32 | AP23: 700 | AQ23: 448 | AR23: 1720 | AS23: 1316.8 | AT23: 1120 | AU23: 448 | AV23: 602 | AW23: 385.28 | AX23: 350 | AY23: 224 | AZ23: 700 | BA23: 448 | BB23: 1470 | BC23: 940.8 | BD23: =+AF23+AH23+AJ23+AL23+AN23+AP23+AR23+AT23+AV23+AX23+AZ23+BB23 -> 8310 | BE23: =+AG23+AI23+AK23+AM23+AO23+AQ23+AS23+AU23+AW23+AY23+BA23+BC23 -> 5395.2 | BF23: =BD23/12 -> 692.5 | BG23: =BE23/12 -> 449.6 | BH23: 4362 | BI23: 3016.32 | BJ23: 3338 | BK23: 2667.68 | BL23: 3060 | BM23: 2001.6 | CF23: =BH23+BJ23+BL23+BN23+BP23+BR23+BT23+BV23+BX23+BZ23+CB23+CD23 -> 10760 | CG23: =BI23+BK23+BM23+BO23+BQ23+BS23+BU23+BW23+BY23+CA23+CC23+CE7 -> 7685.6 | CH23: =CF23/2.5 -> 4304 | CI23: =CG23/2.5 -> 3074.24 | CJ23: =IFERROR(BF23/$BF$32%,0) -> 7.3688504 | CK23: 12
A24: 5 | B24: ThaHtone | C24: Van 1 | F24: 660 | G24: 436.8 | J24: 440 | K24: 299.6 | P24: 70 | Q24: 44.8 | Z24: 140 | AA24: 89.6 | AB24: =SUM(D24+F24+H24+J24+L24+N24+P24+R24+T24+V24+X24+Z24) -> 1310 | AC24: =SUM(E24+G24+I24+K24+M24+O24+Q24+S24+U24+W24+Y24+AA24) -> 870.8 | AD24: =AB24/12 -> 109.16667 | AE24: =AC24/12 -> 72.566667 | AH24: 660 | AI24: 436.8 | AL24: 440 | AM24: 299.6 | AR24: 980 | AS24: 627.2 | AV24: 700 | AW24: 448 | AZ24: 700 | BA24: 448 | BB24: 700 | BC24: 448 | BD24: =+AF24+AH24+AJ24+AL24+AN24+AP24+AR24+AT24+AV24+AX24+AZ24+BB24 -> 4180 | BE24: =+AG24+AI24+AK24+AM24+AO24+AQ24+AS24+AU24+AW24+AY24+BA24+BC24 -> 2707.6 | BF24: =BD24/12 -> 348.33333 | BG24: =BE24/12 -> 225.63333 | BH24: 4290 | BI24: 3069.6 | BJ24: 700 | BK24: 448 | CF24: =BH24+BJ24+BL24+BN24+BP24+BR24+BT24+BV24+BX24+BZ24+CB24+CD24 -> 4990 | CG24: =BI24+BK24+BM24+BO24+BQ24+BS24+BU24+BW24+BY24+CA24+CC24+CE8 -> 3517.6 | CH24: =CF24/2.5 -> 1996 | CI24: =CG24/2.5 -> 1407.04 | CJ24: =IFERROR(BF24/$BF$32%,0) -> 3.7065938 | CK24: 9
A25: 6 | B25: KawKareik | C25: Van 4 | R25: 168 | S25: 117.6 | AB25: =SUM(D25+F25+H25+J25+L25+N25+P25+R25+T25+V25+X25+Z25) -> 168 | AC25: =SUM(E25+G25+I25+K25+M25+O25+Q25+S25+U25+W25+Y25+AA25) -> 117.6 | AD25: =AB25/12 -> 14 | AE25: =AC25/12 -> 9.8 | AP25: 2160 | AQ25: 2160 | AV25: 12 | AW25: 12 | BD25: =+AF25+AH25+AJ25+AL25+AN25+AP25+AR25+AT25+AV25+AX25+AZ25+BB25 -> 2172 | BE25: =+AG25+AI25+AK25+AM25+AO25+AQ25+AS25+AU25+AW25+AY25+BA25+BC25 -> 2172 | BF25: =BD25/12 -> 181 | BG25: =BE25/12 -> 181 | BH25: 120 | BI25: 120 | BJ25: 60 | BK25: 60 | CF25: =BH25+BJ25+BL25+BN25+BP25+BR25+BT25+BV25+BX25+BZ25+CB25+CD25 -> 180 | CG25: =BI25+BK25+BM25+BO25+BQ25+BS25+BU25+BW25+BY25+CA25+CC25+CE9 -> 180 | CH25: =CF25/2.5 -> 72 | CI25: =CG25/2.5 -> 72 | CJ25: =IFERROR(BF25/$BF$32%,0) -> 1.92601 | CK25: 6
A26: 7 | B26: Yay | C26: Van 4 | F26: 640 | G26: 539.2 | H26: 1200 | I26: 1200 | L26: 8220 | M26: 6708 | N26: 1800 | O26: 1800 | V26: 1940 | W26: 1587.2 | Z26: 1520 | AA26: 1016 | AB26: =SUM(D26+F26+H26+J26+L26+N26+P26+R26+T26+V26+X26+Z26) -> 15320 | AC26: =SUM(E26+G26+I26+K26+M26+O26+Q26+S26+U26+W26+Y26+AA26) -> 12850.4 | AD26: =AB26/12 -> 1276.6667 | AE26: =AC26/12 -> 1070.8667 | AF26: 540 | AG26: 540 | AH26: 640 | AI26: 539.2 | AJ26: 1200 | AK26: 1200 | AN26: 8220 | AO26: 6708 | AR26: 4300 | AS26: 4048 | AT26: 5460 | AU26: 5308.8 | AV26: 3600 | AW26: 3600 | AX26: 8400 | AY26: 8400 | AZ26: 5320 | BA26: 5219.2 | BB26: 8080 | BC26: 7979.2 | BD26: =+AF26+AH26+AJ26+AL26+AN26+AP26+AR26+AT26+AV26+AX26+AZ26+BB26 -> 45760 | BE26: =+AG26+AI26+AK26+AM26+AO26+AQ26+AS26+AU26+AW26+AY26+BA26+BC26 -> 43542.4 | BF26: =BD26/12 -> 3813.3333 | BG26: =BE26/12 -> 3628.5333 | BH26: 11160 | BI26: 11160 | BJ26: 7280 | BK26: 6776 | BL26: 5100 | BM26: 5100 | CF26: =BH26+BJ26+BL26+BN26+BP26+BR26+BT26+BV26+BX26+BZ26+CB26+CD26 -> 23540 | CG26: =BI26+BK26+BM26+BO26+BQ26+BS26+BU26+BW26+BY26+CA26+CC26+CE10 -> 23036 | CH26: =CF26/2.5 -> 9416 | CI26: =CG26/2.5 -> 9214.4 | CJ26: =IFERROR(BF26/$BF$32%,0) -> 40.577448 | CK26: 11
A27: 8 | B27: Phar Pun | C27: Van 4 | AB27: =SUM(D27+F27+H27+J27+L27+N27+P27+R27+T27+V27+X27+Z27) -> 0 | AC27: =SUM(E27+G27+I27+K27+M27+O27+Q27+S27+U27+W27+Y27+AA27) -> 0 | AD27: =AB27/12 -> 0 | AE27: =AC27/12 -> 0 | BD27: =+AF27+AH27+AJ27+AL27+AN27+AP27+AR27+AT27+AV27+AX27+AZ27+BB27 -> 0 | BE27: =+AG27+AI27+AK27+AM27+AO27+AQ27+AS27+AU27+AW27+AY27+BA27+BC27 -> 0 | BF27: =BD27/12 -> 0 | BG27: =BE27/12 -> 0 | CF27: =BH27+BJ27+BL27+BN27+BP27+BR27+BT27+BV27+BX27+BZ27+CB27+CD27 -> 0 | CG27: =BI27+BK27+BM27+BO27+BQ27+BS27+BU27+BW27+BY27+CA27+CC27+CE11 -> 0 | CH27: =CF27/2.5 -> 0 | CI27: =CG27/2.5 -> 0 | CJ27: =IFERROR(BF27/$BF$32%,0) -> 0 | CK27: 5
A28: 9 | B28: Bagoda-3 | C28: Van 5 | V28: 700 | W28: 448 | AB28: =SUM(D28+F28+H28+J28+L28+N28+P28+R28+T28+V28+X28+Z28) -> 700 | AC28: =SUM(E28+G28+I28+K28+M28+O28+Q28+S28+U28+W28+Y28+AA28) -> 448 | AD28: =AB28/12 -> 58.333333 | AE28: =AC28/12 -> 37.333333 | BD28: =+AF28+AH28+AJ28+AL28+AN28+AP28+AR28+AT28+AV28+AX28+AZ28+BB28 -> 0 | BE28: =+AG28+AI28+AK28+AM28+AO28+AQ28+AS28+AU28+AW28+AY28+BA28+BC28 -> 0 | BF28: =BD28/12 -> 0 | BG28: =BE28/12 -> 0 | CF28: =BH28+BJ28+BL28+BN28+BP28+BR28+BT28+BV28+BX28+BZ28+CB28+CD28 -> 0 | CG28: =BI28+BK28+BM28+BO28+BQ28+BS28+BU28+BW28+BY28+CA28+CC28+CE12 -> 0 | CH28: =CF28/2.5 -> 0 | CI28: =CG28/2.5 -> 0 | CJ28: =IFERROR(BF28/$BF$32%,0) -> 0 | CK28: 2
A29: 10 | B29: Chang Sone | C29: Van 9 | D29: 700 | E29: 448 | H29: 350 | I29: 224 | X29: 3360 | Y29: 2150.4 | Z29: 1670 | AA29: 1072.4 | AB29: =SUM(D29+F29+H29+J29+L29+N29+P29+R29+T29+V29+X29+Z29) -> 6080 | AC29: =SUM(E29+G29+I29+K29+M29+O29+Q29+S29+U29+W29+Y29+AA29) -> 3894.8 | AD29: =AB29/12 -> 506.66667 | AE29: =AC29/12 -> 324.56667 | AF29: 560 | AG29: 358.4 | AJ29: 350 | AK29: 224 | AP29: 420 | AQ29: 268.8 | AX29: 420 | AY29: 268.8 | AZ29: 70 | BA29: 44.8 | BB29: 420 | BC29: 268.8 | BD29: =+AF29+AH29+AJ29+AL29+AN29+AP29+AR29+AT29+AV29+AX29+AZ29+BB29 -> 2240 | BE29: =+AG29+AI29+AK29+AM29+AO29+AQ29+AS29+AU29+AW29+AY29+BA29+BC29 -> 1433.6 | BF29: =BD29/12 -> 186.66667 | BG29: =BE29/12 -> 119.46667 | BH29: 840 | BI29: 537.6 | BJ29: 840 | BK29: 537.6 | BL29: 1762 | BM29: 1132 | CF29: =BH29+BJ29+BL29+BN29+BP29+BR29+BT29+BV29+BX29+BZ29+CB29+CD29 -> 3442 | CG29: =BI29+BK29+BM29+BO29+BQ29+BS29+BU29+BW29+BY29+CA29+CC29+CE13 -> 2207.2 | CH29: =CF29/2.5 -> 1376.8 | CI29: =CG29/2.5 -> 882.88 | CJ29: =IFERROR(BF29/$BF$32%,0) -> 1.9863087 | CK29: 1
A30: 11 | B30: Than Phyu ZaYat | C30: Van 6 | AB30: =SUM(D30+F30+H30+J30+L30+N30+P30+R30+T30+V30+X30+Z30) -> 0 | AC30: =SUM(E30+G30+I30+K30+M30+O30+Q30+S30+U30+W30+Y30+AA30) -> 0 | AD30: =AB30/12 -> 0 | AE30: =AC30/12 -> 0 | AF30: 700 | AG30: 448 | AH30: 980 | AI30: 627.2 | AJ30: 700 | AK30: 448 | AN30: 700 | AO30: 448 | AR30: 714 | AS30: 462 | AT30: 700 | AU30: 448 | AV30: 420 | AW30: 268.8 | AX30: 700 | AY30: 448 | AZ30: 700 | BA30: 448 | BB30: 1540 | BC30: 985.6 | BD30: =+AF30+AH30+AJ30+AL30+AN30+AP30+AR30+AT30+AV30+AX30+AZ30+BB30 -> 7854 | BE30: =+AG30+AI30+AK30+AM30+AO30+AQ30+AS30+AU30+AW30+AY30+BA30+BC30 -> 5031.6 | BF30: =BD30/12 -> 654.5 | BG30: =BE30/12 -> 419.3 | BJ30: 714 | BK30: 456.96 | BL30: 736 | BM30: 484 | CF30: =BH30+BJ30+BL30+BN30+BP30+BR30+BT30+BV30+BX30+BZ30+CB30+CD30 -> 1450 | CG30: =BI30+BK30+BM30+BO30+BQ30+BS30+BU30+BW30+BY30+CA30+CC30+CE14 -> 940.96 | CH30: =CF30/2.5 -> 580 | CI30: =CG30/2.5 -> 376.384 | CJ30: =IFERROR(BF30/$BF$32%,0) -> 6.9644947 | CK30: 7
A31: 12 | B31: Thein ZatYat | C31: Van 6 | AB31: =SUM(D31+F31+H31+J31+L31+N31+P31+R31+T31+V31+X31+Z31) -> 0 | AC31: =SUM(E31+G31+I31+K31+M31+O31+Q31+S31+U31+W31+Y31+AA31) -> 0 | BH31: 28 | BI31: 17.92 | BJ31: 300 | BK31: 300 | CF31: =BH31+BJ31+BL31+BN31+BP31+BR31+BT31+BV31+BX31+BZ31+CB31+CD31 -> 328 | CG31: =BI31+BK31+BM31+BO31+BQ31+BS31+BU31+BW31+BY31+CA31+CC31+CE15 -> 317.92 | CH31: =CF31/2.5 -> 131.2 | CI31: =CG31/2.5 -> 127.168
B32: Market Total | D32: =SUM(D20:D30) -> 2170 | E32: =SUM(E20:E30) -> 1388.8 | F32: =SUM(F20:F31) -> 1860 | G32: =SUM(G20:G31) -> 1464 | H32: =SUM(H20:H31) -> 4090 | I32: =SUM(I20:I31) -> 3834 | J32: =SUM(J20:J31) -> 3960 | K32: =SUM(K20:K31) -> 2595.6 | L32: =SUM(L20:L31) -> 11048 | M32: =SUM(M20:M31) -> 8517.92 | ... CI32: =SUM(CI20:CI31) -> 26777.844 | CJ32: 100%
A34: Sale Data Percentage
A35: No | B35: TownShip | D35: 45292 | F35: 45323 | H35: 45352 | J35: 45383 | L35: 45413 | N35: 45444 | P35: 45474 | R35: 45505 | T35: 45536 | V35: 45566 | X35: 45597 | Z35: 45627 | AB35: 2024 Total | AD35: Average - 2024 | AF35: 45658 | AH35: 45689 | AJ35: 45717 | AL35: 45748 | AN35: 45778 | AP35: 45809 | AR35: 45839 | AT35: 45870 | AV35: 45901 | AX35: 45931 | AZ35: 45962 | BB35: 45992 | BD35: 2025 Total | BF35: Average - 2025 | BH35: 46023 | BJ35: 46054 | BL35: 46082 | BN35: 46113 | BP35: 46143 | BR35: 46174 | BT35: 46204 | BV35: 46235 | BX35: 46266 | BZ35: 46296 | CB35: 46327 | CD35: 46357 | CF35: 2026 Total | CH35: Average | CJ35: Town wise Contribution | CK35: Contirbution wise Priority Town
D36: Bottle | E36: Liter | F36: Bottle | G36: Liter | H36: Bottle | I36: Liter | J36: Bottle | K36: Liter | L36: Bottle | M36: Liter | N36: Bottle | O36: Liter | P36: Bottle | Q36: Liter | R36: Bottle | S36: Liter | T36: Bottle | U36: Liter | V36: Bottle | W36: Liter | X36: Bottle | Y36: Liter | Z36: Bottle | AA36: Liter | AB36: Bottle | AC36: Liter | AD36: Bottle | AE36: Liter | AF36: Bottle | AG36: Liter | AH36: Bottle | AI36: Liter | AJ36: Bottle | AK36: Liter | AL36: Bottle | AM36: Liter | AN36: Bottle | AO36: Liter | AP36: Bottle | AQ36: Liter | AR36: Bottle | AS36: Liter | AT36: Bottle | AU36: Liter | AV36: Bottle | AW36: Liter | AX36: Bottle | AY36: Liter | AZ36: Bottle | BA36: Liter | BB36: Bottle | BC36: Liter | BD36: Bottle | BE36: Liter | BF36: Bottle | BG36: Liter | BH36: Bottle | BI36: Liter | BJ36: Bottle | BK36: Liter | BL36: Bottle | BM36: Liter | BN36: Bottle | BO36: Liter | BP36: Bottle | BQ36: Liter | BR36: Bottle | BS36: Liter | BT36: Bottle | BU36: Liter | BV36: Bottle | BW36: Liter | BX36: Bottle | BY36: Liter | BZ36: Bottle | CA36: Liter | CB36: Bottle | CC36: Liter | CD36: Bottle | CE36: Liter | CF36: Bottle | CG36: Liter | CH36: Bottle | CI36: Liter
A37: 1 | B37: Wholesales | D37: =D16-D32 -> 282810 | E37: =E16-E32 -> 199257.16 | F37: =F16-F32 -> 248542 | G37: =G16-G32 -> 173883.76 | H37: =H16-H32 -> 302090 | I37: =I16-I32 -> 212267.84 | J37: =J16-J32 -> 309246 | K37: =K16-K32 -> 217565.44 | ... CI37: =CI16-CI32 -> 218331.65
A38: 2 | B38: Market | D38: =D32 -> 2170 | E38: =E32 -> 1388.8 | F38: =F32 -> 1860 | G38: =G32 -> 1464 | H38: =H32 -> 4090 | I38: =I32 -> 3834 | J38: =J32 -> 3960 | K38: =K32 -> 2595.6 | ... CI38: =CI32 -> 26777.844
A39: Total Sales | D39: =SUM(D37:D38) -> 284980 | E39: =SUM(E37:E38) -> 200645.96 | F39: =SUM(F37:F38) -> 250402 | G39: =SUM(G37:G38) -> 175347.76 | H39: =SUM(H37:H38) -> 306180 | I39: =SUM(I37:I38) -> 216101.84 | J39: =SUM(J37:J38) -> 313206 | K39: =SUM(K37:K38) -> 220161.04 | ... CI39: =SUM(CI37:CI38) -> 245109.49
A40: 1 | B40: Wholesales (%) | D40: =D37/D39 -> 0.99238543 | E40: =E37/E39 -> 0.99307836 | F40: =F37/F39 -> 0.99257194 | G40: =G37/G39 -> 0.99165088 | H40: =H37/H39 -> 0.98664184 | I40: =I37/I39 -> 0.98225836 | J40: =J37/J39 -> 0.98735656 | K40: =K37/K39 -> 0.98821045 | ... CI40: =CI37/CI39 -> 0.8907515
A41: 2 | B41: Market (%) | D41: =D38/D39 -> 0.0076145694 | E41: =E38/E39 -> 0.0069216445 | F41: =F38/F39 -> 0.0074280557 | G41: =G38/G39 -> 0.0083491229 | H41: =H38/H39 -> 0.013358155 | I41: =I38/I39 -> 0.017741635 | J41: =J38/J39 -> 0.012643436 | K41: =K38/K39 -> 0.011789552 | ... CI41: =CI38/CI39 -> 0.1092485

Sheet 4--Township summary
A2: No | B2: TownShip | C2: Van | D2: 2024 Average | F2: Mawlamyaing Report (2025) | AG2: Town wise Contribution | AH2: Contirbution wise Priority Town
F3: January | H3: February | J3: March | L3: April | N3: May | P3: June | R3: July | T3: August | V3: September | X3: October | Z3: November | AB3: December | AD3: Jan to Dec | AF3: Average
D4: BT | E4: Liter | F4: BT | G4: Liter | H4: BT | I4: Liter | J4: BT | K4: Liter | L4: BT | M4: Liter | N4: BT | O4: Liter | P4: BT | Q4: Liter | R4: BT | S4: Liter | T4: BT | U4: Liter | V4: BT | W4: Liter | X4: BT | Y4: Liter | Z4: BT | AA4: Liter | AB4: BT | AC4: Liter | AD4: BT | AE4: Liter
A5: 1 | B5: Maw La Myaing | D5: 63709 | E5: 40522 | F5: 72061 | G5: 53802.46 | H5: 73600 | I5: 54732.04 | J5: 87386 | K5: 62489.12 | L5: 57052 | M5: 40867.84 | N5: 94218 | O5: 73311.36 | P5: 40456 | Q5: 32318.8 | AD5: =+F5+H5+J5+L5+N5+P5+R5+T5+V5+X5+Z5+AB5 -> 424773 | AE5: =+G5+I5+K5+M5+O5+Q5+S5+U5+W5+Y5+AA5+AC5 -> 317521.62 | AF5: =AD5/6 -> 70795.5 | AG5: =AF5/$AF$22% -> 25.32739 | AH5: 2
A6: 2 | B6: Hpa-an | D6: 16330 | E6: 11066 | F6: 16350 | G6: 12450 | H6: 10260 | I6: 7560 | J6: 27620 | K6: 20108.4 | L6: 8860 | M6: 6145.6 | N6: 12154 | O6: 8842.56 | P6: 16344 | Q6: 12015.6 | AD6: =+F6+H6+J6+L6+N6+P6+R6+T6+V6+X6+Z6+AB6 -> 91588 | AE6: =+G6+I6+K6+M6+O6+Q6+S6+U6+W6+Y6+AA6+AC6 -> 67122.16 | AF6: =AD6/6 -> 15264.667 | AG6: =AF6/$AF$22% -> 5.4609991 | AH6: 3
A7: 3 | B7: Paung | D7: 4617 | E7: 3022 | F7: 5476 | G7: 3571.6 | H7: 5740 | I7: 3738.4 | J7: 5880 | K7: 3835.2 | L7: 4766 | M7: 3052.4 | N7: 5836 | O7: 3798.4 | P7: 3056 | Q7: 1958 | AD7: =+F7+H7+J7+L7+N7+P7+R7+T7+V7+X7+Z7+AB7 -> 30754 | AE7: =+G7+I7+K7+M7+O7+Q7+S7+U7+W7+Y7+AA7+AC7 -> 19954 | AF7: =AD7/6 -> 5125.6667 | AG7: =AF7/$AF$22% -> 1.8337289 | AH7: 5
A8: 4 | B8: Mudon | D8: 12859 | E8: 8229 | F8: 18000 | G8: 11520 | H8: 15470 | I8: 10116.8 | J8: 25462 | K8: 16425.28 | L8: 13890 | M8: 8932.8 | N8: 17472 | O8: 11182.08 | P8: 10374 | Q8: 6639.36 | AD8: 18000 | AE8: =+G8+I8+K8+M8+O8+Q8+S8+U8+W8+Y8+AA8+AC8 -> 64816.32 | AF8: =AD8/6 -> 3000 | AG8: =AF8/$AF$22% -> 1.0732627 | AH8: 6
A9: 5 | B9: ThaHtone | D9: 21740 | E9: 14194 | F9: 10500 | G9: 6720 | H9: 17230 | I9: 11304.4 | J9: 17144 | K9: 11195.36 | L9: 17402 | M9: 11543.36 | N9: 14050 | O9: 9280 | P9: 7250 | Q9: 4676 | AD9: =+F9+H9+J9+L9+N9+P9+R9+T9+V9+X9+Z9+AB9 -> 83576 | AE9: =+G9+I9+K9+M9+O9+Q9+S9+U9+W9+Y9+AA9+AC9 -> 54719.12 | AF9: =AD9/6 -> 13929.333 | AG9: =AF9/$AF$22% -> 4.983278 | AH9: 4
A10: 6 | B10: KawKareik | D10: 146 | E10: 3605 | AD10: =+F10+H10+J10+L10+N10+P10+R10+T10+V10+X10+Z10+AB10 -> 0 | AE10: =+G10+I10+K10+M10+O10+Q10+S10+U10+W10+Y10+AA10+AC10 -> 0 | AF10: =AD10/6 -> 0 | AG10: =AF10/$AF$22% -> 0 | AH10: 8
A11: 7 | B11: Yay | D11: 178316 | E11: 129850 | F11: 164430 | G11: 124740 | H11: 167688 | I11: 126108 | J11: 197792 | K11: 147150.08 | L11: 145772 | M11: 103230.08 | N11: 216684 | O11: 162070.56 | P11: 113550 | Q11: 87316.8 | AD11: =+F11+H11+J11+L11+N11+P11+R11+T11+V11+X11+Z11+AB11 -> 1005916 | AE11: =+G11+I11+K11+M11+O11+Q11+S11+U11+W11+Y11+AA11+AC11 -> 750615.52 | AF11: =AD11/6 -> 167652.67 | AG11: =AF11/$AF$22% -> 59.978451 | AH11: 1
A12: 8 | B12: Phar Pun | D12: 2252 | E12: 1453 | F12: 560 | G12: 358.4 | J12: 840 | K12: 537.6 | L12: 1680 | M12: 1075.2 | N12: 2800 | O12: 1792 | AD12: =+F12+H12+J12+L12+N12+P12+R12+T12+V12+X12+Z12+AB12 -> 5880 | AE12: =+G12+I12+K12+M12+O12+Q12+S12+U12+W12+Y12+AA12+AC12 -> 3763.2 | AF12: =AD12/6 -> 980 | AG12: =AF12/$AF$22% -> 0.35059915 | AH12: 9
A13: 9 | B13: Bagoda-3 | D13: 733 | E13: 649 | F13: 2400 | G13: 2400 | H13: 140 | I13: 89.6 | AD13: =+F13+H13+J13+L13+N13+P13+R13+T13+V13+X13+Z13+AB13 -> 2540 | AE13: =+G13+I13+K13+M13+O13+Q13+S13+U13+W13+Y13+AA13+AC13 -> 2489.6 | AF13: =AD13/6 -> 423.33333 | AG13: =AF13/$AF$22% -> 0.15144929 | AH13: 10
A14: 10 | B14: Chang Sone | D14: 2719 | E14: 1745 | F14: 1590 | G14: 1024.8 | H14: 2486 | I14: 1593.2 | J14: 2300 | K14: 1475.6 | L14: 700 | M14: 448 | N14: 2510 | O14: 1610 | P14: 1436 | Q14: 921.2 | AD14: =+F14+H14+J14+L14+N14+P14+R14+T14+V14+X14+Z14+AB14 -> 11022 | AE14: =+G14+I14+K14+M14+O14+Q14+S14+U14+W14+Y14+AA14+AC14 -> 7072.8 | AF14: =AD14/6 -> 1837 | AG14: =AF14/$AF$22% -> 0.65719453 | AH14: 7
A15: 11 | B15: Than Phyu ZaYat | D15: 36 | E15: 23 | F15: 700 | G15: 448 | H15: 980 | I15: 627.2 | J15: 700 | K15: 448 | N15: 700 | O15: 448 | AD15: =+F15+H15+J15+L15+N15+P15+R15+T15+V15+X15+Z15+AB15 -> 3080 | AE15: =+G15+I15+K15+M15+O15+Q15+S15+U15+W15+Y15+AA15+AC15 -> 1971.2 | AF15: =AD15/6 -> 513.33333 | AG15: =AF15/$AF$22% -> 0.18364717 | AH15: 11
A16: 15 | AD16: =SUM(F16:AC16) -> 0 | AF16: =AD16/10 -> 0 | AG16: =AF16/$AF$22% -> 0 | AH16: 13
A17: 16 | AD17: =SUM(F17:AC17) -> 0 | AF17: =AD17/10 -> 0 | AG17: =AF17/$AF$22% -> 0 | AH17: 9
A18: 17 | AD18: =SUM(F18:AC18) -> 0 | AF18: =AD18/10 -> 0 | AG18: =AF18/$AF$22% -> 0 | AH18: 12
A19: 18 | AD19: =SUM(F19:AC19) -> 0 | AF19: =AD19/10 -> 0 | AG19: =AF19/$AF$22% -> 0 | AH19: 4
A20: 19 | AD20: =SUM(F20:AC20) -> 0 | AF20: =AD20/10 -> 0 | AG20: =AF20/$AF$22% -> 0 | AH20: 15
B22: Wholesales Total | D22: =SUM(D5:D15) -> 303457 | E22: =SUM(E5:E15) -> 214358 | F22: =SUM(F5:F21) -> 292067 | G22: =SUM(G5:G21) -> 217035.26 | H22: =SUM(H5:H21) -> 293594 | I22: =SUM(I5:I21) -> 215869.64 | J22: =SUM(J5:J21) -> 365124 | K22: =SUM(K5:K21) -> 263664.64 | L22: =SUM(L5:L21) -> 250122 | M22: =SUM(M5:M21) -> 175295.28 | ... AF22: =SUM(AF5:AF21) -> 279521.5 | AG22: 100%
A24: No | B24: TownShip | C24: Van | F24: Market ( Townwise Report ) (2025) | AG24: Town wise Contribution | AH24: Contirbution wise Priority Town
D25: 2024 Average | F25: January | H25: February | J25: March | L25: April | N25: May | P25: June | R25: July | T25: August | V25: September | X25: October | Z25: November | AB25: December | AD25: Jan to Dec | AF25: Average
D26: BT | E26: Liter | F26: BT | G26: Liter | H26: BT | I26: Liter | J26: BT | K26: Liter | L26: BT | M26: Liter | N26: BT | O26: Liter | P26: BT | Q26: Liter | R26: BT | S26: Liter | T26: BT | U26: Liter | V26: BT | W26: Liter | X26: BT | Y26: Liter | Z26: BT | AA26: Liter | AB26: BT | AC26: Liter | AD26: BT | AE26: Liter
A27: 1 | B27: Maw La Myaing | C27: Van 3 | D27: 8730.5 | F27: 893 | G27: 789.98 | H27: 1802 | I27: 1587.8 | J27: 3310 | K27: 2541.04 | L27: 2214 | M27: 1874.88 | N27: 3798 | O27: 3156.48 | P27: 1534 | Q27: 1202.8 | AD27: =+F27+H27+J27+L27+N27+P27+R27+T27+V27+X27+Z27+AB27 -> 13551 | AE27: =+G27+I27+K27+M27+O27+Q27+S27+U27+W27+Y27+AA27+AC27 -> 11152.98 | AF27: =AD27/5 -> 2710.2 | AG27: =IFERROR(AF27/$AF$42%,0) -> 36.778396 | AH27: 1
A28: 2 | B28: Hpa-an | C28: Van 2 | D28: 1710 | H28: 120 | I28: 120 | J28: 1940 | K28: 1587.2 | L28: 720 | M28: 504 | P28: 1200 | Q28: 1200 | AD28: =+F28+H28+J28+L28+N28+P28+R28+T28+V28+X28+Z28+AB28 -> 3980 | AE28: =+G28+I28+K28+M28+O28+Q28+S28+U28+W28+Y28+AA28+AC28 -> 3411.2 | AF28: =AD28/5 -> 796 | AG28: =IFERROR(AF28/$AF$42%,0) -> 10.802008 | AH28: 2
A29: 3 | B29: Paung | C29: Van 2 | D29: 1358 | H29: 176 | I29: 114.8 | AD29: =+F29+H29+J29+L29+N29+P29+R29+T29+V29+X29+Z29+AB29 -> 176 | AE29: =+G29+I29+K29+M29+O29+Q29+S29+U29+W29+Y29+AA29+AC29 -> 114.8 | AF29: =AD29/5 -> 35.2 | AG29: =IFERROR(AF29/$AF$42%,0) -> 0.47767675 | AH29: 8
A30: 4 | B30: Mudon | C30: Van 1 | D30: 6160 | J30: 360 | K30: 360 | N30: 1288 | O30: 824.32 | AD30: =+F30+H30+J30+L30+N30+P30+R30+T30+V30+X30+Z30+AB30 -> 1648 | AE30: =+G30+I30+K30+M30+O30+Q30+S30+U30+W30+Y30+AA30+AC30 -> 1184.32 | AF30: =AD30/5 -> 329.6 | AG30: =IFERROR(AF30/$AF$42%,0) -> 4.4727914 | AH30: 7
A31: 5 | B31: ThaHtone | C31: Van 1 | D31: 389 | H31: 660 | I31: 436.8 | L31: 440 | M31: 299.6 | AD31: =+F31+H31+J31+L31+N31+P31+R31+T31+V31+X31+Z31+AB31 -> 1100 | AE31: =+G31+I31+K31+M31+O31+Q31+S31+U31+W31+Y31+AA31+AC31 -> 736.4 | AF31: =AD31/5 -> 220 | AG31: =IFERROR(AF31/$AF$42%,0) -> 2.9854797 | AH31: 5
A32: 6 | B32: KawKareik | C32: Van 4 | D32: 0 | AD32: =+F32+H32+J32+L32+N32+P32+R32+T32+V32+X32+Z32+AB32 -> 0 | AE32: =+G32+I32+K32+M32+O32+Q32+S32+U32+W32+Y32+AA32+AC32 -> 0 | AF32: =AD32/5 -> 0 | AG32: =IFERROR(AF32/$AF$42%,0) -> 0 | AH32: 9
A33: 7 | B33: Yay | C33: Van 4 | D33: 5548 | F33: 540 | G33: 540 | H33: 640 | I33: 539.2 | J33: 1200 | K33: 1200 | N33: 8220 | O33: 6708 | P33: 1800 | Q33: 1800 | AD33: =+F33+H33+J33+L33+N33+P33+R33+T33+V33+X33+Z33+AB33 -> 12400 | AE33: =+G33+I33+K33+M33+O33+Q33+S33+U33+W33+Y33+AA33+AC33 -> 10787.2 | AF33: =AD33/5 -> 2480 | AG33: =IFERROR(AF33/$AF$42%,0) -> 33.654499 | AH33: 4
A34: 8 | B34: Phar Pun | C34: Van 4 | D34: 0 | AD34: =+F34+H34+J34+L34+N34+P34+R34+T34+V34+X34+Z34+AB34 -> 0 | AE34: =+G34+I34+K34+M34+O34+Q34+S34+U34+W34+Y34+AA34+AC34 -> 0 | AF34: =AD34/5 -> 0 | AG34: =IFERROR(AF34/$AF$42%,0) -> 0 | AH34: 10
A35: 9 | B35: Bagoda-3 | C35: Van 5 | D35: 0 | AD35: =+F35+H35+J35+L35+N35+P35+R35+T35+V35+X35+Z35+AB35 -> 0 | AE35: =+G35+I35+K35+M35+O35+Q35+S35+U35+W35+Y35+AA35+AC35 -> 0 | AF35: =AD35/5 -> 0 | AG35: =IFERROR(AF35/$AF$42%,0) -> 0 | AH35: 11
A36: 10 | B36: Chang Sone | C36: Van 9 | D36: 2515 | F36: 560 | G36: 358.4 | J36: 350 | K36: 224 | AD36: =+F36+H36+J36+L36+N36+P36+R36+T36+V36+X36+Z36+AB36 -> 910 | AE36: =+G36+I36+K36+M36+O36+Q36+S36+U36+W36+Y36+AA36+AC36 -> 582.4 | AF36: =AD36/5 -> 182 | AG36: =IFERROR(AF36/$AF$42%,0) -> 2.4698059 | AH36: 6
A37: 11 | B37: Than Phyu ZaYat | C37: Van 6 | D37: 216 | F37: 700 | G37: 448 | H37: 980 | I37: 627.2 | J37: 700 | K37: 448 | N37: 700 | O37: 448 | AD37: =+F37+H37+J37+L37+N37+P37+R37+T37+V37+X37+Z37+AB37 -> 3080 | AE37: =+G37+I37+K37+M37+O37+Q37+S37+U37+W37+Y37+AA37+AC37 -> 1971.2 | AF37: =AD37/5 -> 616 | AG37: =IFERROR(AF37/$AF$42%,0) -> 8.3593432 | AH37: 3
A38: 12 | C38: Van 8 | D38: 216 | AD38: =SUM(F38:AC38) -> 0 | AG38: =IFERROR(AF38/$AF$42%,0) -> 0 | AH38: 4
A39: 13 | C39: Van 7 | AD39: =SUM(F39:AC39) -> 0 | AG39: =IFERROR(AF39/$AF$42%,0) -> 0 | AH39: 3
A40: 14 | C40: Van 4 | AD40: =SUM(F40:AC40) -> 0 | AG40: =IFERROR(AF40/$AF$42%,0) -> 0 | AH40: 10
B42: Market Total | D42: =SUM(D27:D37) -> 26626.5 | F42: =SUM(F27:F41) -> 2693 | G42: =SUM(G27:G41) -> 2136.38 | H42: =SUM(H27:H41) -> 4378 | I42: =SUM(I27:I41) -> 3425.8 | J42: =SUM(J27:J41) -> 7860 | K42: =SUM(K27:K41) -> 6360.24 | L42: =SUM(L27:L41) -> 3374 | M42: =SUM(M27:M41) -> 2678.48 | ... AF42: =SUM(AF27:AF41) -> 7369 | AG42: 100%
A44: Sale Data Percentage
D45: 2024 Average | F45: January | H45: February | J45: March | L45: April | N45: May | P45: June | R45: July | T45: August | V45: September | X45: October | Z45: November | AB45: December
A46: No | B46: Names | D46: BT | E46: Liter | F46: BT | G46: Liter | H46: BT | I46: Liter | J46: BT | K46: Liter | L46: BT | M46: Liter | N46: BT | O46: Liter | P46: BT | Q46: Liter | R46: BT | S46: Liter | T46: BT | U46: Liter | V46: BT | W46: Liter | X46: BT | Y46: Liter | Z46: BT | AA46: Liter | AB46: BT | AC46: Liter
A47: 1 | B47: Wholesales | D47: =D22-D42 -> 276830.5 | E47: =E22 -> 214358 | F47: =F22-F42 -> 289374 | G47: =G22-G42 -> 214898.88 | H47: =H22-H42 -> 289216 | I47: =I22-I42 -> 212443.84 | J47: =J22-J42 -> 357264 | K47: =K22-K42 -> 257304.4 | L47: =L22-L42 -> 246748 | M47: =M22-M42 -> 172616.8 | ... R47: =R22-R42 -> 0 | T47: =T22-T42 -> 0 | V47: =V22-V42 -> 0 | X47: =X22-X42 -> 0 | Z47: =Z22-Z42 -> 0 | AC47: =AC22-AC42 -> 0
A48: 2 | B48: Market | D48: =D42 -> 26626.5 | F48: =F42 -> 2693 | G48: =G42 -> 2136.38 | H48: =H42 -> 4378 | I48: =I42 -> 3425.8 | J48: =J42 -> 7860 | K48: =K42 -> 6360.24 | L48: =L42 -> 3374 | M48: =M42 -> 2678.48 | ... AF48: =AF42 -> 7369
A49: Total Sales | D49: =SUM(D47:D48) -> 303457 | E49: =SUM(E47:E48) -> 214358 | F49: =SUM(F47:F48) -> 292067 | G49: =SUM(G47:G48) -> 217035.26 | H49: =SUM(H47:H48) -> 293594 | I49: =SUM(I47:I48) -> 215869.64 | J49: =SUM(J47:J48) -> 365124 | K49: =SUM(K47:K48) -> 263664.64 | ... R49: =SUM(R47:R48) -> 0 | T49: =SUM(T47:T48) -> 0 | V49: =SUM(V47:V48) -> 0 | X49: =SUM(X47:X48) -> 0 | Z49: =SUM(Z47:Z48) -> 0 | AC49: =SUM(AC47:AC48) -> 0
A50: 1 | B50: Wholesales (%) | D50: =D47/D49 -> 0.9122561 | E50: =E47/E49 -> 1 | F50: =F47/F49 -> 0.99077951 | G50: =G47/G49 -> 0.99015653 | H50: =H47/H49 -> 0.98508825 | I50: =I47/I49 -> 0.98413024 | J50: =J47/J49 -> 0.97847307 | K50: =K47/K49 -> 0.97587754 | ... AF50: =AF47/AF49 -> #DIV/0!
A51: 2 | B51: Market (%) | D51: =D48/D49 -> 0.087743898 | E51: =E48/E49 -> 0 | F51: =F48/F49 -> 0.0092204871 | G51: =G48/G49 -> 0.0098434697 | H51: =H48/H49 -> 0.014911749 | I51: =I48/I49 -> 0.015869763 | J51: =J48/J49 -> 0.021526933 | K51: =K48/K49 -> 0.024122461 | ... AF51: =AF48/AF49 -> #DIV/0!

Sheet 4-MawLaMyaing
B1: 2024 - Sales Details MLM (MawLaMyaing)
A3: စဉ် | B3: အမျိုးအမည် | C3: Li | D3: Packing | E3: January | H3: February | K3: March | N3: April | Q3: May | T3: June | W3: July | Z3: August | AC3: September | AF3: October | AI3: November | AL3: December | AO3: Total
E4: Pk | F4: BT | G4: Liter | H4: Pk | I4: BT | J4: Liter. | K4: Pk | L4: BT | M4: Liter. | N4: Pk | O4: BT | P4: Liter. | Q4: Pk | R4: BT | S4: Liter. | T4: Pk | U4: BT | V4: Liter. | W4: Pk | X4: BT | Y4: Liter. | Z4: Pk | AA4: BT | AB4: Liter. | AC4: Pk | AD4: BT | AE4: Liter. | AF4: Pk | AG4: BT | AH4: Liter. | AI4: Pk | AJ4: BT | AK4: Liter. | AL4: Pk | AM4: BT | AN4: Liter. | AO4: Pk | AP4: BT | AQ4: Liter.
A5: 1 | B5: "Zay" Vodka 700-ml | C5: 0.7 | D5: 1 * 12 | E5: 6 | F5: 72 | G5: =F5*C5 -> 50.4 | I5: 0 | J5: =I5*C5 -> 0 | K5: 15 | L5: 180 | M5: =L5*C5 -> 126 | N5: 1 | O5: 12 | P5: =O5*C5 -> 8.4 | Q5: 24 | R5: 288 | S5: =R5*C5 -> 201.6 | T5: 32 | U5: 384 | V5: =U5*C5 -> 268.8 | W5: 38 | X5: 456 | Y5: =X5*C5 -> 319.2 | Z5: 45 | AA5: 540 | AB5: =AA5*C5 -> 378 | AC5: 18 | AD5: 216 | AE5: =AD5*C5 -> 151.2 | AF5: 8 | AG5: 96 | AH5: =AG5*C5 -> 67.2 | AI5: 15 | AJ5: 180 | AK5: =AJ5*C5 -> 126 | AL5: 8 | AM5: 90 | AN5: =AM5*C5 -> 63 | AO5: =E5+H5+K5+N5+Q5+T5+W5+Z5+AC5+AF5+AI5+AL5 -> 210 | AP5: =F5+I5+L5+O5+R5+U5+X5+AA5+AD5+AG5+AJ5+AM5 -> 2514 | AQ5: =G5+J5+M5+P5+S5+V5+Y5+AB5+AE5+AH5+AK5+AN5 -> 1759.8
A6: 3 | B6: "Zay" (1 Liter) | C6: 1 | D6: 1 * 12 | E6: 90 | F6: 1080 | G6: =F6*C6 -> 1080 | H6: 29 | I6: 348 | J6: =I6*C6 -> 348 | K6: 149 | L6: 1788 | M6: =L6*C6 -> 1788 | N6: 91 | O6: 1092 | P6: =O6*C6 -> 1092 | Q6: 55 | R6: 660 | S6: =R6*C6 -> 660 | T6: 51 | U6: 612 | V6: =U6*C6 -> 612 | W6: 99 | X6: 1188 | Y6: =X6*C6 -> 1188 | Z6: 80 | AA6: 960 | AB6: =AA6*C6 -> 960 | AC6: 35 | AD6: 420 | AE6: =AD6*C6 -> 420 | AF6: 100 | AG6: 1200 | AH6: =AG6*C6 -> 1200 | AI6: 211 | AJ6: 2532 | AK6: =AJ6*C6 -> 2532 | AL6: 136 | AM6: 1632 | AN6: =AM6*C6 -> 1632 | AO6: =E6+H6+K6+N6+Q6+T6+W6+Z6+AC6+AF6+AI6+AL6 -> 1126 | AP6: =F6+I6+L6+O6+R6+U6+X6+AA6+AD6+AG6+AJ6+AM6 -> 13512 | AQ6: =G6+J6+M6+P6+S6+V6+Y6+AB6+AE6+AH6+AK6+AN6 -> 13512
A7: 4 | B7: "Zay" (0.6 Liter) | C7: 0.6 | D7: 1 * 12 | G7: =F7*C7 -> 0 | J7: =I7*C7 -> 0 | M7: =L7*C7 -> 0 | P7: =O7*C7 -> 0 | S7: =R7*C7 -> 0 | V7: =U7*C7 -> 0 | Y7: =X7*C7 -> 0 | Z7: 3 | AA7: 36 | AB7: =AA7*C7 -> 21.6 | AE7: =AD7*C7 -> 0 | AH7: =AG7*C7 -> 0 | AK7: =AJ7*C7 -> 0 | AN7: =AM7*C7 -> 0 | AO7: =E7+H7+K7+N7+Q7+T7+W7+Z7+AC7+AF7+AI7+AL7 -> 3 | AP7: =F7+I7+L7+O7+R7+U7+X7+AA7+AD7+AG7+AJ7+AM7 -> 36 | AQ7: =G7+J7+M7+P7+S7+V7+Y7+AB7+AE7+AH7+AK7+AN7 -> 21.6
A8: 5 | B8: "Zay" (0.35 Liter) | C8: 0.35 | D8: 1 * 40 | E8: 0 | K8: 0 | M8: =L8*C8 -> 0 | N8: 10 | O8: 400 | P8: =O8*C8 -> 140 | Q8: 0 | S8: =R8*C8 -> 0 | T8: 0 | V8: =U8*C8 -> 0 | Y8: =X8*C8 -> 0 | AB8: =AA8*C8 -> 0 | AE8: =AD8*C8 -> 0 | AH8: =AG8*C8 -> 0 | AK8: =AJ8*C8 -> 0 | AN8: =AM8*C8 -> 0 | AO8: =E8+H8+K8+N8+Q8+T8+W8+Z8+AC8+AF8+AI8+AL8 -> 10 | AP8: =F8+I8+L8+O8+R8+U8+X8+AA8+AD8+AG8+AJ8+AM8 -> 400 | AQ8: =G8+J8+M8+P8+S8+V8+Y8+AB8+AE8+AH8+AK8+AN8 -> 140
A9: 6 | B9: "Zay" Vodka- 640ml | C9: 0.64 | D9: 1 * 14 | E9: 1999 | F9: 27986 | G9: =F9*C9 -> 17911.04 | H9: 1435 | I9: 20090 | J9: =I9*C9 -> 12857.6 | K9: 2013 | L9: 28182 | M9: =L9*C9 -> 18036.48 | N9: 2113 | O9: 29582 | P9: =O9*C9 -> 18932.48 | Q9: 1910 | R9: 26740 | S9: =R9*C9 -> 17113.6 | T9: 634 | U9: 31696 | V9: =U9*C9 -> 20285.44 | W9: 599 | X9: 29932 | Y9: =X9*C9 -> 19156.48 | Z9: 2253 | AA9: 31542 | AB9: =AA9*C9 -> 20186.88 | AC9: 1601 | AD9: 22414 | AE9: =AD9*C9 -> 14344.96 | AF9: 2782 | AG9: 38948 | AH9: =AG9*C9 -> 24926.72 | AI9: 1712 | AJ9: 23968 | AK9: =AJ9*C9 -> 15339.52 | AL9: 1855 | AM9: 25970 | AN9: =AM9*C9 -> 16620.8 | AO9: =E9+H9+K9+N9+Q9+T9+W9+Z9+AC9+AF9+AI9+AL9 -> 20906 | AP9: =F9+I9+L9+O9+R9+U9+X9+AA9+AD9+AG9+AJ9+AM9 -> 337050 | AQ9: =G9+J9+M9+P9+S9+V9+Y9+AB9+AE9+AH9+AK9+AN9 -> 215712
A10: 7 | B10: Kaung Kyi (1 Liter)_25% | C10: 1 | D10: 1 * 12 | G10: =F10*C10 -> 0 | J10: =I10*C10 -> 0 | M10: =L10*C10 -> 0 | P10: =O10*C10 -> 0 | S10: =R10*C10 -> 0 | V10: =U10*C10 -> 0 | Y10: =X10*C10 -> 0 | AB10: =AA10*C10 -> 0 | AE10: =AD10*C10 -> 0 | AH10: =AG10*C10 -> 0 | AK10: =AJ10*C10 -> 0 | AN10: =AM10*C10 -> 0 | AO10: =E10+H10+K10+N10+Q10+T10+W10+Z10+AC10+AF10+AI10+AL10 -> 0 | AP10: =F10+I10+L10+O10+R10+U10+X10+AA10+AD10+AG10+AJ10+AM10 -> 0 | AQ10: =G10+J10+M10+P10+S10+V10+Y10+AB10+AE10+AH10+AK10+AN10 -> 0
A11: 8 | B11: Zayawaddy Red(1 Liter)30% | C11: 1 | D11: 1 * 12 | E11: 402 | F11: 4824 | G11: =F11*C11 -> 4824 | H11: 375 | I11: 4500 | J11: =I11*C11 -> 4500 | K11: 165 | L11: 1980 | M11: =L11*C11 -> 1980 | N11: 591 | O11: 7092 | P11: =O11*C11 -> 7092 | Q11: 510 | R11: 6120 | S11: =R11*C11 -> 6120 | T11: 1080 | U11: 12960 | V11: =U11*C11 -> 12960 | W11: 905 | X11: 10860 | Y11: =X11*C11 -> 10860 | Z11: 700 | AA11: 8400 | AB11: =AA11*C11 -> 8400 | AC11: 750 | AD11: 9000 | AE11: =AD11*C11 -> 9000 | AF11: 1410 | AG11: 16920 | AH11: =AG11*C11 -> 16920 | AI11: 1012 | AJ11: 12144 | AK11: =AJ11*C11 -> 12144 | AL11: 1253 | AM11: 15036 | AN11: =AM11*C11 -> 15036 | AO11: =E11+H11+K11+N11+Q11+T11+W11+Z11+AC11+AF11+AI11+AL11 -> 9153 | AP11: =F11+I11+L11+O11+R11+U11+X11+AA11+AD11+AG11+AJ11+AM11 -> 109836 | AQ11: =G11+J11+M11+P11+S11+V11+Y11+AB11+AE11+AH11+AK11+AN11 -> 109836
A12: 9 | B12: Zeyawaddy Rum (43%) | C12: 0.64 | D12: 1 * 14 | E12: 105 | F12: 1470 | G12: =F12*C12 -> 940.8 | H12: 102 | I12: 1428 | J12: =I12*C12 -> 913.92 | K12: 120 | L12: 1680 | M12: =L12*C12 -> 1075.2 | N12: 200 | O12: 2800 | P12: =O12*C12 -> 1792 | Q12: 110 | R12: 1540 | S12: =R12*C12 -> 985.6 | T12: 145 | U12: 2030 | V12: =U12*C12 -> 1299.2 | W12: 125 | X12: 1750 | Y12: =X12*C12 -> 1120 | Z12: 180 | AA12: 2520 | AB12: =AA12*C12 -> 1612.8 | AC12: 60 | AD12: 840 | AE12: =AD12*C12 -> 537.6 | AF12: 110 | AG12: 1540 | AH12: =AG12*C12 -> 985.6 | AI12: 175 | AJ12: 2450 | AK12: =AJ12*C12 -> 1568 | AL12: 100 | AM12: 1400 | AN12: =AM12*C12 -> 896 | AO12: =E12+H12+K12+N12+Q12+T12+W12+Z12+AC12+AF12+AI12+AL12 -> 1532 | AP12: =F12+I12+L12+O12+R12+U12+X12+AA12+AD12+AG12+AJ12+AM12 -> 21448 | AQ12: =G12+J12+M12+P12+S12+V12+Y12+AB12+AE12+AH12+AK12+AN12 -> 13726.72
A13: 10 | B13: Zayawaddy Red | C13: 0.64 | D13: 1 * 14 | E13: 384 | F13: 5376 | G13: =F13*C13 -> 3440.64 | H13: 406 | I13: 5684 | J13: =I13*C13 -> 3637.76 | K13: 390 | L13: 5460 | M13: =L13*C13 -> 3494.4 | N13: 512 | O13: 7168 | P13: =O13*C13 -> 4587.52 | Q13: 476 | R13: 6664 | S13: =R13*C13 -> 4264.96 | T13: 611 | U13: 8554 | V13: =U13*C13 -> 5474.56 | W13: 348 | X13: 4872 | Y13: =X13*C13 -> 3118.08 | Z13: 936 | AA13: 13104 | AB13: =AA13*C13 -> 8386.56 | AC13: 205 | AD13: 2870 | AE13: =AD13*C13 -> 1836.8 | AF13: 511 | AG13: 7154 | AH13: =AG13*C13 -> 4578.56 | AI13: 490 | AJ13: 6860 | AK13: =AJ13*C13 -> 4390.4 | AL13: 816 | AM13: 11424 | AN13: 7311.36 | AO13: =E13+H13+K13+N13+Q13+T13+W13+Z13+AC13+AF13+AI13+AL13 -> 6085 | AP13: =F13+I13+L13+O13+R13+U13+X13+AA13+AD13+AG13+AJ13+AM13 -> 85190 | AQ13: =G13+J13+M13+P13+S13+V13+Y13+AB13+AE13+AH13+AK13+AN13 -> 54521.6
A14: 11 | B14: Dagon Tamarind (1 Liter) | C14: 1 | D14: 1 * 12 | E14: 2 | F14: 24 | G14: =F14*C14 -> 24 | H14: 21 | I14: 252 | J14: =I14*C14 -> 252 | K14: 2 | L14: 24 | M14: =L14*C14 -> 24 | N14: 2 | O14: 24 | P14: =O14*C14 -> 24 | Q14: 2 | R14: 24 | S14: =R14*C14 -> 24 | T14: 3 | U14: 36 | V14: =U14*C14 -> 36 | W14: 2 | X14: 24 | Y14: =X14*C14 -> 24 | Z14: 18 | AA14: 216 | AB14: =AA14*C14 -> 216 | AC14: 10 | AD14: 120 | AE14: =AD14*C14 -> 120 | AF14: 15 | AG14: 180 | AH14: =AG14*C14 -> 180 | AI14: 11 | AJ14: 132 | AK14: =AJ14*C14 -> 132 | AL14: 35 | AM14: 420 | AN14: =AM14*C14 -> 420 | AO14: =E14+H14+K14+N14+Q14+T14+W14+Z14+AC14+AF14+AI14+AL14 -> 123 | AP14: =F14+I14+L14+O14+R14+U14+X14+AA14+AD14+AG14+AJ14+AM14 -> 1476 | AQ14: =G14+J14+M14+P14+S14+V14+Y14+AB14+AE14+AH14+AK14+AN14 -> 1476
A15: 12 | B15: Dagon Pineapple | C15: 0.64 | D15: 1 * 14 | E15: 28 | F15: 392 | G15: =F15*C15 -> 250.88 | H15: 18 | I15: 252 | J15: =I15*C15 -> 161.28 | K15: 19 | L15: 266 | M15: =L15*C15 -> 170.24 | N15: 34 | O15: 476 | P15: =O15*C15 -> 304.64 | Q15: 20 | R15: 280 | S15: =R15*C15 -> 179.2 | T15: 36 | U15: 504 | V15: =U15*C15 -> 322.56 | W15: 37 | X15: 518 | Y15: =X15*C15 -> 331.52 | AA15: 0 | AB15: =AA15*C15 -> 0 | AC15: 11 | AD15: 154 | AE15: =AD15*C15 -> 98.56 | AF15: 14 | AG15: 196 | AH15: =AG15*C15 -> 125.44 | AI15: 26 | AJ15: 364 | AK15: =AJ15*C15 -> 232.96 | AL15: 10 | AM15: 140 | AN15: =AM15*C15 -> 89.6 | AO15: =E15+H15+K15+N15+Q15+T15+W15+Z15+AC15+AF15+AI15+AL15 -> 253 | AP15: =F15+I15+L15+O15+R15+U15+X15+AA15+AD15+AG15+AJ15+AM15 -> 3542 | AQ15: =G15+J15+M15+P15+S15+V15+Y15+AB15+AE15+AH15+AK15+AN15 -> 2266.88
A16: 13 | B16: Dagon | C16: 0.64 | D16: 1 * 24 | E16: 624 | F16: 14976 | G16: =F16*C16 -> 9584.64 | H16: 540 | I16: 12960 | J16: =I16*C16 -> 8294.4 | K16: 599 | L16: 14376 | M16: =L16*C16 -> 9200.64 | N16: 520 | O16: 12480 | P16: =O16*C16 -> 7987.2 | Q16: 895 | R16: 21480 | S16: =R16*C16 -> 13747.2 | T16: 620 | U16: 14880 | V16: =U16*C16 -> 9523.2 | W16: 600 | X16: 14400 | Y16: =X16*C16 -> 9216 | Z16: 585 | AA16: 14040 | AB16: =AA16*C16 -> 8985.6 | AC16: 710 | AD16: 17040 | AE16: =AD16*C16 -> 10905.6 | AF16: 705 | AG16: 16920 | AH16: =AG16*C16 -> 10828.8 | AI16: 640 | AJ16: 15360 | AK16: =AJ16*C16 -> 9830.4 | AL16: 600 | AM16: 14400 | AN16: =AM16*C16 -> 9216 | AO16: =E16+H16+K16+N16+Q16+T16+W16+Z16+AC16+AF16+AI16+AL16 -> 7638 | AP16: =F16+I16+L16+O16+R16+U16+X16+AA16+AD16+AG16+AJ16+AM16 -> 183312 | AQ16: =G16+J16+M16+P16+S16+V16+Y16+AB16+AE16+AH16+AK16+AN16 -> 117319.68
A17: 14 | B17: ဇေယျဝတီ Red (ပု) | C17: 0.64 | D17: 1 * 14 | F17: 0 | G17: =F17*C17 -> 0 | I17: 0 | J17: =I17*C17 -> 0 | L17: 0 | M17: =L17*C17 -> 0 | N17: 162 | O17: 2268 | P17: =O17*C17 -> 1451.52 | R17: 0 | S17: =R17*C17 -> 0 | U17: 0 | V17: =U17*C17 -> 0 | X17: 0 | Y17: =X17*C17 -> 0 | AA17: 0 | AB17: =AA17*C17 -> 0 | AD17: 0 | AE17: =AD17*C17 -> 0 | AG17: 0 | AH17: =AG17*C17 -> 0 | AI17: 10 | AJ17: 140 | AK17: =AJ17*C17 -> 89.6 | AL17: 25 | AM17: 350 | AN17: =AM17*C17 -> 224 | AO17: =E17+H17+K17+N17+Q17+T17+W17+Z17+AC17+AF17+AI17+AL17 -> 197 | AP17: =F17+I17+L17+O17+R17+U17+X17+AA17+AD17+AG17+AJ17+AM17 -> 2758 | AQ17: =G17+J17+M17+P17+S17+V17+Y17+AB17+AE17+AH17+AK17+AN17 -> 1765.12
A18: 15 | B18: Formula Rum 700ml | C18: 0.7 | D18: 1 * 12 | F18: 2 | G18: =F18*C18 -> 1.4 | I18: 0 | J18: =I18*C18 -> 0 | L18: 0 | M18: =L18*C18 -> 0 | O18: 0 | P18: =O18*C18 -> 0 | Q18: 1.5 | R18: 17 | S18: =R18*C18 -> 11.9 | T18: 5 | U18: 60 | V18: =U18*C18 -> 42 | W18: 5 | X18: 60 | Y18: =X18*C18 -> 42 | Z18: 17 | AA18: 204 | AB18: =AA18*C18 -> 142.8 | AC18: 3.5 | AD18: 41 | AE18: =AD18*C18 -> 28.7 | AF18: 4.6 | AG18: 54 | AH18: =AG18*C18 -> 37.8 | AI18: 5 | AJ18: 66 | AK18: =AJ18*C18 -> 46.2 | AL18: 3 | AM18: 41 | AN18: =AM18*C18 -> 28.7 | AO18: =E18+H18+K18+N18+Q18+T18+W18+Z18+AC18+AF18+AI18+AL18 -> 44.6 | AP18: =F18+I18+L18+O18+R18+U18+X18+AA18+AD18+AG18+AJ18+AM18 -> 545 | AQ18: =G18+J18+M18+P18+S18+V18+Y18+AB18+AE18+AH18+AK18+AN18 -> 381.5
B19: Total | E19: =SUM(E5:E18) -> 3640 | F19: =SUM(F5:F18) -> 56202 | G19: =SUM(G5:G18) -> 38107.8 | H19: =SUM(H5:H18) -> 2926 | I19: =SUM(I5:I18) -> 45514 | J19: =SUM(J5:J18) -> 30964.96 | K19: =SUM(K5:K18) -> 3472 | L19: =SUM(L5:L18) -> 53936 | ... AQ19: =SUM(AQ5:AQ18) -> 532438.9
M20: =L20*C21 -> 0
A21: 1 | B21: Columbus 700ml | C21: 0.7 | D21: 1 * 12 | E21: 29 | F21: 348 | G21: =F21*C21 -> 243.6 | J21: =I21*C21 -> 0 | M21: =L21*C22 -> 0 | P21: =O21*C21 -> 0 | Q21: =240/12 -> 20 | R21: 240 | S21: =R21*C21 -> 168 | T21: =90/12 -> 7.5 | U21: 90 | V21: =U21*C21 -> 63 | AC21: =AD21/12 -> 27 | AD21: 324 | AE21: =AD21*C21 -> 226.8 | AI21: =444/12 -> 37 | AJ21: 444 | AK21: =AJ21*C21 -> 310.8
A22: 2 | B22: Columbus 350ml | C22: 0.35 | D22: 1 * 24 | E22: =72/24 -> 3 | F22: 72 | G22: =F22*C22 -> 25.2 | J22: =I22*C22 -> 0 | M22: =L22*C23 -> 0 | P22: =O22*C22 -> 0 | S22: =R22*C22 -> 0 | V22: =U22*C22 -> 0 | AC22: 1 | AD22: 24 | AE22: =AD22*C22 -> 8.4 | AI22: 1 | AJ22: 24 | AK22: =AJ22*C22 -> 8.4
A23: 3 | B23: Columbus 175ml | C23: 0.175 | D23: 1 * 48 | E23: =168/48 -> 3.5 | F23: 168 | G23: =F23*C23 -> 29.4 | J23: =I23*C23 -> 0 | M23: =L23*C24 -> 0 | P23: =O23*C23 -> 0 | S23: =R23*C23 -> 0 | V23: =U23*C23 -> 0 | AE23: =AD23*C23 -> 0 | AK23: =AJ23*C23 -> 0
A24: 4 | B24: Columbus 700ml Super Red Smooth | C24: 0.7 | D24: 1 * 12 | G24: =F24*C24 -> 0 | H24: =336/12 -> 28 | I24: 336 | J24: =I24*C24 -> 235.2 | L24: 456 | M24: =L24*C25 -> 159.6 | P24: =O24*C24 -> 0 | S24: =R24*C24 -> 0 | V24: =U24*C24 -> 0 | Z24: =AA24/12 -> 18 | AA24: 216 | AB24: =AA24*C24 -> 151.2 | AE24: =AD24*C24 -> 0 | AK24: =AJ24*C24 -> 0
A25: 1 | B25: Columbus 350ml Super Red Smooth | C25: 0.35 | D25: 1 * 24 | G25: =F25*C25 -> 0 | J25: =I25*C25 -> 0 | L25: 126 | M25: =L25*C26 -> 22.05 | P25: =O25*C25 -> 0 | S25: =R25*C25 -> 0 | V25: =U25*C25 -> 0 | Z25: 1 | AA25: 24 | AB25: =AA25*C25 -> 8.4 | AE25: =AD25*C25 -> 0 | AK25: =AJ25*C25 -> 0
A26: 6 | B26: Columbus 175ml Super Red Smooth | C26: 0.175 | D26: 1 * 48 | G26: =F26*C26 -> 0 | J26: =I26*C26 -> 0 | M26: =L26*C27 -> 0 | N26: 1 | O26: 48 | P26: =O26*C26 -> 8.4 | S26: =R26*C26 -> 0 | V26: =U26*C26 -> 0 | AB26: =AA26*C26 -> 0 | AE26: =AD26*C26 -> 0 | AK26: =AJ26*C26 -> 0
A27: 7 | B27: Ngwe Taung 700ml | C27: 0.7 | D27: 1 * 12 | E27: =24/12 -> 2 | F27: 24 | G27: =F27*C27 -> 16.8 | J27: =I27*C27 -> 0 | M27: =L27*C28 -> 0 | N27: =180/12 -> 15 | O27: 180 | P27: =O27*C27 -> 126 | S27: =R27*C27 -> 0 | V27: =U27*C27 -> 0 | AB27: =AA27*C27 -> 0 | AE27: =AD27*C27 -> 0 | AK27: =AJ27*C27 -> 0
B28: Total | E28: =SUM(E21:E27) -> 37.5 | F28: =SUM(F21:F27) -> 612 | G28: =SUM(G21:G27) -> 315 | H28: =SUM(H21:H27) -> 28 | I28: =SUM(I21:I27) -> 336 | J28: =SUM(J21:J27) -> 235.2 | K28: =SUM(K21:K27) -> 0 | L28: =SUM(L21:L27) -> 582 | ... AQ28: =SUM(AQ21:AQ27) -> 0
B29: All Total | E29: =E19+E28 -> 3677.5 | F29: =F19+F28 -> 56814 | G29: =G19+G28 -> 38422.8 | H29: =H19+H28 -> 2954 | I29: =I19+I28 -> 45850 | J29: =J19+J28 -> 31200.16 | K29: =K19+K28 -> 3472 | L29: =L19+L28 -> 54518 | ... T29: =T19+T28 -> 3224.5 | V29: =V19+V28 -> 50886.76 | W29: =W19+W28 -> 2758 | Y29: =Y19+Y28 -> 45375.28 | Z29: =Z19+Z28 -> 4836 | AB29: =AB19+AB28 -> 49449.84 | AC29: =AC19+AC28 -> 3431.5 | AE29: =AE19+AE28 -> 37678.62 | AF29: =AF19+AF28 -> 5659.6 | AH29: =AH19+AH28 -> 59850.12 | AI29: =AI19+AI28 -> 4345 | AK29: =AK19+AK28 -> 46750.28 | AL29: =AL19+AL28 -> 4841 | AN29: =AN19+AN28 -> 51537.46 | AO29: =AO19+AO28 -> 47280.6 | AQ29: =AQ19+AQ28 -> 532438.9
B35: 2025 - Sales Details MLM (MawLaMyaing)
A37: စဉ် | B37: အမျိုးအမည် | C37: Li | D37: Packing | E37: January | H37: February | K37: March | N37: April | Q37: May | T37: June | W37: July | Z37: August | AC37: September | AF37: October | AI37: November | AL37: December | AO37: Total
E38: Pk | F38: BT | G38: Liter | H38: Pk | I38: BT | J38: Liter. | K38: Pk | L38: BT | M38: Liter. | N38: Pk | O38: BT | P38: Liter. | Q38: Pk | R38: BT | S38: Liter. | T38: Pk | U38: BT | V38: Liter. | W38: Pk | X38: BT | Y38: Liter. | Z38: Pk | AA38: BT | AB38: Liter. | AC38: Pk | AD38: BT | AE38: Liter. | AF38: Pk | AG38: BT | AH38: Liter. | AI38: Pk | AJ38: BT | AK38: Liter. | AL38: Pk | AM38: BT | AN38: Liter. | AO38: Pk | AP38: BT | AQ38: Liter.
A39: 1 | B39: "Zay" Vodka 700-ml | C39: 0.7 | D39: 1 * 12 | E39: 1 | F39: 12 | G39: 8.4 | H39: 25 | I39: 300 | J39: =I39*C39 -> 210 | K39: 26 | L39: 312 | M39: =L39*C39 -> 218.4 | N39: 3 | O39: 36 | P39: =O39*C39 -> 25.2 | Q39: 3 | R39: 36 | S39: =R39*C39 -> 25.2 | T39: 32 | U39: 384 | V39: =U39*C39 -> 268.8 | W39: 4 | X39: 48 | Y39: =X39*C39 -> 33.6 | Z39: 16 | AA39: 192 | AB39: 134.4 | AC39: 8 | AD39: 96 | AE39: 67.2 | AF39: 39 | AG39: 468 | AH39: 327.6 | AI39: 3 | AJ39: 36 | AK39: 25.2 | AL39: 2 | AM39: 24 | AN39: 16.8
A40: 2 | B40: "Zay" Vodka 640ml | C40: 0.64 | D40: 1*14 | J40: =I40*C40 -> 0 | K40: 2569 | L40: 35966 | M40: =L40*C40 -> 23018.24 | N40: 1664 | O40: 23296 | P40: =O40*C40 -> 14909.44 | Q40: 2038 | R40: 28532 | S40: =R40*C40 -> 18260.48 | T40: 1458 | U40: 20412 | V40: =U40*C40 -> 13063.68 | W40: 2062 | X40: 28868 | Y40: =X40*C40 -> 18475.52 | Z40: 1912 | AA40: 26768 | AB40: 17131.52 | AC40: 1704 | AD40: 23856 | AE40: 15267.84 | AF40: 1696 | AG40: 23744 | AH40: 15196.16 | AI40: 1297 | AJ40: 18158 | AK40: 11621.12 | AL40: 1511 | AM40: 21154 | AN40: 13538.56
A41: 3 | B41: "Zay" (1 Liter) | C41: 1 | D41: 1 * 12 | E41: 146 | F41: 1752 | G41: 1752 | H41: 198 | I41: 2376 | J41: =I41*C41 -> 2376 | K41: 339 | L41: 4068 | M41: =L41*C41 -> 4068 | N41: 299 | O41: 3588 | P41: =O41*C41 -> 3588 | Q41: 76 | R41: 912 | S41: =R41*C41 -> 912 | T41: 402 | U41: 4824 | V41: =U41*C41 -> 4824 | W41: 359 | X41: 4308 | Y41: =X41*C41 -> 4308 | Z41: 250.58333 | AA41: 3007 | AB41: 3007 | AC41: 272.66667 | AD41: 3272 | AE41: 3272 | AF41: 341 | AG41: 4092 | AH41: 4092 | AI41: 433 | AJ41: 5196 | AK41: 5196 | AL41: 712 | AM41: 8544 | AN41: 8544
A42: 4 | B42: "Zay" (0.6 Liter) | C42: 0.6 | D42: 1 * 12 | G42: =F42*C42 -> 0 | J42: =I42*C42 -> 0 | M42: =L42*C42 -> 0 | P42: =O42*C42 -> 0 | S42: =R42*C42 -> 0 | T42: 40 | U42: 480 | V42: =U42*C42 -> 288 | Y42: =X42*C42 -> 0
A43: 5 | B43: "Zay" (0.35 Liter) | C43: 0.35 | D43: 1 * 40 | G43: =F43*C43 -> 0 | J43: =I43*C43 -> 0 | M43: =L43*C43 -> 0 | P43: =O43*C43 -> 0 | S43: =R43*C43 -> 0 | V43: =U43*C43 -> 0 | Y43: =X43*C43 -> 0
A44: 6 | B44: "Zay" - 640ml | C44: 0.64 | D44: 1 * 14 | E44: 1871 | F44: 26194 | G44: 16764.16 | H44: 2090 | I44: 29260 | J44: =I44*C44 -> 18726.4 | M44: =L44*C44 -> 0 | P44: =O44*C44 -> 0 | S44: =R44*C44 -> 0 | V44: =U44*C44 -> 0 | Y44: =X44*C44 -> 0
A45: 7 | B45: Kaung Kyi (1 Liter)_25% | C45: 1 | D45: 1 * 12 | E45: 2 | F45: 24 | G45: 24 | J45: =I45*C45 -> 0 | M45: =L45*C45 -> 0 | P45: =O45*C45 -> 0 | S45: =R45*C45 -> 0 | V45: =U45*C45 -> 0 | Y45: =X45*C45 -> 0
A46: 8 | B46: Zayawaddy Red(1 Liter)30% | C46: 1 | D46: 1 * 12 | E46: 1623 | F46: 19476 | G46: 19476 | H46: 1560 | I46: 18720 | J46: =I46*C46 -> 18720 | K46: 1170 | L46: 14040 | M46: =L46*C46 -> 14040 | N46: 700 | O46: 8400 | P46: =O46*C46 -> 8400 | Q46: 2905 | R46: 34860 | S46: =R46*C46 -> 34860 | T46: 1620 | U46: 19440 | V46: =U46*C46 -> 19440 | W46: 1200 | X46: 14400 | Y46: =X46*C46 -> 14400 | Z46: 1675 | AA46: 20100 | AB46: 20100 | AC46: 1750 | AD46: 21000 | AE46: 21000 | AF46: 1340 | AG46: 16080 | AH46: 16080 | AI46: 1080 | AJ46: 12960 | AK46: 12960 | AL46: 950 | AM46: 11400 | AN46: 11400
A47: 9 | B47: Zeyawaddy Rum (43%) | C47: 0.64 | D47: 1 * 14 | E47: 110 | F47: 1540 | G47: 985.6 | H47: 100 | I47: 1400 | J47: =I47*C47 -> 896 | K47: 220 | L47: 3080 | M47: =L47*C47 -> 1971.2 | N47: 50 | O47: 700 | P47: =O47*C47 -> 448 | Q47: 188 | R47: 2632 | S47: =R47*C47 -> 1684.48 | T47: 155 | U47: 2170 | V47: =U47*C47 -> 1388.8 | W47: 165 | X47: 2310 | Y47: =X47*C47 -> 1478.4 | Z47: 110 | AA47: 1540 | AB47: 985.6 | AC47: 180 | AD47: 2520 | AE47: 1612.8 | AF47: 193 | AG47: 2702 | AH47: 1729.28 | AI47: 155 | AJ47: 2170 | AK47: 1388.8 | AL47: 200 | AM47: 2800 | AN47: 1792
B48: ဇေယျဝတီ Red (ပု) | Z48: 10 | AA48: 140 | AB48: 89.6 | AF48: 0.14285714 | AG48: 2 | AH48: 1.28
A49: 10 | B49: Zayawaddy Red | C49: 0.64 | D49: 1 * 14 | E49: 500 | F49: 7000 | G49: 4480 | H49: 455 | I49: 6370 | J49: =I49*C49 -> 4076.8 | K49: 880 | L49: 12320 | M49: =L49*C49 -> 7884.8 | N49: 410 | O49: 5740 | P49: =O49*C49 -> 3673.6 | Q49: 675 | R49: 9450 | S49: =R49*C49 -> 6048 | T49: 612 | U49: 8568 | V49: =U49*C49 -> 5483.52 | W49: 337 | X49: 4718 | Y49: =X49*C49 -> 3019.52 | Z49: 623 | AA49: 8722 | AB49: 5582.08 | AC49: 315 | AD49: 4410 | AE49: 2822.4 | AF49: 531 | AG49: 7434 | AH49: 4757.76 | AI49: 405 | AJ49: 5670 | AK49: 3628.8 | AL49: 547 | AM49: 7658 | AN49: 4901.12
A50: 11 | B50: Dagon Tamarind (1 Liter) | C50: 1 | D50: 1 * 12 | E50: 7 | F50: 84 | G50: 84 | H50: 3 | I50: 36 | J50: =I50*C50 -> 36 | K50: 5 | L50: 60 | M50: =L50*C50 -> 60 | N50: 8 | O50: 96 | P50: =O50*C50 -> 96 | Q50: 30 | R50: 360 | S50: =R50*C50 -> 360 | T50: 6 | U50: 72 | V50: =U50*C50 -> 72 | W50: 28 | X50: 336 | Y50: =X50*C50 -> 336 | Z50: 22 | AA50: 264 | AB50: 264 | AC50: 19 | AD50: 228 | AE50: 228 | AF50: 14 | AG50: 168 | AH50: 168 | AI50: 7 | AJ50: 84 | AK50: 84 | AL50: 7 | AM50: 84 | AN50: 84
A51: 12 | B51: Dagon Pineapple | C51: 0.64 | D51: 1 * 14 | E51: 25 | F51: 350 | G51: 224 | J51: =I51*C51 -> 0 | K51: 10 | L51: 140 | M51: =L51*C51 -> 89.6 | N51: 32 | O51: 448 | P51: =O51*C51 -> 286.72 | S51: =R51*C51 -> 0 | T51: 5 | U51: 70 | V51: =U51*C51 -> 44.8 | W51: 3 | X51: 42 | Y51: =X51*C51 -> 26.88 | Z51: 2 | AA51: 28 | AB51: 17.92 | AC51: 10 | AD51: 140 | AE51: 89.6 | AF51: 12 | AG51: 168 | AH51: 107.52 | AI51: 16 | AJ51: 224 | AK51: 143.36
B52: ရွှေမန်း | C52: 0.64 | AF52: 0.35714286 | AG52: 5 | AH52: 3.2
A53: 13 | B53: Dagon | C53: 0.64 | D53: 1 * 24 | E53: 650 | F53: 15600 | G53: 9984 | H53: 629 | I53: 15096 | J53: =I53*C53 -> 9661.44 | K53: 723 | L53: 17352 | M53: =L53*C53 -> 11105.28 | N53: 613 | O53: 14712 | P53: =O53*C53 -> 9415.68 | Q53: 725 | R53: 17400 | S53: =R53*C53 -> 11136 | T53: 775 | U53: 18600 | V53: =U53*C53 -> 11904 | W53: 610 | X53: 14640 | Y53: =X53*C53 -> 9369.6 | Z53: 530 | AA53: 12720 | AB53: 8140.8 | AC53: 670 | AD53: 16080 | AE53: 10291.2 | AF53: 650 | AG53: 15600 | AH53: 9984 | AI53: 609 | AJ53: 14616 | AK53: 9354.24 | AL53: 680 | AM53: 16320 | AN53: 10444.8
A54: 14 | B54: Formula Rum 700ml | C54: 0.7 | D54: 1 * 12 | E54: 2.4166667 | F54: 29 | G54: 20.3 | H54: 3 | I54: 42 | J54: =C54*I54 -> 29.4 | K54: 4 | L54: 48 | M54: =L54*C54 -> 33.6 | N54: 3 | O54: 36 | P54: =C54*O54 -> 25.2 | Q54: 3 | R54: 36 | S54: =R54*C54 -> 25.2 | V54: =U54*C54 -> 0 | W54: 4 | X54: 48 | Y54: =X54*C54 -> 33.6 | Z54: 1.9166667 | AA54: 23 | AB54: 16.1 | AC54: 0.5 | AD54: 6 | AE54: 4.2 | AF54: 1.6666667 | AG54: 20 | AH54: 14 | AI54: 1 | AJ54: 12 | AK54: 8.4 | AL54: 0.33333333 | AM54: 4 | AN54: 2.8
A55: 15 | B55: Formula Rum 350ml | C55: 0.35 | D55: 1 * 24 | AA55: 3 | AB55: 1.05 | AC55: 0.20833333 | AD55: 5 | AE55: 1.75 | AF55: 0.41666667 | AG55: 10 | AH55: 3.5 | AI55: 0.25 | AJ55: 6 | AK55: 2.1 | AL55: 1.875 | AM55: 45 | AN55: 15.75
B56: Total | E56: =SUM(E39:E55) -> 4937.4167 | F56: =SUM(F39:F55) -> 72061 | G56: =SUM(G39:G55) -> 53802.46 | H56: =SUM(H39:H55) -> 5063 | I56: =SUM(I39:I55) -> 73600 | J56: =SUM(J39:J55) -> 54732.04 | K56: =SUM(K39:K55) -> 5946 | L56: =SUM(L39:L55) -> 87386 | ... S56: =SUM(S39:S55) -> 73311.36 | T56: =SUM(T39:T53) -> 5105 | U56: =SUM(U39:U53) -> 75020 | V56: =SUM(V39:V54) -> 56777.6 | W56: =SUM(W39:W54) -> 4772 | X56: =SUM(X39:X54) -> 69718 | Y56: =SUM(Y39:Y54) -> 51481.12 | Z56: =SUM(Z39:Z55) -> 5152.5 | AA56: =SUM(AA39:AA55) -> 73507 | AB56: =SUM(AB39:AB55) -> 55470.07 | AC56: =SUM(AC39:AC55) -> 4929.375 | AD56: =SUM(AD39:AD55) -> 71613 | AE56: =SUM(AE39:AE55) -> 54656.99 | AF56: =SUM(AF39:AF55) -> 4818.5833 | AG56: =SUM(AG39:AG55) -> 70493 | ... AN56: =SUM(AN39:AN55) -> 50739.83 | AO56: =SUM(AO39:AO53) -> 0 | AP56: =SUM(AP39:AP53) -> 0 | AQ56: =SUM(AQ39:AQ53) -> 0
A58: 1 | B58: Columbus 700ml | C58: 0.7 | D58: 1 * 12 | T58: 1 | U58: 12 | V58: =U58*C58 -> 8.4 | W58: 1 | X58: 12 | Y58: 8.4
A59: 2 | B59: Columbus 350ml | C59: 0.35 | D59: 1 * 24 | V59: =U59*C59 -> 0 | Y59: =X59*C59 -> 0
A60: 3 | B60: Columbus 175ml | C60: 0.175 | D60: 1 * 48 | V60: =U60*C60 -> 0 | Y60: =X60*C60 -> 0
A61: 4 | B61: Columbus 700ml Super Red Smooth | C61: 0.7 | D61: 1 * 12 | V61: =U61*C61 -> 0 | W61: 5 | X61: 60 | Y61: 42 | AC61: 1 | AD61: 12 | AE61: 8.4
A62: 1 | B62: Columbus 350ml Super Red Smooth | C62: 0.35 | D62: 1 * 24 | E62: 1 | F62: 24 | G62: 8.4 | Q62: 1 | R62: 24 | S62: =R62*C62 -> 8.4 | V62: =U62*C62 -> 0 | Y62: =X62*C62 -> 0
A63: 6 | B63: Columbus 175ml Super Red Smooth | C63: 0.175 | D63: 1 * 48 | G63: =F63*C63 -> 0 | S63: =R63*C63 -> 0 | V63: =U63*C63 -> 0 | Y63: =X63*C63 -> 0
A64: 7 | B64: Ngwe Taung 700ml | C64: 0.7 | D64: 1 * 12 | G64: =F64*C64 -> 0 | S64: =R64*C64 -> 0 | V64: =U64*C64 -> 0 | Y64: =X64*C64 -> 0
B65: Total | E65: =SUM(E58:E64) -> 1 | F65: =SUM(F58:F64) -> 24 | G65: =SUM(G58:G64) -> 8.4 | H65: =SUM(H58:H64) -> 0 | I65: =SUM(I58:I64) -> 0 | J65: =SUM(J58:J64) -> 0 | K65: =SUM(K58:K64) -> 0 | L65: =SUM(L58:L64) -> 0 | ... AQ65: =SUM(AQ58:AQ64) -> 0
B66: All Total | E66: =E56+E65 -> 4938.4167 | F66: =F56+F65 -> 72085 | G66: =G56+G65 -> 53810.86 | H66: =H56+H65 -> 5063 | I66: =I56+I65 -> 73600 | J66: =J56+J65 -> 54732.04 | K66: =K56+K65 -> 5946 | L66: =L56+L65 -> 87386 | ... Z66: =Z56+Z65 -> 5152.5 | AB66: =AB56+AB65 -> 55470.07 | AC66: =AC56+AC65 -> 4930.375 | AE66: =AE56+AE65 -> 54665.39 | AF66: =AF56+AF65 -> 4818.5833 | AH66: =AH56+AH65 -> 52464.3 | AI66: =AI56+AI65 -> 4006.25 | AK66: =AK56+AK65 -> 44412.02 | AL66: =AL56+AL65 -> 4611.2083 | AN66: =AN56+AN65 -> 50739.83 | AO66: =AO56+AO65 -> 0 | AQ66: =AQ56+AQ65 -> 0
B69: 2026 - Sales Details MLM (MawLaMyaing)
B71: အမျိုးအမည် | C71: Li | D71: Packing | E71: January | H71: February | K71: March | N71: April | Q71: May | T71: June | W71: July | Z71: August | AC71: September | AF71: October | AI71: November | AL71: December | AO71: Total
E72: Pk | F72: BT | G72: Liter | H72: Pk | I72: BT | J72: Liter. | K72: Pk | L72: BT | M72: Liter. | N72: Pk | O72: BT | P72: Liter. | Q72: Pk | R72: BT | S72: Liter. | T72: Pk | U72: BT | V72: Liter. | W72: Pk | X72: BT | Y72: Liter. | Z72: Pk | AA72: BT | AB72: Liter. | AC72: Pk | AD72: BT | AE72: Liter. | AF72: Pk | AG72: BT | AH72: Liter. | AI72: Pk | AJ72: BT | AK72: Liter. | AL72: Pk | AM72: BT | AN72: Liter. | AO72: Pk | AP72: BT | AQ72: Liter.
B73: "Zay" Vodka 700-ml | C73: 0.7 | D73: 1 * 12 | H73: 16 | I73: 192 | J73: 134.4
B74: "Zay" Vodka 640ml | C74: 0.64 | D74: 1*14 | H74: 1434 | I74: 20076 | J74: 12848.64
B75: "Zay" (1 Liter) | C75: 1 | D75: 1 * 12 | E75: 239 | F75: 2868 | G75: 2868 | H75: 539 | I75: 6468 | J75: 6468
B76: "Zay" (0.6 Liter) | C76: 0.6 | D76: 1 * 12
B77: "Zay" (0.35 Liter) | C77: 0.35 | D77: 1 * 40 | E77: 1 | F77: 40 | G77: 14
B78: "Zay" Vodka 640ml | C78: 0.64 | D78: 1 * 14 | E78: 1227 | F78: 17178 | G78: 10993.92
B79: "Zay" Vodka 700-ml | C79: 0.7 | D79: 1*12 | E79: 5 | F79: 60 | G79: 42
B80: Kaung Kyi (1 Liter)_25% | C80: 1 | D80: 1 * 12 | E80: 14.25 | F80: 171 | G80: 171 | H80: 27.833333 | I80: 334 | J80: 334
B81: Kaung Kyi (1 Liter)_40% | C81: 1 | D81: 1 * 12 | E81: 31.583333 | F81: 379 | G81: 379 | H81: 33.25 | I81: 399 | J81: 399
B82: Kaung Kyi | C82: 0.64 | D82: 1*14 | E82: 3 | F82: 42 | G82: 26.88
B83: Zayawaddy Red(1 Liter)30% | C83: 1 | D83: 1 * 12 | E83: 880 | F83: 10560 | G83: 10560 | H83: 1130 | I83: 13560 | J83: 13560
B84: Zeyawaddy Rum (43%) | C84: 0.64 | D84: 1 * 14 | E84: 110 | F84: 1540 | G84: 985.6 | H84: 135 | I84: 1890 | J84: 1209.6
B85: ဇေယျဝတီ Red (ပု)
B86: Zayawaddy Red | C86: 0.64 | D86: 1 * 14 | E86: 475 | F86: 6650 | G86: 4256 | H86: 483 | I86: 6762 | J86: 4327.68
B87: Dagon Tamarind (1 Liter) | C87: 1 | D87: 1 * 12 | E87: 17.916667 | F87: 215 | G87: 215 | H87: 61.75 | I87: 741 | J87: 741
B88: Dagon Pineapple | C88: 0.64 | D88: 1 * 14 | E88: 12.214286 | F88: 171 | G88: 109.44 | H88: 12 | I88: 168 | J88: 107.52
B89: ရွှေမန်း | C89: 0.64 | D89: 1 * 14 | E89: 1.4285714 | F89: 20 | G89: 12.8 | H89: 0.42857143 | I89: 6 | J89: 3.84
B90: Dagon | C90: 0.64 | D90: 1 * 24 | E90: 678 | F90: 16272 | G90: 10414.08 | H90: 639 | I90: 15336 | J90: 9815.04
B91: Dagon | C91: 1 | D91: 1*12 | H91: 51 | I91: 612 | J91: 612
B92: Formula Rum 700ml | C92: 0.7 | D92: 1 * 12
B93: Formula Rum 350ml | C93: 0.35 | D93: 1 * 24 | E93: 1.5416667 | F93: 37 | G93: 12.95 | H93: 2.625 | I93: 63 | J93: 22.05
B94: Total | E94: =SUM(E73:E93) -> 3696.9345 | F94: =SUM(F73:F93) -> 56203 | G94: =SUM(G73:G93) -> 41060.67 | H94: =SUM(H73:H93) -> 4564.8869 | I94: =SUM(I73:I93) -> 66607 | J94: =SUM(J73:J93) -> 50582.77 | K94: =SUM(K73:K93) -> 0 | L94: =SUM(L73:L93) -> 0 | ... S94: =SUM(S73:S93) -> 0 | T94: =SUM(T73:T90) -> 0 | U94: =SUM(U73:U90) -> 0 | V94: =SUM(V73:V92) -> 0 | W94: =SUM(W73:W92) -> 0 | X94: =SUM(X73:X92) -> 0 | Y94: =SUM(Y73:Y92) -> 0 | Z94: =SUM(Z73:Z93) -> 0 | AA94: =SUM(AA73:AA93) -> 0 | AB94: =SUM(AB73:AB93) -> 0 | AC94: =SUM(AC73:AC93) -> 0 | AD94: =SUM(AD73:AD93) -> 0 | AE94: =SUM(AE73:AE93) -> 0 | AF94: =SUM(AF73:AF93) -> 0 | AG94: =SUM(AG73:AG93) -> 0 | ... AN94: =SUM(AN73:AN93) -> 0 | AO94: =SUM(AO73:AO90) -> 0 | AP94: =SUM(AP73:AP90) -> 0 | AQ94: =SUM(AQ73:AQ90) -> 0
B96: Columbus 700ml | C96: 0.7 | D96: 1 * 12
B97: Columbus 350ml | C97: 0.35 | D97: 1 * 24 | V97: =U97*C97 -> 0 | Y97: =X97*C97 -> 0
B98: Columbus 175ml | C98: 0.175 | D98: 1 * 48 | V98: =U98*C98 -> 0 | Y98: =X98*C98 -> 0
B99: Columbus 700ml Super Red Smooth | C99: 0.7 | D99: 1 * 12 | V99: =U99*C99 -> 0
B100: Columbus 350ml Super Red Smooth | C100: 0.35 | D100: 1 * 24 | V100: =U100*C100 -> 0 | Y100: =X100*C100 -> 0
B101: Columbus 175ml Super Red Smooth | C101: 0.175 | D101: 1 * 48 | G101: =F101*C101 -> 0 | S101: =R101*C101 -> 0 | V101: =U101*C101 -> 0 | Y101: =X101*C101 -> 0
B102: Ngwe Taung 700ml | C102: 0.7 | D102: 1 * 12 | G102: =F102*C102 -> 0 | S102: =R102*C102 -> 0 | V102: =U102*C102 -> 0 | Y102: =X102*C102 -> 0
B103: Total | E103: =SUM(E96:E102) -> 0 | F103: =SUM(F96:F102) -> 0 | G103: =SUM(G96:G102) -> 0 | H103: =SUM(H96:H102) -> 0 | I103: =SUM(I96:I102) -> 0 | J103: =SUM(J96:J102) -> 0 | K103: =SUM(K96:K102) -> 0 | L103: =SUM(L96:L102) -> 0 | ... AQ103: =SUM(AQ96:AQ102) -> 0
B104: All Total | E104: =E94+E103 -> 3696.9345 | F104: =F94+F103 -> 56203 | G104: =G94+G103 -> 41060.67 | H104: =H94+H103 -> 4564.8869 | I104: =I94+I103 -> 66607 | J104: =J94+J103 -> 50582.77 | K104: =K94+K103 -> 0 | L104: =L94+L103 -> 0 | ... Z104: =Z94+Z103 -> 0 | AB104: =AB94+AB103 -> 0 | AC104: =AC94+AC103 -> 0 | AE104: =AE94+AE103 -> 0 | AF104: =AF94+AF103 -> 0 | AH104: =AH94+AH103 -> 0 | AI104: =AI94+AI103 -> 0 | AK104: =AK94+AK103 -> 0 | AL104: =AL94+AL103 -> 0 | AN104: =AN94+AN103 -> 0 | AO104: =AO94+AO103 -> 0 | AQ104: =AQ94+AQ103 -> 0

Sheet 4-Hpa-An
B1: 2024 - Sales Details MLM (Hpa-An)
A3: စဉ် | B3: အမျိုးအမည် | C3: Li | D3: Packing | E3: January | H3: February | K3: March | N3: April | Q3: May | T3: June | W3: July | Z3: August | AC3: September | AF3: October | AI3: November | AL3: December | AO3: Total
E4: Pk | F4: BT | G4: Liter | H4: Pk | I4: BT | J4: Liter. | K4: Pk | L4: BT | M4: Liter. | N4: Pk | O4: BT | P4: Liter. | Q4: Pk | R4: BT | S4: Liter. | T4: Pk | U4: BT | V4: Liter. | W4: Pk | X4: BT | Y4: Liter. | Z4: Pk | AA4: BT | AB4: Liter. | AC4: Pk | AD4: BT | AE4: Liter. | AF4: Pk | AG4: BT | AH4: Liter. | AI4: Pk | AJ4: BT | AK4: Liter. | AL4: Pk | AM4: BT | AN4: Liter. | AO4: Pk | AP4: BT | AQ4: Liter.
A5: 1 | B5: "Zay" Vodka 700-ml | C5: 0.7 | D5: 1 * 12 | G5: =F5*C5 -> 0 | H5: 3 | I5: 36 | J5: 25.2 | L5: 0 | M5: =C5*L5 -> 0 | P5: =C5*O5 -> 0 | S5: =R5*C5 -> 0 | V5: =U5*C5 -> 0 | Y5: =X5*C5 -> 0 | AB5: =AA5*C5 -> 0 | AE5: =AD5*C5 -> 0 | AH5: =AG5*C5 -> 0 | AK5: =AJ5*C5 -> 0 | AN5: =AM5*C5 -> 0 | AO5: =E5+H5+K5+N5+Q5+T5+W5+Z5+AC5+AF5+AI5+AL5 -> 3 | AP5: =F5+I5+L5+O5+R5+U5+X5+AA5+AD5+AG5+AJ5+AM5 -> 36 | AQ5: =G5+J5+M5+P5+S5+V5+Y5+AB5+AE5+AH5+AK5+AN5 -> 25.2
A6: 2 | B6: "Zay" (1 Liter) | C6: 1 | D6: 1 * 12 | E6: 207 | F6: 2484 | G6: =F6*C6 -> 2484 | H6: 200 | I6: 2400 | J6: 2400 | K6: 187 | L6: 2244 | M6: =C6*L6 -> 2244 | N6: 203 | O6: 2436 | P6: =C6*O6 -> 2436 | Q6: 160 | R6: 1920 | S6: =R6*C6 -> 1920 | T6: 300 | U6: 3600 | V6: =U6*C6 -> 3600 | W6: 360 | X6: 4320 | Y6: =X6*C6 -> 4320 | Z6: 310 | AA6: 3720 | AB6: =AA6*C6 -> 3720 | AC6: 305 | AD6: 3660 | AE6: =AD6*C6 -> 3660 | AF6: 310 | AG6: 3720 | AH6: =AG6*C6 -> 3720 | AI6: 220 | AJ6: 2640 | AK6: =AJ6*C6 -> 2640 | AL6: 100 | AM6: 1200 | AN6: =AM6*C6 -> 1200 | AO6: =E6+H6+K6+N6+Q6+T6+W6+Z6+AC6+AF6+AI6+AL6 -> 2862 | AP6: =F6+I6+L6+O6+R6+U6+X6+AA6+AD6+AG6+AJ6+AM6 -> 34344 | AQ6: =G6+J6+M6+P6+S6+V6+Y6+AB6+AE6+AH6+AK6+AN6 -> 34344
A7: 3 | B7: "Zay" (0.6 Liter) | C7: 0.6 | G7: =F7*C7 -> 0 | J7: 0 | M7: =C7*L7 -> 0 | P7: =C7*O7 -> 0 | Q7: 5 | R7: 60 | S7: =R7*C7 -> 36 | V7: =U7*C7 -> 0 | Y7: =X7*C7 -> 0 | AB7: =AA7*C7 -> 0 | AE7: =AD7*C7 -> 0 | AH7: =AG7*C7 -> 0 | AK7: =AJ7*C7 -> 0 | AN7: =AM7*C7 -> 0 | AO7: =E7+H7+K7+N7+Q7+T7+W7+Z7+AC7+AF7+AI7+AL7 -> 5 | AP7: =F7+I7+L7+O7+R7+U7+X7+AA7+AD7+AG7+AJ7+AM7 -> 60 | AQ7: =G7+J7+M7+P7+S7+V7+Y7+AB7+AE7+AH7+AK7+AN7 -> 36
A8: 4 | B8: "Zay" (0.35 Liter) | C8: 0.35 | D8: 1 * 40 | E8: 7 | F8: 280 | G8: =F8*C8 -> 98 | J8: 0 | K8: 5 | L8: 200 | M8: =C8*L8 -> 70 | P8: =C8*O8 -> 0 | S8: =R8*C8 -> 0 | T8: 25 | U8: 1000 | V8: =U8*C8 -> 350 | W8: 25 | X8: 1000 | Y8: =X8*C8 -> 350 | Z8: 5 | AA8: 200 | AB8: =AA8*C8 -> 70 | AC8: 5 | AD8: 200 | AE8: =AD8*C8 -> 70 | AF8: 10 | AG8: 400 | AH8: =AG8*C8 -> 140 | AK8: =AJ8*C8 -> 0 | AL8: 20 | AM8: 800 | AN8: =AM8*C8 -> 280 | AO8: =E8+H8+K8+N8+Q8+T8+W8+Z8+AC8+AF8+AI8+AL8 -> 102 | AP8: =F8+I8+L8+O8+R8+U8+X8+AA8+AD8+AG8+AJ8+AM8 -> 4080 | AQ8: =G8+J8+M8+P8+S8+V8+Y8+AB8+AE8+AH8+AK8+AN8 -> 1428
A9: 5 | B9: "Zay" Vodka- 640ml | C9: 0.64 | D9: 1 * 14 | E9: 5 | F9: 70 | G9: =F9*C9 -> 44.8 | H9: 24 | I9: 336 | J9: 215.04 | K9: 24 | L9: 336 | M9: =C9*L9 -> 215.04 | N9: 194 | O9: 2716 | P9: =C9*O9 -> 1738.24 | Q9: 133 | R9: 1862 | S9: =R9*C9 -> 1191.68 | T9: 50 | U9: 700 | V9: =U9*C9 -> 448 | W9: 80 | X9: 1120 | Y9: =X9*C9 -> 716.8 | Z9: 50 | AA9: 700 | AB9: =AA9*C9 -> 448 | AC9: 20 | AD9: 280 | AE9: =AD9*C9 -> 179.2 | AF9: 20 | AG9: 280 | AH9: =AG9*C9 -> 179.2 | AI9: 20 | AJ9: 280 | AK9: =AJ9*C9 -> 179.2 | AL9: 30 | AM9: 420 | AN9: =AM9*C9 -> 268.8 | AO9: =E9+H9+K9+N9+Q9+T9+W9+Z9+AC9+AF9+AI9+AL9 -> 650 | AP9: =F9+I9+L9+O9+R9+U9+X9+AA9+AD9+AG9+AJ9+AM9 -> 9100 | AQ9: =G9+J9+M9+P9+S9+V9+Y9+AB9+AE9+AH9+AK9+AN9 -> 5824
A10: 6 | B10: Kaung Kyi | C10: 0.64 | D10: 1 * 14 | E10: 50 | F10: 700 | G10: =F10*C10 -> 448 | H10: 110 | I10: 1540 | J10: 985.6 | K10: 200 | L10: 2800 | M10: =C10*L10 -> 1792 | N10: 250 | O10: 3500 | P10: =C10*O10 -> 2240 | Q10: 100 | R10: 1400 | S10: =R10*C10 -> 896 | T10: 200 | U10: 2800 | V10: =U10*C10 -> 1792 | W10: 200 | X10: 2800 | Y10: =X10*C10 -> 1792 | Z10: 200 | AA10: 2800 | AB10: =AA10*C10 -> 1792 | AC10: 200 | AD10: 2800 | AE10: =AD10*C10 -> 1792 | AF10: 200 | AG10: 2800 | AH10: =AG10*C10 -> 1792 | AI10: 200 | AJ10: 2800 | AK10: =AJ10*C10 -> 1792 | AL10: 200 | AM10: 2800 | AN10: =AM10*C10 -> 1792 | AO10: =E10+H10+K10+N10+Q10+T10+W10+Z10+AC10+AF10+AI10+AL10 -> 2110 | AP10: =F10+I10+L10+O10+R10+U10+X10+AA10+AD10+AG10+AJ10+AM10 -> 29540 | AQ10: =G10+J10+M10+P10+S10+V10+Y10+AB10+AE10+AH10+AK10+AN10 -> 18905.6
A11: 7 | B11: Zayawaddy Red(1 Liter)30% | C11: 1 | D11: 1 * 12 | E11: 85 | F11: 1020 | G11: =F11*C11 -> 1020 | H11: 28 | I11: 336 | J11: 336 | K11: 10 | L11: 120 | M11: =C11*L11 -> 120 | N11: 30 | O11: 360 | P11: =C11*O11 -> 360 | Q11: 48 | R11: 576 | S11: =R11*C11 -> 576 | T11: 50 | U11: 600 | V11: =U11*C11 -> 600 | W11: 25 | X11: 300 | Y11: =X11*C11 -> 300 | Z11: 30 | AA11: 360 | AB11: =AA11*C11 -> 360 | AC11: 200 | AD11: 2400 | AE11: =AD11*C11 -> 2400 | AF11: 100 | AG11: 1200 | AH11: =AG11*C11 -> 1200 | AK11: =AJ11*C11 -> 0 | AL11: 100 | AM11: 1200 | AN11: =AM11*C11 -> 1200 | AO11: =E11+H11+K11+N11+Q11+T11+W11+Z11+AC11+AF11+AI11+AL11 -> 706 | AP11: =F11+I11+L11+O11+R11+U11+X11+AA11+AD11+AG11+AJ11+AM11 -> 8472 | AQ11: =G11+J11+M11+P11+S11+V11+Y11+AB11+AE11+AH11+AK11+AN11 -> 8472
A12: 8 | B12: Zayawaddy Red | C12: 0.64 | D12: 1 * 14 | E12: 415 | F12: 5810 | G12: =F12*C12 -> 3718.4 | H12: 340 | I12: 4760 | J12: 3046.4 | K12: 630 | L12: 8820 | M12: =C12*L12 -> 5644.8 | N12: 500 | O12: 7000 | P12: =C12*O12 -> 4480 | Q12: 550 | R12: 7700 | S12: =R12*C12 -> 4928 | T12: 590 | U12: 8260 | V12: =U12*C12 -> 5286.4 | W12: 600 | X12: 8400 | Y12: =X12*C12 -> 5376 | Z12: 830 | AA12: 11620 | AB12: =AA12*C12 -> 7436.8 | AE12: =AD12*C12 -> 0 | AF12: 530 | AG12: 7420 | AH12: =AG12*C12 -> 4748.8 | AI12: 450 | AJ12: 6300 | AK12: =AJ12*C12 -> 4032 | AL12: 400 | AM12: 5600 | AN12: =AM12*C12 -> 3584 | AO12: =E12+H12+K12+N12+Q12+T12+W12+Z12+AC12+AF12+AI12+AL12 -> 5835 | AP12: =F12+I12+L12+O12+R12+U12+X12+AA12+AD12+AG12+AJ12+AM12 -> 81690 | AQ12: =G12+J12+M12+P12+S12+V12+Y12+AB12+AE12+AH12+AK12+AN12 -> 52281.6
A13: 9 | B13: Zayawaddy Red | C13: 0.64 | D13: 1* 24 | G13: =F13*C13 -> 0 | J13: 0 | M13: =C13*L13 -> 0 | P13: =C13*O13 -> 0 | S13: =R13*C13 -> 0 | V13: =U13*C13 -> 0 | Y13: =X13*C13 -> 0 | AB13: =AA13*C13 -> 0 | AC13: 600 | AD13: 8400 | AE13: =AD13*C13 -> 5376 | AH13: =AG13*C13 -> 0 | AI13: 100 | AJ13: 2400 | AK13: =AJ13*C13 -> 1536 | AL13: 50 | AM13: 1200 | AN13: =AM13*C13 -> 768 | AP13: =F13+I13+L13+O13+R13+U13+X13+AA13+AD13+AG13+AJ13+AM13 -> 12000 | AQ13: =G13+J13+M13+P13+S13+V13+Y13+AB13+AE13+AH13+AK13+AN13 -> 7680
A14: 10 | B14: Dagon Tamarind (1 Liter) | C14: 1 | D14: 1 * 12 | G14: =F14*C14 -> 0 | J14: 0 | M14: =C14*L14 -> 0 | P14: =C14*O14 -> 0 | S14: =R14*C14 -> 0 | T14: 10 | U14: 120 | V14: =U14*C14 -> 120 | Y14: =X14*C14 -> 0 | AB14: =AA14*C14 -> 0 | AE14: =AD14*C14 -> 0 | AH14: =AG14*C14 -> 0 | AK14: =AJ14*C14 -> 0 | AN14: =AM14*C14 -> 0 | AO14: =E14+H14+K14+N14+Q14+T14+W14+Z14+AC14+AF14+AI14+AL14 -> 10 | AP14: =F14+I14+L14+O14+R14+U14+X14+AA14+AD14+AG14+AJ14+AM14 -> 120 | AQ14: =G14+J14+M14+P14+S14+V14+Y14+AB14+AE14+AH14+AK14+AN14 -> 120
A15: 11 | B15: Dagon Pineapple | C15: 0.64 | D15: 1 * 14 | E15: 3 | F15: 42 | G15: =F15*C15 -> 26.88 | K15: 5 | L15: 70 | M15: =C15*L15 -> 44.8 | P15: =C15*O15 -> 0 | S15: =R15*C15 -> 0 | V15: =U15*C15 -> 0 | Y15: =X15*C15 -> 0 | AB15: =AA15*C15 -> 0 | AE15: =AD15*C15 -> 0 | AH15: =AG15*C15 -> 0 | AK15: =AJ15*C15 -> 0 | AN15: =AM15*C15 -> 0 | AO15: =E15+H15+K15+N15+Q15+T15+W15+Z15+AC15+AF15+AI15+AL15 -> 8 | AP15: =F15+I15+L15+O15+R15+U15+X15+AA15+AD15+AG15+AJ15+AM15 -> 112 | AQ15: =G15+J15+M15+P15+S15+V15+Y15+AB15+AE15+AH15+AK15+AN15 -> 71.68
A16: 12 | B16: Dagon | C16: 0.64 | D16: 1 * 14 | E16: 60 | F16: 1440 | G16: =F16*C16 -> 921.6 | H16: 100 | I16: 2400 | J16: 1536 | K16: 91 | L16: 2184 | M16: =C16*L16 -> 1397.76 | N16: 260 | O16: 6240 | P16: =C16*O16 -> 3993.6 | Q16: 40 | R16: 960 | S16: =R16*C16 -> 614.4 | T16: 110 | U16: 2640 | V16: =U16*C16 -> 1689.6 | W16: 60 | X16: 1440 | Y16: =X16*C16 -> 921.6 | Z16: 100 | AA16: 2400 | AB16: =AA16*C16 -> 1536 | AE16: =AD16*C16 -> 0 | AF16: 90 | AG16: 2160 | AH16: =AG16*C16 -> 1382.4 | AI16: 15 | AJ16: 360 | AK16: =AJ16*C16 -> 230.4 | AL16: 30 | AM16: 720 | AN16: =AM16*C16 -> 460.8 | AO16: =E16+H16+K16+N16+Q16+T16+W16+Z16+AC16+AF16+AI16+AL16 -> 956 | AP16: =F16+I16+L16+O16+R16+U16+X16+AA16+AD16+AG16+AJ16+AM16 -> 22944 | AQ16: =G16+J16+M16+P16+S16+V16+Y16+AB16+AE16+AH16+AK16+AN16 -> 14684.16
A17: 13 | B17: Formula Rum 700ml | C17: 0.7 | D17: 1 * 12 | G17: =F17*C17 -> 0 | K17: 5 | L17: 60 | M17: =C17*L17 -> 42 | P17: =C17*O17 -> 0 | S17: =R17*C17 -> 0 | V17: =U17*C17 -> 0 | Y17: =X17*C17 -> 0 | AB17: =AA17*C17 -> 0 | AE17: =AD17*C17 -> 0 | AO17: =E17+H17+K17+N17+Q17+T17+W17+Z17+AC17+AF17+AI17+AL17 -> 5 | AP17: =F17+I17+L17+O17+R17+U17+X17+AA17+AD17+AG17+AJ17+AM17 -> 60 | AQ17: =G17+J17+M17+P17+S17+V17+Y17+AB17+AE17+AH17+AK17+AN17 -> 42
B18: Total | E18: =SUM(E5:E16) -> 832 | F18: =SUM(F5:F16) -> 11846 | G18: =SUM(G5:G16) -> 8761.68 | H18: =SUM(H5:H16) -> 805 | I18: =SUM(I5:I16) -> 11808 | J18: =SUM(J5:J16) -> 8544.24 | K18: =SUM(K5:K17) -> 1157 | L18: =SUM(L5:L17) -> 16834 | M18: =SUM(M5:M17) -> 11570.4 | N18: =SUM(N5:N17) -> 1437 | O18: =SUM(O5:O17) -> 22252 | P18: =SUM(P5:P17) -> 15247.84 | Q18: =SUM(Q5:Q17) -> 1036 | R18: =SUM(R5:R17) -> 14478 | ... AQ18: =SUM(AQ5:AQ17) -> 143914.24
A19: 1 | B19: Columbus 700ml | C19: 0.7 | D19: 1 * 12 | G19: =C19*F19 -> 0 | S19: =R19*C19 -> 0 | T19: =90/12 -> 7.5 | U19: 90 | V19: =U19*C19 -> 63 | Z19: =AA19/12 -> 20 | AA19: 240 | AB19: =AA19*C19 -> 168
A20: 2 | B20: Columbus 350ml | C20: 0.35 | D20: 1 * 24 | G20: =C20*F20 -> 0 | S20: =R20*C20 -> 0 | V20: =U20*C20 -> 0 | Z20: 1 | AA20: 24 | AB20: =AA20*C20 -> 8.4
A21: 3 | B21: Columbus 175ml | C21: 0.175 | D21: 1 * 48 | G21: =C21*F21 -> 0 | S21: =R21*C21 -> 0 | V21: =U21*C21 -> 0 | AB21: =AA21*C21 -> 0
A22: 4 | B22: Columbus 700ml Super Red Smooth | C22: 0.7 | D22: 1 * 12 | E22: =252/12 -> 21 | F22: 252 | G22: =C22*F22 -> 176.4 | S22: =R22*C22 -> 0 | T22: =U22/12 -> 7 | U22: 84 | V22: =U22*C22 -> 58.8 | W22: 2 | X22: 24 | Y22: =X22*C22 -> 16.8 | AB22: =AA22*C22 -> 0
A23: 5 | B23: Columbus 350ml Super Red Smooth | C23: 0.35 | D23: 1 * 24 | G23: =C23*F23 -> 0 | S23: =R23*C23 -> 0 | T23: 1 | U23: 24 | V23: =U23*C23 -> 8.4 | X23: 6 | Y23: =X23*C23 -> 2.1 | AB23: =AA23*C23 -> 0
A24: 6 | B24: Columbus 175ml Super Red Smooth | C24: 0.175 | D24: 1 * 48 | G24: =C24*F24 -> 0 | K24: =108/48 -> 2.25 | L24: 108 | M24: =L24*C24 -> 18.9 | S24: =R24*C24 -> 0 | V24: =U24*C24 -> 0 | X24: 12 | Y24: =X24*C24 -> 2.1 | AB24: =AA24*C24 -> 0
A25: 7 | B25: Ngwe Taung 700ml | C25: 0.7 | D25: 1 * 12 | G25: =C25*F25 -> 0 | S25: =R25*C25 -> 0 | V25: =U25*C25 -> 0 | Y25: =X25*C25 -> 0 | AB25: =AA25*C25 -> 0
A26: 8 | B26: Formula Rum 700ml | C26: 0.7 | D26: 1 * 12 | G26: =C26*F26 -> 0 | S26: =R26*C26 -> 0 | V26: =U26*C26 -> 0 | Y26: =X26*C26 -> 0 | AB26: =AA26*C26 -> 0
A27: 9 | B27: Formula Rum 350ml | C27: 0.35 | D27: 1 * 24 | G27: =C27*F27 -> 0 | S27: =R27*C27 -> 0 | V27: =U27*C27 -> 0 | Y27: =X27*C27 -> 0 | AB27: =AA27*C27 -> 0
B28: Total | E28: =SUM(E19:E27) -> 21 | F28: =SUM(F19:F27) -> 252 | G28: =SUM(G19:G27) -> 176.4 | H28: =SUM(H19:H27) -> 0 | I28: =SUM(I19:I27) -> 0 | J28: =SUM(J19:J27) -> 0 | K28: =SUM(K19:K27) -> 2.25 | L28: =SUM(L19:L27) -> 108 | ... AQ28: =SUM(AQ19:AQ27) -> 0
B29: All Total | E29: =E17+E28 -> 21 | F29: =F17+F28 -> 252 | G29: =G17+G28 -> 176.4 | H29: =H17+H28 -> 0 | J29: =J17+J28 -> 0 | K29: =K17+K28 -> 7.25 | M29: =M17+M28 -> 60.9 | N29: =N17+N28 -> 0 | P29: =P17+P28 -> 0 | Q29: =Q17+Q28 -> 0 | S29: =S17+S28 -> 0 | T29: =T17+T28 -> 15.5 | V29: =V17+V28 -> 130.2 | W29: =W17+W28 -> 2 | Y29: =Y17+Y28 -> 21 | Z29: =Z17+Z28 -> 21 | AB29: =AB17+AB28 -> 176.4 | AC29: =AC17+AC28 -> 0 | AE29: =AE17+AE28 -> 0 | AF29: =AF17+AF28 -> 0 | AH29: =AH17+AH28 -> 0 | AI29: =AI17+AI28 -> 0 | AK29: =AK17+AK28 -> 0 | AL29: =AL17+AL28 -> 0 | AN29: =AN17+AN28 -> 0 | AO29: =AO17+AO28 -> 5 | AQ29: =AQ17+AQ28 -> 42
B35: 2025 - Sales Details MLM (Hpa-An)
A37: စဉ် | B37: အမျိုးအမည် | C37: Li | D37: Packing | E37: January | H37: February | K37: March | N37: April | Q37: May | T37: June | W37: July | Z37: August | AC37: September | AF37: October | AI37: November | AL37: December | AO37: Toal
E38: Pk | F38: BT | G38: Liter | H38: Pk | I38: BT | J38: Liter. | K38: Pk | L38: BT | M38: Liter. | N38: Pk | O38: BT | P38: Liter. | Q38: Pk | R38: BT | S38: Liter. | T38: Pk | U38: BT | V38: Liter. | W38: Pk | X38: BT | Y38: Liter. | Z38: Pk | AA38: BT | AB38: Liter. | AC38: Pk | AD38: BT | AE38: Liter. | AF38: Pk | AG38: BT | AH38: Liter. | AI38: Pk | AJ38: BT | AK38: Liter. | AL38: Pk | AM38: BT | AN38: Liter. | AO38: Pk | AP38: BT | AQ38: Liter.
A39: 1 | B39: "Zay" Vodka 700-ml | C39: 0.7 | D39: 1 * 12 | G39: =F39*C39 -> 0 | M39: =L39*C39 -> 0
A40: 2 | B40: "Zay" Vodka 640ml | C40: 0.64 | D40: 1*14 | K40: 40 | L40: 560 | M40: =L40*C40 -> 358.4 | N40: 10 | O40: 140 | P40: =O40*C40 -> 89.6 | Q40: 101 | R40: 1414 | S40: =R40*C40 -> 904.96 | T40: 88 | U40: 1232 | V40: =U40*C40 -> 788.48 | W40: 95 | X40: 1330 | Y40: =X40*C40 -> 851.2 | Z40: 65 | AA40: 910 | AB40: 582.4 | AC40: 30 | AD40: 420 | AE40: 268.8 | AF40: 50 | AG40: 700 | AH40: 448
A41: 3 | B41: "Zay" (1 Liter) | C41: 1 | D41: 1 * 12 | E41: 400 | F41: 4800 | G41: 4800 | H41: 180 | I41: 2160 | J41: =I41*C41 -> 2160 | K41: 480 | L41: 5760 | M41: =L41*C41 -> 5760 | N41: 110 | O41: 1320 | P41: =O41*C41 -> 1320 | Q41: 150 | R41: 1800 | S41: =R41*C41 -> 1800 | T41: 450 | U41: 5400 | V41: =U41*C41 -> 5400 | W41: 340 | X41: 4080 | Y41: =X41*C41 -> 4080 | Z41: 230 | AA41: 2760 | AB41: 2760 | AC41: 150 | AD41: 1800 | AE41: 1800 | AF41: 230 | AG41: 2760 | AH41: 2760 | AI41: 230 | AJ41: 2760 | AK41: 2760 | AL41: 252 | AM41: 3024 | AN41: 3024
A42: 4 | B42: "Zay" (0.35 Liter) | C42: 0.35 | D42: 1 * 40 | E42: 15 | F42: 600 | G42: 210 | J42: =I42*C42 -> 0 | K42: 25 | L42: 1000 | M42: =L42*C42 -> 350 | P42: =O42*C42 -> 0 | Q42: 20 | R42: 800 | S42: =R42*C42 -> 280 | T42: 35 | U42: 1400 | V42: =U42*C42 -> 490 | W42: 25 | X42: 1000 | Y42: =X42*C42 -> 350 | Z42: 5 | AA42: 200 | AB42: 70 | AC42: 10 | AD42: 400 | AE42: 140 | AF42: 10 | AG42: 400 | AH42: 140 | AI42: 15 | AJ42: 600 | AK42: 210 | AL42: 10 | AM42: 400 | AN42: 140
A43: 5 | B43: "Zay" - 640ml | C43: 0.64 | D43: 1 * 14 | E43: 45 | F43: 630 | G43: =F43*C43 -> 403.2 | H43: 50 | I43: 700 | J43: =I43*C43 -> 448 | M43: =L43*C43 -> 0 | P43: =O43*C43 -> 0 | S43: =R43*C43 -> 0 | V43: =U43*C43 -> 0 | Y43: =X43*C43 -> 0 | AI43: 25 | AJ43: 350 | AK43: 224 | AL43: 40 | AM43: 560 | AN43: 358.4
A44: 6 | B44: Kaung Kyi | C44: 0.64 | D44: 1 * 14 | E44: 200 | F44: 2800 | G44: =F44*C44 -> 1792 | J44: =I44*C44 -> 0 | K44: 200 | L44: 2800 | M44: =L44*C44 -> 1792 | N44: 200 | O44: 2800 | P44: =O44*C44 -> 1792 | S44: =R44*C44 -> 0 | T44: 200 | U44: 2800 | V44: =U44*C44 -> 1792 | W44: 200 | X44: 2800 | Y44: =X44*C44 -> 1792 | AC44: 200 | AD44: 2800 | AE44: 1792 | AF44: 200 | AG44: 2800 | AH44: 1792 | AI44: 200 | AJ44: 2800 | AK44: 1792
A45: 7 | B45: KK1Li-25% | C45: 1 | J45: =I45*C45 -> 0 | S45: =R45*C45 -> 0 | W45: 11 | X45: 132 | Y45: =X45*C45 -> 132 | Z45: 45 | AA45: 540 | AB45: 540
A46: 8 | B46: KK1Li-40% | C46: 1 | J46: =I46*C46 -> 0 | S46: =R46*C46 -> 0 | W46: 11 | X46: 132 | Y46: =X46*C46 -> 132 | AC46: 28 | AD46: 336 | AE46: 336 | AF46: 5 | AG46: 60 | AH46: 60 | AI46: 10 | AJ46: 120 | AK46: 120 | AL46: 30 | AM46: 360 | AN46: 360
A47: 9 | B47: Zayawaddy Red(1 Liter)30% | C47: 1 | D47: 1 * 12 | E47: 100 | F47: 1200 | G47: =F47*C47 -> 1200 | H47: 50 | I47: 600 | J47: =I47*C47 -> 600 | K47: 150 | L47: 1800 | M47: =L47*C47 -> 1800 | P47: =O47*C47 -> 0 | Q47: 150 | R47: 1800 | S47: =R47*C47 -> 1800 | T47: 150 | U47: 1800 | V47: =U47*C47 -> 1800 | W47: 100 | X47: 1200 | Y47: =X47*C47 -> 1200 | Z47: 100 | AA47: 1200 | AB47: 1200 | AC47: 150 | AD47: 1800 | AE47: 1800 | AF47: 110 | AG47: 1320 | AH47: 1320 | AI47: 300 | AJ47: 3600 | AK47: 3600 | AL47: 100 | AM47: 1200 | AN47: 1200
A48: 10 | B48: Zayawaddy Red | C48: 0.64 | D48: 1 * 14 | E48: 400 | F48: 5600 | G48: =F48*C48 -> 3584 | H48: 400 | I48: 5600 | J48: =I48*C48 -> 3584 | K48: 1050 | L48: 14700 | M48: =L48*C48 -> 9408 | N48: 200 | O48: 2800 | P48: =O48*C48 -> 1792 | Q48: 350 | R48: 4900 | S48: =R48*C48 -> 3136 | T48: 550 | U48: 7700 | V48: =U48*C48 -> 4928 | W48: 350 | X48: 4900 | Y48: =X48*C48 -> 3136 | Z48: 400 | AA48: 5600 | AB48: 3584 | AC48: 650 | AD48: 9100 | AE48: 5824 | AF48: 500 | AG48: 7000 | AH48: 4480 | AI48: 450 | AJ48: 6300 | AK48: 4032 | AL48: 350 | AM48: 4900 | AN48: 3136
A49: 11 | B49: ဇေယျဝတီ Red (ပု) | C49: 0.64 | D49: 1*14 | K49: 20 | L49: 280 | M49: =L49*C49 -> 179.2 | P49: =O49*C49 -> 0 | S49: =R49*C49 -> 0 | V49: =U49*C49 -> 0 | Y49: =X49*C49 -> 0 | AI49: 30 | AJ49: 420 | AK49: 268.8
A50: 12 | B50: Dagon | C50: 0.64 | D50: 1 * 24 | E50: 30 | F50: 720 | G50: =F50*C50 -> 460.8 | H50: 50 | I50: 1200 | J50: =I50*C50 -> 768 | K50: 30 | L50: 720 | M50: =L50*C50 -> 460.8 | N50: 75 | O50: 1800 | P50: =O50*C50 -> 1152 | Q50: 60 | R50: 1440 | S50: =R50*C50 -> 921.6 | T50: 30 | U50: 720 | V50: =U50*C50 -> 460.8 | W50: 30 | X50: 720 | Y50: =X50*C50 -> 460.8 | Z50: 30 | AA50: 720 | AB50: 460.8 | AC50: 30 | AD50: 720 | AE50: 460.8 | AF50: 30 | AG50: 720 | AH50: 460.8 | AI50: 60 | AJ50: 1440 | AK50: 921.6
A51: 13 | B51: Formula Rum 700ml | C51: 0.7 | D51: 1 * 12 | G51: =F51*C51 -> 0 | T51: 2 | U51: 24 | V51: =U51*C51 -> 16.8 | Y51: =X51*C51 -> 0
A52: 14 | B52: Formula Rum 350ml | C52: 0.35 | D52: 1 * 24 | V52: =U52*C52 -> 0 | Y52: =X52*C52 -> 0
B53: Total | E53: =SUM(E39:E50) -> 1190 | F53: =SUM(F39:F50) -> 16350 | G53: =SUM(G39:G50) -> 12450 | H53: =SUM(H39:H50) -> 730 | I53: =SUM(I39:I50) -> 10260 | J53: =SUM(J39:J50) -> 7560 | K53: =SUM(K39:K50) -> 1995 | L53: =SUM(L39:L50) -> 27620 | ... S53: =SUM(S39:S50) -> 8842.56 | T53: =SUM(T39:T52) -> 1505 | U53: =SUM(U39:U52) -> 21076 | V53: =SUM(V39:V52) -> 15676.08 | W53: =SUM(W39:W52) -> 1162 | X53: =SUM(X39:X52) -> 16294 | Y53: =SUM(Y39:Y52) -> 12134 | Z53: =SUM(Z39:Z50) -> 875 | AA53: =SUM(AA39:AA50) -> 11930 | AB53: =SUM(AB39:AB50) -> 9197.2 | AC53: =SUM(AC39:AC50) -> 1248 | AD53: =SUM(AD39:AD50) -> 17376 | AE53: =SUM(AE39:AE50) -> 12421.6 | AF53: =SUM(AF39:AF52) -> 1135 | AG53: =SUM(AG39:AG52) -> 15760 | AH53: =SUM(AH39:AH52) -> 11460.8 | AI53: =SUM(AI39:AI52) -> 1320 | AJ53: =SUM(AJ39:AJ52) -> 18390 | AK53: =SUM(AK39:AK52) -> 13928.4 | AL53: =SUM(AL39:AL50) -> 782 | AM53: =SUM(AM39:AM50) -> 10444 | AN53: =SUM(AN39:AN50) -> 8218.4 | AO53: =SUM(AO39:AO50) -> 0 | AP53: =SUM(AP39:AP50) -> 0 | AQ53: =SUM(AQ39:AQ50) -> 0
A55: 1 | B55: Columbus 700ml | C55: 0.7 | D55: 1 * 12 | Y55: =X55*C55 -> 0
A56: 2 | B56: Columbus 350ml | C56: 0.35 | D56: 1 * 24 | Y56: =X56*C56 -> 0
A57: 3 | B57: Columbus 175ml | C57: 0.175 | D57: 1 * 48 | Y57: =X57*C57 -> 0
A58: 4 | B58: Columbus 700ml Super Red Smooth | C58: 0.7 | D58: 1 * 12 | Y58: =X58*C58 -> 0
A59: 5 | B59: Columbus 350ml Super Red Smooth | C59: 0.35 | D59: 1 * 24 | G59: =F59*C59 -> 0 | Y59: =X59*C59 -> 0
A60: 6 | B60: Columbus 175ml Super Red Smooth | C60: 0.175 | D60: 1 * 48 | G60: =F60*C60 -> 0 | Y60: =X60*C60 -> 0
A61: 7 | B61: Ngwe Taung 700ml | C61: 0.7 | D61: 1 * 12 | G61: =F61*C61 -> 0 | Y61: =X61*C61 -> 0
A62: 8 | B62: Formula Rum 700ml | C62: 0.7 | D62: 1 * 12 | G62: =F62*C62 -> 0 | Y62: =X62*C62 -> 0
A63: 9 | B63: Formula Rum 350ml | C63: 0.35 | D63: 1 * 24 | Y63: =X63*C63 -> 0
B64: Total | E64: =SUM(E55:E63) -> 0 | F64: =SUM(F55:F63) -> 0 | G64: =SUM(G55:G63) -> 0 | H64: =SUM(H55:H63) -> 0 | I64: =SUM(I55:I63) -> 0 | J64: =SUM(J55:J63) -> 0 | K64: =SUM(K55:K63) -> 0 | L64: =SUM(L55:L63) -> 0 | ... AQ64: =SUM(AQ55:AQ63) -> 0
B65: All Total | E65: =E53+E64 -> 1190 | F65: =F53+F64 -> 16350 | G65: =G53+G64 -> 12450 | H65: =H53+H64 -> 730 | J65: =J53+J64 -> 7560 | K65: =K53+K64 -> 1995 | M65: =M53+M64 -> 20108.4 | N65: =N53+N64 -> 595 | P65: =P53+P64 -> 6145.6 | Q65: =Q53+Q64 -> 831 | R65: =R53+R64 -> 12154 | S65: =S53+S64 -> 8842.56 | T65: =T53+T64 -> 1505 | U65: =U53+U64 -> 21076 | V65: =V53+V64 -> 15676.08 | W65: =W53+W64 -> 1162 | ... Z65: =Z53+Z64 -> 875 | AB65: =AB53+AB64 -> 9197.2 | AC65: =AC53+AC64 -> 1248 | AE65: =AE53+AE64 -> 12421.6 | AF65: =AF53+AF64 -> 1135 | AH65: =AH53+AH64 -> 11460.8 | AI65: =AI53+AI64 -> 1320 | AK65: =AK53+AK64 -> 13928.4 | AL65: =AL53+AL64 -> 782 | AN65: =AN53+AN64 -> 8218.4 | AO65: =AO53+AO64 -> 0 | AQ65: =AQ53+AQ64 -> 0
B68: 2026 - Sales Details MLM (Hpa-An)
A70: စဉ် | B70: အမျိုးအမည် | C70: Li | D70: Packing | E70: January | H70: February | K70: March | N70: April | Q70: May | T70: June | W70: July | Z70: August | AC70: September | AF70: October | AI70: November | AL70: December | AO70: Toal
E71: Pk | F71: BT | G71: Liter | H71: Pk | I71: BT | J71: Liter. | K71: Pk | L71: BT | M71: Liter. | N71: Pk | O71: BT | P71: Liter. | Q71: Pk | R71: BT | S71: Liter. | T71: Pk | U71: BT | V71: Liter. | W71: Pk | X71: BT | Y71: Liter. | Z71: Pk | AA71: BT | AB71: Liter. | AC71: Pk | AD71: BT | AE71: Liter. | AF71: Pk | AG71: BT | AH71: Liter. | AI71: Pk | AJ71: BT | AK71: Liter. | AL71: Pk | AM71: BT | AN71: Liter. | AO71: Pk | AP71: BT | AQ71: Liter.
A72: 1 | B72: "Zay" Vodka 700-ml | C72: 0.7 | D72: 1 * 12 | G72: =F72*C72 -> 0 | M72: =L72*C72 -> 0
A73: 2 | B73: "Zay" Vodka 640ml | C73: 0.64 | D73: 1*14 | H73: 20 | I73: 280 | J73: 179.2
A74: 3 | B74: "Zay" (1 Liter) | C74: 1 | D74: 1 * 12 | E74: 310 | F74: 3720 | G74: 3720 | H74: 220 | I74: 2640 | J74: 2640
A75: 4 | B75: "Zay" (0.35 Liter) | C75: 0.35 | D75: 1 * 40 | E75: 20 | F75: 800 | G75: 280 | H75: 10 | I75: 400 | J75: 140
A76: 5 | B76: "Zay" - 640ml | C76: 0.64 | D76: 1 * 14
A77: 6 | B77: Kaung Kyi | C77: 0.64 | D77: 1 * 14 | E77: 200 | F77: 2800 | G77: 1792 | H77: 200 | I77: 2800 | J77: 1792
A78: 7 | B78: KK1Li-25% | C78: 1 | H78: 1 | I78: 12 | J78: 12
A79: 8 | B79: KK1Li-40% | C79: 1 | E79: 10 | F79: 120 | G79: 120 | H79: 2 | I79: 24 | J79: 24
A80: 9 | B80: Zayawaddy Red(1 Liter)30% | C80: 1 | D80: 1 * 12 | E80: 270 | F80: 3240 | G80: 3240 | H80: 225 | I80: 2700 | J80: 2700
A81: 10 | B81: Zayawaddy Red | C81: 0.64 | D81: 1 * 14 | E81: 430 | F81: 6020 | G81: 3852.8 | H81: 325 | I81: 4550 | J81: 2912
A82: 11 | B82: ဇေယျဝတီ Red (ပု) | C82: 0.64 | D82: 1*14
A83: 12 | B83: Dagon | C83: 0.64 | D83: 1 * 24
A84: 13 | B84: Dagon | C84: 1 | D84: 1*12 | E84: 150 | F84: 1800 | G84: 1800
A85: 14 | B85: ရွှေမန်း | C85: 0.64 | D85: 1*14 | E85: 4 | F85: 56 | G85: 35.84
A86: 15 | B86: Formula Rum 700ml | C86: 0.7 | D86: 1 * 12
A87: 16 | B87: Formula Rum 350ml | C87: 0.35 | D87: 1 * 24
B88: Total | E88: =SUM(E72:E87) -> 1394 | F88: =SUM(F72:F87) -> 18556 | G88: =SUM(G72:G87) -> 14840.64 | H88: =SUM(H72:H87) -> 1003 | I88: =SUM(I72:I87) -> 13406 | J88: =SUM(J72:J87) -> 10399.2 | K88: =SUM(K72:K87) -> 0 | L88: =SUM(L72:L87) -> 0 | ... R88: =SUM(R72:R87) -> 0 | S88: =SUM(S72:S83) -> 0 | T88: =SUM(T72:T87) -> 0 | U88: =SUM(U72:U87) -> 0 | V88: =SUM(V72:V87) -> 0 | W88: =SUM(W72:W87) -> 0 | X88: =SUM(X72:X87) -> 0 | Y88: =SUM(Y72:Y87) -> 0 | Z88: =SUM(Z72:Z83) -> 0 | AA88: =SUM(AA72:AA83) -> 0 | AB88: =SUM(AB72:AB83) -> 0 | AC88: =SUM(AC72:AC83) -> 0 | AD88: =SUM(AD72:AD83) -> 0 | AE88: =SUM(AE72:AE83) -> 0 | AF88: =SUM(AF72:AF87) -> 0 | AG88: =SUM(AG72:AG87) -> 0 | AH88: =SUM(AH72:AH87) -> 0 | AI88: =SUM(AI72:AI87) -> 0 | AJ88: =SUM(AJ72:AJ87) -> 0 | AK88: =SUM(AK72:AK87) -> 0 | AL88: =SUM(AL72:AL83) -> 0 | AM88: =SUM(AM72:AM83) -> 0 | AN88: =SUM(AN72:AN83) -> 0 | AO88: =SUM(AO72:AO83) -> 0 | AP88: =SUM(AP72:AP83) -> 0 | AQ88: =SUM(AQ72:AQ83) -> 0
A90: 1 | B90: Columbus 700ml | C90: 0.7 | D90: 1 * 12 | Y90: =X90*C90 -> 0
A91: 2 | B91: Columbus 350ml | C91: 0.35 | D91: 1 * 24 | Y91: =X91*C91 -> 0
A92: 3 | B92: Columbus 175ml | C92: 0.175 | D92: 1 * 48 | Y92: =X92*C92 -> 0
A93: 4 | B93: Columbus 700ml Super Red Smooth | C93: 0.7 | D93: 1 * 12 | Y93: =X93*C93 -> 0
A94: 5 | B94: Columbus 350ml Super Red Smooth | C94: 0.35 | D94: 1 * 24 | G94: =F94*C94 -> 0 | Y94: =X94*C94 -> 0
A95: 6 | B95: Columbus 175ml Super Red Smooth | C95: 0.175 | D95: 1 * 48 | G95: =F95*C95 -> 0 | Y95: =X95*C95 -> 0
A96: 7 | B96: Ngwe Taung 700ml | C96: 0.7 | D96: 1 * 12 | G96: =F96*C96 -> 0 | Y96: =X96*C96 -> 0
A97: 8 | B97: Formula Rum 700ml | C97: 0.7 | D97: 1 * 12 | G97: =F97*C97 -> 0 | Y97: =X97*C97 -> 0
A98: 9 | B98: Formula Rum 350ml | C98: 0.35 | D98: 1 * 24 | Y98: =X98*C98 -> 0
B99: Total | E99: =SUM(E90:E98) -> 0 | F99: =SUM(F90:F98) -> 0 | G99: =SUM(G90:G98) -> 0 | H99: =SUM(H90:H98) -> 0 | I99: =SUM(I90:I98) -> 0 | J99: =SUM(J90:J98) -> 0 | K99: =SUM(K90:K98) -> 0 | L99: =SUM(L90:L98) -> 0 | ... AQ99: =SUM(AQ90:AQ98) -> 0
B100: All Total | E100: =E88+E99 -> 1394 | F100: =F88+F99 -> 18556 | G100: =G88+G99 -> 14840.64 | H100: =H88+H99 -> 1003 | J100: =J88+J99 -> 10399.2 | K100: =K88+K99 -> 0 | M100: =M88+M99 -> 0 | N100: =N88+N99 -> 0 | P100: =P88+P99 -> 0 | Q100: =Q88+Q99 -> 0 | R100: =R88+R99 -> 0 | S100: =S88+S99 -> 0 | T100: =T88+T99 -> 0 | U100: =U88+U99 -> 0 | V100: =V88+V99 -> 0 | W100: =W88+W99 -> 0 | ... Z100: =Z88+Z99 -> 0 | AB100: =AB88+AB99 -> 0 | AC100: =AC88+AC99 -> 0 | AE100: =AE88+AE99 -> 0 | AF100: =AF88+AF99 -> 0 | AH100: =AH88+AH99 -> 0 | AI100: =AI88+AI99 -> 0 | AK100: =AK88+AK99 -> 0 | AL100: =AL88+AL99 -> 0 | AN100: =AN88+AN99 -> 0 | AO100: =AO88+AO99 -> 0 | AQ100: =AQ88+AQ99 -> 0

Sheet 4-Paung
B1: 2024 - Sales Details MLM (Paung)
A3: စဉ် | B3: အမျိုးအမည် | C3: Li | D3: Packing | E3: January | H3: February | K3: March | N3: April | Q3: May | T3: June | W3: July | Z3: August | AC3: September | AF3: October | AI3: November | AL3: December | AO3: Total
E4: Pk | F4: BT | G4: Liter | H4: Pk | I4: BT | J4: Liter. | K4: Pk | L4: BT | M4: Liter. | N4: Pk | O4: BT | P4: Liter. | Q4: Pk | R4: BT | S4: Liter. | T4: Pk | U4: BT | V4: Liter. | W4: Pk | X4: BT | Y4: Liter. | Z4: Pk | AA4: BT | AB4: Liter. | AC4: Pk | AD4: BT | AE4: Liter. | AF4: Pk | AG4: BT | AH4: Liter. | AI4: Pk | AJ4: BT | AK4: Liter. | AL4: Pk | AM4: BT | AN4: Liter. | AO4: Pk | AP4: BT | AQ4: Liter.
A5: 1 | B5: "Zay" Vodka 700-ml | C5: 0.7 | D5: 1 * 12 | G5: =F5*C5 -> 0 | J5: =I5*C5 -> 0 | M5: =L5*C5 -> 0 | P5: =O5*C5 -> 0 | S5: =R5*C5 -> 0 | V5: =U5*C5 -> 0 | Y5: =X5*C5 -> 0 | Z5: 25 | AA5: 300 | AB5: =AA5*C5 -> 210 | AC5: 25 | AD5: 300 | AE5: =AD5*C5 -> 210 | AF5: 35 | AG5: 420 | AH5: =AG5*C5 -> 294 | AI5: 28 | AJ5: 336 | AK5: =AJ5*C5 -> 235.2 | AN5: =AM5*C5 -> 0 | AO5: =E5+H5+K5+N5+Q5+T5+W5+Z5+AC5+AF5+AI5+AL5 -> 113 | AP5: =F5+I5+L5+O5+R5+U5+X5+AA5+AD5+AG5+AJ5+AM5 -> 1356 | AQ5: =G5+J5+M5+P5+S5+V5+Y5+AB5+AE5+AH5+AK5+AN5 -> 949.2
A6: 3 | B6: "Zay" (1 Liter) | C6: 1 | D6: 1 * 12 | E6: 28 | F6: 336 | G6: =F6*C6 -> 336 | J6: =I6*C6 -> 0 | M6: =L6*C6 -> 0 | N6: 42 | O6: 504 | P6: =O6*C6 -> 504 | Q6: 15 | R6: 180 | S6: =R6*C6 -> 180 | T6: 35 | U6: 420 | V6: =U6*C6 -> 420 | W6: 22 | X6: 264 | Y6: =X6*C6 -> 264 | Z6: 25 | AA6: 300 | AB6: =AA6*C6 -> 300 | AC6: 20 | AD6: 240 | AE6: =AD6*C6 -> 240 | AF6: 5 | AG6: 60 | AH6: =AG6*C6 -> 60 | AI6: 18 | AJ6: 216 | AK6: =AJ6*C6 -> 216 | AN6: =AM6*C6 -> 0 | AO6: =E6+H6+K6+N6+Q6+T6+W6+Z6+AC6+AF6+AI6+AL6 -> 210 | AP6: =F6+I6+L6+O6+R6+U6+X6+AA6+AD6+AG6+AJ6+AM6 -> 2520 | AQ6: =G6+J6+M6+P6+S6+V6+Y6+AB6+AE6+AH6+AK6+AN6 -> 2520
A7: 4 | B7: "Zay" Vodka- 640ml | C7: 0.64 | D7: 1 * 14 | E7: 215 | F7: 3010 | G7: =F7*C7 -> 1926.4 | H7: 170 | I7: 2380 | J7: =I7*C7 -> 1523.2 | K7: 198 | L7: 2772 | M7: =L7*C7 -> 1774.08 | N7: 228 | O7: 3192 | P7: =O7*C7 -> 2042.88 | Q7: 380 | R7: 5320 | S7: =R7*C7 -> 3404.8 | T7: 100 | U7: 1400 | V7: =U7*C7 -> 896 | W7: 300 | X7: 4200 | Y7: =X7*C7 -> 2688 | Z7: 250 | AA7: 3500 | AB7: =AA7*C7 -> 2240 | AC7: 155 | AD7: 2170 | AE7: =AD7*C7 -> 1388.8 | AF7: 201 | AG7: 2814 | AH7: =AG7*C7 -> 1800.96 | AI7: 120 | AJ7: 1680 | AK7: =AJ7*C7 -> 1075.2 | AL7: 240 | AM7: 3360 | AN7: =AM7*C7 -> 2150.4 | AO7: =E7+H7+K7+N7+Q7+T7+W7+Z7+AC7+AF7+AI7+AL7 -> 2557 | AP7: =F7+I7+L7+O7+R7+U7+X7+AA7+AD7+AG7+AJ7+AM7 -> 35798 | AQ7: =G7+J7+M7+P7+S7+V7+Y7+AB7+AE7+AH7+AK7+AN7 -> 22910.72
A8: 5 | B8: ဇေယျဝတီ Red (ပု) | C8: 0.64 | D8: 1 * 14 | G8: =F8*C8 -> 0 | H8: 30 | I8: 420 | J8: =I8*C8 -> 268.8 | K8: 20 | L8: 280 | M8: =L8*C8 -> 179.2 | P8: =O8*C8 -> 0 | S8: =R8*C8 -> 0 | V8: =U8*C8 -> 0 | W8: 10 | X8: 140 | Y8: =X8*C8 -> 89.6 | AB8: =AA8*C8 -> 0 | AC8: 20 | AD8: 280 | AE8: =AD8*C8 -> 179.2 | AH8: =AG8*C8 -> 0 | AI8: 20 | AJ8: 280 | AK8: =AJ8*C8 -> 179.2 | AL8: 15 | AM8: 210 | AN8: =AM8*C8 -> 134.4 | AO8: =E8+H8+K8+N8+Q8+T8+W8+Z8+AC8+AF8+AI8+AL8 -> 115 | AP8: =F8+I8+L8+O8+R8+U8+X8+AA8+AD8+AG8+AJ8+AM8 -> 1610 | AQ8: =G8+J8+M8+P8+S8+V8+Y8+AB8+AE8+AH8+AK8+AN8 -> 1030.4
A9: 6 | B9: Dagon Pineapple | C9: 0.64 | D9: 1 * 14 | G9: =F9*C9 -> 0 | J9: =I9*C9 -> 0 | M9: =L9*C9 -> 0 | P9: =O9*C9 -> 0 | S9: =R9*C9 -> 0 | V9: =U9*C9 -> 0 | Y9: =X9*C9 -> 0 | AB9: =AA9*C9 -> 0 | AE9: =AD9*C9 -> 0 | AH9: =AG9*C9 -> 0 | AI9: 5 | AJ9: 70 | AK9: =AJ9*C9 -> 44.8 | AN9: =AM9*C9 -> 0 | AO9: =E9+H9+K9+N9+Q9+T9+W9+Z9+AC9+AF9+AI9+AL9 -> 5 | AP9: =F9+I9+L9+O9+R9+U9+X9+AA9+AD9+AG9+AJ9+AM9 -> 70 | AQ9: =G9+J9+M9+P9+S9+V9+Y9+AB9+AE9+AH9+AK9+AN9 -> 44.8
A10: 7 | B10: Dagon Tamarind (1 Liter) | C10: 1 | D10: 1 * 12 | G10: =F10*C10 -> 0 | J10: =I10*C10 -> 0 | M10: =L10*C10 -> 0 | N10: 7 | O10: 84 | P10: =O10*C10 -> 84 | S10: =R10*C10 -> 0 | V10: =U10*C10 -> 0 | Y10: =X10*C10 -> 0 | AB10: =AA10*C10 -> 0 | AE10: =AD10*C10 -> 0 | AH10: =AG10*C10 -> 0 | AK10: =AJ10*C10 -> 0 | AN10: =AM10*C10 -> 0 | AO10: =E10+H10+K10+N10+Q10+T10+W10+Z10+AC10+AF10+AI10+AL10 -> 7 | AP10: =F10+I10+L10+O10+R10+U10+X10+AA10+AD10+AG10+AJ10+AM10 -> 84 | AQ10: =G10+J10+M10+P10+S10+V10+Y10+AB10+AE10+AH10+AK10+AN10 -> 84
A11: 8 | B11: Dagon | C11: 0.64 | D11: 1 * 24 | E11: 50 | F11: 1200 | G11: =F11*C11 -> 768 | H11: 55 | I11: 1320 | J11: =I11*C11 -> 844.8 | K11: 20 | L11: 480 | M11: =L11*C11 -> 307.2 | N11: 50 | O11: 1200 | P11: =O11*C11 -> 768 | Q11: 30 | R11: 720 | S11: =R11*C11 -> 460.8 | T11: 50 | U11: 1200 | V11: =U11*C11 -> 768 | W11: 65 | X11: 1560 | Y11: =X11*C11 -> 998.4 | Z11: 50 | AA11: 1200 | AB11: =AA11*C11 -> 768 | AC11: 60 | AD11: 1440 | AE11: =AD11*C11 -> 921.6 | AF11: 20 | AG11: 480 | AH11: =AG11*C11 -> 307.2 | AI11: 50 | AJ11: 1200 | AK11: =AJ11*C11 -> 768 | AL11: 70 | AM11: 1680 | AN11: =AM11*C11 -> 1075.2 | AO11: =E11+H11+K11+N11+Q11+T11+W11+Z11+AC11+AF11+AI11+AL11 -> 570 | AP11: =F11+I11+L11+O11+R11+U11+X11+AA11+AD11+AG11+AJ11+AM11 -> 13680 | AQ11: =G11+J11+M11+P11+S11+V11+Y11+AB11+AE11+AH11+AK11+AN11 -> 8755.2
A12: 9 | B12: Formula Rum 700ml | C12: 0.7 | D12: 1*12 | G12: =F12*C12 -> 0 | J12: =I12*C12 -> 0 | M12: =L12*C12 -> 0 | P12: =O12*C12 -> 0 | Q12: 1 | R12: 12 | S12: =R12*C12 -> 8.4 | V12: =U12*C12 -> 0 | Y12: =X12*C12 -> 0 | AB12: =AA12*C12 -> 0 | AE12: =AD12*C12 -> 0 | AH12: =AG12*C12 -> 0 | AK12: =AJ12*C12 -> 0 | AN12: =AM12*C12 -> 0 | AO12: =E12+H12+K12+N12+Q12+T12+W12+Z12+AC12+AF12+AI12+AL12 -> 1 | AP12: =F12+I12+L12+O12+R12+U12+X12+AA12+AD12+AG12+AJ12+AM12 -> 12 | AQ12: =G12+J12+M12+P12+S12+V12+Y12+AB12+AE12+AH12+AK12+AN12 -> 8.4
B13: Total | E13: =SUM(E5:E11) -> 293 | F13: =SUM(F5:F11) -> 4546 | G13: =SUM(G5:G11) -> 3030.4 | H13: =SUM(H5:H11) -> 255 | I13: =SUM(I5:I11) -> 4120 | J13: =SUM(J5:J11) -> 2636.8 | K13: =SUM(K5:K12) -> 238 | L13: =SUM(L5:L12) -> 3532 | M13: =SUM(M5:M12) -> 2260.48 | N13: =SUM(N5:N12) -> 327 | O13: =SUM(O5:O12) -> 4980 | P13: =SUM(P5:P12) -> 3398.88 | Q13: =SUM(Q5:Q12) -> 426 | R13: =SUM(R5:R12) -> 6232 | ... AQ13: =SUM(AQ5:AQ12) -> 36302.72
A15: 1 | B15: Columbus 700ml | C15: 0.7 | D15: 1 * 12 | W15: =48/12 -> 4 | X15: 48 | Y15: =X15*C15 -> 33.6
A16: 2 | B16: Columbus 350ml | C16: 0.35 | D16: 1 * 24
A17: 3 | B17: Columbus 175ml | C17: 0.175 | D17: 1 * 48
A18: 4 | B18: Columbus 700ml Super Red Smooth | C18: 0.7 | D18: 1 * 12 | W18: 2 | X18: 24 | Y18: =X18*C18 -> 16.8
A19: 5 | B19: Columbus 350ml Super Red Smooth | C19: 0.35 | D19: 1 * 24 | F19: 72 | G19: =F19*C19 -> 25.2
A20: 6 | B20: Columbus 175ml Super Red Smooth | C20: 0.175 | D20: 1 * 48 | G20: =F20*C20 -> 0 | Z20: =AA20/48 -> 2 | AA20: 96 | AB20: =AA20*C20 -> 16.8
A21: 7 | B21: Ngwe Taung 700ml | C21: 0.7 | D21: 1 * 12 | G21: =F21*C21 -> 0 | Z21: =156/12 -> 13 | AA21: 156 | AB21: =AA21*C21 -> 109.2
A22: 8 | B22: Formula Rum 700ml | C22: 0.7 | D22: 1 * 12 | G22: =F22*C22 -> 0 | AB22: =AA22*C22 -> 0
A23: 9 | B23: Formula Rum 350ml | C23: 0.35 | D23: 1 * 24 | AB23: =AA23*C23 -> 0
B24: Total | E24: =SUM(E15:E23) -> 0 | F24: =SUM(F15:F23) -> 72 | G24: =SUM(G15:G23) -> 25.2 | H24: =SUM(H15:H23) -> 0 | I24: =SUM(I15:I23) -> 0 | J24: =SUM(J15:J23) -> 0 | K24: =SUM(K15:K23) -> 0 | L24: =SUM(L15:L23) -> 0 | ... AQ24: =SUM(AQ15:AQ23) -> 0
B25: All Total | E25: =E13+E24 -> 293 | F25: =F13+F24 -> 4618 | G25: =G13+G24 -> 3055.6 | H25: =H13+H24 -> 255 | J25: =J13+J24 -> 2636.8 | K25: =K13+K24 -> 238 | M25: =M13+M24 -> 2260.48 | N25: =N13+N24 -> 327 | P25: =P13+P24 -> 3398.88 | Q25: =Q13+Q24 -> 426 | S25: =S13+S24 -> 4054 | T25: =T13+T24 -> 185 | V25: =V13+V24 -> 2084 | W25: =W13+W24 -> 403 | Y25: =Y13+Y24 -> 4090.4 | Z25: =Z13+Z24 -> 365 | AB25: =AB13+AB24 -> 3644 | AC25: =AC13+AC24 -> 280 | AE25: =AE13+AE24 -> 2939.6 | AF25: =AF13+AF24 -> 261 | AH25: =AH13+AH24 -> 2462.16 | AI25: =AI13+AI24 -> 241 | AK25: =AK13+AK24 -> 2518.4 | AL25: =AL13+AL24 -> 325 | AN25: =AN13+AN24 -> 3360 | AO25: =AO13+AO24 -> 3578 | AQ25: =AQ13+AQ24 -> 36302.72
B29: 2025 - Sales Details MLM (Paung)
A31: စဉ် | B31: အမျိုးအမည် | C31: Li | D31: Packing | E31: January | H31: February | K31: March | N31: April | Q31: May | T31: June | W31: July | Z31: August | AC31: September | AF31: October | AI31: November | AL31: December | AO31: Toatl
E32: Pk | F32: BT | G32: Liter | H32: Pk | I32: BT | J32: Liter. | K32: Pk | L32: BT | M32: Liter. | N32: Pk | O32: BT | P32: Liter. | Q32: Pk | R32: BT | S32: Liter. | T32: Pk | U32: BT | V32: Liter. | W32: Pk | X32: BT | Y32: Liter. | Z32: Pk | AA32: BT | AB32: Liter. | AC32: Pk | AD32: BT | AE32: Liter. | AF32: Pk | AG32: BT | AH32: Liter. | AI32: Pk | AJ32: BT | AK32: Liter. | AL32: Pk | AM32: BT | AN32: Liter. | AO32: Pk | AP32: BT | AQ32: Liter.
A33: 1 | B33: "Zay" Vodka 700-ml | C33: 0.7 | D33: 1 * 12 | E33: 33 | F33: 396 | G33: =F33*C33 -> 277.2 | H33: 30 | I33: 360 | J33: =I33*C33 -> 252 | K33: 40 | L33: 480 | M33: =L33*C33 -> 336 | N33: 3 | O33: 36 | P33: =O33*C33 -> 25.2 | Q33: 28 | R33: 336 | S33: =R33*C33 -> 235.2 | T33: 3 | U33: 36 | V33: =U33*C33 -> 25.2 | W33: 3 | X33: 36 | Y33: =X33*C33 -> 25.2 | Z33: 37 | AA33: 444 | AB33: 310.8 | AC33: 8 | AD33: 96 | AE33: 67.2 | AI33: 30 | AJ33: 360 | AK33: 252
A34: 2 | B34: "Zay" Vodka 640ml | C34: 0.64 | D34: 1*14 | E34: 290 | F34: 4060 | G34: =F34*C34 -> 2598.4 | H34: 265 | I34: 3710 | J34: =I34*C34 -> 2374.4 | K34: 335 | L34: 4690 | M34: =L34*C34 -> 3001.6 | N34: 200 | O34: 2800 | P34: =O34*C34 -> 1792 | Q34: 325 | R34: 4550 | S34: =R34*C34 -> 2912 | T34: 250 | U34: 3500 | V34: =U34*C34 -> 2240 | W34: 255 | X34: 3570 | Y34: =X34*C34 -> 2284.8 | Z34: 135 | AA34: 1890 | AB34: 1209.6 | AC34: 195 | AD34: 2730 | AE34: 1747.2 | AF34: 95 | AG34: 1330 | AH34: 851.2 | AI34: 325 | AJ34: 4550 | AK34: 2912
A35: 3 | B35: "Zay" (1 Liter) | C35: 1 | D35: 1 * 12 | E35: 10 | F35: 120 | G35: =F35*C35 -> 120 | H35: 10 | I35: 120 | J35: =I35*C35 -> 120 | K35: 10 | L35: 120 | M35: =L35*C35 -> 120 | P35: =O35*C35 -> 0 | Q35: 10 | R35: 120 | S35: =R35*C35 -> 120 | V35: =U35*C35 -> 0 | Y35: =X35*C35 -> 0 | AI35: 10 | AJ35: 120 | AK35: 120
A36: 4 | B36: "Zay" - 640ml | C36: 0.64 | D36: 1 * 14 | G36: =F36*C36 -> 0 | J36: =I36*C36 -> 0 | M36: =L36*C36 -> 0 | P36: =O36*C36 -> 0 | S36: =R36*C36 -> 0 | V36: =U36*C36 -> 0 | Y36: =X36*C36 -> 0 | AL36: 150 | AM36: 2100 | AN36: 1344
A37: 5 | B37: ဇေယျဝတီ Red (ပု) | C37: 0.64 | D37: 1 * 14 | E37: 30 | F37: 420 | G37: =F37*C37 -> 268.8 | H37: 20 | I37: 280 | J37: =I37*C37 -> 179.2 | K37: 20 | L37: 280 | M37: 179.2 | N37: 30 | O37: 420 | P37: =O37*C37 -> 268.8 | Q37: 20 | R37: 280 | S37: =R37*C37 -> 179.2 | T37: 20 | U37: 280 | V37: =U37*C37 -> 179.2 | W37: 15 | X37: 210 | Y37: =X37*C37 -> 134.4 | Z37: 20 | AA37: 280 | AB37: 179.2 | AC37: 20 | AD37: 280 | AE37: 179.2 | AF37: 20 | AG37: 280 | AH37: 179.2 | AI37: 25 | AJ37: 350 | AK37: 224 | AL37: 30 | AM37: 420 | AN37: 268.8
A38: 6 | B38: Dagon Pineapple | C38: 0.64 | D38: 1 * 14 | H38: 5 | I38: 70 | J38: =I38*C38 -> 44.8 | K38: 5 | L38: 70 | M38: =L38*C38 -> 44.8 | N38: 5 | O38: 70 | P38: =O38*C38 -> 44.8 | Q38: 5 | R38: 70 | S38: =R38*C38 -> 44.8 | T38: 5 | U38: 70 | V38: =U38*C38 -> 44.8 | W38: 60 | X38: 1440 | Y38: =X38*C38 -> 921.6 | Z38: 5 | AA38: 70 | AB38: 44.8 | AC38: 5 | AD38: 70 | AE38: 44.8 | AF38: 10 | AG38: 140 | AH38: 89.6 | AI38: 8 | AJ38: 112 | AK38: 71.68 | AL38: 15 | AM38: 210 | AN38: 134.4
A39: 8 | B39: Dagon | C39: 0.64 | D39: 1 * 24 | E39: 20 | F39: 480 | G39: =F39*C39 -> 307.2 | H39: 50 | I39: 1200 | J39: =I39*C39 -> 768 | K39: 10 | L39: 240 | M39: =L39*C39 -> 153.6 | N39: 60 | O39: 1440 | P39: =O39*C39 -> 921.6 | Q39: 20 | R39: 480 | S39: =R39*C39 -> 307.2 | T39: 60 | U39: 1440 | V39: =U39*C39 -> 921.6 | Y39: =X39*C39 -> 0 | Z39: 10 | AA39: 240 | AB39: 153.6 | AC39: 60 | AD39: 1440 | AE39: 921.6 | AF39: 10 | AG39: 240 | AH39: 153.6 | AI39: 60 | AJ39: 1440 | AK39: 921.6 | AL39: 10 | AM39: 240 | AN39: 153.6
B40: Total | E40: =SUM(E33:E39) -> 383 | F40: =SUM(F33:F39) -> 5476 | G40: =SUM(G33:G39) -> 3571.6 | H40: =SUM(H33:H39) -> 380 | I40: =SUM(I33:I39) -> 5740 | J40: =SUM(J33:J39) -> 3738.4 | K40: =SUM(K33:K39) -> 420 | L40: =SUM(L33:L39) -> 5880 | ... AQ40: =SUM(AQ33:AQ39) -> 0
A42: 1 | B42: Columbus 700ml | C42: 0.7 | D42: 1 * 12 | Y42: =X42*C42 -> 0
A43: 2 | B43: Columbus 350ml | C43: 0.35 | D43: 1 * 24 | Y43: =X43*C43 -> 0
A44: 3 | B44: Columbus 175ml | C44: 0.175 | D44: 1 * 48 | Y44: =X44*C44 -> 0
A45: 4 | B45: Columbus 700ml Super Red Smooth | C45: 0.7 | D45: 1 * 12 | Y45: =X45*C45 -> 0
A46: 5 | B46: Columbus 350ml Super Red Smooth | C46: 0.35 | D46: 1 * 24 | G46: =F46*C46 -> 0 | Y46: =X46*C46 -> 0
A47: 6 | B47: Columbus 175ml Super Red Smooth | C47: 0.175 | D47: 1 * 48 | G47: =F47*C47 -> 0 | Y47: =X47*C47 -> 0
A48: 7 | B48: Ngwe Taung 700ml | C48: 0.7 | D48: 1 * 12 | G48: =F48*C48 -> 0 | Y48: =X48*C48 -> 0
A49: 8 | B49: Formula Rum 700ml | C49: 0.7 | D49: 1 * 12 | G49: =F49*C49 -> 0 | Y49: =X49*C49 -> 0
A50: 9 | B50: Formula Rum 350ml | C50: 0.35 | D50: 1 * 24 | Y50: =X50*C50 -> 0
B51: Total | E51: =SUM(E42:E50) -> 0 | F51: =SUM(F42:F50) -> 0 | G51: =SUM(G42:G50) -> 0 | H51: =SUM(H42:H50) -> 0 | I51: =SUM(I42:I50) -> 0 | J51: =SUM(J42:J50) -> 0 | K51: =SUM(K42:K50) -> 0 | L51: =SUM(L42:L50) -> 0 | ... AQ51: =SUM(AQ42:AQ50) -> 0
B52: All Total | E52: =E40+E51 -> 383 | F52: =F40+F51 -> 5476 | G52: =G40+G51 -> 3571.6 | H52: =H40+H51 -> 380 | J52: =J40+J51 -> 3738.4 | K52: =K40+K51 -> 420 | M52: =M40+M51 -> 3835.2 | N52: =N40+N51 -> 298 | P52: =P40+P51 -> 3052.4 | Q52: =Q40+Q51 -> 408 | R52: =R40+R51 -> 5836 | S52: =S40+S51 -> 3798.4 | T52: =T40+T51 -> 338 | U52: =U40+U51 -> 5326 | V52: =V40+V51 -> 3410.8 | W52: =W40+W51 -> 333 | ... Z52: =Z40+Z51 -> 207 | AB52: =AB40+AB51 -> 1898 | AC52: =AC40+AC51 -> 288 | AE52: =AE40+AE51 -> 2960 | AF52: =AF40+AF51 -> 135 | AH52: =AH40+AH51 -> 1273.6 | AI52: =AI40+AI51 -> 458 | AK52: =AK40+AK51 -> 4501.28 | AL52: =AL40+AL51 -> 205 | AN52: =AN40+AN51 -> 1900.8 | AO52: =AO40+AO51 -> 0 | AQ52: =AQ40+AQ51 -> 0
B55: 2026 - Sales Details MLM (Paung)
A57: စဉ် | B57: အမျိုးအမည် | C57: Li | D57: Packing | E57: January | H57: February | K57: March | N57: April | Q57: May | T57: June | W57: July | Z57: August | AC57: September | AF57: October | AI57: November | AL57: December | AO57: Toatl
E58: Pk | F58: BT | G58: Liter | H58: Pk | I58: BT | J58: Liter. | K58: Pk | L58: BT | M58: Liter. | N58: Pk | O58: BT | P58: Liter. | Q58: Pk | R58: BT | S58: Liter. | T58: Pk | U58: BT | V58: Liter. | W58: Pk | X58: BT | Y58: Liter. | Z58: Pk | AA58: BT | AB58: Liter. | AC58: Pk | AD58: BT | AE58: Liter. | AF58: Pk | AG58: BT | AH58: Liter. | AI58: Pk | AJ58: BT | AK58: Liter. | AL58: Pk | AM58: BT | AN58: Liter. | AO58: Pk | AP58: BT | AQ58: Liter.
A59: 1 | B59: "Zay" Vodka 700-ml | C59: 0.7 | D59: 1 * 12 | E59: 28 | F59: 336 | G59: 235.2
A60: 2 | B60: "Zay" Vodka 640ml | C60: 0.64 | D60: 1*14 | E60: 245 | F60: 3430 | G60: 2195.2 | H60: 110 | I60: 1540 | J60: 985.6
A61: 3 | B61: "Zay" (1 Liter) | C61: 1 | D61: 1 * 12 | E61: 10 | F61: 120 | G61: 120
A62: 4 | B62: "Zay" - 640ml | C62: 0.64 | D62: 1 * 14
A63: 5 | B63: ဇေယျဝတီ Red (ပု) | C63: 0.64 | D63: 1 * 14 | E63: 45 | F63: 630 | G63: 403.2 | H63: 40 | I63: 560 | J63: 358.4
A64: 6 | B64: Dagon Pineapple | C64: 0.64 | D64: 1 * 14 | E64: 5 | F64: 70 | G64: 44.8 | H64: 15 | I64: 210 | J64: 134.4
A65: 8 | B65: Dagon | C65: 0.64 | D65: 1 * 24 | H65: 35 | I65: 840 | J65: 537.6
B66: Total | E66: =SUM(E59:E65) -> 333 | F66: =SUM(F59:F65) -> 4586 | G66: =SUM(G59:G65) -> 2998.4 | H66: =SUM(H59:H65) -> 200 | I66: =SUM(I59:I65) -> 3150 | J66: =SUM(J59:J65) -> 2016 | K66: =SUM(K59:K65) -> 0 | L66: =SUM(L59:L65) -> 0 | ... AQ66: =SUM(AQ59:AQ65) -> 0
A68: 1 | B68: Columbus 700ml | C68: 0.7 | D68: 1 * 12 | Y68: =X68*C68 -> 0
A69: 2 | B69: Columbus 350ml | C69: 0.35 | D69: 1 * 24 | Y69: =X69*C69 -> 0
A70: 3 | B70: Columbus 175ml | C70: 0.175 | D70: 1 * 48 | Y70: =X70*C70 -> 0
A71: 4 | B71: Columbus 700ml Super Red Smooth | C71: 0.7 | D71: 1 * 12 | Y71: =X71*C71 -> 0
A72: 5 | B72: Columbus 350ml Super Red Smooth | C72: 0.35 | D72: 1 * 24 | G72: =F72*C72 -> 0 | Y72: =X72*C72 -> 0
A73: 6 | B73: Columbus 175ml Super Red Smooth | C73: 0.175 | D73: 1 * 48 | G73: =F73*C73 -> 0 | Y73: =X73*C73 -> 0
A74: 7 | B74: Ngwe Taung 700ml | C74: 0.7 | D74: 1 * 12 | G74: =F74*C74 -> 0 | Y74: =X74*C74 -> 0
A75: 8 | B75: Formula Rum 700ml | C75: 0.7 | D75: 1 * 12 | G75: =F75*C75 -> 0 | Y75: =X75*C75 -> 0
A76: 9 | B76: Formula Rum 350ml | C76: 0.35 | D76: 1 * 24 | Y76: =X76*C76 -> 0
B77: Total | E77: =SUM(E68:E76) -> 0 | F77: =SUM(F68:F76) -> 0 | G77: =SUM(G68:G76) -> 0 | H77: =SUM(H68:H76) -> 0 | I77: =SUM(I68:I76) -> 0 | J77: =SUM(J68:J76) -> 0 | K77: =SUM(K68:K76) -> 0 | L77: =SUM(L68:L76) -> 0 | ... AQ77: =SUM(AQ68:AQ76) -> 0
B78: All Total | E78: =E66+E77 -> 333 | F78: =F66+F77 -> 4586 | G78: =G66+G77 -> 2998.4 | H78: =H66+H77 -> 200 | J78: =J66+J77 -> 2016 | K78: =K66+K77 -> 0 | M78: =M66+M77 -> 0 | N78: =N66+N77 -> 0 | P78: =P66+P77 -> 0 | Q78: =Q66+Q77 -> 0 | R78: =R66+R77 -> 0 | S78: =S66+S77 -> 0 | T78: =T66+T77 -> 0 | U78: =U66+U77 -> 0 | V78: =V66+V77 -> 0 | W78: =W66+W77 -> 0 | ... Z78: =Z66+Z77 -> 0 | AB78: =AB66+AB77 -> 0 | AC78: =AC66+AC77 -> 0 | AE78: =AE66+AE77 -> 0 | AF78: =AF66+AF77 -> 0 | AH78: =AH66+AH77 -> 0 | AI78: =AI66+AI77 -> 0 | AK78: =AK66+AK77 -> 0 | AL78: =AL66+AL77 -> 0 | AN78: =AN66+AN77 -> 0 | AO78: =AO66+AO77 -> 0 | AQ78: =AQ66+AQ77 -> 0

Sheet 4-Mu Don
B1: 2024 - Sales Details MLM (MuDon)
A3: စဉ် | B3: အမျိုးအမည် | C3: Li | D3: Packing | E3: January | H3: February | K3: March | N3: April | Q3: May | T3: June | W3: July | Z3: August | AC3: September | AF3: October | AI3: November | AL3: December | AO3: Total
E4: Pk | F4: BT | G4: Liter | H4: Pk | I4: BT | J4: Liter. | K4: Pk | L4: BT | M4: Liter. | N4: Pk | O4: BT | P4: Liter. | Q4: Pk | R4: BT | S4: Liter. | T4: Pk | U4: BT | V4: Liter. | W4: Pk | X4: BT | Y4: Liter. | Z4: Pk | AA4: BT | AB4: Liter. | AC4: Pk | AD4: BT | AE4: Liter. | AF4: Pk | AG4: BT | AH4: Liter. | AI4: Pk | AJ4: BT | AK4: Liter. | AL4: Pk | AM4: BT | AN4: Liter. | AO4: Pk | AP4: BT | AQ4: Liter.
A5: 1 | B5: Zayawaddy Red | C5: 0.64 | D5: 1 * 14 | G5: =C5*F5 -> 0 | J5: =I5*C5 -> 0 | K5: 50 | L5: 700 | M5: =L5*C5 -> 448 | N5: 50 | O5: 700 | P5: =O5*C5 -> 448 | S5: =R5*C5 -> 0 | V5: =U5*C5 -> 0 | W5: 50 | X5: 700 | Y5: =X5*C5 -> 448 | AB5: =AA5*C5 -> 0 | AE5: =AD5*C5 -> 0 | AF5: 215 | AG5: 3514 | AH5: =AG5*C5 -> 2248.96 | AI5: 80 | AJ5: 1120 | AK5: =C5*AJ5 -> 716.8 | AL5: 160 | AM5: 2240 | AN5: 1433.6 | AO5: =E5+H5+K5+N5+Q5+T5+W5+Z5+AC5+AF5+AI5+AL5 -> 605 | AP5: =F5+I5+L5+O5+R5+U5+X5+AA5+AD5+AG5+AJ5+AM5 -> 8974 | AQ5: =G5+J5+M5+P5+S5+V5+Y5+AB5+AE5+AH5+AK5+AN5 -> 5743.36
A6: 2 | B6: ဇေယျဝတီ Red (ပု) | C6: 0.64 | D6: 1*14 | E6: 810 | F6: 11340 | G6: =C6*F6 -> 7257.6 | H6: 879 | I6: 12306 | J6: =I6*C6 -> 7875.84 | K6: 655 | L6: 9170 | M6: =L6*C6 -> 5868.8 | N6: 653 | O6: 9142 | P6: =O6*C6 -> 5850.88 | Q6: 1059 | R6: 14826 | S6: =R6*C6 -> 9488.64 | T6: 870 | U6: 12180 | V6: =U6*C6 -> 7795.2 | W6: 1050 | X6: 14700 | Y6: =X6*C6 -> 9408 | Z6: 815 | AA6: 11410 | AB6: =AA6*C6 -> 7302.4 | AC6: 705 | AD6: 9870 | AE6: =AD6*C6 -> 6316.8 | AF6: 750 | AG6: 10500 | AH6: =AG6*C6 -> 6720 | AI6: 830 | AJ6: 11620 | AK6: =AJ6*C6 -> 7436.8 | AL6: 960 | AM6: 13440 | AN6: =C6*AM6 -> 8601.6 | AO6: =E6+H6+K6+N6+Q6+T6+W6+Z6+AC6+AF6+AI6+AL6 -> 10036 | AP6: =F6+I6+L6+O6+R6+U6+X6+AA6+AD6+AG6+AJ6+AM6 -> 140504 | AQ6: =G6+J6+M6+P6+S6+V6+Y6+AB6+AE6+AH6+AK6+AN6 -> 89922.56
A7: 3 | B7: Dagon | C7: 0.64 | D7: 1 * 14 | G7: =C7*F7 -> 0 | J7: =I7*C7 -> 0 | M7: =L7*C7 -> 0 | P7: =O7*C7 -> 0 | S7: =R7*C7 -> 0 | V7: =U7*C7 -> 0 | Y7: =X7*C7 -> 0 | AB7: =AA7*C7 -> 0 | AE7: =AD7*C7 -> 0 | AH7: =AG7*C7 -> 0 | AI7: 31 | AJ7: 744 | AK7: =AJ7*C7 -> 476.16 | AL7: 20 | AM7: 480 | AN7: =AM7*C7 -> 307.2 | AO7: =E7+H7+K7+N7+Q7+T7+W7+Z7+AC7+AF7+AI7+AL7 -> 51 | AP7: =F7+I7+L7+O7+R7+U7+X7+AA7+AD7+AG7+AJ7+AM7 -> 1224 | AQ7: =G7+J7+M7+P7+S7+V7+Y7+AB7+AE7+AH7+AK7+AN7 -> 783.36
B8: Total | E8: =SUM(E5:E7) -> 810 | F8: =SUM(F5:F7) -> 11340 | G8: =SUM(G5:G7) -> 7257.6 | H8: =SUM(H5:H7) -> 879 | I8: =SUM(I5:I7) -> 12306 | J8: =SUM(J5:J7) -> 7875.84 | K8: =SUM(K5:K7) -> 705 | L8: =SUM(L5:L7) -> 9870 | ... AQ8: =SUM(AQ5:AQ7) -> 96449.28
A10: 1 | B10: Columbus 700ml | C10: 0.7 | D10: 1 * 12 | H10: 1 | I10: 12 | J10: =I10*C10 -> 8.4 | S10: =R10*C10 -> 0
A11: 2 | B11: Columbus 350ml | C11: 0.35 | D11: 1 * 24 | H11: 1 | I11: 24 | J11: =I11*C11 -> 8.4 | S11: =R11*C11 -> 0
A12: 3 | B12: Columbus 175ml | C12: 0.175 | D12: 1 * 48 | J12: =I12*C12 -> 0 | S12: =R12*C12 -> 0
A13: 4 | B13: Columbus 700ml Super Red Smooth | C13: 0.7 | D13: 1 * 12 | J13: =I13*C13 -> 0 | Q13: =183/12 -> 15.25 | R13: 183 | S13: =R13*C13 -> 128.1
A14: 5 | B14: Columbus 350ml Super Red Smooth | C14: 0.35 | D14: 1 * 24 | G14: =F14*C14 -> 0 | J14: =I14*C14 -> 0 | Q14: =77/24 -> 3.2083333 | R14: 77 | S14: =R14*C14 -> 26.95
A15: 6 | B15: Columbus 175ml Super Red Smooth | C15: 0.175 | D15: 1 * 48 | G15: =F15*C15 -> 0 | J15: =I15*C15 -> 0 | S15: =R15*C15 -> 0
A16: 7 | B16: Ngwe Taung 700ml | C16: 0.7 | D16: 1 * 12 | G16: =F16*C16 -> 0 | J16: =I16*C16 -> 0 | S16: =R16*C16 -> 0
A17: 8 | B17: Formula Rum 700ml | C17: 0.7 | D17: 1 * 12 | G17: =F17*C17 -> 0 | J17: =I17*C17 -> 0 | S17: =R17*C17 -> 0
A18: 9 | B18: Formula Rum 350ml | C18: 0.35 | D18: 1 * 24 | J18: =I18*C18 -> 0 | S18: =R18*C18 -> 0
B19: Total | E19: =SUM(E10:E18) -> 0 | F19: =SUM(F10:F18) -> 0 | G19: =SUM(G10:G18) -> 0 | H19: =SUM(H10:H18) -> 2 | I19: =SUM(I10:I18) -> 36 | J19: =SUM(J10:J18) -> 16.8 | K19: =SUM(K10:K18) -> 0 | L19: =SUM(L10:L18) -> 0 | ... AQ19: =SUM(AQ10:AQ18) -> 0
B20: All Total | E20: =E8+E19 -> 810 | F20: =F8+F19 -> 11340 | G20: =G8+G19 -> 7257.6 | H20: =H8+H19 -> 881 | J20: =J8+J19 -> 7892.64 | K20: =K8+K19 -> 705 | M20: =M8+M19 -> 6316.8 | N20: =N8+N19 -> 703 | P20: =P8+P19 -> 6298.88 | Q20: =Q8+Q19 -> 1077.4583 | S20: =S8+S19 -> 9643.69 | T20: =T8+T19 -> 870 | V20: =V8+V19 -> 7795.2 | W20: =W8+W19 -> 1100 | Y20: =Y8+Y19 -> 9856 | Z20: =Z8+Z19 -> 815 | AB20: =AB8+AB19 -> 7302.4 | AC20: =AC8+AC19 -> 705 | AE20: =AE8+AE19 -> 6316.8 | AF20: =AF8+AF19 -> 965 | AH20: =AH8+AH19 -> 8968.96 | AI20: =AI8+AI19 -> 941 | AK20: =AK8+AK19 -> 8629.76 | AL20: =AL8+AL19 -> 1140 | AN20: =AN8+AN19 -> 10342.4 | AO20: =AO8+AO19 -> 10692 | AQ20: =AQ8+AQ19 -> 96449.28
B24: 2025 - Sales Details MLM (MuDon)
A26: စဉ် | B26: အမျိုးအမည် | C26: Li | D26: Packing | E26: January | H26: February | K26: March | N26: April | Q26: May | T26: June | W26: July | Z26: August | AC26: September | AF26: October | AI26: November | AL26: December | AO26: Total
E27: Pk | F27: BT | G27: Liter | H27: Pk | I27: BT | J27: Liter. | K27: Pk | L27: BT | M27: Liter. | N27: Pk | O27: BT | P27: Liter. | Q27: Pk | R27: BT | S27: Liter. | T27: Pk | U27: BT | V27: Liter. | W27: Pk | X27: BT | Y27: Liter. | Z27: Pk | AA27: BT | AB27: Liter. | AC27: Pk | AD27: BT | AE27: Liter. | AF27: Pk | AG27: BT | AH27: Liter. | AI27: Pk | AJ27: BT | AK27: Liter. | AL27: Pk | AM27: BT | AN27: Liter. | AO27: Pk | AP27: BT | AQ27: Liter.
A28: 1 | B28: Zayawaddy Red 24 | C28: 0.64 | D28: 1 * 14 | E28: 300.14286 | F28: 4200 | G28: =F28*C28 -> 2688 | H28: 90 | I28: 1260 | J28: =I28*C28 -> 806.4 | K28: 310 | L28: 4340 | M28: =L28*C28 -> 2777.6 | N28: 185 | O28: 2590 | P28: =O28*C28 -> 1657.6 | Q28: 65 | R28: 910 | S28: =R28*C28 -> 582.4 | T28: 603 | U28: 8442 | V28: =U28*C28 -> 5402.88 | W28: 50 | X28: 700 | Y28: =X28*C28 -> 448 | Z28: 200 | AA28: 2800 | AB28: 1792 | AC28: 100 | AD28: 1400 | AE28: 896 | AI28: 30 | AJ28: 720 | AK28: 460.8 | AL28: 30 | AM28: 720 | AN28: 460.8
A29: 2 | B29: Zayawaddy Red | C29: 0.64 | D29: 1 * 24 | E29: 100 | F29: 2400 | G29: =F29*C29 -> 1536 | J29: =I29*C29 -> 0 | K29: 120 | L29: 2880 | M29: =L29*C29 -> 1843.2 | P29: =O29*C29 -> 0 | S29: =R29*C29 -> 0 | V29: =U29*C29 -> 0 | Y29: =X29*C29 -> 0 | AF29: 261 | AG29: 4154 | AH29: 2658.56 | AI29: 150 | AJ29: 2100 | AK29: 1344 | AL29: 145 | AM29: 2030 | AN29: 1299.2
A30: 3 | B30: ဇေယျဝတီ Red (ပု) | C30: 0.64 | D30: 1 * 14 | E30: 780 | F30: 10920 | G30: =F30*C30 -> 6988.8 | H30: 955 | I30: 13370 | J30: =I30*C30 -> 8556.8 | M30: =L30*C30 -> 0 | N30: 730 | O30: 10220 | P30: =O30*C30 -> 6540.8 | Q30: 1183 | R30: 16562 | S30: =R30*C30 -> 10599.68 | T30: 1021 | U30: 14294 | V30: =U30*C30 -> 9148.16 | Y30: =X30*C30 -> 0 | AC30: 1053 | AD30: 14742 | AE30: 9434.88 | AF30: 945 | AG30: 13230 | AH30: 8467.2 | AI30: 1125 | AJ30: 15750 | AK30: 10080 | AL30: 1239 | AM30: 17346 | AN30: 11101.44
A31: 4 | B31: Zayawaddy Red(1 Liter)30% | C31: 1 | D31: 1 * 12 | H31: 50 | I31: 600 | J31: =I31*C31 -> 600 | K31: 30 | L31: 360 | M31: =L31*C31 -> 360 | P31: =O31*C31 -> 0 | S31: =R31*C31 -> 0 | V31: =U31*C31 -> 0 | W31: 50 | X31: 600 | Y31: =X31*C31 -> 600 | AF31: 170 | AG31: 2040 | AH31: 2040 | AI31: 95 | AJ31: 1140 | AK31: 1140 | AL31: 75 | AM31: 900 | AN31: 900
A32: 5 | B32: ဇေယျဝတီ Red (ပု) | C32: 0.64 | D32: 1*14 | K32: 1243 | L32: 17402 | M32: =L32*C32 -> 11137.28 | P32: =O32*C32 -> 0 | S32: =R32*C32 -> 0 | V32: =U32*C32 -> 0 | W32: 1070 | X32: 14980 | Y32: =X32*C32 -> 9587.2 | Z32: 795 | AA32: 11130 | AB32: 7123.2
A33: 6 | B33: Dagon | C33: 0.64 | D33: 1 * 24 | E33: 20 | F33: 480 | G33: =F33*C33 -> 307.2 | H33: 10 | I33: 240 | J33: =I33*C33 -> 153.6 | K33: 20 | L33: 480 | M33: =L33*C33 -> 307.2 | N33: 40 | O33: 960 | P33: =O33*C33 -> 614.4 | S33: =R33*C33 -> 0 | V33: =U33*C33 -> 0 | Y33: =X33*C33 -> 0 | AF33: 30 | AG33: 720 | AH33: 460.8 | AI33: 10 | AJ33: 240 | AK33: 153.6
A34: 7 | B34: "Zay" (1 Liter) | C34: 1 | D34: 1 * 12 | N34: 10 | O34: 120 | P34: =O34*C34 -> 120 | S34: =R34*C34 -> 0 | V34: =U34*C34 -> 0 | Y34: =X34*C34 -> 0
B35: Total | E35: =SUM(E28:E33) -> 1200.1429 | F35: =SUM(F28:F33) -> 18000 | G35: =SUM(G28:G33) -> 11520 | H35: =SUM(H28:H33) -> 1105 | I35: =SUM(I28:I33) -> 15470 | J35: =SUM(J28:J33) -> 10116.8 | K35: =SUM(K28:K33) -> 1723 | L35: =SUM(L28:L33) -> 25462 | M35: =SUM(M28:M33) -> 16425.28 | N35: =SUM(N28:N34) -> 965 | O35: =SUM(O28:O34) -> 13890 | P35: =SUM(P28:P34) -> 8932.8 | Q35: =SUM(Q28:Q33) -> 1248 | R35: =SUM(R28:R33) -> 17472 | S35: =SUM(S28:S33) -> 11182.08 | T35: =SUM(T28:T33) -> 1624 | U35: =SUM(U28:U33) -> 22736 | V35: =SUM(V28:V33) -> 14551.04 | W35: =SUM(W28:W33) -> 1170 | X35: =SUM(X28:X33) -> 16280 | Y35: =SUM(Y28:Y33) -> 10635.2 | Z35: =SUM(Z28:Z34) -> 995 | AA35: =SUM(AA28:AA34) -> 13930 | AB35: =SUM(AB28:AB34) -> 8915.2 | AC35: =SUM(AC28:AC33) -> 1153 | AD35: =SUM(AD28:AD33) -> 16142 | AE35: =SUM(AE28:AE33) -> 10330.88 | AF35: =SUM(AF28:AF34) -> 1406 | AG35: =SUM(AG28:AG34) -> 20144 | AH35: =SUM(AH28:AH34) -> 13626.56 | AI35: =SUM(AI28:AI33) -> 1410 | AJ35: =SUM(AJ28:AJ33) -> 19950 | AK35: =SUM(AK28:AK33) -> 13178.4 | AL35: =SUM(AL28:AL33) -> 1489 | AM35: =SUM(AM28:AM33) -> 20996 | AN35: =SUM(AN28:AN33) -> 13761.44 | AO35: =SUM(AO28:AO33) -> 0 | AP35: =SUM(AP28:AP33) -> 0 | AQ35: =SUM(AQ28:AQ33) -> 0
A37: 1 | B37: Columbus 700ml | C37: 0.7 | D37: 1 * 12 | Y37: =X37*C37 -> 0
A38: 2 | B38: Columbus 350ml | C38: 0.35 | D38: 1 * 24 | Y38: =X38*C38 -> 0
A39: 3 | B39: Columbus 175ml | C39: 0.175 | D39: 1 * 48 | Y39: =X39*C39 -> 0
A40: 4 | B40: Columbus 700ml Super Red Smooth | C40: 0.7 | D40: 1 * 12 | Y40: =X40*C40 -> 0
A41: 5 | B41: Columbus 350ml Super Red Smooth | C41: 0.35 | D41: 1 * 24 | G41: =F41*C41 -> 0 | Y41: =X41*C41 -> 0
A42: 6 | B42: Columbus 175ml Super Red Smooth | C42: 0.175 | D42: 1 * 48 | G42: =F42*C42 -> 0 | Y42: =X42*C42 -> 0
A43: 7 | B43: Ngwe Taung 700ml | C43: 0.7 | D43: 1 * 12 | G43: =F43*C43 -> 0 | Y43: =X43*C43 -> 0
A44: 8 | B44: Formula Rum 700ml | C44: 0.7 | D44: 1 * 12 | G44: =F44*C44 -> 0 | Y44: =X44*C44 -> 0
A45: 9 | B45: Formula Rum 350ml | C45: 0.35 | D45: 1 * 24 | Y45: =X45*C45 -> 0
B46: Total | E46: =SUM(E37:E45) -> 0 | F46: =SUM(F37:F45) -> 0 | G46: =SUM(G37:G45) -> 0 | H46: =SUM(H37:H45) -> 0 | I46: =SUM(I37:I45) -> 0 | J46: =SUM(J37:J45) -> 0 | K46: =SUM(K37:K45) -> 0 | L46: =SUM(L37:L45) -> 0 | ... AQ46: =SUM(AQ37:AQ45) -> 0
B47: All Total | E47: =E35+E46 -> 1200.1429 | F47: =F35+F46 -> 18000 | G47: =G35+G46 -> 11520 | H47: =H35+H46 -> 1105 | J47: =J35+J46 -> 10116.8 | K47: =K35+K46 -> 1723 | M47: =M35+M46 -> 16425.28 | N47: =N35+N46 -> 965 | P47: =P35+P46 -> 8932.8 | Q47: =Q35+Q46 -> 1248 | R47: =R35+R46 -> 17472 | S47: =S35+S46 -> 11182.08 | T47: =T35+T46 -> 1624 | U47: =U35+U46 -> 22736 | V47: =V35+V46 -> 14551.04 | W47: =W35+W46 -> 1170 | ... Z47: =Z35+Z46 -> 995 | AB47: =AB35+AB46 -> 8915.2 | AC47: =AC35+AC46 -> 1153 | AE47: =AE35+AE46 -> 10330.88 | AF47: =AF35+AF46 -> 1406 | AH47: =AH35+AH46 -> 13626.56 | AI47: =AI35+AI46 -> 1410 | AK47: =AK35+AK46 -> 13178.4 | AL47: =AL35+AL46 -> 1489 | AN47: =AN35+AN46 -> 13761.44 | AO47: =AO35+AO46 -> 0 | AQ47: =AQ35+AQ46 -> 0
B50: 2026 - Sales Details MLM (MuDon)
A52: စဉ် | B52: အမျိုးအမည် | C52: Li | D52: Packing | E52: January | H52: February | K52: March | N52: April | Q52: May | T52: June | W52: July | Z52: August | AC52: September | AF52: October | AI52: November | AL52: December | AO52: Total
E53: Pk | F53: BT | G53: Liter | H53: Pk | I53: BT | J53: Liter. | K53: Pk | L53: BT | M53: Liter. | N53: Pk | O53: BT | P53: Liter. | Q53: Pk | R53: BT | S53: Liter. | T53: Pk | U53: BT | V53: Liter. | W53: Pk | X53: BT | Y53: Liter. | Z53: Pk | AA53: BT | AB53: Liter. | AC53: Pk | AD53: BT | AE53: Liter. | AF53: Pk | AG53: BT | AH53: Liter. | AI53: Pk | AJ53: BT | AK53: Liter. | AL53: Pk | AM53: BT | AN53: Liter. | AO53: Pk | AP53: BT | AQ53: Liter.
A54: 1 | B54: Zayawaddy Red 24 | C54: 0.64 | D54: 1 * 14 | H54: 100 | I54: 1200 | J54: 1200
A55: 2 | B55: Zayawaddy Red | C55: 0.64 | D55: 1 * 24 | E55: 40 | F55: 560 | G55: 358.4 | H55: 3 | I55: 42 | J55: 26.88
A56: 3 | B56: ဇေယျဝတီ Red (ပု) | C56: 0.64 | D56: 1 * 14
A57: 4 | B57: Zayawaddy Red(1 Liter)30% | C57: 1 | D57: 1 * 12 | E57: 70 | F57: 840 | G57: 840
A58: 5 | B58: ဇေယျဝတီ Red (ပု) | C58: 0.64 | D58: 1*14 | E58: 1136 | F58: 15904 | G58: 10178.56 | H58: 895 | I58: 12530 | J58: 8019.2
A59: 6 | B59: Kaung Kyi (1 Liter)_40% | C59: 1 | D59: 1 * 12 | E59: 2 | F59: 24 | G59: 24
A60: 7 | B60: Dagon | C60: 0.64 | D60: 1 * 24
A61: 8 | B61: Kaung Kyi (1 Liter)_40% | C61: 1 | D61: 1*12 | H61: 3 | I61: 36 | J61: 36
A62: 9 | B62: Kaung Kyi (1 Liter)_25% | C62: 1 | D62: 1*12 | H62: 2 | I62: 24 | J62: 24
A63: 10 | B63: Dagon Tamarind (1 Liter) | C63: 1 | D63: 1 * 12 | H63: 1 | I63: 12 | J63: 12
A64: 11 | B64: "Zay" (1 Liter) | C64: 1 | D64: 1 * 12 | H64: 19 | I64: 228 | J64: 228
B65: Total | E65: =SUM(E54:E64) -> 1248 | F65: =SUM(F54:F64) -> 17328 | G65: =SUM(G54:G64) -> 11400.96 | H65: =SUM(H54:H64) -> 1023 | I65: =SUM(I54:I64) -> 14072 | J65: =SUM(J54:J64) -> 9546.08 | K65: =SUM(K54:K60) -> 0 | L65: =SUM(L54:L60) -> 0 | M65: =SUM(M54:M60) -> 0 | N65: =SUM(N54:N64) -> 0 | O65: =SUM(O54:O64) -> 0 | P65: =SUM(P54:P64) -> 0 | Q65: =SUM(Q54:Q60) -> 0 | R65: =SUM(R54:R60) -> 0 | S65: =SUM(S54:S60) -> 0 | T65: =SUM(T54:T60) -> 0 | U65: =SUM(U54:U60) -> 0 | V65: =SUM(V54:V60) -> 0 | W65: =SUM(W54:W60) -> 0 | X65: =SUM(X54:X60) -> 0 | Y65: =SUM(Y54:Y60) -> 0 | Z65: =SUM(Z54:Z64) -> 0 | AA65: =SUM(AA54:AA64) -> 0 | AB65: =SUM(AB54:AB64) -> 0 | AC65: =SUM(AC54:AC60) -> 0 | AD65: =SUM(AD54:AD60) -> 0 | AE65: =SUM(AE54:AE60) -> 0 | AF65: =SUM(AF54:AF64) -> 0 | AG65: =SUM(AG54:AG64) -> 0 | AH65: =SUM(AH54:AH64) -> 0 | AI65: =SUM(AI54:AI60) -> 0 | AJ65: =SUM(AJ54:AJ60) -> 0 | AK65: =SUM(AK54:AK60) -> 0 | AL65: =SUM(AL54:AL60) -> 0 | AM65: =SUM(AM54:AM60) -> 0 | AN65: =SUM(AN54:AN60) -> 0 | AO65: =SUM(AO54:AO60) -> 0 | AP65: =SUM(AP54:AP60) -> 0 | AQ65: =SUM(AQ54:AQ60) -> 0
A67: 1 | B67: Columbus 700ml | C67: 0.7 | D67: 1 * 12 | Y67: =X67*C67 -> 0
A68: 2 | B68: Columbus 350ml | C68: 0.35 | D68: 1 * 24 | Y68: =X68*C68 -> 0
A69: 3 | B69: Columbus 175ml | C69: 0.175 | D69: 1 * 48 | Y69: =X69*C69 -> 0
A70: 4 | B70: Columbus 700ml Super Red Smooth | C70: 0.7 | D70: 1 * 12 | Y70: =X70*C70 -> 0
A71: 5 | B71: Columbus 350ml Super Red Smooth | C71: 0.35 | D71: 1 * 24 | G71: =F71*C71 -> 0 | Y71: =X71*C71 -> 0
A72: 6 | B72: Columbus 175ml Super Red Smooth | C72: 0.175 | D72: 1 * 48 | G72: =F72*C72 -> 0 | Y72: =X72*C72 -> 0
A73: 7 | B73: Ngwe Taung 700ml | C73: 0.7 | D73: 1 * 12 | G73: =F73*C73 -> 0 | Y73: =X73*C73 -> 0
A74: 8 | B74: Formula Rum 700ml | C74: 0.7 | D74: 1 * 12 | G74: =F74*C74 -> 0 | Y74: =X74*C74 -> 0
A75: 9 | B75: Formula Rum 350ml | C75: 0.35 | D75: 1 * 24 | Y75: =X75*C75 -> 0
B76: Total | E76: =SUM(E67:E75) -> 0 | F76: =SUM(F67:F75) -> 0 | G76: =SUM(G67:G75) -> 0 | H76: =SUM(H67:H75) -> 0 | I76: =SUM(I67:I75) -> 0 | J76: =SUM(J67:J75) -> 0 | K76: =SUM(K67:K75) -> 0 | L76: =SUM(L67:L75) -> 0 | ... AQ76: =SUM(AQ67:AQ75) -> 0
B77: All Total | E77: =E65+E76 -> 1248 | F77: =F65+F76 -> 17328 | G77: =G65+G76 -> 11400.96 | H77: =H65+H76 -> 1023 | J77: =J65+J76 -> 9546.08 | K77: =K65+K76 -> 0 | M77: =M65+M76 -> 0 | N77: =N65+N76 -> 0 | P77: =P65+P76 -> 0 | Q77: =Q65+Q76 -> 0 | R77: =R65+R76 -> 0 | S77: =S65+S76 -> 0 | T77: =T65+T76 -> 0 | U77: =U65+U76 -> 0 | V77: =V65+V76 -> 0 | W77: =W65+W76 -> 0 | ... Z77: =Z65+Z76 -> 0 | AB77: =AB65+AB76 -> 0 | AC77: =AC65+AC76 -> 0 | AE77: =AE65+AE76 -> 0 | AF77: =AF65+AF76 -> 0 | AH77: =AH65+AH76 -> 0 | AI77: =AI65+AI76 -> 0 | AK77: =AK65+AK76 -> 0 | AL77: =AL65+AL76 -> 0 | AN77: =AN65+AN76 -> 0 | AO77: =AO65+AO76 -> 0 | AQ77: =AQ65+AQ76 -> 0

Sheet 4-ThaHtone
B1: 2024- Sales Details MLM (ThaHtone)
A3: စဉ် | B3: အမျိုးအမည် | C3: Li | D3: Packing | E3: January | H3: February | K3: March | N3: April | Q3: May | T3: June | W3: July | Z3: August | AC3: September | AF3: October | AI3: November | AL3: December | AO3: Total
E4: Pk | F4: BT | G4: Liter | H4: Pk | I4: BT | J4: Liter. | K4: Pk | L4: BT | M4: Liter. | N4: Pk | O4: BT | P4: Liter. | Q4: Pk | R4: BT | S4: Liter. | T4: Pk | U4: BT | V4: Liter. | W4: Pk | X4: BT | Y4: Liter. | Z4: Pk | AA4: BT | AB4: Liter. | AC4: Pk | AD4: BT | AE4: Liter. | AF4: Pk | AG4: BT | AH4: Liter. | AI4: Pk | AJ4: BT | AK4: Liter. | AL4: Pk | AM4: BT | AN4: Liter. | AO4: Pk | AP4: BT | AQ4: Liter.
A5: 1 | B5: "Zay" Vodka 700-ml | C5: 0.7 | D5: 1 * 12 | E5: 302 | F5: 3624 | G5: =F5*C5 -> 2536.8 | H5: 230 | I5: 2760 | J5: =I5*C5 -> 1932 | K5: 180 | L5: 2160 | M5: =L5*C5 -> 1512 | N5: 170 | O5: 2088 | P5: =O5*C5 -> 1461.6 | Q5: 110 | R5: 1320 | S5: =R5*C5 -> 924 | T5: 220 | U5: 2640 | V5: =U5*C5 -> 1848 | W5: 200 | X5: 2400 | Y5: =X5*C5 -> 1680 | Z5: 250 | AA5: 3000 | AB5: =AA5*C5 -> 2100 | AE5: =AD5*C5 -> 0 | AF5: 255 | AG5: 3060 | AH5: =AG5*C5 -> 2142 | AI5: 165 | AJ5: 1980 | AK5: =AJ5*C5 -> 1386 | AL5: 372 | AM5: 4464 | AN5: =AM5*C5 -> 3124.8 | AO5: =E5+H5+K5+N5+Q5+T5+W5+Z5+AC5+AF5+AI5+AL5 -> 2454 | AP5: =F5+I5+L5+O5+R5+U5+X5+AA5+AD5+AG5+AJ5+AM5 -> 29496 | AQ5: =G5+J5+M5+P5+S5+V5+Y5+AB5+AE5+AH5+AK5+AN5 -> 20647.2
A6: 2 | B6: "Zay"Vodka - 640ml | C6: 0.64 | D6: 1 * 14 | E6: 355 | F6: 4970 | G6: =F6*C6 -> 3180.8 | H6: 360 | I6: 5040 | J6: =I6*C6 -> 3225.6 | K6: 400 | L6: 5600 | M6: =L6*C6 -> 3584 | N6: 385 | O6: 5390 | P6: =O6*C6 -> 3449.6 | Q6: 409 | R6: 5726 | S6: =R6*C6 -> 3664.64 | T6: 230 | U6: 3220 | V6: =U6*C6 -> 2060.8 | W6: 668 | X6: 9352 | Y6: =X6*C6 -> 5985.28 | Z6: 550 | AA6: 7700 | AB6: =AA6*C6 -> 4928 | AC6: 200 | AD6: 2800 | AE6: =AD6*C6 -> 1792 | AF6: 400 | AG6: 5600 | AH6: =AG6*C6 -> 3584 | AI6: 400 | AJ6: 5600 | AK6: =AJ6*C6 -> 3584 | AL6: 385 | AM6: 5390 | AN6: =AM6*C6 -> 3449.6 | AO6: =E6+H6+K6+N6+Q6+T6+W6+Z6+AC6+AF6+AI6+AL6 -> 4742 | AP6: =F6+I6+L6+O6+R6+U6+X6+AA6+AD6+AG6+AJ6+AM6 -> 66388 | AQ6: =G6+J6+M6+P6+S6+V6+Y6+AB6+AE6+AH6+AK6+AN6 -> 42488.32
A7: 3 | B7: Zayawaddy Red | C7: 0.64 | D7: 1 * 14 | E7: 941 | F7: 13174 | G7: =F7*C7 -> 8431.36 | H7: 820 | I7: 11480 | J7: =I7*C7 -> 7347.2 | K7: 1032 | L7: 14448 | M7: =L7*C7 -> 9246.72 | N7: 1350 | O7: 18900 | P7: =O7*C7 -> 12096 | Q7: 600 | R7: 8400 | S7: =R7*C7 -> 5376 | T7: 1175 | U7: 16450 | V7: =U7*C7 -> 10528 | W7: 570 | X7: 7980 | Y7: =X7*C7 -> 5107.2 | Z7: 1156 | AA7: 16184 | AB7: =AA7*C7 -> 10357.76 | AC7: 629 | AD7: 8806 | AE7: =AD7*C7 -> 5635.84 | AF7: 869 | AG7: 12166 | AH7: =AG7*C7 -> 7786.24 | AI7: 165 | AJ7: 2310 | AK7: =AJ7*C7 -> 1478.4 | AL7: 230 | AM7: 3220 | AN7: =AM7*C7 -> 2060.8 | AO7: =E7+H7+K7+N7+Q7+T7+W7+Z7+AC7+AF7+AI7+AL7 -> 9537 | AP7: =F7+I7+L7+O7+R7+U7+X7+AA7+AD7+AG7+AJ7+AM7 -> 133518 | AQ7: =G7+J7+M7+P7+S7+V7+Y7+AB7+AE7+AH7+AK7+AN7 -> 85451.52
A8: 4 | B8: Zayawaddy Red | C8: 0.64 | D8: 1* 24 | E8: 50 | F8: 1200 | G8: =F8*C8 -> 768 | H8: 30 | I8: 720 | J8: =I8*C8 -> 460.8 | K8: 40 | L8: 960 | M8: =L8*C8 -> 614.4 | N8: 30 | O8: 720 | P8: =O8*C8 -> 460.8 | Q8: 80 | R8: 1920 | S8: =R8*C8 -> 1228.8 | V8: =U8*C8 -> 0 | W8: 50 | X8: 1200 | Y8: =X8*C8 -> 768 | AB8: =AA8*C8 -> 0 | AC8: 90 | AD8: 2160 | AE8: =AD8*C8 -> 1382.4 | AF8: 20 | AG8: 480 | AH8: =AG8*C8 -> 307.2 | AK8: =AJ8*C8 -> 0 | AN8: =AM8*C8 -> 0 | AO8: =E8+H8+K8+N8+Q8+T8+W8+Z8+AC8+AF8+AI8+AL8 -> 390 | AP8: =F8+I8+L8+O8+R8+U8+X8+AA8+AD8+AG8+AJ8+AM8 -> 9360 | AQ8: =G8+J8+M8+P8+S8+V8+Y8+AB8+AE8+AH8+AK8+AN8 -> 5990.4
A9: 5 | B9: "Zay" (1 Liter) | C9: 1 | D9: 1 * 12 | E9: 65 | F9: 780 | G9: =F9*C9 -> 780 | H9: 10 | I9: 120 | J9: =I9*C9 -> 120 | K9: 45 | L9: 540 | M9: =L9*C9 -> 540 | P9: =O9*C9 -> 0 | S9: =R9*C9 -> 0 | V9: =U9*C9 -> 0 | Y9: =X9*C9 -> 0 | AB9: =AA9*C9 -> 0 | AE9: =AD9*C9 -> 0 | AH9: =AG9*C9 -> 0 | AK9: =AJ9*C9 -> 0 | AN9: =AM9*C9 -> 0 | AO9: =E9+H9+K9+N9+Q9+T9+W9+Z9+AC9+AF9+AI9+AL9 -> 120 | AP9: =F9+I9+L9+O9+R9+U9+X9+AA9+AD9+AG9+AJ9+AM9 -> 1440 | AQ9: =G9+J9+M9+P9+S9+V9+Y9+AB9+AE9+AH9+AK9+AN9 -> 1440
A10: 6 | B10: Kaung Kyi | C10: 0.64 | D10: 1 * 14 | E10: 50 | F10: 700 | G10: =F10*C10 -> 448 | J10: =I10*C10 -> 0 | M10: =L10*C10 -> 0 | P10: =O10*C10 -> 0 | Q10: 50 | R10: 700 | S10: =R10*C10 -> 448 | V10: =U10*C10 -> 0 | W10: 50 | X10: 700 | Y10: =X10*C10 -> 448 | Z10: 50 | AA10: 700 | AB10: =AA10*C10 -> 448 | AE10: =AD10*C10 -> 0 | AF10: 50 | AG10: 700 | AH10: =AG10*C10 -> 448 | AI10: 100 | AJ10: 1400 | AK10: =AJ10*C10 -> 896 | AN10: =AM10*C10 -> 0 | AO10: =E10+H10+K10+N10+Q10+T10+W10+Z10+AC10+AF10+AI10+AL10 -> 350 | AP10: =F10+I10+L10+O10+R10+U10+X10+AA10+AD10+AG10+AJ10+AM10 -> 4900 | AQ10: =G10+J10+M10+P10+S10+V10+Y10+AB10+AE10+AH10+AK10+AN10 -> 3136
A11: 7 | B11: Dagon Pineapple | C11: 0.64 | D11: 1 * 14 | G11: =F11*C11 -> 0 | H11: 5 | I11: 70 | J11: =I11*C11 -> 44.8 | M11: =L11*C11 -> 0 | N11: 5 | O11: 70 | P11: =O11*C11 -> 44.8 | S11: =R11*C11 -> 0 | V11: =U11*C11 -> 0 | W11: 5 | X11: 70 | Y11: =X11*C11 -> 44.8 | AB11: =AA11*C11 -> 0 | AE11: =AD11*C11 -> 0 | AH11: =AG11*C11 -> 0 | AK11: =AJ11*C11 -> 0 | AN11: =AM11*C11 -> 0 | AO11: =E11+H11+K11+N11+Q11+T11+W11+Z11+AC11+AF11+AI11+AL11 -> 15 | AP11: =F11+I11+L11+O11+R11+U11+X11+AA11+AD11+AG11+AJ11+AM11 -> 210 | AQ11: =G11+J11+M11+P11+S11+V11+Y11+AB11+AE11+AH11+AK11+AN11 -> 134.4
A12: 8 | B12: Dagon Tamarind (1 Liter) | C12: 1 | D12: 1 * 12 | G12: =F12*C12 -> 0 | M12: =L12*C12 -> 0 | P12: =O12*C12 -> 0 | S12: =R12*C12 -> 0 | V12: =U12*C12 -> 0 | Y12: =X12*C12 -> 0 | AB12: =AA12*C12 -> 0 | AE12: =AD12*C12 -> 0 | AH12: =AG12*C12 -> 0 | AK12: =AJ12*C12 -> 0 | AN12: =AM12*C12 -> 0 | AO12: =E12+H12+K12+N12+Q12+T12+W12+Z12+AC12+AF12+AI12+AL12 -> 0 | AP12: =F12+I12+L12+O12+R12+U12+X12+AA12+AD12+AG12+AJ12+AM12 -> 0 | AQ12: =G12+J12+M12+P12+S12+V12+Y12+AB12+AE12+AH12+AK12+AN12 -> 0
A13: 9 | B13: Dagon | C13: 0.64 | D13: 1 * 14 | E13: 43 | F13: 1032 | G13: =F13*C13 -> 660.48 | H13: 50 | I13: 1200 | J13: =I13*C13 -> 768 | M13: =L13*C13 -> 0 | N13: 35 | O13: 840 | P13: =O13*C13 -> 537.6 | Q13: 50 | R13: 1200 | S13: =R13*C13 -> 768 | T13: 45 | U13: 1080 | V13: =U13*C13 -> 691.2 | W13: 80 | X13: 1920 | Y13: =X13*C13 -> 1228.8 | AB13: =AA13*C13 -> 0 | AE13: =AD13*C13 -> 0 | AF13: 20 | AG13: 480 | AH13: =AG13*C13 -> 307.2 | AI13: 50 | AJ13: 1200 | AK13: =AJ13*C13 -> 768 | AN13: =AM13*C13 -> 0 | AO13: =E13+H13+K13+N13+Q13+T13+W13+Z13+AC13+AF13+AI13+AL13 -> 373 | AP13: =F13+I13+L13+O13+R13+U13+X13+AA13+AD13+AG13+AJ13+AM13 -> 8952 | AQ13: =G13+J13+M13+P13+S13+V13+Y13+AB13+AE13+AH13+AK13+AN13 -> 5729.28
A14: 10 | B14: Zayawaddy Red(1 Liter)30% | C14: 1 | D14: 1 * 12 | E14: 25 | F14: 300 | G14: =F14*C14 -> 300 | H14: 15 | I14: 180 | J14: =I14*C14 -> 180 | K14: 20 | L14: 240 | M14: =L14*C14 -> 240 | N14: 55 | O14: 660 | P14: =O14*C14 -> 660 | Q14: 40 | R14: 480 | S14: =R14*C14 -> 480 | T14: 20 | U14: 240 | V14: =U14*C14 -> 240 | Y14: =X14*C14 -> 0 | Z14: 21 | AA14: 252 | AB14: =AA14*C14 -> 252 | AC14: 60 | AD14: 720 | AE14: =AD14*C14 -> 720 | AF14: 50 | AG14: 600 | AH14: =AG14*C14 -> 600 | AK14: =AJ14*C14 -> 0 | AL14: 20 | AM14: 240 | AN14: =AM14*C14 -> 240 | AO14: =E14+H14+K14+N14+Q14+T14+W14+Z14+AC14+AF14+AI14+AL14 -> 326 | AP14: =F14+I14+L14+O14+R14+U14+X14+AA14+AD14+AG14+AJ14+AM14 -> 3912 | AQ14: =G14+J14+M14+P14+S14+V14+Y14+AB14+AE14+AH14+AK14+AN14 -> 3912
A15: 11 | B15: ဇေယျဝတီ Red (ပု) | C15: 0.64 | D15: 1* 14 | E15: 5 | F15: 70 | G15: =F15*C15 -> 44.8 | J15: =I15*C15 -> 0 | M15: =L15*C15 -> 0 | N15: 15 | O15: 210 | P15: =O15*C15 -> 134.4 | S15: =R15*C15 -> 0 | V15: =U15*C15 -> 0 | Y15: =X15*C15 -> 0 | AB15: =AA15*C15 -> 0 | AE15: =AD15*C15 -> 0 | AH15: =AG15*C15 -> 0 | AK15: =AJ15*C15 -> 0 | AN15: =AM15*C15 -> 0 | AO15: =E15+H15+K15+N15+Q15+T15+W15+Z15+AC15+AF15+AI15+AL15 -> 20 | AP15: =F15+I15+L15+O15+R15+U15+X15+AA15+AD15+AG15+AJ15+AM15 -> 280 | AQ15: =G15+J15+M15+P15+S15+V15+Y15+AB15+AE15+AH15+AK15+AN15 -> 179.2
B16: Total | E16: =SUM(E5:E15) -> 1836 | F16: =SUM(F5:F15) -> 25850 | G16: =SUM(G5:G15) -> 17150.24 | H16: =SUM(H5:H15) -> 1520 | I16: =SUM(I5:I15) -> 21570 | J16: =SUM(J5:J15) -> 14078.4 | K16: =SUM(K5:K15) -> 1717 | L16: =SUM(L5:L15) -> 23948 | ... AQ16: =SUM(AQ5:AQ15) -> 169108.32
A18: 1 | B18: Columbus 700ml | C18: 0.7 | D18: 1 * 12 | J18: =I18*C18 -> 0 | K18: =192/12 -> 16 | L18: 192 | M18: =L18*C18 -> 134.4 | N18: 1 | O18: 12 | P18: =O18*C18 -> 8.4 | AE18: =AD18*C18 -> 0 | AF18: =300/12 -> 25 | AG18: 300 | AH18: =AG18*C18 -> 210
A19: 2 | B19: Columbus 350ml | C19: 0.35 | D19: 1 * 24 | J19: =I19*C19 -> 0 | K19: =96/24 -> 4 | L19: 96 | M19: =L19*C19 -> 33.6 | AE19: =AD19*C19 -> 0 | AH19: =AG19*C19 -> 0
A20: 3 | B20: Columbus 175ml | C20: 0.175 | D20: 1 * 48 | J20: =I20*C20 -> 0 | M20: =L20*C20 -> 0 | AE20: =AD20*C20 -> 0 | AH20: =AG20*C20 -> 0 | AJ20: 2 | AK20: =AJ20*C20 -> 0.35
A21: 4 | B21: Columbus 700ml Super Red Smooth | C21: 0.7 | D21: 1 * 12 | J21: =I21*C21 -> 0 | M21: =L21*C21 -> 0 | AD21: 24 | AE21: =AD21*C21 -> 16.8 | AF21: =168/12 -> 14 | AG21: 168 | AH21: =AG21*C21 -> 117.6 | AI21: =AJ21/12 -> 20.5 | AJ21: 246 | AK21: =AJ21*C21 -> 172.2
A22: 5 | B22: Columbus 350ml Super Red Smooth | C22: 0.35 | D22: 1 * 24 | H22: =126/24 -> 5.25 | I22: 126 | J22: =I22*C22 -> 44.1 | M22: =L22*C22 -> 0 | AD22: 24 | AE22: =AD22*C22 -> 8.4 | AH22: =AG22*C22 -> 0
A23: 6 | B23: Columbus 175ml Super Red Smooth | C23: 0.175 | D23: 1 * 48 | H23: =60/48 -> 1.25 | I23: 60 | J23: =I23*C23 -> 10.5 | M23: =L23*C23 -> 0 | AE23: =AD23*C23 -> 0 | AH23: =AG23*C23 -> 0
A24: 7 | B24: Ngwe Taung 700ml | C24: 0.7 | D24: 1 * 12 | J24: =I24*C24 -> 0 | M24: =L24*C24 -> 0 | AE24: =AD24*C24 -> 0 | AH24: =AG24*C24 -> 0
A25: 8 | B25: Formula Rum 700ml | C25: 0.7 | D25: 1 * 12 | J25: =I25*C25 -> 0 | M25: =L25*C25 -> 0 | AE25: =AD25*C25 -> 0 | AH25: =AG25*C25 -> 0
A26: 9 | B26: Formula Rum 350ml | C26: 0.35 | D26: 1 * 24 | J26: =I26*C26 -> 0 | M26: =L26*C26 -> 0 | AE26: =AD26*C26 -> 0 | AH26: =AG26*C26 -> 0
B27: Total | E27: =SUM(E18:E26) -> 0 | F27: =SUM(F18:F26) -> 0 | G27: =SUM(G18:G26) -> 0 | H27: =SUM(H18:H26) -> 6.5 | I27: =SUM(I18:I26) -> 186 | J27: =SUM(J18:J26) -> 54.6 | K27: =SUM(K18:K26) -> 20 | L27: =SUM(L18:L26) -> 288 | ... AQ27: =SUM(AQ18:AQ26) -> 0
B28: All Total | E28: =E16+E27 -> 1836 | F28: =F16+F27 -> 25850 | G28: =G16+G27 -> 17150.24 | H28: =H16+H27 -> 1526.5 | I28: =I16+I27 -> 21756 | J28: =J16+J27 -> 14133 | K28: =K16+K27 -> 1737 | L28: =L16+L27 -> 24236 | ... Q28: =Q16+Q27 -> 1339 | S28: =S16+S27 -> 12889.44 | T28: =T16+T27 -> 1690 | V28: =V16+V27 -> 15368 | W28: =W16+W27 -> 1623 | Y28: =Y16+Y27 -> 15262.08 | Z28: =Z16+Z27 -> 2027 | AB28: =AB16+AB27 -> 18085.76 | AC28: =AC16+AC27 -> 979 | AE28: =AE16+AE27 -> 9555.44 | AF28: =AF16+AF27 -> 1703 | AH28: =AH16+AH27 -> 15502.24 | AI28: =AI16+AI27 -> 900.5 | AK28: =AK16+AK27 -> 8284.95 | AL28: =AL16+AL27 -> 1007 | AN28: =AN16+AN27 -> 8875.2 | AO28: =AO16+AO27 -> 18327 | AQ28: =AQ16+AQ27 -> 169108.32
B31: 2025 - Sales Details MLM (ThaHtone)
A33: စဉ် | B33: အမျိုးအမည် | C33: Li | D33: Packing | E33: January | H33: February | K33: March | N33: April | Q33: May | T33: June | W33: July | Z33: August | AC33: September | AF33: October | AI33: November | AL33: December | AO33: Total
E34: Pk | F34: BT | G34: Liter | H34: Pk | I34: BT | J34: Liter. | K34: Pk | L34: BT | M34: Liter. | N34: Pk | O34: BT | P34: Liter. | Q34: Pk | R34: BT | S34: Liter. | T34: Pk | U34: BT | V34: Liter. | W34: Pk | X34: BT | Y34: Liter. | Z34: Pk | AA34: BT | AB34: Liter. | AC34: Pk | AD34: BT | AE34: Liter. | AF34: Pk | AG34: BT | AH34: Liter. | AI34: Pk | AJ34: BT | AK34: Liter. | AL34: Pk | AM34: BT | AN34: Liter. | AO34: Pk | AP34: BT | AQ34: Liter.
A35: 1 | B35: "Zay" Vodka 700-ml | C35: 0.7 | D35: 1 * 12 | H35: 85 | I35: 1020 | J35: =I35*C35 -> 714 | K35: 160 | L35: 1920 | M35: =L35*C35 -> 1344 | N35: 324 | O35: 3888 | P35: =O35*C35 -> 2721.6 | Q35: 100 | R35: 1200 | S35: =R35*C35 -> 840 | T35: 50 | U35: 600 | V35: =U35*C35 -> 420 | W35: 140 | X35: 1680 | Y35: =X35*C35 -> 1176 | Z35: 200 | AA35: 2400 | AB35: 1680 | AC35: 100 | AD35: 1200 | AE35: 840 | AI35: 300 | AJ35: 3600 | AK35: 2520
A36: 2 | B36: "Zay" - 640ml | C36: 0.64 | D36: 1 * 14 | G36: =F36*C36 -> 0 | J36: =I36*C36 -> 0 | M36: =L36*C36 -> 0 | P36: =O36*C36 -> 0 | S36: =R36*C36 -> 0 | T36: 225 | U36: 3150 | V36: =U36*C36 -> 2016 | W36: 615 | X36: 8610 | Y36: =X36*C36 -> 5510.4 | AC36: 380 | AD36: 5320 | AE36: 3404.8 | AF36: 275 | AG36: 3850 | AH36: 2464 | AI36: 375 | AJ36: 5250 | AK36: 3360 | AL36: 400 | AM36: 5600 | AN36: 3584
A37: 3 | B37: Zayawaddy Red | C37: 0.64 | D37: 1 * 14 | E37: 550 | F37: 7700 | G37: =F37*C37 -> 4928 | H37: 700 | I37: 9800 | J37: =I37*C37 -> 6272 | K37: 501 | L37: 7014 | M37: =L37*C37 -> 4488.96 | N37: 491 | O37: 6874 | P37: =O37*C37 -> 4399.36 | Q37: 250.28571 | R37: 3500 | S37: =R37*C37 -> 2240 | T37: 750 | U37: 10500 | V37: =U37*C37 -> 6720 | W37: 300 | X37: 4200 | Y37: =X37*C37 -> 2688 | Z37: 600 | AA37: 8400 | AB37: 5376 | AC37: 350 | AD37: 4900 | AE37: 3136 | AF37: 600 | AG37: 8400 | AH37: 5376 | AI37: 302 | AJ37: 4228 | AK37: 2705.92 | AL37: 330 | AM37: 4620 | AN37: 2956.8
A38: 4 | B38: Zayawaddy Red | C38: 0.64 | D38: 1*24 | AL38: 30 | AM38: 720 | AN38: 460.8
A39: 5 | B39: "Zay" (1 Liter) | C39: 1 | D39: 1 * 12 | G39: =F39*C39 -> 0 | H39: 20 | I39: 240 | J39: =I39*C39 -> 240 | K39: 25 | L39: 300 | M39: =L39*C39 -> 300 | P39: =O39*C39 -> 0 | Q39: 50 | R39: 600 | S39: =R39*C39 -> 600 | V39: =U39*C39 -> 0 | Y39: =X39*C39 -> 0 | Z39: 75 | AA39: 900 | AB39: 900 | AL39: 25 | AM39: 300 | AN39: 300
A40: 6 | B40: Kaung Kyi | C40: 0.64 | D40: 1 * 14 | G40: =F40*C40 -> 0 | H40: 100 | I40: 1400 | J40: =I40*C40 -> 896 | M40: =L40*C40 -> 0 | N40: 100 | O40: 1400 | P40: =O40*C40 -> 896 | Q40: 100 | R40: 1400 | S40: =R40*C40 -> 896 | V40: =U40*C40 -> 0 | W40: 100 | X40: 1400 | Y40: =X40*C40 -> 896 | Z40: 100 | AA40: 1400 | AB40: 896 | AI40: 100 | AJ40: 1400 | AK40: 896
A41: 7 | B41: Mone Nae Kon Ki | C41: 0.64 | W41: 50 | X41: 700 | Y41: =X41*C41 -> 448 | AC41: 50 | AD41: 700 | AE41: 448 | AI41: 50 | AJ41: 700 | AK41: 448 | AL41: 50 | AM41: 700 | AN41: 448
A42: 8 | B42: "Zay" Vodka 640ml | C42: 0.64 | D42: 1 * 14 | E42: 200 | F42: 2800 | G42: =F42*C42 -> 1792 | H42: 315 | I42: 4410 | J42: =I42*C42 -> 2822.4 | K42: 565 | L42: 7910 | M42: =L42*C42 -> 5062.4 | N42: 340 | O42: 4760 | P42: =O42*C42 -> 3046.4 | Q42: 525 | R42: 7350 | S42: =R42*C42 -> 4704 | V42: =U42*C42 -> 0 | Y42: =X42*C42 -> 0 | Z42: 285 | AA42: 3990 | AB42: 2553.6
A43: 9 | B43: Zayawaddy Red(1 Liter)30% | C43: 1 | D43: 1 * 12 | G43: =F43*C43 -> 0 | H43: 30 | I43: 360 | J43: =I43*C43 -> 360 | M43: =L43*C43 -> 0 | N43: 40 | O43: 480 | P43: =O43*C43 -> 480 | S43: =R43*C43 -> 0 | V43: =U43*C43 -> 0 | Y43: =X43*C43 -> 0 | Z43: 150 | AA43: 1800 | AB43: 1800 | AF43: 25 | AG43: 300 | AH43: 300 | AI43: 150 | AJ43: 1800 | AK43: 1800 | AL43: 230 | AM43: 2760 | AN43: 2760
A44: 10 | B44: dagom | C44: 0.64 | D44: 1*24 | G44: =F44*C44 -> 0 | M44: =L44*C44 -> 0 | S44: =R44*C44 -> 0 | V44: =U44*C44 -> 0 | Y44: =X44*C44 -> 0 | AL44: 20 | AM44: 480 | AN44: 307.2
B45: Total | E45: =SUM(E36:E43) -> 750 | F45: =SUM(F36:F43) -> 10500 | G45: =SUM(G36:G44) -> 6720 | H45: =SUM(H35:H43) -> 1250 | I45: =SUM(I35:I43) -> 17230 | J45: =SUM(J35:J43) -> 11304.4 | K45: =SUM(K35:K43) -> 1251 | L45: =SUM(L35:L43) -> 17144 | M45: =SUM(M35:M44) -> 11195.36 | N45: =SUM(N35:N43) -> 1295 | O45: =SUM(O35:O43) -> 17402 | P45: =SUM(P35:P43) -> 11543.36 | Q45: =SUM(Q35:Q43) -> 1025.2857 | R45: =SUM(R35:R43) -> 14050 | S45: =SUM(S35:S44) -> 9280 | T45: =SUM(T35:T43) -> 1025 | U45: =SUM(U35:U43) -> 14250 | V45: =SUM(V35:V44) -> 9156 | W45: =SUM(W35:W42) -> 1205 | X45: =SUM(X35:X42) -> 16590 | Y45: =SUM(Y35:Y42) -> 10718.4 | Z45: =SUM(Z35:Z43) -> 1410 | AA45: =SUM(AA35:AA43) -> 18890 | AB45: =SUM(AB35:AB43) -> 13205.6 | AC45: =SUM(AC35:AC43) -> 880 | AD45: =SUM(AD35:AD43) -> 12120 | AE45: =SUM(AE35:AE43) -> 7828.8 | AF45: =SUM(AF35:AF43) -> 900 | AG45: =SUM(AG35:AG43) -> 12550 | ... AK45: =SUM(AK35:AK43) -> 11729.92 | AL45: =SUM(AL35:AL44) -> 1085 | AM45: =SUM(AM35:AM44) -> 15180 | AN45: =SUM(AN35:AN44) -> 10816.8 | AO45: =SUM(AO37:AO37) -> 0 | AP45: =SUM(AP37:AP37) -> 0 | AQ45: =SUM(AQ37:AQ37) -> 0
A47: 1 | B47: Columbus 700ml | C47: 0.7 | D47: 1 * 12 | E47: 2 | F47: 24 | G47: 16.8 | M47: =L47*C47 -> 0 | N47: 10 | O47: 120 | P47: =O47*C47 -> 84 | S47: =R47*C47 -> 0 | V47: =U47*C47 -> 0 | Y47: =X47*C47 -> 0
A48: 2 | B48: Columbus 350ml | C48: 0.35 | D48: 1 * 24 | K48: 1 | L48: 24 | M48: 8.4 | N48: 3 | O48: 72 | P48: =O48*C48 -> 25.2 | S48: =R48*C48 -> 0 | V48: =U48*C48 -> 0 | Y48: =X48*C48 -> 0
A49: 3 | B49: Columbus 175ml | C49: 0.175 | D49: 1 * 48 | M49: =L49*C49 -> 0 | P49: =O49*C49 -> 0 | S49: =R49*C49 -> 0 | V49: =U49*C49 -> 0 | Y49: =X49*C49 -> 0
A50: 4 | B50: Columbus 700ml Super Red Smooth | C50: 0.7 | D50: 1 * 12 | E50: 10 | F50: 120 | G50: 84 | M50: =L50*C50 -> 0 | P50: =O50*C50 -> 0 | S50: =R50*C50 -> 0 | T50: 10 | U50: 120 | V50: =U50*C50 -> 84 | Y50: =X50*C50 -> 0
A51: 5 | B51: Columbus 350ml Super Red Smooth | C51: 0.35 | D51: 1 * 24 | G51: =F51*C51 -> 0 | K51: 1 | L51: 24 | M51: 8.4 | P51: =O51*C51 -> 0 | S51: =R51*C51 -> 0 | V51: =U51*C51 -> 0 | Y51: =X51*C51 -> 0
A52: 6 | B52: Columbus 175ml Super Red Smooth | C52: 0.175 | D52: 1 * 48 | G52: =F52*C52 -> 0 | M52: =L52*C52 -> 0
A53: 7 | B53: Ngwe Taung 700ml | C53: 0.7 | D53: 1 * 12 | G53: =F53*C53 -> 0 | M53: =L53*C53 -> 0
A54: 8 | B54: Formula Rum 700ml | C54: 0.7 | D54: 1 * 12 | G54: =F54*C54 -> 0 | M54: =L54*C54 -> 0
A55: 9 | B55: Formula Rum 350ml | C55: 0.35 | D55: 1 * 24
B56: Total | E56: =SUM(E47:E55) -> 12 | F56: =SUM(F47:F55) -> 144 | G56: =SUM(G47:G55) -> 100.8 | H56: =SUM(H47:H55) -> 0 | I56: =SUM(I47:I55) -> 0 | J56: =SUM(J47:J55) -> 0 | K56: =SUM(K47:K55) -> 2 | L56: =SUM(L47:L55) -> 48 | ... AQ56: =SUM(AQ47:AQ55) -> 0
B57: All Total | E57: =E45+E56 -> 762 | F57: =F45+F56 -> 10644 | G57: =G45+G56 -> 6820.8 | H57: =H45+H56 -> 1250 | I57: =I45+I56 -> 17230 | J57: =J45+J56 -> 11304.4 | K57: =K45+K56 -> 1253 | L57: =L45+L56 -> 17192 | ... Q57: =Q45+Q56 -> 1025.2857 | S57: =S45+S56 -> 9280 | T57: =T45+T56 -> 1035 | U57: =U45+U56 -> 14370 | V57: =V45+V56 -> 9240 | W57: =W45+W56 -> 1205 | X57: =X45+X56 -> 16590 | Y57: =Y45+Y56 -> 10718.4 | Z57: =Z45+Z56 -> 1410 | AB57: =AB45+AB56 -> 13205.6 | AC57: =AC45+AC56 -> 880 | AE57: =AE45+AE56 -> 7828.8 | AF57: =AF45+AF56 -> 900 | AH57: =AH45+AH56 -> 8140 | AI57: =AI45+AI56 -> 1277 | AK57: =AK45+AK56 -> 11729.92 | AL57: =AL45+AL56 -> 1085 | AN57: =AN45+AN56 -> 10816.8 | AO57: =AO45+AO56 -> 0 | AQ57: =AQ45+AQ56 -> 0
B60: 2026 - Sales Details MLM (ThaHtone)
A62: စဉ် | B62: အမျိုးအမည် | C62: Li | D62: Packing | E62: January | H62: February | K62: March | N62: April | Q62: May | T62: June | W62: July | Z62: August | AC62: September | AF62: October | AI62: November | AL62: December | AO62: Total
E63: Pk | F63: BT | G63: Liter | H63: Pk | I63: BT | J63: Liter. | K63: Pk | L63: BT | M63: Liter. | N63: Pk | O63: BT | P63: Liter. | Q63: Pk | R63: BT | S63: Liter. | T63: Pk | U63: BT | V63: Liter. | W63: Pk | X63: BT | Y63: Liter. | Z63: Pk | AA63: BT | AB63: Liter. | AC63: Pk | AD63: BT | AE63: Liter. | AF63: Pk | AG63: BT | AH63: Liter. | AI63: Pk | AJ63: BT | AK63: Liter. | AL63: Pk | AM63: BT | AN63: Liter. | AO63: Pk | AP63: BT | AQ63: Liter.
A64: 1 | B64: "Zay" Vodka 700-ml | C64: 0.7 | D64: 1 * 12 | E64: 260 | F64: 3120 | G64: 2184 | H64: 100 | I64: 1200 | J64: 840
A65: 2 | B65: "Zay" Vodka 640ml | C65: 0.64 | D65: 1 * 14 | E65: 235 | F65: 3290 | G65: 2105.6 | H65: 200 | I65: 2800 | J65: 1792
A66: 3 | B66: Zayawaddy Red | C66: 0.64 | D66: 1 * 14
A67: 4 | B67: Zayawaddy Red | C67: 0.64 | D67: 1*24
A68: 5 | B68: "Zay" (1 Liter) | C68: 1 | D68: 1 * 12 | E68: 50 | F68: 600 | G68: 600
A69: 6 | B69: Kaung Kyi | C69: 0.64 | D69: 1 * 14 | H69: 100 | I69: 1400 | J69: 896
A70: 7 | B70: Mone Nae Kon Ki | C70: 0.64
A71: 8 | B71: "Zay" Vodka 640ml | C71: 0.64 | D71: 1 * 14
A72: 9 | B72: Zayawaddy Red(1 Liter)30% | C72: 1 | D72: 1 * 12
A73: 10 | B73: dagom | C73: 0.64 | D73: 1*24
A74: 11 | B74: Mone Nae Kon Ki | C74: 0.64 | D74: 1*14 | E74: 100 | F74: 1400 | G74: 896
B75: Total | E75: =SUM(E64:E74) -> 645 | F75: =SUM(F64:F74) -> 8410 | G75: =SUM(G64:G74) -> 5785.6 | H75: =SUM(H64:H74) -> 400 | I75: =SUM(I64:I74) -> 5400 | J75: =SUM(J64:J74) -> 3528 | K75: =SUM(K64:K74) -> 0 | L75: =SUM(L64:L74) -> 0 | M75: =SUM(M64:M73) -> 0 | N75: =SUM(N64:N72) -> 0 | O75: =SUM(O64:O72) -> 0 | P75: =SUM(P64:P72) -> 0 | Q75: =SUM(Q64:Q72) -> 0 | R75: =SUM(R64:R72) -> 0 | S75: =SUM(S64:S73) -> 0 | T75: =SUM(T64:T72) -> 0 | U75: =SUM(U64:U72) -> 0 | V75: =SUM(V64:V73) -> 0 | W75: =SUM(W64:W71) -> 0 | X75: =SUM(X64:X71) -> 0 | Y75: =SUM(Y64:Y71) -> 0 | Z75: =SUM(Z64:Z72) -> 0 | AA75: =SUM(AA64:AA72) -> 0 | AB75: =SUM(AB64:AB72) -> 0 | AC75: =SUM(AC64:AC72) -> 0 | AD75: =SUM(AD64:AD72) -> 0 | AE75: =SUM(AE64:AE72) -> 0 | AF75: =SUM(AF64:AF72) -> 0 | AG75: =SUM(AG64:AG72) -> 0 | ... AK75: =SUM(AK64:AK72) -> 0 | AL75: =SUM(AL64:AL73) -> 0 | AM75: =SUM(AM64:AM73) -> 0 | AN75: =SUM(AN64:AN73) -> 0 | AO75: =SUM(AO66:AO66) -> 0 | AP75: =SUM(AP66:AP66) -> 0 | AQ75: =SUM(AQ66:AQ66) -> 0
A77: 1 | B77: Columbus 700ml | C77: 0.7 | D77: 1 * 12
A78: 2 | B78: Columbus 350ml | C78: 0.35 | D78: 1 * 24
A79: 3 | B79: Columbus 175ml | C79: 0.175 | D79: 1 * 48
A80: 4 | B80: Columbus 700ml Super Red Smooth | C80: 0.7 | D80: 1 * 12
A81: 5 | B81: Columbus 350ml Super Red Smooth | C81: 0.35 | D81: 1 * 24
A82: 6 | B82: Columbus 175ml Super Red Smooth | C82: 0.175 | D82: 1 * 48 | G82: =F82*C82 -> 0 | M82: =L82*C82 -> 0
A83: 7 | B83: Ngwe Taung 700ml | C83: 0.7 | D83: 1 * 12 | G83: =F83*C83 -> 0 | M83: =L83*C83 -> 0
A84: 8 | B84: Formula Rum 700ml | C84: 0.7 | D84: 1 * 12 | G84: =F84*C84 -> 0 | M84: =L84*C84 -> 0
A85: 9 | B85: Formula Rum 350ml | C85: 0.35 | D85: 1 * 24
B86: Total | E86: =SUM(E77:E85) -> 0 | F86: =SUM(F77:F85) -> 0 | G86: =SUM(G77:G85) -> 0 | H86: =SUM(H77:H85) -> 0 | I86: =SUM(I77:I85) -> 0 | J86: =SUM(J77:J85) -> 0 | K86: =SUM(K77:K85) -> 0 | L86: =SUM(L77:L85) -> 0 | ... AQ86: =SUM(AQ77:AQ85) -> 0
B87: All Total | E87: =E75+E86 -> 645 | F87: =F75+F86 -> 8410 | G87: =G75+G86 -> 5785.6 | H87: =H75+H86 -> 400 | I87: =I75+I86 -> 5400 | J87: =J75+J86 -> 3528 | K87: =K75+K86 -> 0 | L87: =L75+L86 -> 0 | ... Q87: =Q75+Q86 -> 0 | S87: =S75+S86 -> 0 | T87: =T75+T86 -> 0 | U87: =U75+U86 -> 0 | V87: =V75+V86 -> 0 | W87: =W75+W86 -> 0 | X87: =X75+X86 -> 0 | Y87: =Y75+Y86 -> 0 | Z87: =Z75+Z86 -> 0 | AB87: =AB75+AB86 -> 0 | AC87: =AC75+AC86 -> 0 | AE87: =AE75+AE86 -> 0 | AF87: =AF75+AF86 -> 0 | AH87: =AH75+AH86 -> 0 | AI87: =AI75+AI86 -> 0 | AK87: =AK75+AK86 -> 0 | AL87: =AL75+AL86 -> 0 | AN87: =AN75+AN86 -> 0 | AO87: =AO75+AO86 -> 0 | AQ87: =AQ75+AQ86 -> 0

Sheet 4-KawKariek
B1: 2024- Sales Details MLM (KawKariek)
A3: စဉ် | B3: အမျိုးအမည် | C3: ML | D3: Packing | E3: January | H3: February | K3: March | N3: April | Q3: May | T3: June | W3: July | Z3: August | AC3: September | AF3: October | AI3: November | AL3: December | AO3: Total
E4: Pk | F4: BT | G4: Liter | H4: Pk | I4: BT | J4: Liter. | K4: Pk | L4: BT | M4: Liter. | N4: Pk | O4: BT | P4: Liter. | Q4: Pk | R4: BT | S4: Liter. | T4: Pk | U4: BT | V4: Liter. | W4: Pk | X4: BT | Y4: Liter. | Z4: Pk | AA4: BT | AB4: Liter. | AC4: Pk | AD4: BT | AE4: Liter. | AF4: Pk | AG4: BT | AH4: Liter. | AI4: Pk | AJ4: BT | AK4: Liter. | AL4: Pk | AM4: BT | AN4: Liter. | AO4: Pk | AP4: BT | AQ4: Liter.
A5: 1 | B5: "Zay" Vodka 700-ml | C5: 0.7 | D5: 1 * 12 | K5: 24 | L5: 288 | M5: =L5*C5 -> 201.6 | N5: 25 | O5: 300 | P5: =O5*C5 -> 210 | Q5: 5 | R5: 60 | S5: =R5*C5 -> 42 | AB5: =AA5*C5 -> 0 | AI5: 5 | AJ5: 60 | AK5: =AJ5*C5 -> 42 | AO5: =E5+H5+K5+N5+Q5+T5+W5+Z5+AC5+AF5+AI5+AL5 -> 59 | AP5: =F5+I5+L5+O5+R5+U5+X5+AA5+AD5+AG5+AJ5+AM5 -> 708 | AQ5: =G5+J5+M5+P5+S5+V5+Y5+AB5+AE5+AH5+AK5+AN5 -> 495.6
A6: 2 | B6: Formula Rum 700ml | C6: 0.7 | D6: 1*12 | N6: 15 | O6: 180 | P6: =O6*C6 -> 126 | Q6: 4 | R6: 48 | S6: =R6*C6 -> 33.6 | AI6: 24 | AJ6: 288 | AK6: =AJ6*C6 -> 201.6 | AO6: =E6+H6+K6+N6+Q6+T6+W6+Z6+AC6+AF6+AI6+AL6 -> 43 | AP6: =F6+I6+L6+O6+R6+U6+X6+AA6+AD6+AG6+AJ6+AM6 -> 516 | AQ6: =G6+J6+M6+P6+S6+V6+Y6+AB6+AE6+AH6+AK6+AN6 -> 361.2
B7: Total | E7: =SUM(E5:E6) -> 0 | F7: =SUM(F5:F6) -> 0 | G7: =SUM(G5:G6) -> 0 | H7: =SUM(H5:H6) -> 0 | I7: =SUM(I5:I6) -> 0 | J7: =SUM(J5:J6) -> 0 | K7: =SUM(K5:K6) -> 24 | L7: =SUM(L5:L6) -> 288 | ... AQ7: =SUM(AQ5:AQ6) -> 856.8
B16: 2025 - Sales Details MLM (KawKariek)
A18: စဉ် | B18: အမျိုးအမည် | C18: ML | D18: Packing | E18: January | H18: February | K18: March | N18: April | Q18: May | T18: June | W18: July | Z18: August | AC18: September | AF18: October | AI18: November | AL18: December | AO18: Total
E19: Pk | F19: BT | G19: Liter | H19: Pk | I19: BT | J19: Liter. | K19: Pk | L19: BT | M19: Liter. | N19: Pk | O19: BT | P19: Liter. | Q19: Pk | R19: BT | S19: Liter. | T19: Pk | U19: BT | V19: Liter. | W19: Pk | X19: BT | Y19: Liter. | Z19: Pk | AA19: BT | AB19: Liter. | AC19: Pk | AD19: BT | AE19: Liter. | AF19: Pk | AG19: BT | AH19: Liter. | AI19: Pk | AJ19: BT | AK19: Liter. | AL19: Pk | AM19: BT | AN19: Liter. | AO19: Pk | AP19: BT | AQ19: Liter.
A20: 1 | B20: "Zay" Vodka 700-ml | C20: 0.7 | D20: 1 * 12 | G20: =F20*C20 -> 0
A21: 2 | G21: =F21*C21 -> 0
A22: 3 | B22: "Zay" Vodka (1 Liter) | C22: 1 | D22: 1 * 12 | G22: =F22*C22 -> 0
A23: 4 | B23: "Zay" (1 Liter) | C23: 1 | D23: 1 * 12 | G23: =F23*C23 -> 0
A24: 5 | B24: "Zay" (0.6 Liter) | G24: =F24*C24 -> 0
A25: 6 | B25: "Zay" (0.35 Liter) | C25: 0.35 | D25: 1 * 40 | G25: =F25*C25 -> 0
A26: 7 | B26: "Zay" Vodka | G26: =F26*C26 -> 0
A27: 8 | B27: "Zay" - 640ml | C27: 0.64 | D27: 1 * 14 | G27: =F27*C27 -> 0
A28: 9 | B28: "Zay" - 640ml | G28: =F28*C28 -> 0
A29: 10 | B29: "Zay" - 640ml | G29: =F29*C29 -> 0
A30: 11 | G30: =F30*C30 -> 0
A31: 12 | B31: Kaung Kyi (1 Liter)_25% | C31: 1 | D31: 1 * 12 | G31: =F31*C31 -> 0 | AF31: 20 | AG31: 240 | AH31: 240
A32: 13 | B32: Kaung Kyi (1 Liter)_40% | C32: 1 | D32: 1 * 12 | G32: =F32*C32 -> 0 | AC32: 11 | AD32: 132 | AE32: 132
A33: 14 | B33: Kaung Kyi (0.6 Liter)_25% | G33: =F33*C33 -> 0
A34: 15 | B34: Kaung Kyi (0.6 Liter)_40% | G34: =F34*C34 -> 0
A35: 16 | B35: Kaung Kyi (0.35 Liter)_25% | G35: =F35*C35 -> 0
A36: 17 | B36: Kaung Kyi ( 0.35 Liter) - 40% | G36: =F36*C36 -> 0
A37: 18 | B37: Kaung Kyi | G37: =F37*C37 -> 0
A38: 19 | B38: Kaung Kyi (40%) | G38: =F38*C38 -> 0
A39: 20 | B39: Kaung Kyi (46%) | G39: =F39*C39 -> 0
A40: 21 | B40: Zayawaddy Red(1 Liter)30% | C40: 1 | D40: 1 * 12 | G40: =F40*C40 -> 0
A41: 22 | B41: Zayawaddy Red(1 Liter)40% | G41: =F41*C41 -> 0
A42: 23 | B42: Zayawaddy Red(0.6 Liter)30% | G42: =F42*C42 -> 0
A43: 24 | B43: Zayawaddy Red(0.6 Liter)40% | G43: =F43*C43 -> 0
A44: 25 | B44: Zayawaddy Red(0.35 Liter)40% | G44: =F44*C44 -> 0
A45: 26 | B45: Zayawaddy Red | G45: =F45*C45 -> 0
A46: 27 | B46: Zeyawaddy Rum (43%) | G46: =F46*C46 -> 0
B47: Zeyawaddy Rum (43%) | C47: 0.64 | D47: 1 * 14 | G47: =F47*C47 -> 0
A48: 28 | B48: Zayawaddy Red | C48: 0.64 | D48: 1 * 14 | G48: =F48*C48 -> 0
A49: 29 | B49: Zayawaddy Red | C49: 0.64 | D49: 1 * 24 | G49: =F49*C49 -> 0
A50: 30 | B50: ဇေယျဝတီ Red (ပု) | C50: 0.64 | D50: 1 * 14 | G50: =F50*C50 -> 0
A51: 31 | B51: Dagon Tamarind (1 Liter) | C51: 1 | D51: 1 * 12 | G51: =F51*C51 -> 0
A52: 32 | B52: Dagon Pineapple | G52: =F52*C52 -> 0
A53: 33 | B53: Dagon Pineapple | G53: =F53*C53 -> 0
A54: 34 | B54: Dagon | C54: 0.64 | D54: 1 * 24 | G54: =F54*C54 -> 0
A55: 35
A56: 36
A57: 37
B58: Total | E58: =SUM(E20:E57) -> 0 | F58: =SUM(F20:F57) -> 0 | G58: =SUM(G20:G57) -> 0 | H58: =SUM(H20:H57) -> 0 | I58: =SUM(I20:I57) -> 0 | J58: =SUM(J20:J57) -> 0 | K58: =SUM(K20:K57) -> 0 | L58: =SUM(L20:L57) -> 0 | ... AQ58: =SUM(AQ20:AQ57) -> 0
A60: 1 | B60: Columbus 700ml | C60: 0.7 | D60: 1 * 12
A61: 2 | B61: Columbus 350ml | C61: 0.35 | D61: 1 * 24
A62: 3 | B62: Columbus 175ml | C62: 0.175 | D62: 1 * 48
A63: 4 | B63: Columbus 700ml Super Red Smooth | C63: 0.7 | D63: 1 * 12
A64: 5 | B64: Columbus 350ml Super Red Smooth | C64: 0.35 | D64: 1 * 24 | G64: =F64*C64 -> 0
A65: 6 | B65: Columbus 175ml Super Red Smooth | C65: 0.175 | D65: 1 * 48 | G65: =F65*C65 -> 0
A66: 7 | B66: Ngwe Taung 700ml | C66: 0.7 | D66: 1 * 12 | G66: =F66*C66 -> 0
A67: 8 | B67: Formula Rum 700ml | C67: 0.7 | D67: 1 * 12 | G67: =F67*C67 -> 0
A68: 9 | B68: Formula Rum 350ml | C68: 0.35 | D68: 1 * 24
B69: Total | E69: =SUM(E60:E68) -> 0 | F69: =SUM(F60:F68) -> 0 | G69: =SUM(G60:G68) -> 0 | H69: =SUM(H60:H68) -> 0 | I69: =SUM(I60:I68) -> 0 | J69: =SUM(J60:J68) -> 0 | K69: =SUM(K60:K68) -> 0 | L69: =SUM(L60:L68) -> 0 | ... AQ69: =SUM(AQ60:AQ68) -> 0
B70: All Total | E70: =E58+E69 -> 0 | F70: =F58+F69 -> 0 | G70: =G58+G69 -> 0 | H70: =H58+H69 -> 0 | J70: =J58+J69 -> 0 | K70: =K58+K69 -> 0 | M70: =M58+M69 -> 0 | N70: =N58+N69 -> 0 | P70: =P58+P69 -> 0 | Q70: =Q58+Q69 -> 0 | S70: =S58+S69 -> 0 | T70: =T58+T69 -> 0 | V70: =V58+V69 -> 0 | W70: =W58+W69 -> 0 | Y70: =Y58+Y69 -> 0 | Z70: =Z58+Z69 -> 0 | AB70: =AB58+AB69 -> 0 | AC70: =AC58+AC69 -> 11 | AE70: =AE58+AE69 -> 132 | AF70: =AF58+AF69 -> 20 | AH70: =AH58+AH69 -> 240 | AI70: =AI58+AI69 -> 0 | AK70: =AK58+AK69 -> 0 | AL70: =AL58+AL69 -> 0 | AN70: =AN58+AN69 -> 0 | AO70: =AO58+AO69 -> 0 | AQ70: =AQ58+AQ69 -> 0
B73: 2026 - Sales Details MLM (KawKariek)
A75: စဉ် | B75: အမျိုးအမည် | C75: ML | D75: Packing | E75: January | H75: February | K75: March | N75: April | Q75: May | T75: June | W75: July | Z75: August | AC75: September | AF75: October | AI75: November | AL75: December | AO75: Total
E76: Pk | F76: BT | G76: Liter | H76: Pk | I76: BT | J76: Liter. | K76: Pk | L76: BT | M76: Liter. | N76: Pk | O76: BT | P76: Liter. | Q76: Pk | R76: BT | S76: Liter. | T76: Pk | U76: BT | V76: Liter. | W76: Pk | X76: BT | Y76: Liter. | Z76: Pk | AA76: BT | AB76: Liter. | AC76: Pk | AD76: BT | AE76: Liter. | AF76: Pk | AG76: BT | AH76: Liter. | AI76: Pk | AJ76: BT | AK76: Liter. | AL76: Pk | AM76: BT | AN76: Liter. | AO76: Pk | AP76: BT | AQ76: Liter.
A77: 1 | B77: "Zay" Vodka 700-ml | C77: 0.7 | D77: 1 * 12
A78: 2
A79: 3 | B79: "Zay" Vodka (1 Liter) | C79: 1 | D79: 1 * 12
A80: 4 | B80: "Zay" (1 Liter) | C80: 1 | D80: 1 * 12 | H80: 5 | I80: 60 | J80: 60
A81: 5 | B81: "Zay" (0.6 Liter)
A82: 6 | B82: "Zay" (0.35 Liter) | C82: 0.35 | D82: 1 * 40
A83: 7 | B83: "Zay" Vodka
A84: 8 | B84: "Zay" Vodka 640ml | C84: 0.64 | D84: 1 * 14
A85: 9 | B85: "Zay" - 640ml
A86: 10 | B86: "Zay" - 640ml
A87: 11
A88: 12 | B88: Kaung Kyi (1 Liter)_25% | C88: 1 | D88: 1 * 12
A89: 13 | B89: Kaung Kyi (1 Liter)_40% | C89: 1 | D89: 1 * 12 | E89: 10 | F89: 120 | G89: 120
A90: 14 | B90: Kaung Kyi (0.6 Liter)_25%
A91: 15 | B91: Kaung Kyi (0.6 Liter)_40%
A92: 16 | B92: Kaung Kyi (0.35 Liter)_25%
A93: 17 | B93: Kaung Kyi ( 0.35 Liter) - 40%
A94: 18 | B94: Kaung Kyi
A95: 19 | B95: Kaung Kyi (40%)
A96: 20 | B96: Kaung Kyi (46%)
A97: 21 | B97: Zayawaddy Red(1 Liter)30% | C97: 1 | D97: 1 * 12
A98: 22 | B98: Zayawaddy Red(1 Liter)40%
A99: 23 | B99: Zayawaddy Red(0.6 Liter)30%
A100: 24 | B100: Zayawaddy Red(0.6 Liter)40%
A101: 25 | B101: Zayawaddy Red(0.35 Liter)40%
A102: 26 | B102: Zayawaddy Red
A103: 27 | B103: Zeyawaddy Rum (43%)
B104: Zeyawaddy Rum (43%) | C104: 0.64 | D104: 1 * 14
A105: 28 | B105: Zayawaddy Red | C105: 0.64 | D105: 1 * 14
A106: 29 | B106: Zayawaddy Red | C106: 0.64 | D106: 1 * 24
A107: 30 | B107: ဇေယျဝတီ Red (ပု) | C107: 0.64 | D107: 1 * 14
A108: 31 | B108: Dagon Tamarind (1 Liter) | C108: 1 | D108: 1 * 12
A109: 32 | B109: Dagon Pineapple
A110: 33 | B110: Dagon Pineapple
A111: 34 | B111: Dagon | C111: 0.64 | D111: 1 * 24
A112: 35
A113: 36
A114: 37
...

Sheet 4-Yaye
B1: 2024 - Sales Details MLM (Yaye)
A3: စဉ် | B3: အမျိုးအမည် | C3: Li | D3: Packing | E3: January | H3: February | K3: March | N3: April | Q3: May | T3: June | W3: July | Z3: August | AC3: September | AF3: October | AI3: November | AL3: December | AO3: Total
E4: Pk | F4: BT | G4: Liter | H4: Pk | I4: BT | J4: Liter. | K4: Pk | L4: BT | M4: Liter. | N4: Pk | O4: BT | P4: Liter. | Q4: Pk | R4: BT | S4: Liter. | T4: Pk | U4: BT | V4: Liter. | W4: Pk | X4: BT | Y4: Liter. | Z4: Pk | AA4: BT | AB4: Liter. | AC4: Pk | AD4: BT | AE4: Liter. | AF4: Pk | AG4: BT | AH4: Liter. | AI4: Pk | AJ4: BT | AK4: Liter. | AL4: Pk | AM4: BT | AN4: Liter. | AO4: Pk | AP4: BT | AQ4: Liter.
A5: 1 | B5: "Zay" Vodka 700-ml | C5: 0.7 | D5: 1 * 12 | G5: =F5*C5 -> 0 | J5: =I5*C5 -> 0 | M5: =L5*C5 -> 0 | N5: 64 | O5: 768 | P5: =O5*C5 -> 537.6 | S5: =R5*C5 -> 0 | V5: =U5*C5 -> 0 | W5: 50 | X5: 600 | Y5: =X5*C5 -> 420 | AB5: =AA5*C5 -> 0 | AC5: 10 | AD5: 120 | AE5: =AD5*C5 -> 84 | AH5: =AG5*C5 -> 0 | AK5: =AJ5*C5 -> 0 | AN5: =AM5*C5 -> 0 | AO5: =E5+H5+K5+N5+Q5+T5+W5+Z5+AC5+AF5+AI5+AL5 -> 124 | AP5: =F5+I5+L5+O5+R5+U5+X5+AA5+AD5+AG5+AJ5+AM5 -> 1488 | AQ5: =G5+J5+M5+P5+S5+V5+Y5+AB5+AE5+AH5+AK5+AN5 -> 1041.6
A6: 2 | B6: Zayawaddy Red(1 Liter)30% | C6: 1 | D6: 1 * 12 | E6: 3290 | F6: =41460-1980 -> 39480 | G6: =F6*C6 -> 39480 | H6: 2569 | I6: 30828 | J6: =I6*C6 -> 30828 | K6: 3860 | L6: 46320 | M6: =L6*C6 -> 46320 | N6: 3520 | O6: 42240 | P6: =O6*C6 -> 42240 | Q6: 2877 | R6: 34524 | S6: =R6*C6 -> 34524 | T6: 3600 | U6: 43200 | V6: =U6*C6 -> 43200 | W6: 3675 | X6: 44100 | Y6: =X6*C6 -> 44100 | Z6: 5314 | AA6: 63768 | AB6: =AA6*C6 -> 63768 | AC6: 4739 | AD6: 56868 | AE6: =AD6*C6 -> 56868 | AF6: 4516 | AG6: 54192 | AH6: =AG6*C6 -> 54192 | AI6: 3218 | AJ6: 38616 | AK6: =AJ6*C6 -> 38616 | AL6: 5148 | AM6: 61776 | AN6: =AM6*C6 -> 61776 | AO6: =E6+H6+K6+N6+Q6+T6+W6+Z6+AC6+AF6+AI6+AL6 -> 46326 | AP6: =F6+I6+L6+O6+R6+U6+X6+AA6+AD6+AG6+AJ6+AM6 -> 555912 | AQ6: =G6+J6+M6+P6+S6+V6+Y6+AB6+AE6+AH6+AK6+AN6 -> 555912
A7: 3 | B7: Zayawaddy Red | C7: 0.64 | D7: 1 * 14 | E7: 9289 | F7: 130046 | G7: =F7*C7 -> 83229.44 | H7: 8110 | I7: 113540 | J7: =I7*C7 -> 72665.6 | K7: 10340 | L7: 144760 | M7: =L7*C7 -> 92646.4 | N7: 9883 | O7: 138362 | P7: =O7*C7 -> 88551.68 | Q7: 11305 | R7: 158270 | S7: =R7*C7 -> 101292.8 | T7: 9846 | U7: 137844 | V7: =U7*C7 -> 88220.16 | W7: 9289 | X7: 130046 | Y7: =X7*C7 -> 83229.44 | Z7: 10825 | AA7: 151550 | AB7: =AA7*C7 -> 96992 | AC7: 9155 | AD7: 128170 | AE7: =AD7*C7 -> 82028.8 | AF7: 9410 | AG7: 131740 | AH7: =AG7*C7 -> 84313.6 | AI7: 6950 | AJ7: 97300 | AK7: =AJ7*C7 -> 62272 | AL7: 8120 | AM7: 113680 | AN7: =AM7*C7 -> 72755.2 | AO7: =E7+H7+K7+N7+Q7+T7+W7+Z7+AC7+AF7+AI7+AL7 -> 112522 | AP7: =F7+I7+L7+O7+R7+U7+X7+AA7+AD7+AG7+AJ7+AM7 -> 1575308 | AQ7: =G7+J7+M7+P7+S7+V7+Y7+AB7+AE7+AH7+AK7+AN7 -> 1008197.1
A8: 4 | B8: "Zay" Vodka- 640ml | C8: 0.64 | D8: 1 * 14 | G8: =F8*C8 -> 0 | H8: 180 | I8: 2520 | J8: =I8*C8 -> 1612.8 | M8: =L8*C8 -> 0 | P8: =O8*C8 -> 0 | S8: =R8*C8 -> 0 | T8: 45 | U8: 630 | V8: =U8*C8 -> 403.2 | Y8: =X8*C8 -> 0 | AB8: =AA8*C8 -> 0 | AE8: =AD8*C8 -> 0 | AF8: 15 | AG8: 210 | AH8: =AG8*C8 -> 134.4 | AK8: =AJ8*C8 -> 0 | AL8: 10 | AM8: 140 | AN8: =AM8*C8 -> 89.6 | AO8: =E8+H8+K8+N8+Q8+T8+W8+Z8+AC8+AF8+AI8+AL8 -> 250 | AP8: =F8+I8+L8+O8+R8+U8+X8+AA8+AD8+AG8+AJ8+AM8 -> 3500 | AQ8: =G8+J8+M8+P8+S8+V8+Y8+AB8+AE8+AH8+AK8+AN8 -> 2240
B9: Total | E9: =SUM(E5:E8) -> 12579 | F9: =SUM(F5:F8) -> 169526 | G9: =SUM(G5:G8) -> 122709.44 | H9: =SUM(H5:H8) -> 10859 | I9: =SUM(I5:I8) -> 146888 | J9: =SUM(J5:J8) -> 105106.4 | K9: =SUM(K5:K8) -> 14200 | L9: =SUM(L5:L8) -> 191080 | ... AQ9: =SUM(AQ5:AQ8) -> 1567390.7
P10: =O10*C11 -> 0
A11: 1 | B11: Columbus 700ml | C11: 0.7 | D11: 1 * 12 | P11: =O11*C12 -> 0
A12: 2 | B12: Columbus 350ml | C12: 0.35 | D12: 1 * 24 | P12: =O12*C13 -> 0
A13: 3 | B13: Columbus 175ml | C13: 0.175 | D13: 1 * 48 | P13: =O13*C14 -> 0
A14: 4 | B14: Columbus 700ml Super Red Smooth | C14: 0.7 | D14: 1 * 12 | N14: =72/12 -> 6 | O14: 72 | P14: =O14*C15 -> 25.2
A15: 5 | B15: Columbus 350ml Super Red Smooth | C15: 0.35 | D15: 1 * 24 | N15: =96/24 -> 4 | O15: 96 | P15: =O15*C16 -> 16.8
A16: 6 | B16: Columbus 175ml Super Red Smooth | C16: 0.175 | D16: 1 * 48 | P16: =O16*C17 -> 0
A17: 7 | B17: Ngwe Taung 700ml | C17: 0.7 | D17: 1 * 12 | P17: =O17*C18 -> 0 | Q17: =60/12 -> 5 | R17: 60 | S17: =R17*C17 -> 42
A18: 8 | B18: Formula Rum 700ml | C18: 0.7 | D18: 1 * 12 | P18: =O18*C19 -> 0
A19: 9 | B19: Formula Rum 350ml | C19: 0.35 | D19: 1 * 24 | P19: =O19*C20 -> 0
B20: Total | E20: =SUM(E11:E19) -> 0 | F20: =SUM(F11:F19) -> 0 | G20: =SUM(G11:G19) -> 0 | H20: =SUM(H11:H19) -> 0 | I20: =SUM(I11:I19) -> 0 | J20: =SUM(J11:J19) -> 0 | K20: =SUM(K11:K19) -> 0 | L20: =SUM(L11:L19) -> 0 | ... AQ20: =SUM(AQ11:AQ19) -> 0
B21: All Total | E21: =E9+E20 -> 12579 | F21: =F9+F20 -> 169526 | G21: =G9+G20 -> 122709.44 | H21: =H9+H20 -> 10859 | I21: =I9+I20 -> 146888 | J21: =J9+J20 -> 105106.4 | K21: =K9+K20 -> 14200 | L21: =L9+L20 -> 191080 | ... Q21: =Q9+Q20 -> 14187 | S21: =S9+S20 -> 135858.8 | T21: =T9+T20 -> 13491 | V21: =V9+V20 -> 131823.36 | W21: =W9+W20 -> 13014 | Y21: =Y9+Y20 -> 127749.44 | Z21: =Z9+Z20 -> 16139 | AB21: =AB9+AB20 -> 160760 | AC21: =AC9+AC20 -> 13904 | AE21: =AE9+AE20 -> 138980.8 | AF21: =AF9+AF20 -> 13941 | AH21: =AH9+AH20 -> 138640 | AI21: =AI9+AI20 -> 10168 | AK21: =AK9+AK20 -> 100888 | AL21: =AL9+AL20 -> 13278 | AN21: =AN9+AN20 -> 134620.8 | AO21: =AO9+AO20 -> 159222 | AQ21: =AQ9+AQ20 -> 1567390.7
B24: 2025 - Sales Details MLM (Yaye)
A26: စဉ် | B26: အမျိုးအမည် | C26: Li | D26: Packing | E26: January | H26: February | K26: March | N26: April | Q26: May | T26: June | W26: July | Z26: August | AC26: September | AF26: October | AI26: November | AL26: December | AO26: Total
E27: Pk | F27: BT | G27: Liter | H27: Pk | I27: BT | J27: Liter. | K27: Pk | L27: BT | M27: Liter. | N27: Pk | O27: BT | P27: Liter. | Q27: Pk | R27: BT | S27: Liter. | T27: Pk | U27: BT | V27: Liter. | W27: Pk | X27: BT | Y27: Liter. | Z27: Pk | AA27: BT | AB27: Liter. | AC27: Pk | AD27: BT | AE27: Liter. | AF27: Pk | AG27: BT | AH27: Liter. | AI27: Pk | AJ27: BT | AK27: Liter. | AL27: Pk | AM27: BT | AN27: Liter. | AO27: Pk | AP27: BT | AQ27: Liter.
A28: 2 | B28: Zayawaddy Red(1 Liter)30% | C28: 1 | D28: 1 * 12 | E28: 4515 | F28: 54180 | G28: =F28*C28 -> 54180 | H28: 4349 | I28: 52188 | J28: =I28*C28 -> 52188 | K28: 4760 | L28: 57120 | M28: 57120 | N28: 2300 | O28: 27600 | P28: =O28*C28 -> 27600 | Q28: 5410 | R28: 64920 | S28: =R28*C28 -> 64920 | T28: 5973 | U28: 71676 | V28: =U28*C28 -> 71676 | W28: 5310 | X28: 63720 | Y28: =X28*C28 -> 63720 | Z28: 6345 | AA28: 76140 | AB28: 76140 | AC28: 6544 | AD28: 78528 | AE28: 78528 | AF28: 5530 | AG28: 66360 | AH28: 66360 | AI28: 5790 | AJ28: 69480 | AK28: 69480 | AL28: 7145 | AM28: 85740 | AN28: 85740
A29: 3 | B29: Zayawaddy Red | C29: 0.64 | D29: 1 * 14 | E29: 7875 | F29: 110250 | G29: =F29*C29 -> 70560 | H29: 8220 | I29: 115080 | J29: =I29*C29 -> 73651.2 | K29: 10048 | L29: 140672 | M29: 90030.08 | N29: 90030.08 | O29: 116592 | P29: =O29*C29 -> 74618.88 | Q29: 10814 | R29: 151396 | S29: =R29*C29 -> 96893.44 | T29: 9275 | U29: 129850 | V29: =U29*C29 -> 83104 | W29: 8895 | X29: 124530 | Y29: =X29*C29 -> 79699.2 | Z29: 7360 | AA29: 103040 | AB29: 65945.6 | AC29: 7696 | AD29: 107744 | AE29: 68956.16 | AF29: 7860 | AG29: 110040 | AH29: 70425.6 | AI29: 6345 | AJ29: 88830 | AK29: 56851.2 | AL29: 6905 | AM29: 96670 | AN29: 61868.8
A30: 4 | B30: "Zay"Vodka - 640ml | C30: 0.64 | D30: 1 * 14 | H30: 20 | I30: 280 | J30: =I30*C30 -> 179.2 | M30: =L30*C30 -> 0 | P30: =O30*C30 -> 0 | S30: =R30*C30 -> 0 | V30: =U30*C30 -> 0 | Y30: =X30*C30 -> 0
B31: Zay 1 Liter | C31: 1 | Q31: 5 | R31: 60 | S31: =R31*C31 -> 60 | V31: =U31*C31 -> 0 | Y31: =X31*C31 -> 0
A32: 5 | B32: ဇေယျဝတီ Red (ပု) | C32: 0.64 | D32: 1 * 14 | H32: 10 | I32: 140 | J32: =I32*C32 -> 89.6 | M32: =L32*C32 -> 0 | N32: 10 | O32: 140 | P32: =O32*C32 -> 89.6 | Q32: 22 | R32: 308 | S32: =R32*C32 -> 197.12 | T32: 10 | U32: 140 | V32: =U32*C32 -> 89.6 | Y32: =X32*C32 -> 0 | Z32: 30 | AA32: 420 | AB32: 268.8
A33: 7 | B33: Dagon | C33: 0.64 | D33: 1 * 24 | N33: 60 | O33: 1440 | P33: =O33*C33 -> 921.6 | S33: =R33*C33 -> 0 | V33: =U33*C33 -> 0 | Y33: =X33*C33 -> 0
B34: Total | E34: =SUM(E28:E32) -> 12390 | F34: =SUM(F28:F32) -> 164430 | G34: =SUM(G28:G32) -> 124740 | H34: =SUM(H28:H32) -> 12599 | I34: =SUM(I28:I32) -> 167688 | J34: =SUM(J28:J32) -> 126108 | K34: =SUM(K28:K32) -> 14808 | L34: =SUM(L28:L32) -> 197792 | M34: =SUM(M28:M32) -> 147150.08 | N34: =SUM(N28:N33) -> 92400.08 | O34: =SUM(O28:O33) -> 145772 | P34: =SUM(P28:P33) -> 103230.08 | Q34: =SUM(Q28:Q33) -> 16251 | R34: =SUM(R28:R33) -> 216684 | S34: =SUM(S28:S33) -> 162070.56 | T34: =SUM(T28:T33) -> 15258 | U34: =SUM(U28:U33) -> 201666 | ... AQ34: =SUM(AQ28:AQ33) -> 0
A36: 1 | B36: Columbus 700ml | C36: 0.7 | D36: 1 * 12 | E36: 8 | F36: 96 | G36: 67.2 | H36: 16 | I36: 192 | J36: 134.4 | S36: =R36*C36 -> 0
A37: 2 | B37: Columbus 350ml | C37: 0.35 | D37: 1 * 24 | E37: 2 | F37: 48 | G37: 16.8 | H37: 4 | I37: 96 | J37: 33.6 | S37: =R37*C37 -> 0
A38: 3 | B38: Columbus 175ml | C38: 0.175 | D38: 1 * 48
A39: 4 | B39: Columbus 700ml Super Red Smooth | C39: 0.7 | D39: 1 * 12
A40: 5 | B40: Columbus 350ml Super Red Smooth | C40: 0.35 | D40: 1 * 24 | G40: =F40*C40 -> 0
A41: 6 | B41: Columbus 175ml Super Red Smooth | C41: 0.175 | D41: 1 * 48 | G41: =F41*C41 -> 0
A42: 7 | B42: Ngwe Taung 700ml | C42: 0.7 | D42: 1 * 12 | G42: =F42*C42 -> 0
A43: 8 | B43: Formula Rum 700ml | C43: 0.7 | D43: 1 * 12 | G43: =F43*C43 -> 0
A44: 9 | B44: Formula Rum 350ml | C44: 0.35 | D44: 1 * 24
B45: Total | E45: =SUM(E36:E44) -> 10 | F45: =SUM(F36:F44) -> 144 | G45: =SUM(G36:G44) -> 84 | H45: =SUM(H36:H44) -> 20 | I45: =SUM(I36:I44) -> 288 | J45: =SUM(J36:J44) -> 168 | K45: =SUM(K36:K44) -> 0 | L45: =SUM(L36:L44) -> 0 | ... AQ45: =SUM(AQ36:AQ44) -> 0
B46: All Total | E46: =E34+E45 -> 12400 | F46: =F34+F45 -> 164574 | G46: =G34+G45 -> 124824 | H46: =H34+H45 -> 12619 | I46: =I34+I45 -> 167976 | J46: =J34+J45 -> 126276 | K46: =K34+K45 -> 14808 | L46: =L34+L45 -> 197792 | ... Q46: =Q34+Q45 -> 16251 | S46: =S34+S45 -> 162070.56 | T46: =T34+T45 -> 15258 | V46: =V34+V45 -> 154869.6 | W46: =W34+W45 -> 14205 | Y46: =Y34+Y45 -> 143419.2 | Z46: =Z34+Z45 -> 13735 | AB46: =AB34+AB45 -> 142354.4 | AC46: =AC34+AC45 -> 14240 | AE46: =AE34+AE45 -> 147484.16 | AF46: =AF34+AF45 -> 13390 | AH46: =AH34+AH45 -> 136785.6 | AI46: =AI34+AI45 -> 12135 | AK46: =AK34+AK45 -> 126331.2 | AL46: =AL34+AL45 -> 14050 | AN46: =AN34+AN45 -> 147608.8 | AO46: =AO34+AO45 -> 0 | AQ46: =AQ34+AQ45 -> 0
B49: 2026 - Sales Details MLM (Yaye)
A51: စဉ် | B51: အမျိုးအမည် | C51: Li | D51: Packing | E51: January | H51: February | K51: March | N51: April | Q51: May | T51: June | W51: July | Z51: August | AC51: September | AF51: October | AI51: November | AL51: December | AO51: Total
E52: Pk | F52: BT | G52: Liter | H52: Pk | I52: BT | J52: Liter. | K52: Pk | L52: BT | M52: Liter. | N52: Pk | O52: BT | P52: Liter. | Q52: Pk | R52: BT | S52: Liter. | T52: Pk | U52: BT | V52: Liter. | W52: Pk | X52: BT | Y52: Liter. | Z52: Pk | AA52: BT | AB52: Liter. | AC52: Pk | AD52: BT | AE52: Liter. | AF52: Pk | AG52: BT | AH52: Liter. | AI52: Pk | AJ52: BT | AK52: Liter. | AL52: Pk | AM52: BT | AN52: Liter. | AO52: Pk | AP52: BT | AQ52: Liter.
A53: 2 | B53: Zayawaddy Red(1 Liter)30% | C53: 1 | D53: 1 * 12 | E53: 7455 | F53: 89460 | G53: 89460 | H53: 6105 | I53: 73260 | J53: 73260
A54: 3 | B54: Zayawaddy Red | C54: 0.64 | D54: 1 * 14 | E54: 6775 | F54: 94850 | G54: 60704 | H54: 6835 | I54: 95690 | J54: 61241.6
A55: 4 | B55: "Zay"Vodka - 640ml | C55: 0.64 | D55: 1 * 14
A56: 5 | B56: Zay 1 Liter | C56: 1 | D56: 1*12
A57: 6 | B57: Zeyawaddy Rum (43%) | C57: 0.64 | D57: 1 * 14 | H57: 10 | I57: 140 | J57: 89.6
A58: 7 | B58: Kaung Kyi (1 Liter)_25% | C58: 1 | D58: 1 * 12 | H58: 30 | I58: 360 | J58: 360
A59: 8 | B59: Kaung Kyi (1 Liter)_40% | C59: 1 | D59: 1 * 12 | H59: 15 | I59: 180 | J59: 180
A60: 9 | B60: ဇေယျဝတီ Red (ပု) | C60: 0.64 | D60: 1 * 14 | H60: 30 | I60: 420 | J60: 268.8
A61: 10 | B61: Dagon Tamarind (1 Liter) | C61: 1 | D61: 1 * 12 | H61: 15 | I61: 180 | J61: 180
A62: 11 | B62: Dagon | C62: 0.64 | D62: 1 * 24
B63: Total | E63: =SUM(E53:E60) -> 14230 | F63: =SUM(F53:F60) -> 184310 | G63: =SUM(G53:G60) -> 150164 | H63: =SUM(H53:H62) -> 13040 | I63: =SUM(I53:I62) -> 170230 | J63: =SUM(J53:J62) -> 135580 | K63: =SUM(K53:K60) -> 0 | L63: =SUM(L53:L60) -> 0 | M63: =SUM(M53:M60) -> 0 | N63: =SUM(N53:N62) -> 0 | O63: =SUM(O53:O62) -> 0 | P63: =SUM(P53:P62) -> 0 | Q63: =SUM(Q53:Q62) -> 0 | R63: =SUM(R53:R62) -> 0 | S63: =SUM(S53:S62) -> 0 | T63: =SUM(T53:T62) -> 0 | U63: =SUM(U53:U62) -> 0 | ... AQ63: =SUM(AQ53:AQ62) -> 0

Sheet 4-Phar Pon
B1: 2024 - Sales Details MLM (PharPon)
A3: စဉ် | B3: အမျိုးအမည် | C3: Li | D3: Packing | E3: January | H3: February | K3: March | N3: April | Q3: May | T3: June | W3: July | Z3: August | AC3: September | AF3: October | AI3: November | AL3: December | AO3: Total
E4: Pk | F4: BT | G4: Liter | H4: Pk | I4: BT | J4: Liter. | K4: Pk | L4: BT | M4: Liter. | N4: Pk | O4: BT | P4: Liter. | Q4: Pk | R4: BT | S4: Liter. | T4: Pk | U4: BT | V4: Liter. | W4: Pk | X4: BT | Y4: Liter. | Z4: Pk | AA4: BT | AB4: Liter. | AC4: Pk | AD4: BT | AE4: Liter. | AF4: Pk | AG4: BT | AH4: Liter. | AI4: Pk | AJ4: BT | AK4: Liter. | AL4: Pk | AM4: BT | AN4: Liter. | AO4: Pk | AP4: BT | AQ4: Liter.
A5: 1 | B5: Kaung Kyi (1 Liter)_25% | C5: 1 | D5: 1 * 12 | G5: =C5*F5 -> 0 | J5: =I5*C5 -> 0 | M5: =L5*C5 -> 0 | P5: =O5*C5 -> 0 | S5: =R5*C5 -> 0 | V5: =U5*C5 -> 0 | Y5: =X5*C5 -> 0 | AB5: =AA5*C5 -> 0 | AE5: =AD5*C5 -> 0 | AH5: =AG5*C5 -> 0 | AN5: =AM5*C5 -> 0 | AO5: =E5+H5+K5+N5+Q5+T5+W5+Z5+AC5+AF5+AI5+AL5 -> 0 | AP5: =F5+I5+L5+O5+R5+U5+X5+AA5+AD5+AG5+AJ5+AM5 -> 0 | AQ5: =G5+J5+M5+P5+S5+V5+Y5+AB5+AE5+AH5+AK5+AN5 -> 0
A6: 2 | B6: Zayawaddy Red | C6: 0.64 | D6: 1*14 | E6: 160 | F6: 2240 | G6: =C6*F6 -> 1433.6 | H6: 160 | I6: 2240 | J6: =I6*C6 -> 1433.6 | K6: 160 | L6: 2240 | M6: =L6*C6 -> 1433.6 | P6: =O6*C6 -> 0 | Q6: 120 | R6: 1680 | S6: =R6*C6 -> 1075.2 | T6: 140 | U6: 1960 | V6: =U6*C6 -> 1254.4 | W6: 170 | X6: 2380 | Y6: =X6*C6 -> 1523.2 | Z6: 80 | AA6: 1120 | AB6: =AA6*C6 -> 716.8 | AE6: =AD6*C6 -> 0 | AF6: 30 | AG6: 420 | AH6: =AG6*C6 -> 268.8 | AI6: 100 | AJ6: 1400 | AK6: =AJ6*C6 -> 896 | AN6: =AM6*C6 -> 0 | AO6: =E6+H6+K6+N6+Q6+T6+W6+Z6+AC6+AF6+AI6+AL6 -> 1120 | AP6: =F6+I6+L6+O6+R6+U6+X6+AA6+AD6+AG6+AJ6+AM6 -> 15680 | AQ6: =G6+J6+M6+P6+S6+V6+Y6+AB6+AE6+AH6+AK6+AN6 -> 10035.2
A7: 3 | B7: Zeyawaddy Rum (43%) | C7: 0.64 | D7: 1*14 | E7: 40 | F7: 560 | G7: =C7*F7 -> 358.4 | H7: 40 | I7: 560 | J7: =I7*C7 -> 358.4 | K7: 40 | L7: 560 | M7: =L7*C7 -> 358.4 | P7: =O7*C7 -> 0 | Q7: 80 | R7: 1120 | S7: =R7*C7 -> 716.8 | T7: 60 | U7: 840 | V7: =U7*C7 -> 537.6 | W7: 30 | X7: 420 | Y7: =X7*C7 -> 268.8 | Z7: 120 | AA7: 1680 | AB7: =AA7*C7 -> 1075.2 | AC7: 200 | AD7: 2800 | AE7: =AD7*C7 -> 1792 | AF7: 170 | AG7: 2380 | AH7: =AG7*C7 -> 1523.2 | AK7: =AJ7*C7 -> 0 | AN7: =AM7*C7 -> 0 | AO7: =E7+H7+K7+N7+Q7+T7+W7+Z7+AC7+AF7+AI7+AL7 -> 780 | AP7: =F7+I7+L7+O7+R7+U7+X7+AA7+AD7+AG7+AJ7+AM7 -> 10920 | AQ7: =G7+J7+M7+P7+S7+V7+Y7+AB7+AE7+AH7+AK7+AN7 -> 6988.8
B8: Total | E8: =SUM(E5:E7) -> 200 | F8: =SUM(F5:F7) -> 2800 | G8: =SUM(G5:G7) -> 1792 | H8: =SUM(H5:H7) -> 200 | I8: =SUM(I5:I7) -> 2800 | J8: =SUM(J5:J7) -> 1792 | K8: =SUM(K5:K7) -> 200 | L8: =SUM(L5:L7) -> 2800 | ... AQ8: =SUM(AQ5:AQ7) -> 17024
A10: 1 | B10: Columbus 700ml | C10: 0.7 | D10: 1 * 12 | AL10: =120/12 -> 10 | AM10: 120 | AN10: =AM10*C10 -> 84
A11: 2 | B11: Columbus 350ml | C11: 0.35 | D11: 1 * 24 | AL11: 1 | AM11: 24 | AN11: =AM11*C11 -> 8.4
A12: 3 | B12: Columbus 175ml | C12: 0.175 | D12: 1 * 48 | AN12: =AM12*C12 -> 0
A13: 4 | B13: Columbus 700ml Super Red Smooth | C13: 0.7 | D13: 1 * 12 | AN13: =AM13*C13 -> 0
A14: 5 | B14: Columbus 350ml Super Red Smooth | C14: 0.35 | D14: 1 * 24 | G14: =F14*C14 -> 0 | AL14: =120/24 -> 5 | AM14: 120 | AN14: =AM14*C14 -> 42
A15: 6 | B15: Columbus 175ml Super Red Smooth | C15: 0.175 | D15: 1 * 48 | G15: =F15*C15 -> 0 | AL15: =144/48 -> 3 | AM15: 144 | AN15: =AM15*C15 -> 25.2
A16: 7 | B16: Ngwe Taung 700ml | C16: 0.7 | D16: 1 * 12 | G16: =F16*C16 -> 0 | AN16: =AM16*C16 -> 0
A17: 8 | B17: Formula Rum 700ml | C17: 0.7 | D17: 1 * 12 | G17: =F17*C17 -> 0 | AN17: =AM17*C17 -> 0
A18: 9 | B18: Formula Rum 350ml | C18: 0.35 | D18: 1 * 24 | AN18: =AM18*C18 -> 0
B19: Total | E19: =SUM(E10:E18) -> 0 | F19: =SUM(F10:F18) -> 0 | G19: =SUM(G10:G18) -> 0 | H19: =SUM(H10:H18) -> 0 | I19: =SUM(I10:I18) -> 0 | J19: =SUM(J10:J18) -> 0 | K19: =SUM(K10:K18) -> 0 | L19: =SUM(L10:L18) -> 0 | ... AQ19: =SUM(AQ10:AQ18) -> 0
B20: All Total | E20: =E8+E19 -> 200 | F20: =F8+F19 -> 2800 | G20: =G8+G19 -> 1792 | H20: =H8+H19 -> 200 | J20: =J8+J19 -> 1792 | K20: =K8+K19 -> 200 | L20: =L8+L19 -> 2800 | M20: =M8+M19 -> 1792 | N20: =N8+N19 -> 0 | O20: =O8+O19 -> 0 | P20: =P8+P19 -> 0 | Q20: =Q8+Q19 -> 200 | ... T20: =T8+T19 -> 200 | V20: =V8+V19 -> 1792 | W20: =W8+W19 -> 200 | Y20: =Y8+Y19 -> 1792 | Z20: =Z8+Z19 -> 200 | AB20: =AB8+AB19 -> 1792 | AC20: =AC8+AC19 -> 200 | AE20: =AE8+AE19 -> 1792 | AF20: =AF8+AF19 -> 200 | AH20: =AH8+AH19 -> 1792 | AI20: =AI8+AI19 -> 100 | AK20: =AK8+AK19 -> 896 | AL20: =AL8+AL19 -> 19 | AN20: =AN8+AN19 -> 159.6 | AO20: =AO8+AO19 -> 1900 | AQ20: =AQ8+AQ19 -> 17024
B25: 2025 - Sales Details MLM (PharPon)
A27: စဉ် | B27: အမျိုးအမည် | C27: Li | D27: Packing | E27: January | H27: February | K27: March | N27: April | Q27: May | T27: June | W27: July | Z27: August | AC27: September | AF27: October | AI27: November | AL27: December | AO27: Tatoal
E28: Pk | F28: BT | G28: Liter | H28: Pk | I28: BT | J28: Liter. | K28: Pk | L28: BT | M28: Liter. | N28: Pk | O28: BT | P28: Liter. | Q28: Pk | R28: BT | S28: Liter. | T28: Pk | U28: BT | V28: Liter. | W28: Pk | X28: BT | Y28: Liter. | Z28: Pk | AA28: BT | AB28: Liter. | AC28: Pk | AD28: BT | AE28: Liter. | AF28: Pk | AG28: BT | AH28: Liter. | AI28: Pk | AJ28: BT | AK28: Liter. | AL28: Pk | AM28: BT | AN28: Liter. | AO28: Pk | AP28: BT | AQ28: Liter.
A29: 1 | B29: "Zay" Vodka 700-ml | C29: 0.7 | D29: 1 * 12 | G29: =F29*C29 -> 0
A30: 2 | G30: =F30*C30 -> 0
A31: 3 | B31: "Zay" Vodka (1 Liter) | C31: 1 | D31: 1 * 12 | G31: =F31*C31 -> 0
A32: 4 | B32: "Zay" (1 Liter) | C32: 1 | D32: 1 * 12 | G32: =F32*C32 -> 0
A33: 5 | B33: "Zay" (0.6 Liter) | G33: =F33*C33 -> 0
A34: 6 | B34: "Zay" (0.35 Liter) | C34: 0.35 | D34: 1 * 40 | G34: =F34*C34 -> 0
A35: 7 | B35: "Zay" Vodka | G35: =F35*C35 -> 0
A36: 8 | B36: "Zay" - 640ml | C36: 0.64 | D36: 1 * 14 | G36: =F36*C36 -> 0
A37: 9 | B37: "Zay" - 640ml | G37: =F37*C37 -> 0
A38: 10 | B38: "Zay" - 640ml | G38: =F38*C38 -> 0
A39: 11 | G39: =F39*C39 -> 0
A40: 12 | B40: Kaung Kyi (1 Liter)_25% | C40: 1 | D40: 1 * 12 | G40: =F40*C40 -> 0
A41: 13 | B41: Kaung Kyi (1 Liter)_40% | G41: =F41*C41 -> 0
A42: 14 | B42: Kaung Kyi (0.6 Liter)_25% | G42: =F42*C42 -> 0
A43: 15 | B43: Kaung Kyi (0.6 Liter)_40% | G43: =F43*C43 -> 0
A44: 16 | B44: Kaung Kyi (0.35 Liter)_25% | G44: =F44*C44 -> 0
A45: 17 | B45: Kaung Kyi ( 0.35 Liter) - 40% | G45: =F45*C45 -> 0
A46: 18 | B46: Kaung Kyi | G46: =F46*C46 -> 0
A47: 19 | B47: Kaung Kyi (40%) | G47: =F47*C47 -> 0
A48: 20 | B48: Kaung Kyi (46%) | G48: =F48*C48 -> 0
A49: 21 | B49: Zayawaddy Red(1 Liter)30% | C49: 1 | D49: 1 * 12 | G49: =F49*C49 -> 0
A50: 22 | B50: Zayawaddy Red(1 Liter)40% | G50: =F50*C50 -> 0
A51: 23 | B51: Zayawaddy Red(0.6 Liter)30% | G51: =F51*C51 -> 0
A52: 24 | B52: Zayawaddy Red(0.6 Liter)40% | G52: =F52*C52 -> 0
A53: 25 | B53: Zayawaddy Red(0.35 Liter)40% | G53: =F53*C53 -> 0
A54: 26 | B54: Zayawaddy Red | G54: =F54*C54 -> 0
A55: 27 | B55: Zeyawaddy Rum (43%) | G55: =F55*C55 -> 0
A56: 28 | B56: Zeyawaddy Rum (43%) | C56: 0.64 | D56: 1 * 14 | E56: 40 | F56: 560 | G56: 358.4 | K56: 50 | L56: 700 | M56: =L56*C56 -> 448 | N56: 100 | O56: 1400 | P56: =O56*C56 -> 896 | Q56: 160 | R56: 2240 | S56: =R56*C56 -> 1433.6 | W56: 200 | X56: 2800 | Y56: =X56*C56 -> 1792 | Z56: 150 | AA56: 2100 | AB56: 1344 | AF56: 200 | AG56: 2800 | AH56: 1792 | AL56: 200 | AM56: 2800 | AN56: 1792
A57: 29 | B57: Zayawaddy Red | C57: 0.64 | D57: 1 * 14 | G57: =F57*C57 -> 0 | K57: 10 | L57: 140 | M57: =L57*C57 -> 89.6 | N57: 20 | O57: 280 | P57: =O57*C57 -> 179.2 | Q57: 40 | R57: 560 | S57: =R57*C57 -> 358.4 | Z57: 50 | AA57: 700 | AB57: 448
A58: 30 | B58: Zayawaddy Red | C58: 0.64 | D58: 1 * 24 | G58: =F58*C58 -> 0 | M58: =L58*C58 -> 0
A59: 31 | B59: ဇေယျဝတီ Red (ပု) | C59: 0.64 | D59: 1 * 14 | G59: =F59*C59 -> 0 | M59: =L59*C59 -> 0
A60: 32 | B60: Dagon Tamarind (1 Liter) | C60: 1 | D60: 1 * 12 | G60: =F60*C60 -> 0 | M60: =L60*C60 -> 0
A61: 33 | B61: Dagon Pineapple | G61: =F61*C61 -> 0 | M61: =L61*C61 -> 0
A62: 34 | B62: Dagon Pineapple | G62: =F62*C62 -> 0 | M62: =L62*C62 -> 0
A63: 35 | B63: Dagon | C63: 0.64 | D63: 1 * 24 | G63: =F63*C63 -> 0 | M63: =L63*C63 -> 0
A64: 36 | M64: =L64*C64 -> 0
A65: 37 | M65: =L65*C65 -> 0
A66: 38 | M66: =L66*C66 -> 0
B67: Total | E67: =SUM(E29:E66) -> 40 | F67: =SUM(F29:F66) -> 560 | G67: =SUM(G29:G66) -> 358.4 | H67: =SUM(H29:H66) -> 0 | I67: =SUM(I29:I66) -> 0 | J67: =SUM(J29:J66) -> 0 | K67: =SUM(K29:K66) -> 60 | L67: =SUM(L29:L66) -> 840 | ... AQ67: =SUM(AQ29:AQ66) -> 0
A69: 1 | B69: Columbus 700ml | C69: 0.7 | D69: 1 * 12
A70: 2 | B70: Columbus 350ml | C70: 0.35 | D70: 1 * 24
A71: 3 | B71: Columbus 175ml | C71: 0.175 | D71: 1 * 48
A72: 4 | B72: Columbus 700ml Super Red Smooth | C72: 0.7 | D72: 1 * 12
A73: 5 | B73: Columbus 350ml Super Red Smooth | C73: 0.35 | D73: 1 * 24 | G73: =F73*C73 -> 0
A74: 6 | B74: Columbus 175ml Super Red Smooth | C74: 0.175 | D74: 1 * 48 | G74: =F74*C74 -> 0
A75: 7 | B75: Ngwe Taung 700ml | C75: 0.7 | D75: 1 * 12 | G75: =F75*C75 -> 0
A76: 8 | B76: Formula Rum 700ml | C76: 0.7 | D76: 1 * 12 | G76: =F76*C76 -> 0
A77: 9 | B77: Formula Rum 350ml | C77: 0.35 | D77: 1 * 24
B78: Total | E78: =SUM(E69:E77) -> 0 | F78: =SUM(F69:F77) -> 0 | G78: =SUM(G69:G77) -> 0 | H78: =SUM(H69:H77) -> 0 | I78: =SUM(I69:I77) -> 0 | J78: =SUM(J69:J77) -> 0 | K78: =SUM(K69:K77) -> 0 | L78: =SUM(L69:L77) -> 0 | ... AQ78: =SUM(AQ69:AQ77) -> 0
B79: All Total | E79: =E67+E78 -> 40 | F79: =F67+F78 -> 560 | G79: =G67+G78 -> 358.4 | H79: =H67+H78 -> 0 | J79: =J67+J78 -> 0 | K79: =K67+K78 -> 60 | L79: =L67+L78 -> 840 | M79: =M67+M78 -> 537.6 | N79: =N67+N78 -> 120 | O79: =O67+O78 -> 1680 | P79: =P67+P78 -> 1075.2 | Q79: =Q67+Q78 -> 200 | ... T79: =T67+T78 -> 0 | V79: =V67+V78 -> 0 | W79: =W67+W78 -> 200 | X79: =X67+X78 -> 2800 | Y79: =Y67+Y78 -> 1792 | Z79: =Z67+Z78 -> 200 | AB79: =AB67+AB78 -> 1792 | AC79: =AC67+AC78 -> 0 | AE79: =AE67+AE78 -> 0 | AF79: =AF67+AF78 -> 200 | AH79: =AH67+AH78 -> 1792 | AI79: =AI67+AI78 -> 0 | AK79: =AK67+AK78 -> 0 | AL79: =AL67+AL78 -> 200 | AN79: =AN67+AN78 -> 1792 | AO79: =AO67+AO78 -> 0 | AQ79: =AQ67+AQ78 -> 0
B83: 2026 - Sales Details MLM (PharPon)
A85: စဉ် | B85: အမျိုးအမည် | C85: Li | D85: Packing | E85: January | H85: February | K85: March | N85: April | Q85: May | T85: June | W85: July | Z85: August | AC85: September | AF85: October | AI85: November | AL85: December | AO85: Tatoal
E86: Pk | F86: BT | G86: Liter | H86: Pk | I86: BT | J86: Liter. | K86: Pk | L86: BT | M86: Liter. | N86: Pk | O86: BT | P86: Liter. | Q86: Pk | R86: BT | S86: Liter. | T86: Pk | U86: BT | V86: Liter. | W86: Pk | X86: BT | Y86: Liter. | Z86: Pk | AA86: BT | AB86: Liter. | AC86: Pk | AD86: BT | AE86: Liter. | AF86: Pk | AG86: BT | AH86: Liter. | AI86: Pk | AJ86: BT | AK86: Liter. | AL86: Pk | AM86: BT | AN86: Liter. | AO86: Pk | AP86: BT | AQ86: Liter.
A87: 1 | B87: "Zay" Vodka 700-ml | C87: 0.7 | D87: 1 * 12 | G87: =F87*C87 -> 0
A88: 2 | G88: =F88*C88 -> 0
A89: 3 | B89: "Zay" Vodka (1 Liter) | C89: 1 | D89: 1 * 12 | G89: =F89*C89 -> 0
A90: 4 | B90: "Zay" (1 Liter) | C90: 1 | D90: 1 * 12 | G90: =F90*C90 -> 0
A91: 5 | B91: "Zay" (0.6 Liter) | G91: =F91*C91 -> 0
A92: 6 | B92: "Zay" (0.35 Liter) | C92: 0.35 | D92: 1 * 40 | G92: =F92*C92 -> 0
A93: 7 | B93: "Zay" Vodka | G93: =F93*C93 -> 0
A94: 8 | B94: "Zay" - 640ml | C94: 0.64 | D94: 1 * 14 | G94: =F94*C94 -> 0
A95: 9 | B95: "Zay" - 640ml | G95: =F95*C95 -> 0
A96: 10 | B96: "Zay" - 640ml | G96: =F96*C96 -> 0
A97: 11 | G97: =F97*C97 -> 0
A98: 12 | B98: Kaung Kyi (1 Liter)_25% | C98: 1 | D98: 1 * 12 | G98: =F98*C98 -> 0
A99: 13 | B99: Kaung Kyi (1 Liter)_40% | G99: =F99*C99 -> 0
A100: 14 | B100: Kaung Kyi (0.6 Liter)_25% | G100: =F100*C100 -> 0
A101: 15 | B101: Kaung Kyi (0.6 Liter)_40% | G101: =F101*C101 -> 0
A102: 16 | B102: Kaung Kyi (0.35 Liter)_25% | G102: =F102*C102 -> 0
A103: 17 | B103: Kaung Kyi ( 0.35 Liter) - 40% | G103: =F103*C103 -> 0
A104: 18 | B104: Kaung Kyi | G104: =F104*C104 -> 0
A105: 19 | B105: Kaung Kyi (40%) | G105: =F105*C105 -> 0
A106: 20 | B106: Kaung Kyi (46%) | G106: =F106*C106 -> 0
A107: 21 | B107: Zayawaddy Red(1 Liter)30% | C107: 1 | D107: 1 * 12 | G107: =F107*C107 -> 0
A108: 22 | B108: Zayawaddy Red(1 Liter)40% | G108: =F108*C108 -> 0
A109: 23 | B109: Zayawaddy Red(0.6 Liter)30% | G109: =F109*C109 -> 0
A110: 24 | B110: Zayawaddy Red(0.6 Liter)40% | G110: =F110*C110 -> 0
A111: 25 | B111: Zayawaddy Red(0.35 Liter)40% | G111: =F111*C111 -> 0
A112: 26 | B112: Zayawaddy Red | G112: =F112*C112 -> 0
...

Sheet 4-Bagoda-3
B1: 2024- Sales Details MLM (မော်လမြိုင်)
A3: စဉ် | B3: အမျိုးအမည် | C3: Li | D3: Packing | E3: January | H3: February | K3: March | N3: April | Q3: May | T3: June | W3: July | Z3: August | AC3: September | AF3: October | AI3: November | AL3: December | AO3: Total
E4: Pk | F4: BT | G4: Liter | H4: Pk | I4: BT | J4: Liter. | K4: Pk | L4: BT | M4: Liter. | N4: Pk | O4: BT | P4: Liter. | Q4: Pk | R4: BT | S4: Liter. | T4: Pk | U4: BT | V4: Liter. | W4: Pk | X4: BT | Y4: Liter. | Z4: Pk | AA4: BT | AB4: Liter. | AC4: Pk | AD4: BT | AE4: Liter. | AF4: Pk | AG4: BT | AH4: Liter. | AI4: Pk | AJ4: BT | AK4: Liter. | AL4: Pk | AM4: BT | AN4: Liter. | AO4: Pk | AP4: BT | AQ4: Liter.
A5: 1 | B5: Zayawaddy Red(1 Liter)30% | C5: 1 | D5: 1 * 12 | G5: =F5*C5 -> 0 | H5: 200 | I5: 2400 | J5: =I5*C5 -> 2400 | K5: 200 | L5: 2400 | M5: =L5*C5 -> 2400 | P5: =O5*C5 -> 0 | S5: =R5*C5 -> 0 | T5: 100 | U5: 1200 | V5: =U5*C5 -> 1200 | AO5: =E5+H5+K5+N5+Q5+T5+W5+Z5+AC5+AF5+AI5+AL5 -> 500 | AP5: =F5+I5+L5+O5+R5+U5+X5+AA5+AD5+AG5+AJ5+AM5 -> 6000 | AQ5: =G5+J5+M5+P5+S5+V5+Y5+AB5+AE5+AH5+AK5+AN5 -> 6000
A6: 2 | B6: Zayawaddy Red | C6: 0.64 | D6: 1 * 14 | G6: =F6*C6 -> 0 | H6: 70 | I6: 980 | J6: =I6*C6 -> 627.2 | M6: =L6*C6 -> 0 | P6: =O6*C6 -> 0 | Q6: 50 | R6: 700 | S6: =R6*C6 -> 448 | V6: =U6*C6 -> 0 | AH6: =AG6*C6 -> 0 | AO6: =E6+H6+K6+N6+Q6+T6+W6+Z6+AC6+AF6+AI6+AL6 -> 120 | AP6: =F6+I6+L6+O6+R6+U6+X6+AA6+AD6+AG6+AJ6+AM6 -> 1680 | AQ6: =G6+J6+M6+P6+S6+V6+Y6+AB6+AE6+AH6+AK6+AN6 -> 1075.2
A7: 3 | B7: Kaung Kyi | C7: 0.64 | D7: 1 * 14 | G7: =F7*C7 -> 0 | H7: 30 | I7: 420 | J7: =I7*C7 -> 268.8 | M7: =L7*C7 -> 0 | P7: =O7*C7 -> 0 | S7: =R7*C7 -> 0 | T7: 100 | U7: 1400 | V7: =U7*C7 -> 896 | AO7: =E7+H7+K7+N7+Q7+T7+W7+Z7+AC7+AF7+AI7+AL7 -> 130 | AP7: =F7+I7+L7+O7+R7+U7+X7+AA7+AD7+AG7+AJ7+AM7 -> 1820 | AQ7: =G7+J7+M7+P7+S7+V7+Y7+AB7+AE7+AH7+AK7+AN7 -> 1164.8
