Workbook
Name a: #REF!
Name aa: #REF!
Name aa: #REF!
Name aa: #REF!
Name aaa: #REF!
Name aaa: #REF!
Name aaa: #REF!
Name aaaaa: #REF!
Name aaaaaaa: #REF!
Name aaaaaaa: #REF!
Name aaaaaaa: #REF!
Name asd: '[1]Market ( Mar) '!#REF!
Name asd: '[1]Market ( Mar) '!#REF!
Name asd: '[1]Market ( Mar) '!#REF!
Name atr: #REF!
Name atr: #REF!
Name atr: #REF!
Name b: #REF!
Name b: #REF!
Name b: #REF!
Name bb: #REF!
Name bb: #REF!
Name bb: #REF!
Name Beg_Bal: #REF!
Name Beg_Bal: #REF!
Name Beg_Bal: #REF!
Name Cash_Cr: #REF!
Name Cash_Cr: #REF!
Name Cash_Cr: #REF!
Name Cash_Dr: #REF!
Name Cash_Dr: #REF!
Name Cash_Dr: #REF!
Name cc: #REF!
Name cc: #REF!
Name cc: #REF!
Name ccc: #REF!
Name ccc: #REF!
Name ccc: #REF!
Name cft: #REF!
Name cft: #REF!
Name cr: #REF!
Name cr: #REF!
Name cr: #REF!
Name crs: #REF!
Name crs: #REF!
Name crs: #REF!
Name cvvvv: #REF!
Name cwer: #REF!
Name cwer: #REF!
Name Data: #REF!
Name Data: #REF!
Name Data: #REF!
Name dd: #REF!
Name dd: #REF!
Name dd: #REF!
Name ddd: #REF!
Name ddd: #REF!
Name ddd: #REF!
Name dddd: OFFSET(Full_Print,0,0,Last_Row)
Name dr: #REF!

Sheet 2025 Follow up sales 
J1: Q1 | M1: Q2 | P1: Q3 | S1: Q4
E2: Standard Norm for O/L Category | J2: January | K2: February | L2: March | M2: April | N2: May | O2: June | P2: July | Q2: August | R2: September | S2: Novermber | T2: Novermber | U2: December
E3: SLAB Carton | F3: Contribution | I3: Category | J3: 275500.13 | K3: 236142.97 | L3: 314857.3 | M3: 354214.46 | N3: 354214.46 | O3: 354214.46 | P3: 354214.46 | Q3: 393571.62 | R3: 314857.3 | S3: 393571.62 | T3: 275500.13 | U3: 314857.3
F4: 0.66 | I4: WS | J4: =J3*F4 -> 181830.09 | K4: =K3*F4 -> 155854.36 | L4: =L3*F4 -> 207805.82
F5: 0.29 | I5: SWS | J5: =J3*F5 -> 79895.039 | K5: =K3*F5 -> 68481.462 | L5: =L3*F5 -> 91308.616
F6: 0.03 | I6: Mini | J6: =J3*F6 -> 8265.004 | K6: =F6*K3 -> 7084.2892 | L6: =L3*F6 -> 9445.7189
F7: 0.02 | I7: Van | J7: =J3*F7 -> 5510.0027 | K7: =K3*F7 -> 4722.8594 | L7: =L3*F7 -> 6297.1459
F8: =SUM(F4:F7) -> 1 | I8: Total Sales | J8: =SUM(J4:J7) -> 275500.13 | K8: =SUM(K4:K7) -> 236142.97 | L8: =SUM(L4:L7) -> 314857.3
I9: Ach %
I12: Quarter 1
B13: Wholesales Follow Up - (MLM) | I13: Jan'25 | O13: 45713 | U13: 45741 | AA13: Q1 Total
I14: =J3*F4 -> 181830.09 | K14: 10 | L14: 20 | M14: 30 | N14: Ach % | O14: =K3*F4 -> 155854.36 | Q14: 10 | R14: 20 | S14: 30 | T14: Ach % | U14: =L3*F4 -> 207805.82 | W14: 10 | X14: 20 | Y14: 30 | Z14: Ach % | AA14: Target | AB14: Sales | AC14: Ach %
A15: Sr No. | B15: Customer Name | D15: Area | F15: Outlet Type | G15: Cons% | H15: Resp by | I15: PKT | J15: Bottle | K15: Bottle | L15: Bottle | M15: Bottle | O15: PKT | P15: Bottle | Q15: Bottle | R15: Bottle | S15: Bottle | U15: PKT | V15: Bottle | W15: Bottle | X15: Bottle | Y15: Bottle | AA15: Bottle | AB15: Bottle
A16: 1 | B16: ကျော်စတား | C16: Kyaw Star | D16: ရေးမြို့ | E16: Yaye | F16: WS | G16: 0.31729809 | I16: =J16/14 -> 4121.0242 | J16: =I14*G16 -> 57694.339 | O16: =P16/14 -> 3532.3065 | P16: =G16*O14 -> 49452.291 | U16: =V16/14 -> 4709.742 | V16: =G16*U14 -> 65936.387
A17: 2 | B17: ဒေါ်နွယ်နွယ်ရီ(ရွှေတောင်ကြား) | C17: Daw New New Yi | D17: ရေးမြို့ | E17: Yayae | F17: WS | G17: 0.26991484 | I17: =J17/14 -> 3505.6171 | J17: =I14*G17 -> 49078.64 | O17: =P17/14 -> 3004.8147 | P17: =G17*O14 -> 42067.405 | U17: =V17/14 -> 4006.4196 | V17: =G17*U14 -> 56089.874
A18: 3 | B18: ပြည့်လျှံ | C18: Pyae Hlan | D18: မော်လမြိုင် | E18: Mawlamyaing | F18: WS | G18: 0.07466018 | I18: =J18/14 -> 969.67622 | J18: =I14*G18 -> 13575.467 | O18: =P18/14 -> 831.15105 | P18: =G18*O14 -> 11636.115 | U18: =V18/14 -> 1108.2014 | V18: =G18*U14 -> 15514.82
A19: 4 | B19: ဦးမင်းလွင်(ထင်းပုံ) | C19: U Min Lwin | D19: မော်လမြိုင် | E19: Mawlamyaing | F19: WS | G19: 0.058876304 | I19: =J19/14 -> 764.6774 | J19: =I14*G19 -> 10705.484 | O19: =P19/14 -> 655.43777 | P19: =G19*O14 -> 9176.1288 | U19: =V19/14 -> 873.91703 | V19: =G19*U14 -> 12234.838
A20: 5 | B20: ရွှေပင်လယ် | C20: Ma Wint War Htike | D20: ရေးမြို့ | E20: Yaye | F20: WS | G20: 0.044488976 | I20: =J20/14 -> 577.81674 | J20: =I14*G20 -> 8089.4344 | O20: =P20/14 -> 495.27149 | P20: =G20*O14 -> 6933.8009 | U20: =V20/14 -> 660.36199 | V20: =G20*U14 -> 9245.0679
A21: 6 | B21: ဒေါ်ထွန်းမေ | C21: Daw Htun May | D21: မော်လမြိုင် | E21: Mawlamyaing | F21: WS | G21: 0.043770829 | I21: =J21/14 -> 568.48955 | J21: =I14*G21 -> 7958.8537 | O21: =P21/14 -> 487.27676 | P21: =G21*O14 -> 6821.8746 | U21: =V21/14 -> 649.70234 | V21: =G21*U14 -> 9095.8328
A22: 7 | B22: ကိုထွန်းနိုင် | C22: Ko Htun Naing | D22: ရေးမြို့ | E22: Yaye | F22: WS | G22: 0.039177399 | I22: =J22/14 -> 508.8307 | J22: =I14*G22 -> 7123.6299 | O22: =P22/14 -> 436.1406 | P22: =G22*O14 -> 6105.9684 | U22: =V22/14 -> 581.5208 | V22: =G22*U14 -> 8141.2913
A23: 8 | B23: ကိုမျိုးအောင် | C23: Ko Myo Aung | D23: မော်လမြိုင် | E23: Mawlamyaing | F23: WS | G23: 0.036802383 | I23: =J23/14 -> 477.98432 | J23: =I14*G23 -> 6691.7805 | O23: =P23/14 -> 409.70085 | P23: =G23*O14 -> 5735.8119 | U23: =V23/14 -> 546.2678 | V23: =G23*U14 -> 7647.7492
A24: 9 | B24: ကိုမောင်+မသူဇာ | C24: Ko Mg+Ma Thu Zar | D24: ရေးမြို့ | E24: Yayae | F24: WS | G24: 0.032185629 | I24: =J24/14 -> 418.02255 | J24: =I14*G24 -> 5852.3157 | O24: =P24/14 -> 358.30504 | P24: =G24*O14 -> 5016.2706 | U24: =V24/14 -> 477.74006 | V24: =G24*U14 -> 6688.3608
A25: 10 | B25: ကိုညီညီဆွေ | C25: Ko Nyi Nyi Swe-1 | D25: မော်လမြိုင် | E25: Mawlamyaing | F25: WS | G25: 0.032013996 | I25: =J25/14 -> 415.79341 | J25: =I14*G25 -> 5821.1077 | O25: =P25/14 -> 356.39435 | P25: =G25*O14 -> 4989.5209 | U25: =V25/14 -> 475.19247 | V25: =G25*U14 -> 6652.6945
A26: 11 | B26: မိုးဆန်းချာလီ | C26: Moe San Char Li | D26: ကျိုက်ထိုမြို့ | E26: Kyaikto | F26: WS | G26: 0.02863464 | I26: =J26/14 -> 371.9028 | J26: =I14*G26 -> 5206.6392 | O26: =P26/14 -> 318.77383 | P26: =G26*O14 -> 4462.8336 | U26: =V26/14 -> 425.03177 | V26: =G26*U14 -> 5950.4448
A27: 12 | B27: ကိုထိုက်စိုး | C27: Ko Htike Soe | D27: ရေးမြို့ | E27: Yaye | F27: WS | G27: 0.022176738 | I27: =J27/14 -> 288.02845 | J27: =I14*G27 -> 4032.3983 | O27: =P27/14 -> 246.88153 | P27: =G27*O14 -> 3456.3414 | U27: =V27/14 -> 329.17537 | V27: =G27*U14 -> 4608.4552
B29: Total Wholesales ( 12) | I29: =SUM(I16:I28) -> 12987.863 | J29: =SUM(J16:J28) -> 181830.09 | O29: =SUM(O16:O28) -> 11132.454 | P29: =SUM(P16:P28) -> 155854.36 | U29: =SUM(U16:U28) -> 14843.273 | V29: =SUM(V16:V28) -> 207805.82 | AA29: =SUM(AA28:AA28) -> 0
I31: Quarter 1
B32: Semi Wholesales Follow Up - (MLM) | I32: Jan'25 | O32: 45713 | U32: 45741 | AA32: Q1 Total
I33: =J3*F5 -> 79895.039 | K33: 10 | L33: 20 | M33: 30 | N33: Ach % | O33: =K3*F5 -> 68481.462 | Q33: 10 | R33: 20 | S33: 30 | T33: Ach % | U33: =J3*F5 -> 79895.039 | W33: 10 | X33: 20 | Y33: 30 | Z33: Ach % | AA33: Target | AB33: Sales | AC33: Ach %
A34: Sr No. | B34: Customer Name | D34: Area | F34: Outlet Type | G34: Cons% | H34: Resp by | I34: PKT | J34: Bottle | K34: Bottle | L34: Bottle | M34: Bottle | O34: PKT | P34: Bottle | Q34: Bottle | R34: Bottle | S34: Bottle | U34: PKT | V34: Bottle | W34: Bottle | X34: Bottle | Y34: Bottle | AA34: Bottle | AB34: Bottle
A35: 1 | B35: ကိုနေနိုင် | C35: Ko Nay Naing | D35: ပေါင် | F35: Semi WS | G35: 0.0065071101 | I35: =J35/14 -> 37.134701 | J35: =G35*I33 -> 519.88581 | O35: =P35/14 -> 31.829744 | P35: =G35*O33 -> 445.61641 | U35: =V35/14 -> 37.134701 | V35: =G35*U33 -> 519.88581
A36: 2 | B36: ဒေါ်မိစိန် | C36: Daw Mi Sein | D36: ရေးမြို့ | F36: Semi WS | G36: 0.079492931 | I36: =J36/14 -> 453.64934 | J36: =G36*I33 -> 6351.0908 | O36: =P36/14 -> 388.8423 | P36: =G36*O33 -> 5443.7921 | U36: =V36/14 -> 453.64934 | V36: =G36*U33 -> 6351.0908
A37: 3 | B37: 3 Brother | C37: 3 Brother | D37: ရေးမြို့ | F37: Semi WS | G37: 0.050603996 | I37: =J37/14 -> 288.78631 | J37: =G37*I33 -> 4043.0083 | O37: =P37/14 -> 247.53112 | P37: =G37*O33 -> 3465.4357 | U37: =V37/14 -> 288.78631 | V37: =G37*U33 -> 4043.0083
A38: 4 | B38: ကိုဇော်လင်းမြတ် | C38: Ko Zaw Lin Myat | D38: ရေးမြို့ | F38: Semi WS | G38: 0.037453954 | I38: =J38/14 -> 213.7418 | J38: =G38*I33 -> 2992.3851 | O38: =P38/14 -> 183.20725 | P38: =G38*O33 -> 2564.9015 | U38: =V38/14 -> 213.7418 | V38: =G38*U33 -> 2992.3851
A39: 5 | B39: ကိုရှမ်း | C39: Ko Shan | D39: ရေးမြို့ | F39: Semi WS | G39: 0.029901426 | I39: =J39/14 -> 170.64111 | J39: =G39*I33 -> 2388.9756 | O39: =P39/14 -> 146.26381 | P39: =G39*O33 -> 2047.6934 | U39: =V39/14 -> 170.64111 | V39: =G39*U33 -> 2388.9756
A40: 6 | B40: မမော် | C40: Ma Maw | D40: ဘားအံ | F40: Semi WS | G40: 0.023785319 | I40: =J40/14 -> 135.73778 | J40: =G40*I33 -> 1900.329 | O40: =P40/14 -> 116.34667 | P40: =G40*O33 -> 1628.8534 | U40: =V40/14 -> 135.73778 | V40: =G40*U33 -> 1900.329
A41: 7 | B41: A1 | C41: A-1 | D41: မော်လမြိုင် | F41: Semi WS | G41: 0.021945548 | I41: =J41/14 -> 125.2386 | J41: =G41*I33 -> 1753.3404 | O41: =P41/14 -> 107.34737 | P41: =G41*O33 -> 1502.8632 | U41: =V41/14 -> 125.2386 | V41: =G41*U33 -> 1753.3404
A42: 8 | B42: မသီတာ၀င်း | C42: Ma Thida Win | D42: မုဒုံမြို့ | F42: Semi WS | G42: 0.020167514 | I42: =J42/14 -> 115.09174 | J42: =G42*I33 -> 1611.2843 | O42: =P42/14 -> 98.650059 | P42: =G42*O33 -> 1381.1008 | U42: =V42/14 -> 115.09174 | V42: =G42*U33 -> 1611.2843
A43: 9 | B43: Thailand | C43: Thailand | D43: မုဒုံမြို့ | F43: Semi WS | G43: 0.015125635 | I43: =J43/14 -> 86.318802 | J43: =G43*I33 -> 1208.4632 | O43: =P43/14 -> 73.987545 | P43: =G43*O33 -> 1035.8256 | U43: =V43/14 -> 86.318802 | V43: =G43*U33 -> 1208.4632
A44: 10 | B44: ကိုရန်နိုင်ဦး | C44: Ko Yan Naing Oo | D44: ဘားအံ | F44: Semi WS | G44: 0.014961003 | I44: =J44/14 -> 85.379278 | J44: =G44*I33 -> 1195.3099 | O44: =P44/14 -> 73.182238 | P44: =G44*O33 -> 1024.5513 | U44: =V44/14 -> 85.379278 | V44: =G44*U33 -> 1195.3099
A45: 11 | B45: မသန္တာ | C45: Ma Thantar | D45: မော်လမြိုင် | F45: Semi WS | G45: 0.012765213 | I45: =J45/14 -> 72.848371 | J45: =G45*I33 -> 1019.8772 | O45: =P45/14 -> 62.441461 | P45: =G45*O33 -> 874.18046 | U45: =V45/14 -> 72.848371 | V45: =G45*U33 -> 1019.8772
A46: 12 | B46: KP | C46: KP | D46: မော်လမြိုင် | F46: Semi WS | G46: 0.012388616 | I46: =J46/14 -> 70.699209 | J46: =G46*I33 -> 989.78893 | O46: =P46/14 -> 60.599322 | P46: =G46*O33 -> 848.39051 | U46: =V46/14 -> 70.699209 | V46: =G46*U33 -> 989.78893
A47: 13 | B47: ဆေးသစ္စာ | C47: Say Thitsar | D47: မော်လမြိုင် | F47: Semi WS | G47: 0.012244562 | I47: =J47/14 -> 69.877125 | J47: =G47*I33 -> 978.27976 | O47: =P47/14 -> 59.894679 | P47: =G47*O33 -> 838.52551 | U47: =V47/14 -> 69.877125 | V47: =G47*U33 -> 978.27976
A48: 14 | B48: မ‌ေ၀-၂ | C48: Ma Wai-2 | D48: မုဒုံမြို့ | F48: Semi WS | G48: 0.011740374 | I48: =J48/14 -> 66.999832 | J48: =G48*I33 -> 937.99765 | O48: =P48/14 -> 57.428427 | P48: =G48*O33 -> 803.99798 | U48: =V48/14 -> 66.999832 | V48: =G48*U33 -> 937.99765
A49: 15 | B49: ငွေလှိုင်းသံ | C49: Ngwe Hlaing Than | D49: ချောင်းဆုံမြို့ | F49: Semi WS | G49: 0.010991295 | I49: =J49/14 -> 62.724996 | J49: =G49*I33 -> 878.14995 | O49: =P49/14 -> 53.764282 | P49: =G49*O33 -> 752.69995 | U49: =V49/14 -> 62.724996 | V49: =G49*U33 -> 878.14995
A50: 16 | B50: ဒေါ်စိန်ယုံ | C50: Daw Sein Yone | D50: မုဒုံမြို့ | F50: Semi WS | G50: 0.010804025 | I50: =J50/14 -> 61.656287 | J50: =G50*I33 -> 863.18802 | O50: =P50/14 -> 52.848246 | P50: =G50*O33 -> 739.87545 | U50: =V50/14 -> 61.656287 | V50: =G50*U33 -> 863.18802
A51: 17 | B51: မိုးဆန်း | C51: Moe San | D51: မုဒုံမြို့ | F51: Semi WS | G51: 0.010443891 | I51: =J51/14 -> 59.601078 | J51: =G51*I33 -> 834.41509 | O51: =P51/14 -> 51.086638 | P51: =G51*O33 -> 715.21293 | U51: =V51/14 -> 59.601078 | V51: =G51*U33 -> 834.41509
A52: 18 | B52: ဒေါ်ဌေး | C52: Daw Htay | D52: ကျိုက်ထိုမြို့ | F52: Semi WS | G52: 0.0089004589 | I52: =J52/14 -> 50.793037 | J52: =G52*I33 -> 711.10251 | O52: =P52/14 -> 43.536888 | P52: =G52*O33 -> 609.51644 | U52: =V52/14 -> 50.793037 | V52: =G52*U33 -> 711.10251
A53: 19 | B53: ကိုမောင်ဦး | C53: Ko Mg Oo | D53: မော်လမြိုင် | F53: Semi WS | G53: 0.0074269957 | I53: =J53/14 -> 42.384293 | J53: =G53*I33 -> 593.38011 | O53: =P53/14 -> 36.329394 | P53: =G53*O33 -> 508.61152 | U53: =V53/14 -> 42.384293 | V53: =G53*U33 -> 593.38011
A54: 20 | B54: မွန်လေး | C54: Mon Lay | D54: မော်လမြိုင် | F54: Semi WS | G54: 0.0071821044 | I54: =J54/14 -> 40.986751 | J54: =G54*I33 -> 573.81451 | O54: =P54/14 -> 35.131501 | P54: =G54*O33 -> 491.84101 | U54: =V54/14 -> 40.986751 | V54: =G54*U33 -> 573.81451
A55: 21 | B55: မ‌‌ေ | C55: Ma Wai | D55: မုဒုံမြို့ | F55: Semi WS | G55: 0.0068569547 | I55: =J55/14 -> 39.13119 | J55: =G55*I33 -> 547.83666 | O55: =P55/14 -> 33.54102 | P55: =G55*O33 -> 469.57428 | U55: =V55/14 -> 39.13119 | V55: =G55*U33 -> 547.83666
A56: 22 | B56: ကံ့ကော်စတိုး | C56: Kankaw | D56: ရေးမြို့ | F56: Semi WS | G56: 0.0041981355 | I56: =J56/14 -> 23.957872 | J56: =G56*I33 -> 335.4102 | O56: =P56/14 -> 20.535318 | P56: =G56*O33 -> 287.49446 | U56: =V56/14 -> 23.957872 | V56: =G56*U33 -> 335.4102
A57: 23 | B57: ကိုဘာဘူ | C57: Ko Bar Buu | D57: ဘားအံ | F57: Semi WS | G57: 0.036231556 | I57: =J57/14 -> 206.76583 | J57: =G57*I33 -> 2894.7216 | O57: =P57/14 -> 177.22785 | P57: =G57*O33 -> 2481.1899 | U57: =V57/14 -> 206.76583 | V57: =G57*U33 -> 2894.7216
A58: 24 | B58: ၀င်းအောင်ရွှေ | C58: Win Aaung Shwe | D58: ဘားအံ | F58: Semi WS | G58: 0.028679028 | I58: =J58/14 -> 163.66515 | J58: =G58*I33 -> 2291.312 | O58: =P58/14 -> 140.28441 | P58: =G58*O33 -> 1963.9818 | U58: =V58/14 -> 163.66515 | V58: =G58*U33 -> 2291.312
A59: 25 | B59: ဦးအေးမြင့် | C59: U Aye Myint | D59: ကျိုက်ထိုမြို့ | F59: Semi WS | G59: 0.035107937 | I59: =J59/14 -> 200.35357 | J59: =G59*I33 -> 2804.95 | O59: =P59/14 -> 171.73163 | P59: =G59*O33 -> 2404.2429 | U59: =V59/14 -> 200.35357 | V59: =G59*U33 -> 2804.95
A60: 26 | B60: တော်၀င် | C60: Taw Win | D60: ဘီးလင်းမြို့ | F60: Semi WS | G60: 0.028372399 | I60: =J60/14 -> 161.91528 | J60: =G60*I33 -> 2266.8139 | O60: =P60/14 -> 138.78453 | P60: =G60*O33 -> 1942.9834 | U60: =V60/14 -> 161.91528 | V60: =G60*U33 -> 2266.8139
A61: 27 | B61: မ‌ချော | C61: Ma Chaw | D61: ရေးမြို့ | F61: Semi WS | G61: 0.027575988 | I61: =J61/14 -> 157.37033 | J61: =G61*I33 -> 2203.1847 | O61: =P61/14 -> 134.88886 | P61: =G61*O33 -> 1888.444 | U61: =V61/14 -> 157.37033 | V61: =G61*U33 -> 2203.1847
A62: 28 | B62: ဦးပြည်အေး | C62: U Pyi Aye | D62: ပေါင်မြို့ | F62: Semi WS | G62: 0.027205565 | I62: =J62/14 -> 155.2564 | J62: =G62*I33 -> 2173.5896 | O62: =P62/14 -> 133.07692 | P62: =G62*O33 -> 1863.0768 | U62: =V62/14 -> 155.2564 | V62: =G62*U33 -> 2173.5896
A63: 29 | B63: ဝါးအိမ် | C63: War Eain | D63: ကျိုက်ထိုမြို့ | F63: Semi WS | G63: 0.027040932 | I63: =J63/14 -> 154.31688 | J63: =G63*I33 -> 2160.4363 | O63: =P63/14 -> 132.27161 | P63: =G63*O33 -> 1851.8025 | U63: =V63/14 -> 154.31688 | V63: =G63*U33 -> 2160.4363
A64: 30 | B64: စိတ်တိုင်းကျ | C64: Sate Tine Kya | D64: ဘားအံ | F64: Semi WS | G64: 0.026785751 | I64: =J64/14 -> 152.86062 | J64: =G64*I33 -> 2140.0486 | O64: =P64/14 -> 131.02339 | P64: =G64*O33 -> 1834.3274 | U64: =V64/14 -> 152.86062 | V64: =G64*U33 -> 2140.0486
A65: 31 | B65: ကိုကျော်နိုင်စိုး | C65: Ko Kyaw Naing Soe | D65: ရေးမြို့ | F65: Semi WS | G65: 0.026588192 | I65: =J65/14 -> 151.73319 | J65: =G65*I33 -> 2124.2646 | O65: =P65/14 -> 130.05702 | P65: =G65*O33 -> 1820.7982 | U65: =V65/14 -> 151.73319 | V65: =G65*U33 -> 2124.2646
A66: 32 | B66: လင်းသစ် | C66: Lin Thit | D66: ရေးမြို့ | F66: Semi WS | G66: 0.048912395 | I66: =J66/14 -> 279.13269 | J66: =G66*I33 -> 3907.8577 | O66: =P66/14 -> 239.25659 | P66: =G66*O33 -> 3349.5923 | U66: =V66/14 -> 279.13269 | V66: =G66*U33 -> 3907.8577
A67: 33 | B67: ကိုမြခက် | C67: Ko Mya Khat | D67: ရေးမြို့ | F67: Semi WS | G67: 0.043072047 | I67: =J67/14 -> 245.80306 | J67: =G67*I33 -> 3441.2429 | O67: =P67/14 -> 210.68834 | P67: =G67*O33 -> 2949.6368 | U67: =V67/14 -> 245.80306 | V67: =G67*U33 -> 3441.2429
A68: 34 | B68: ဒေါ်မွှေး | C68: Daw Mwe | D68: ဖာပွန်မြို့ | F68: Semi WS | G68: 0.023147367 | I68: =J68/14 -> 132.09713 | J68: =G68*I33 -> 1849.3598 | O68: =P68/14 -> 113.22611 | P68: =G68*O33 -> 1585.1655 | U68: =V68/14 -> 132.09713 | V68: =G68*U33 -> 1849.3598
A69: 35 | B69: ကိုအောင်နိုင်ဦး | C69: Ko Aung Naing Oo | D69: မုဒုံမြို့ | F69: Semi WS | G69: 0.020167514 | I69: =J69/14 -> 115.09174 | J69: =G69*I33 -> 1611.2843 | O69: =P69/14 -> 98.650059 | P69: =G69*O33 -> 1381.1008 | U69: =V69/14 -> 115.09174 | V69: =G69*U33 -> 1611.2843
A70: 36 | B70: ဒေါ်စိန် | C70: Daw Sein | D70: ကျိုက်ထိုမြို့ | F70: Semi WS | G70: 0.017574548 | I70: =J70/14 -> 100.29423 | J70: =G70*I33 -> 1404.1192 | O70: =P70/14 -> 85.96648 | P70: =G70*O33 -> 1203.5307 | U70: =V70/14 -> 100.29423 | V70: =G70*U33 -> 1404.1192
A71: 37 | B71: မစန္ဒာ | C71: Ma Sandar | D71: ဘားအံ | F71: Semi WS | G71: 0.016679357 | I71: =J71/14 -> 95.185563 | J71: =G71*I33 -> 1332.5979 | O71: =P71/14 -> 81.587626 | P71: =G71*O33 -> 1142.2268 | U71: =V71/14 -> 95.185563 | V71: =G71*U33 -> 1332.5979
A72: 38 | B72: ရဲညွှန့်အောင် | C72: Ye Nwint Aung | D72: ကျိုက်ထိုမြို့ | F72: Semi WS | G72: 0.012759039 | I72: =J72/14 -> 72.813139 | J72: =G72*I33 -> 1019.3839 | O72: =P72/14 -> 62.411262 | P72: =G72*O33 -> 873.75767 | U72: =V72/14 -> 72.813139 | V72: =G72*U33 -> 1019.3839
A73: 39 | B73: ဦးလှ၀င်း | C73: U Hla Win | D73: ဘားအံ | F73: Semi WS | G73: 0.0099602823 | I73: =J73/14 -> 56.841225 | J73: =G73*I33 -> 795.77715 | O73: =P73/14 -> 48.72105 | P73: =G73*O33 -> 682.0947 | U73: =V73/14 -> 56.841225 | V73: =G73*U33 -> 795.77715
A74: 40 | B74: ဒေါ်မြစိန် | C74: Daw Mya Sein | D74: ဘုရားသုံးဆူမြို့ | F74: Semi WS | G74: 0.0087461157 | I74: =J74/14 -> 49.912232 | J74: =G74*I33 -> 698.77125 | O74: =P74/14 -> 42.781914 | P74: =G74*O33 -> 598.94679 | U74: =V74/14 -> 49.912232 | V74: =G74*U33 -> 698.77125
A75: 41 | B75: နန်းသဇင် | C75: Nan Thazin | D75: မော်လမြိုင် | F75: Semi WS | G75: 0.0086432202 | I75: =J75/14 -> 49.32503 | J75: =G75*I33 -> 690.55042 | O75: =P75/14 -> 42.278597 | P75: =G75*O33 -> 591.90036 | U75: =V75/14 -> 49.32503 | V75: =G75*U33 -> 690.55042
A76: 42 | B76: ကိုကျော်စိုး (နံ့သာ) | C76: Ko Kyaw Soe | D76: သထုံမြို့ | F76: Semi WS | G76: 0.0079229519 | I76: =J76/14 -> 45.214611 | J76: =G76*I33 -> 633.00455 | O76: =P76/14 -> 38.755381 | P76: =G76*O33 -> 542.57533 | U76: =V76/14 -> 45.214611 | V76: =G76*U33 -> 633.00455
A77: 43 | B77: မ‌ကေကေ | C77: Ma Kay Kay | D77: ဘီးလင်းမြို့ | F77: Semi WS | G77: 0.0074702118 | I77: =J77/14 -> 42.630919 | J77: =G77*I33 -> 596.83286 | O77: =P77/14 -> 36.540787 | P77: =G77*O33 -> 511.57102 | U77: =V77/14 -> 42.630919 | V77: =G77*U33 -> 596.83286
A78: 44 | B78: ချာလီ | C78: Moe San Char Li | D78: ကျိုက်ထိုမြို့ | F78: Semi WS | G78: 0.0074084745 | I78: =J78/14 -> 42.278597 | J78: =G78*I33 -> 591.90036 | O78: =P78/14 -> 36.238797 | P78: =G78*O33 -> 507.34316 | U78: =V78/14 -> 42.278597 | V78: =G78*U33 -> 591.90036
A79: 45 | B79: ဦးမြင့်ကြည် | C79: U Myint Kyi | D79: ဘီးလင်းမြို့ | F79: Semi WS | G79: 0.0064824152 | I79: =J79/14 -> 36.993772 | J79: =G79*I33 -> 517.91281 | O79: =P79/14 -> 31.708948 | P79: =G79*O33 -> 443.92527 | U79: =V79/14 -> 36.993772 | V79: =G79*U33 -> 517.91281
A80: 46 | B80: ဦးစိုး၀င်း | C80: Oo Soe Win | D80: ဘီးလင်းမြို့ | F80: Semi WS | G80: 0.0061943078 | I80: =J80/14 -> 35.349605 | J80: =G80*I33 -> 494.89446 | O80: =P80/14 -> 30.299661 | P80: =G80*O33 -> 424.19526 | U80: =V80/14 -> 35.349605 | V80: =G80*U33 -> 494.89446
A81: 47 | B81: လပြည့် | C81: La Pyae | D81: သထုံမြို့ | F81: Semi WS | G81: 0.0058362316 | I81: =J81/14 -> 33.306139 | J81: =G81*I33 -> 466.28595 | O81: =P81/14 -> 28.548119 | P81: =G81*O33 -> 399.67367 | U81: =V81/14 -> 33.306139 | V81: =G81*U33 -> 466.28595
A82: 48 | B82: ဒေါ်ကော | C82: Daw Kaw | D82: ပေါင်မြို့ | F82: Semi WS | G82: 0.0055501821 | I82: =J82/14 -> 31.673716 | J82: =G82*I33 -> 443.43202 | O82: =P82/14 -> 27.148899 | P82: =G82*O33 -> 380.08459 | U82: =V82/14 -> 31.673716 | V82: =G82*U33 -> 443.43202
A83: 49 | B83: ဦး၀င်းမြင့် | C83: Oo Win Myint | D83: မော်လမြိုင် | F83: Semi WS | G83: 0.0046097174 | I83: =J83/14 -> 26.306683 | J83: =G83*I33 -> 368.29356 | O83: =P83/14 -> 22.548585 | P83: =G83*O33 -> 315.68019 | U83: =V83/14 -> 26.306683 | V83: =G83*U33 -> 368.29356
A84: 50 | B84: ရောင်ခြည်ဦး | C84: Yaung Chi OO | D84: ကျိုက်ထိုမြို့ | F84: Semi WS | G84: 0.0045685593 | I84: =J84/14 -> 26.071801 | J84: =G84*I33 -> 365.00522 | O84: =P84/14 -> 22.347258 | P84: =G84*O33 -> 312.86162 | U84: =V84/14 -> 26.071801 | V84: =G84*U33 -> 365.00522
A85: 51 | B85: ရွှေလ၀န်း (၀င်း) | C85: Shwe La Woon | D85: ဖာပွန်မြို့ | F85: Semi WS | G85: 0.0018726977 | I85: =J85/14 -> 10.68709 | J85: =G85*I33 -> 149.61926 | O85: =P85/14 -> 9.1603627 | P85: =G85*O33 -> 128.24508 | U85: =V85/14 -> 10.68709 | V85: =G85*U33 -> 149.61926
A86: 52 | B86: ကိုမွန်လေး | C86: Ko Mon Lay | D86: ရေးမြို့ | F86: Semi WS | G86: 0.017595127 | I86: =J86/14 -> 100.41167 | J86: =G86*I33 -> 1405.7633 | O86: =P86/14 -> 86.067144 | P86: =G86*O33 -> 1204.94 | U86: =V86/14 -> 100.41167 | V86: =G86*U33 -> 1405.7633
A87: 53 | B87: ကိုစိုးနိုင် | C87: Ko Soe Naing | D87: ပေါင် | F87: Semi WS | G87: 0.0071615253 | I87: =J87/14 -> 40.86931 | J87: =G87*I33 -> 572.17034 | O87: =P87/14 -> 35.030837 | P87: =G87*O33 -> 490.43172 | U87: =V87/14 -> 40.86931 | V87: =G87*U33 -> 572.17034
A88: 54 | B88: မစန္ဒာမိုး | C88: Ma Sandar Moe | D88: ဘီးလင်းမြို့ | F88: Semi WS | G88: 0.001728644 | I88: =J88/14 -> 9.8650059 | J88: =G88*I33 -> 138.11008 | O88: =P88/14 -> 8.4557194 | P88: =G88*O33 -> 118.38007 | U88: =V88/14 -> 9.8650059 | V88: =G88*U33 -> 138.11008
A89: 55 | B89: ကိုကျော်ရွှေ | C89: Ko Kyaw Shwe | D89: မုဒုံမြို့ | F89: Semi WS | G89: 0.026462659 | I89: =J89/14 -> 151.0168 | J89: =G89*I33 -> 2114.2352 | O89: =P89/14 -> 129.44297 | P89: =G89*O33 -> 1812.2016 | U89: =V89/14 -> 151.0168 | V89: =G89*U33 -> 2114.2352
B91: Total Semi Wholesales (55) | I91: =SUM(I35:I90) -> 5706.7885 | J91: =SUM(J35:J90) -> 79895.039 | O91: =SUM(O35:O90) -> 4891.533 | P91: =SUM(P35:P90) -> 68481.462 | U91: =SUM(U35:U90) -> 5706.7885 | V91: =SUM(V35:V90) -> 79895.039 | AA91: =V91+P91+J91 -> 228271.54
I94: Quarter 1
B95: Mini Follow Up - (MLM) | I95: Jan'25 | O95: 45713 | U95: 45741 | AA95: Q1 Total
I96: =J3*3% -> 8265.004 | K96: 10 | L96: 20 | M96: 30 | N96: Ach % | O96: =K3*6% -> 14168.578 | Q96: 10 | R96: 20 | S96: 30 | T96: Ach % | U96: =L3*6% -> 18891.438 | W96: 10 | X96: 20 | Y96: 30 | Z96: Ach % | AA96: Target | AB96: Sales | AC96: Ach %
A97: Sr No. | B97: Van | C97: ASM | D97: Area | E97: Total Outlet | F97: Frequancy | G97: Cons% | H97: Resp by | I97: PKT | J97: Bottle | K97: Bottle | L97: Bottle | M97: Bottle | O97: PKT | P97: Bottle | Q97: Bottle | R97: Bottle | S97: Bottle | U97: PKT | V97: Bottle | W97: Bottle | X97: Bottle | Y97: Bottle | AA97: Bottle | AB97: Bottle
A98: 1 | B98: ဖြိုး‌‌ေစံ | C98: Phyo Wai San | D98: မော်လမြိုင် | F98: Mini WS | G98: 0.044563413 | I98: =J98/14 -> 26.308342 | J98: =G98*I96 -> 368.31679 | O98: =P98/14 -> 45.100015 | P98: =G98*O96 -> 631.40021 | U98: =V98/14 -> 60.133353 | V98: =G98*U96 -> 841.86694
A99: 2 | B99: Ever First | C99: Ever First | D99: မော်လမြိုင် | F99: Mini WS | G99: 0.036579679 | I99: =J99/14 -> 21.595085 | J99: =G99*I96 -> 302.33119 | O99: =P99/14 -> 37.020146 | P99: =G99*O96 -> 518.28204 | U99: =V99/14 -> 49.360195 | V99: =G99*U96 -> 691.04273
A100: 3 | B100: ကိုပိန် | C100: Ko Peain | D100: မော်လမြိုင် | F100: Mini WS | G100: 0.035814882 | I100: =J100/14 -> 21.143582 | J100: =G100*I96 -> 296.01014 | O100: =P100/14 -> 36.24614 | P100: =G100*O96 -> 507.44596 | U100: =V100/14 -> 48.328187 | V100: =G100*U96 -> 676.59461
A101: 4 | B101: စိမ်းလဲ့ကန်သာ | C101: Sein Lae Kan Thar | D101: ချောင်းဆုံမြို့ | F101: Mini WS | G101: 0.032643773 | I101: =J101/14 -> 19.271494 | J101: =G101*I96 -> 269.80091 | O101: =P101/14 -> 33.036846 | P101: =G101*O96 -> 462.51585 | U101: =V101/14 -> 44.049128 | V101: =G101*U96 -> 616.6878
A102: 5 | B102: ကောင်းထက်လျှံ | C102: Kaung Htet Hlan | D102: မော်လမြိုင် | F102: Mini WS | G102: 0.029342088 | I102: =J102/14 -> 17.32232 | J102: =G102*I96 -> 242.51248 | O102: =P102/14 -> 29.695405 | P102: =G102*O96 -> 415.73567 | U102: =V102/14 -> 39.593874 | V102: =G102*U96 -> 554.31423
A103: 6 | B103: ယမုံနာ | C103: Wa Mone Nar | D103: မော်လမြိုင် | F103: Mini WS | G103: 0.024715999 | I103: =J103/14 -> 14.591274 | J103: =G103*I96 -> 204.27783 | O103: =P103/14 -> 25.013612 | P103: =G103*O96 -> 350.19057 | U103: =V103/14 -> 33.351483 | V103: =G103*U96 -> 466.92076
A104: 7 | B104: ဒေါ်ချိုချို၀င်း | C104: Daw Cho Cho Win | D104: ချောင်းဆုံမြို့ | F104: Mini WS | G104: 0.024063124 | I104: =J104/14 -> 14.205844 | J104: =G104*I96 -> 198.88181 | O104: =P104/14 -> 24.352875 | P104: =G104*O96 -> 340.94025 | U104: =V104/14 -> 32.4705 | V104: =G104*U96 -> 454.587
A105: 8 | B105: ဒေါ်မိုးမိုးမြင့် | C105: Daw Moe Moe Myint | D105: မုဒုံမြို့ | F105: Mini WS | G105: 0.023503516 | I105: =J105/14 -> 13.875475 | J105: =G105*I96 -> 194.25666 | O105: =P105/14 -> 23.786529 | P105: =G105*O96 -> 333.01141 | U105: =V105/14 -> 31.715372 | V105: =G105*U96 -> 444.01521
A106: 9 | B106: မင်းဆန်းသစ် | C106: Min San Thit | D106: မော်လမြိုင် | F106: Mini WS | G106: 0.021731426 | I106: =J106/14 -> 12.829309 | J106: =G106*I96 -> 179.61032 | O106: =P106/14 -> 21.993101 | P106: =G106*O96 -> 307.90341 | U106: =V106/14 -> 29.324134 | V106: =G106*U96 -> 410.53788
A107: 10 | B107: ဇာနည်လေး | C107: Zar Ni Lay | D107: ဘားအံ | F107: Mini WS | G107: 0.02154489 | I107: =J107/14 -> 12.719186 | J107: =G107*I96 -> 178.0686 | O107: =P107/14 -> 21.804319 | P107: =G107*O96 -> 305.26046 | U107: =V107/14 -> 29.072425 | V107: =G107*U96 -> 407.01395
...

Sheet FUS-Working
A2: Myaw La Myaing- Wholesales List(January-2026)
A3: No | B3: Names | D3: Township | F3: Type | G3: Contact Name | I3: Contact No. | J3: Responsibility | K3: 1st January | N3: 2nd January | Q3: 3rd January | T3: 4th January | W3: 5th January | Z3: 6th January | AC3: 7th January | AF3: 8th January | AI3: 9th January | AL3: 10th January | AO3: 10-days | AR3: 11th January | AU3: 12th January | AX3: 13th January | BA3: 14th January | BD3: 15th January | BG3: 16th January | BJ3: 17th January | BM3: 18th January | BP3: 19th January | BS3: 20th January | BV3: 20-days | BY3: 21st January | CB3: 22nd January | CE3: 23rd January | CH3: 24th January | CK3: 25th January | CN3: 26th January | CQ3: 27th January | CT3: 28th January | CW3: 29th January | CZ3: 30th January | DC3: 31st January | DF3: Month Till Date
K4: PKT | L4: BOT | M4: Liter | N4: PKT | O4: BOT | P4: Liter | Q4: PKT | R4: BOT | S4: Liter | T4: PKT | U4: BOT | V4: Liter | W4: PKT | X4: BOT | Y4: Liter | Z4: PKT | AA4: BOT | AB4: Liter | AC4: PKT | AD4: BOT | AE4: Liter | AF4: PKT | AG4: BOT | AH4: Liter | AI4: PKT | AJ4: BOT | AK4: Liter | AL4: PKT | AM4: BOT | AN4: Liter | AO4: PKT | AP4: BOT | AQ4: Liter | AR4: PKT | AS4: BOT | AT4: Liter | AU4: PKT | AV4: BOT | AW4: Liter | AX4: PKT | AY4: BOT | AZ4: Liter | BA4: PKT | BB4: BOT | BC4: Liter | BD4: PKT | BE4: BOT | BF4: Liter | BG4: PKT | BH4: BOT | BI4: Liter | BJ4: PKT | BK4: BOT | BL4: Liter | BM4: PKT | BN4: BOT | BO4: Liter | BP4: PKT | BQ4: BOT | BR4: Liter | BS4: PKT | BT4: BOT | BU4: Liter | BV4: PKT | BW4: BOT | BX4: Liter | BY4: PKT | BZ4: BOT | CA4: Liter | CB4: PKT | CC4: BOT | CD4: Liter | CE4: PKT | CF4: BOT | CG4: Liter | CH4: PKT | CI4: BOT | CJ4: Liter | CK4: PKT | CL4: BOT | CM4: Liter | CN4: PKT | CO4: BOT | CP4: Liter | CQ4: PKT | CR4: BOT | CS4: Liter | CT4: PKT | CU4: BOT | CV4: Liter | CW4: PKT | CX4: BOT | CY4: Liter | CZ4: PKT | DA4: BOT | DB4: Liter | DC4: PKT | DD4: BOT | DE4: Liter | DF4: PKT | DG4: BOT | DH4: Liter
A5: 1 | B5: ကျော်စတား | C5: Kyaw Star | D5: ရေးမြို့ | E5: Yaye | F5: WholeSales | G5: ဖူးငုံစိုး | H5: Phoo Ngone Soe | I5: 09-798788870 | J5: RSM | N5: 305 | O5: 4070 | P5: 3036.8 | W5: 390 | X5: 5160 | Y5: 3950.4 | Z5: 300 | AA5: 4000 | AB5: 2992 | AF5: 300 | AG5: 3800 | AH5: 3296 | AI5: 200 | AJ5: 2800 | AK5: 1792 | AL5: 100 | AM5: 1200 | AN5: 1200 | AO5: =+K5+N5+Q5+T5+W5+Z5+AC5+AF5+AI5+AL5 -> 1595 | AP5: =+L5+O5+R5+U5+X5+AA5+AD5+AG5+AJ5+AM5 -> 21030 | AQ5: =+M5+P5+S5+V5+Y5+AB5+AE5+AH5+AK5+AN5 -> 16267.2 | AU5: 500 | AV5: 6600 | AW5: 5088 | AX5: 300 | AY5: 3900 | AZ5: 3144 | BA5: 300 | BB5: 4000 | BC5: 2992 | BD5: 200 | BE5: 2500 | BF5: 2248 | BG5: 200 | BH5: 2800 | BI5: 1792 | BJ5: 230 | BK5: 2960 | BL5: 2456 | BP5: 430 | BQ5: 5620 | BR5: 4460.8 | BS5: 270 | BT5: 3580 | BU5: 2723.2 | BV5: =+AR5+AU5+AX5+BA5+BD5+BG5+BJ5+BM5+BP5+BS5+AO5 -> 4025 | BW5: =+AS5+AV5+AY5+BB5+BE5+BH5+BK5+BN5+BQ5+BT5+AP5 -> 52990 | BX5: =+AT5+AW5+AZ5+BC5+BF5+BI5+BL5+BO5+BR5+BU5+AQ5 -> 41171.2 | BY5: 450 | BZ5: 5800 | CA5: 4792 | CB5: 300 | CC5: 4000 | CD5: 2992 | CE5: 155 | CF5: 1960 | CG5: 1708 | CH5: 250 | CI5: 3200 | CJ5: 2696 | CN5: 310 | CO5: 4020 | CP5: 3264 | CQ5: 170 | CR5: 2140 | CS5: 1888 | CW5: 180 | CX5: 2320 | CY5: 1916.8 | CZ5: 250 | DA5: 3300 | DB5: 2544 | DC5: 410 | DD5: 5420 | DE5: 4160 | DF5: =BV5+CB5+CE5+CH5+CK5+CN5+CQ5+CT5+CW5+CZ5+DC5+BY5 -> 6500 | DG5: =BW5+CC5+CF5+CI5+CL5+CO5+CR5+CU5+CX5+DA5+DD5+BZ5 -> 85150 | DH5: =BX5+CD5+CG5+CJ5+CM5+CP5+CS5+CV5+CY5+DB5+DE5+CA5 -> 67132
A6: 2 | B6: ဒေါ်နွယ်နွယ်ရီ(ရွှေတောင်ကြား) | C6: Daw New New Yi | D6: ရေးမြို့ | E6: Yayae | F6: WholeSales | G6: ဖူးငုံစိုး | H6: Phoo Ngone Soe | I6: 09-798788870 | J6: RSM | W6: 100 | X6: 1200 | Y6: 1200 | AI6: 400 | AJ6: 5200 | AK6: 4192 | AO6: =+K6+N6+Q6+T6+W6+Z6+AC6+AF6+AI6+AL6 -> 500 | AP6: =+L6+O6+R6+U6+X6+AA6+AD6+AG6+AJ6+AM6 -> 6400 | AQ6: =+M6+P6+S6+V6+Y6+AB6+AE6+AH6+AK6+AN6 -> 5392 | AU6: 400 | AV6: 5400 | AW6: 3888 | BD6: 100 | BE6: 1200 | BF6: 1200 | BJ6: 600 | BK6: 8200 | BL6: 5680 | BV6: =+AR6+AU6+AX6+BA6+BD6+BG6+BJ6+BM6+BP6+BS6+AO6 -> 1600 | BW6: =+AS6+AV6+AY6+BB6+BE6+BH6+BK6+BN6+BQ6+BT6+AP6 -> 21200 | BX6: =+AT6+AW6+AZ6+BC6+BF6+BI6+BL6+BO6+BR6+BU6+AQ6 -> 16160 | CB6: 200 | CC6: 2400 | CD6: 2400 | CH6: 200 | CI6: 2800 | CJ6: 1792 | CT6: 100 | CU6: 1200 | CV6: 1200 | CW6: 300 | CX6: 4200 | CY6: 2688 | DC6: 700 | DD6: 9400 | DE6: 6880 | DF6: =BV6+CB6+CE6+CH6+CK6+CN6+CQ6+CT6+CW6+CZ6+DC6+BY6 -> 3100 | DG6: =BW6+CC6+CF6+CI6+CL6+CO6+CR6+CU6+CX6+DA6+DD6+BZ6 -> 41200 | DH6: =BX6+CD6+CG6+CJ6+CM6+CP6+CS6+CV6+CY6+DB6+DE6+CA6 -> 31120
A7: 3 | B7: ပြည့်လျှံ | C7: Pyae Hlan | D7: မော်လမြိုင် | E7: Mawlamyaing | F7: WholeSales | G7: ထိန်လင်း | H7: Htein Lin | I7: 09-443988251 | J7: RSM | AC7: 300 | AD7: 3800 | AE7: 3296 | AO7: =+K7+N7+Q7+T7+W7+Z7+AC7+AF7+AI7+AL7 -> 300 | AP7: =+L7+O7+R7+U7+X7+AA7+AD7+AG7+AJ7+AM7 -> 3800 | AQ7: =+M7+P7+S7+V7+Y7+AB7+AE7+AH7+AK7+AN7 -> 3296 | AX7: 200 | AY7: 2600 | AZ7: 2096 | BV7: =+AR7+AU7+AX7+BA7+BD7+BG7+BJ7+BM7+BP7+BS7+AO7 -> 500 | BW7: =+AS7+AV7+AY7+BB7+BE7+BH7+BK7+BN7+BQ7+BT7+AP7 -> 6400 | BX7: =+AT7+AW7+AZ7+BC7+BF7+BI7+BL7+BO7+BR7+BU7+AQ7 -> 5392 | CE7: 500 | CF7: 6600 | CG7: 5088 | DF7: =BV7+CB7+CE7+CH7+CK7+CN7+CQ7+CT7+CW7+CZ7+DC7+BY7 -> 1000 | DG7: =BW7+CC7+CF7+CI7+CL7+CO7+CR7+CU7+CX7+DA7+DD7+BZ7 -> 13000 | DH7: =BX7+CD7+CG7+CJ7+CM7+CP7+CS7+CV7+CY7+DB7+DE7+CA7 -> 10480
A8: 4 | B8: ကိုမျိုးအောင် | C8: Ko Myo Aung | D8: မော်လမြိုင် | E8: Mawlamyaing | F8: WholeSales | G8: ထိန်လင်း | H8: Htein Lin | I8: 09-443988251 | J8: RSM | W8: 40 | X8: 560 | Y8: 358.4 | Z8: 60 | AA8: 800 | AB8: 598.4 | AF8: 20 | AG8: 280 | AH8: 179.2 | AO8: =+K8+N8+Q8+T8+W8+Z8+AC8+AF8+AI8+AL8 -> 120 | AP8: =+L8+O8+R8+U8+X8+AA8+AD8+AG8+AJ8+AM8 -> 1640 | AQ8: =+M8+P8+S8+V8+Y8+AB8+AE8+AH8+AK8+AN8 -> 1136 | AU8: 50 | AV8: 640 | AW8: 539.2 | BG8: 85 | BH8: 1130 | BI8: 852.8 | BV8: =+AR8+AU8+AX8+BA8+BD8+BG8+BJ8+BM8+BP8+BS8+AO8 -> 255 | BW8: =+AS8+AV8+AY8+BB8+BE8+BH8+BK8+BN8+BQ8+BT8+AP8 -> 3410 | BX8: =+AT8+AW8+AZ8+BC8+BF8+BI8+BL8+BO8+BR8+BU8+AQ8 -> 2528 | CH8: 50 | CI8: 600 | CJ8: 600 | CN8: 30 | CO8: 420 | CP8: 268.8 | CZ8: 70 | DA8: 880 | DB8: 779.2 | DF8: =BV8+CB8+CE8+CH8+CK8+CN8+CQ8+CT8+CW8+CZ8+DC8+BY8 -> 405 | DG8: =BW8+CC8+CF8+CI8+CL8+CO8+CR8+CU8+CX8+DA8+DD8+BZ8 -> 5310 | DH8: =BX8+CD8+CG8+CJ8+CM8+CP8+CS8+CV8+CY8+DB8+DE8+CA8 -> 4176
A9: 5 | B9: ကိုထိုက်စိုး | C9: Ko Htike Soe | D9: ရေးမြို့ | E9: Yaye | F9: WholeSales | G9: ဖူးငုံစိုး | H9: Phoo Ngone Soe | I9: 09-798788870 | J9: RSM | AO9: =+K9+N9+Q9+T9+W9+Z9+AC9+AF9+AI9+AL9 -> 0 | AP9: =+L9+O9+R9+U9+X9+AA9+AD9+AG9+AJ9+AM9 -> 0 | AQ9: =+M9+P9+S9+V9+Y9+AB9+AE9+AH9+AK9+AN9 -> 0 | BV9: =+AR9+AU9+AX9+BA9+BD9+BG9+BJ9+BM9+BP9+BS9+AO9 -> 0 | BW9: =+AS9+AV9+AY9+BB9+BE9+BH9+BK9+BN9+BQ9+BT9+AP9 -> 0 | BX9: =+AT9+AW9+AZ9+BC9+BF9+BI9+BL9+BO9+BR9+BU9+AQ9 -> 0 | CB9: 100 | CC9: 1200 | CD9: 1200 | DC9: 500 | DD9: 6200 | DE9: 5696 | DF9: =BV9+CB9+CE9+CH9+CK9+CN9+CQ9+CT9+CW9+CZ9+DC9+BY9 -> 600 | DG9: =BW9+CC9+CF9+CI9+CL9+CO9+CR9+CU9+CX9+DA9+DD9+BZ9 -> 7400 | DH9: =BX9+CD9+CG9+CJ9+CM9+CP9+CS9+CV9+CY9+DB9+DE9+CA9 -> 6896
A10: 6 | B10: ဦးမင်းလွင် | C10: U Min Lwin | D10: မော်လမြိုင် | E10: Mawlamyaing | F10: WholeSales | G10: ထိန်လင်း | H10: Htein Lin | I10: 09-443988251 | J10: RSM | Q10: 50 | R10: 1200 | S10: 768 | AF10: 50 | AG10: 1000 | AH10: 640 | AI10: 2 | AJ10: 24 | AK10: 24 | AL10: 30 | AM10: 720 | AN10: 460.8 | AO10: =+K10+N10+Q10+T10+W10+Z10+AC10+AF10+AI10+AL10 -> 132 | AP10: =+L10+O10+R10+U10+X10+AA10+AD10+AG10+AJ10+AM10 -> 2944 | AQ10: =+M10+P10+S10+V10+Y10+AB10+AE10+AH10+AK10+AN10 -> 1892.8 | AX10: 50 | AY10: 1100 | AZ10: 704 | BD10: 50 | BE10: 1200 | BF10: 768 | BS10: 59 | BT10: 1416 | BU10: 906.24 | BV10: =+AR10+AU10+AX10+BA10+BD10+BG10+BJ10+BM10+BP10+BS10+AO10 -> 291 | BW10: =+AS10+AV10+AY10+BB10+BE10+BH10+BK10+BN10+BQ10+BT10+AP10 -> 6660 | BX10: =+AT10+AW10+AZ10+BC10+BF10+BI10+BL10+BO10+BR10+BU10+AQ10 -> 4271.04 | CN10: 30 | CO10: 720 | CP10: 460.8 | CQ10: 20 | CR10: 480 | CS10: 307.2 | CT10: 22 | CU10: 304 | CV10: 203.2 | CW10: 49 | CX10: 1176 | CY10: 752.64 | DC10: 20 | DD10: 480 | DE10: 307.2 | DF10: =BV10+CB10+CE10+CH10+CK10+CN10+CQ10+CT10+CW10+CZ10+DC10+BY10 -> 432 | DG10: =BW10+CC10+CF10+CI10+CL10+CO10+CR10+CU10+CX10+DA10+DD10+BZ10 -> 9820 | DH10: =BX10+CD10+CG10+CJ10+CM10+CP10+CS10+CV10+CY10+DB10+DE10+CA10 -> 6302.08
A11: 7 | B11: ကိုထွန်းနိုင် | C11: Ko Htun Naing | D11: ရေးမြို့ | E11: Yaye | F11: WholeSales | G11: ဖူးငုံစိုး | H11: Phoo Ngone Soe | I11: 09-798788870 | J11: RSM | AO11: =+K11+N11+Q11+T11+W11+Z11+AC11+AF11+AI11+AL11 -> 0 | AP11: =+L11+O11+R11+U11+X11+AA11+AD11+AG11+AJ11+AM11 -> 0 | AQ11: =+M11+P11+S11+V11+Y11+AB11+AE11+AH11+AK11+AN11 -> 0 | AU11: 200 | AV11: 2800 | AW11: 1792 | BV11: =+AR11+AU11+AX11+BA11+BD11+BG11+BJ11+BM11+BP11+BS11+AO11 -> 200 | BW11: =+AS11+AV11+AY11+BB11+BE11+BH11+BK11+BN11+BQ11+BT11+AP11 -> 2800 | BX11: =+AT11+AW11+AZ11+BC11+BF11+BI11+BL11+BO11+BR11+BU11+AQ11 -> 1792 | CE11: 250 | CF11: 3300 | CG11: 2544 | DF11: =BV11+CB11+CE11+CH11+CK11+CN11+CQ11+CT11+CW11+CZ11+DC11+BY11 -> 450 | DG11: =BW11+CC11+CF11+CI11+CL11+CO11+CR11+CU11+CX11+DA11+DD11+BZ11 -> 6100 | DH11: =BX11+CD11+CG11+CJ11+CM11+CP11+CS11+CV11+CY11+DB11+DE11+CA11 -> 4336
A12: 8 | B12: ဒေါ်ထွန်းမေ | C12: Daw Htun May | D12: မော်လမြိုင် | E12: Mawlamyaing | F12: WholeSales | G12: ထိန်လင်း | H12: Htein Lin | I12: 09-443988251 | J12: RSM | N12: 60 | O12: 1440 | P12: 921.6 | Z12: 110 | AA12: 2140 | AB12: 1369.6 | AO12: =+K12+N12+Q12+T12+W12+Z12+AC12+AF12+AI12+AL12 -> 170 | AP12: =+L12+O12+R12+U12+X12+AA12+AD12+AG12+AJ12+AM12 -> 3580 | AQ12: =+M12+P12+S12+V12+Y12+AB12+AE12+AH12+AK12+AN12 -> 2291.2 | AU12: 50 | AV12: 700 | AW12: 448 | BA12: 50 | BB12: 700 | BC12: 448 | BJ12: 85 | BK12: 1790 | BL12: 1145.6 | BS12: 85 | BT12: 1790 | BU12: 1145.6 | BV12: =+AR12+AU12+AX12+BA12+BD12+BG12+BJ12+BM12+BP12+BS12+AO12 -> 440 | BW12: =+AS12+AV12+AY12+BB12+BE12+BH12+BK12+BN12+BQ12+BT12+AP12 -> 8560 | BX12: =+AT12+AW12+AZ12+BC12+BF12+BI12+BL12+BO12+BR12+BU12+AQ12 -> 5478.4 | CW12: 50 | CX12: 700 | CY12: 448 | CZ12: 60 | DA12: 1440 | DB12: 921.6 | DC12: 50 | DD12: 700 | DE12: 448 | DF12: =BV12+CB12+CE12+CH12+CK12+CN12+CQ12+CT12+CW12+CZ12+DC12+BY12 -> 600 | DG12: =BW12+CC12+CF12+CI12+CL12+CO12+CR12+CU12+CX12+DA12+DD12+BZ12 -> 11400 | DH12: =BX12+CD12+CG12+CJ12+CM12+CP12+CS12+CV12+CY12+DB12+DE12+CA12 -> 7296
A13: 9 | B13: မဝင့်ဝါထိုက်(ရွှေပင်လယ်) | C13: Ma Wint War Htike | D13: ရေးမြို့ | E13: Yayae | F13: WholeSales | G13: ဖူးငုံစိုး | H13: Phoo Ngone Soe | I13: 09-798788870 | J13: RSM | AO13: =+K13+N13+Q13+T13+W13+Z13+AC13+AF13+AI13+AL13 -> 0 | AP13: =+L13+O13+R13+U13+X13+AA13+AD13+AG13+AJ13+AM13 -> 0 | AQ13: =+M13+P13+S13+V13+Y13+AB13+AE13+AH13+AK13+AN13 -> 0 | BG13: 100 | BH13: 1400 | BI13: 896 | BV13: =+AR13+AU13+AX13+BA13+BD13+BG13+BJ13+BM13+BP13+BS13+AO13 -> 100 | BW13: =+AS13+AV13+AY13+BB13+BE13+BH13+BK13+BN13+BQ13+BT13+AP13 -> 1400 | BX13: =+AT13+AW13+AZ13+BC13+BF13+BI13+BL13+BO13+BR13+BU13+AQ13 -> 896 | BY13: 100 | BZ13: 1200 | CA13: 1200 | DF13: =BV13+CB13+CE13+CH13+CK13+CN13+CQ13+CT13+CW13+CZ13+DC13+BY13 -> 200 | DG13: =BW13+CC13+CF13+CI13+CL13+CO13+CR13+CU13+CX13+DA13+DD13+BZ13 -> 2600 | DH13: =BX13+CD13+CG13+CJ13+CM13+CP13+CS13+CV13+CY13+DB13+DE13+CA13 -> 2096
A14: 10 | B14: ကိုညီညီဆွေ | C14: Ko Nyi Nyi Swe | D14: မော်လမြိုင် | E14: Mawlamyaing | F14: WholeSales | G14: ထိန်လင်း | H14: Htein Lin | I14: 09-443988251 | J14: RSM | AF14: 100 | AG14: 1400 | AH14: 896 | AI14: 150 | AJ14: 2000 | AK14: 1496 | AO14: =+K14+N14+Q14+T14+W14+Z14+AC14+AF14+AI14+AL14 -> 250 | AP14: =+L14+O14+R14+U14+X14+AA14+AD14+AG14+AJ14+AM14 -> 3400 | AQ14: =+M14+P14+S14+V14+Y14+AB14+AE14+AH14+AK14+AN14 -> 2392 | BS14: 150 | BT14: 1900 | BU14: 1648 | BV14: =+AR14+AU14+AX14+BA14+BD14+BG14+BJ14+BM14+BP14+BS14+AO14 -> 400 | BW14: =+AS14+AV14+AY14+BB14+BE14+BH14+BK14+BN14+BQ14+BT14+AP14 -> 5300 | BX14: =+AT14+AW14+AZ14+BC14+BF14+BI14+BL14+BO14+BR14+BU14+AQ14 -> 4040 | DF14: =BV14+CB14+CE14+CH14+CK14+CN14+CQ14+CT14+CW14+CZ14+DC14+BY14 -> 400 | DG14: =BW14+CC14+CF14+CI14+CL14+CO14+CR14+CU14+CX14+DA14+DD14+BZ14 -> 5300 | DH14: =BX14+CD14+CG14+CJ14+CM14+CP14+CS14+CV14+CY14+DB14+DE14+CA14 -> 4040
A15: 11 | B15: လင်းသစ် | C15: Lin Thit | D15: ကျိုက်ထိုမြို့ | E15: Yaye | F15: WholeSales | G15: ပြည့်ဖြိုးမောင် | H15: Pyae Phyo Maung | I15: 09-679797489 | J15: RSM | N15: 100 | O15: 1280 | P15: 1078.4 | AL15: 100 | AM15: 1280 | AN15: 1078.4 | AO15: =+K15+N15+Q15+T15+W15+Z15+AC15+AF15+AI15+AL15 -> 200 | AP15: =+L15+O15+R15+U15+X15+AA15+AD15+AG15+AJ15+AM15 -> 2560 | AQ15: =+M15+P15+S15+V15+Y15+AB15+AE15+AH15+AK15+AN15 -> 2156.8 | BG15: 50 | BH15: 650 | BI15: 524 | BV15: =+AR15+AU15+AX15+BA15+BD15+BG15+BJ15+BM15+BP15+BS15+AO15 -> 250 | BW15: =+AS15+AV15+AY15+BB15+BE15+BH15+BK15+BN15+BQ15+BT15+AP15 -> 3210 | BX15: =+AT15+AW15+AZ15+BC15+BF15+BI15+BL15+BO15+BR15+BU15+AQ15 -> 2680.8 | CE15: 100 | CF15: 1300 | CG15: 1048 | DC15: 150 | DD15: 1950 | DE15: 1572 | DF15: =BV15+CB15+CE15+CH15+CK15+CN15+CQ15+CT15+CW15+CZ15+DC15+BY15 -> 500 | DG15: =BW15+CC15+CF15+CI15+CL15+CO15+CR15+CU15+CX15+DA15+DD15+BZ15 -> 6460 | DH15: =BX15+CD15+CG15+CJ15+CM15+CP15+CS15+CV15+CY15+DB15+DE15+CA15 -> 5300.8
A16: 12 | B16: ကိုမောင်+မသူဇာ | C16: Ko Mg+Ma Thu Zar | D16: ရေးမြို့ | E16: Yaye | F16: WholeSales | G16: ဖူးငုံစိုး | H16: Phoo Ngone Soe | I16: 09-798788870 | J16: RSM | Q16: 150 | R16: 1800 | S16: 1800 | AC16: 50 | AD16: 600 | AE16: 600 | AO16: =+K16+N16+Q16+T16+W16+Z16+AC16+AF16+AI16+AL16 -> 200 | AP16: =+L16+O16+R16+U16+X16+AA16+AD16+AG16+AJ16+AM16 -> 2400 | AQ16: =+M16+P16+S16+V16+Y16+AB16+AE16+AH16+AK16+AN16 -> 2400 | AU16: 50 | AV16: 600 | AW16: 600 | BA16: 100 | BB16: 1200 | BC16: 1200 | BG16: 100 | BH16: 1200 | BI16: 1200 | BJ16: 50 | BK16: 600 | BL16: 600 | BP16: 30 | BQ16: 420 | BR16: 268.8 | BV16: =+AR16+AU16+AX16+BA16+BD16+BG16+BJ16+BM16+BP16+BS16+AO16 -> 530 | BW16: =+AS16+AV16+AY16+BB16+BE16+BH16+BK16+BN16+BQ16+BT16+AP16 -> 6420 | BX16: =+AT16+AW16+AZ16+BC16+BF16+BI16+BL16+BO16+BR16+BU16+AQ16 -> 6268.8 | CB16: 100 | CC16: 1200 | CD16: 1200 | CQ16: 50 | CR16: 600 | CS16: 600 | CT16: 120 | CU16: 1440 | CV16: 1440 | DF16: =BV16+CB16+CE16+CH16+CK16+CN16+CQ16+CT16+CW16+CZ16+DC16+BY16 -> 800 | DG16: =BW16+CC16+CF16+CI16+CL16+CO16+CR16+CU16+CX16+DA16+DD16+BZ16 -> 9660 | DH16: =BX16+CD16+CG16+CJ16+CM16+CP16+CS16+CV16+CY16+DB16+DE16+CA16 -> 9508.8
A17: 13 | B17: မိုးဆန်းချာလီ | C17: Moe San Char Li | D17: သိမ်ဇရပ် | E17: Thein Za Yat | F17: WholeSales | AO17: =+K17+N17+Q17+T17+W17+Z17+AC17+AF17+AI17+AL17 -> 0 | AP17: =+L17+O17+R17+U17+X17+AA17+AD17+AG17+AJ17+AM17 -> 0 | AQ17: =+M17+P17+S17+V17+Y17+AB17+AE17+AH17+AK17+AN17 -> 0 | BD17: 220 | BE17: 3180 | BF17: 2251.2 | BV17: =+AR17+AU17+AX17+BA17+BD17+BG17+BJ17+BM17+BP17+BS17+AO17 -> 220 | BW17: =+AS17+AV17+AY17+BB17+BE17+BH17+BK17+BN17+BQ17+BT17+AP17 -> 3180 | BX17: =+AT17+AW17+AZ17+BC17+BF17+BI17+BL17+BO17+BR17+BU17+AQ17 -> 2251.2 | CB17: 101 | CC17: 1414 | CD17: 904.96 | DF17: =BV17+CB17+CE17+CH17+CK17+CN17+CQ17+CT17+CW17+CZ17+DC17+BY17 -> 321 | DG17: =BW17+CC17+CF17+CI17+CL17+CO17+CR17+CU17+CX17+DA17+DD17+BZ17 -> 4594 | DH17: =BX17+CD17+CG17+CJ17+CM17+CP17+CS17+CV17+CY17+DB17+DE17+CA17 -> 3156.16
A18: 14 | B18: ကိုမြခက် | C18: Ko Mya Khat | D18: ရေးမြို့ | E18: Yaye | F18: WholeSales | W18: 100 | X18: 1400 | Y18: 896 | AO18: =+K18+N18+Q18+T18+W18+Z18+AC18+AF18+AI18+AL18 -> 100 | AP18: =+L18+O18+R18+U18+X18+AA18+AD18+AG18+AJ18+AM18 -> 1400 | AQ18: =+M18+P18+S18+V18+Y18+AB18+AE18+AH18+AK18+AN18 -> 896 | BV18: =+AR18+AU18+AX18+BA18+BD18+BG18+BJ18+BM18+BP18+BS18+AO18 -> 100 | BW18: =+AS18+AV18+AY18+BB18+BE18+BH18+BK18+BN18+BQ18+BT18+AP18 -> 1400 | BX18: =+AT18+AW18+AZ18+BC18+BF18+BI18+BL18+BO18+BR18+BU18+AQ18 -> 896 | DF18: =BV18+CB18+CE18+CH18+CK18+CN18+CQ18+CT18+CW18+CZ18+DC18+BY18 -> 100 | DG18: =BW18+CC18+CF18+CI18+CL18+CO18+CR18+CU18+CX18+DA18+DD18+BZ18 -> 1400 | DH18: =BX18+CD18+CG18+CJ18+CM18+CP18+CS18+CV18+CY18+DB18+DE18+CA18 -> 896
A19: Total | K19: =SUM(K5:K18) -> 0 | L19: =SUM(L5:L18) -> 0 | M19: =SUM(M5:M18) -> 0 | N19: =SUM(N5:N18) -> 465 | O19: =SUM(O5:O18) -> 6790 | P19: =SUM(P5:P18) -> 5036.8 | Q19: =SUM(Q5:Q18) -> 200 | R19: =SUM(R5:R18) -> 3000 | ... DH19: =SUM(DH5:DH18) -> 162735.84
A21: No | B21: Names | D21: Township | F21: Type | G21: Contact Name | I21: Contact No. | J21: Responsibility | K21: 1st January | N21: 2nd January | Q21: 3rd January | T21: 4th January | W21: 5th January | Z21: 6th January | AC21: 7th January | AF21: 8th January | AI21: 9th January | AL21: 10th January | AO21: 10-days | AR21: 11th January | AU21: 12th January | AX21: 13th January | BA21: 14th January | BD21: 15th January | BG21: 16th January | BJ21: 17th January | BM21: 18th January | BP21: 19th January | BS21: 20th January | BV21: 20-days | BY21: 21st January | CB21: 22nd January | CE21: 23rd January | CH21: 24th January | CK21: 25th January | CN21: 26th January | CQ21: 27th January | CT21: 28th January | CW21: 29th January | CZ21: 30th January | DC21: 31st January | DF21: Month Till Date
K22: PKT | L22: BOT | M22: Liter | N22: PKT | O22: BOT | P22: Liter | Q22: PKT | R22: BOT | S22: Liter | T22: PKT | U22: BOT | V22: Liter | W22: PKT | X22: BOT | Y22: Liter | Z22: PKT | AA22: BOT | AB22: Liter | AC22: PKT | AD22: BOT | AE22: Liter | AF22: PKT | AG22: BOT | AH22: Liter | AI22: PKT | AJ22: BOT | AK22: Liter | AL22: PKT | AM22: BOT | AN22: Liter | AO22: PKT | AP22: BOT | AQ22: Liter | AR22: PKT | AS22: BOT | AT22: Liter | AU22: PKT | AV22: BOT | AW22: Liter | AX22: PKT | AY22: BOT | AZ22: Liter | BA22: PKT | BB22: BOT | BC22: Liter | BD22: PKT | BE22: BOT | BF22: Liter | BG22: PKT | BH22: BOT | BI22: Liter | BJ22: PKT | BK22: BOT | BL22: Liter | BM22: PKT | BN22: BOT | BO22: Liter | BP22: PKT | BQ22: BOT | BR22: Liter | BS22: PKT | BT22: BOT | BU22: Liter | BV22: PKT | BW22: BOT | BX22: Liter | BY22: PKT | BZ22: BOT | CA22: Liter | CB22: PKT | CC22: BOT | CD22: Liter | CE22: PKT | CF22: BOT | CG22: Liter | CH22: PKT | CI22: BOT | CJ22: Liter | CK22: PKT | CL22: BOT | CM22: Liter | CN22: PKT | CO22: BOT | CP22: Liter | CQ22: PKT | CR22: BOT | CS22: Liter | CT22: PKT | CU22: BOT | CV22: Liter | CW22: PKT | CX22: BOT | CY22: Liter | CZ22: PKT | DA22: BOT | DB22: Liter | DC22: PKT | DD22: BOT | DE22: Liter | DF22: PKT | DG22: BOT | DH22: Liter
A23: 1 | B23: ၀င်းအောင်ရွှေ | C23: Win Aung Shwe | D23: ပေါင် | E23: Hpa-an | F23: Semi WS | Z23: 50 | AA23: 600 | AB23: 600 | AO23: =+K23+N23+Q23+T23+W23+Z23+AC23+AF23+AI23+AL23 -> 50 | AP23: =+L23+O23+R23+U23+X23+AA23+AD23+AG23+AJ23+AM23 -> 600 | AQ23: =+M23+P23+S23+V23+Y23+AB23+AE23+AH23+AK23+AN23 -> 600 | BV23: =+AO23+AR23+AU23+AX23+BA23+BD23+BG23+BJ23+BM23+BP23+BS23 -> 50 | BW23: =+AP23+AS23+AV23+AY23+BB23+BE23+BH23+BK23+BN23+BQ23+BT23 -> 600 | BX23: =+AQ23+AT23+AW23+AZ23+BC23+BF23+BI23+BL23+BO23+BR23+BU23 -> 600 | BY23: 210 | BZ23: 2920 | CA23: 1912 | CN23: 50 | CO23: 600 | CP23: 600 | DF23: =BV23+CB23+CE23+CH23+CK23+CN23+CQ23+CT23+CW23+CZ23+DC23+BY23 -> 310 | DG23: =BW23+CC23+CF23+CI23+CL23+CO23+CR23+CU23+CX23+DA23+DD23+BZ23 -> 4120 | DH23: =BX23+CD23+CG23+CJ23+CM23+CP23+CS23+CV23+CY23+DB23+DE23+CA23 -> 3112
A24: 2 | B24: ဦးအေးမြင့် | C24: U Aye Myint | D24: ရေးမြို့ | E24: Thein Zayet | F24: Semi WS | AO24: =+K24+N24+Q24+T24+W24+Z24+AC24+AF24+AI24+AL24 -> 0 | AP24: =+L24+O24+R24+U24+X24+AA24+AD24+AG24+AJ24+AM24 -> 0 | AQ24: =+M24+P24+S24+V24+Y24+AB24+AE24+AH24+AK24+AN24 -> 0 | BV24: =+AO24+AR24+AU24+AX24+BA24+BD24+BG24+BJ24+BM24+BP24+BS24 -> 0 | BW24: =+AP24+AS24+AV24+AY24+BB24+BE24+BH24+BK24+BN24+BQ24+BT24 -> 0 | BX24: =+AQ24+AT24+AW24+AZ24+BC24+BF24+BI24+BL24+BO24+BR24+BU24 -> 0 | DF24: =BV24+CB24+CE24+CH24+CK24+CN24+CQ24+CT24+CW24+CZ24+DC24+BY24 -> 0 | DG24: =BW24+CC24+CF24+CI24+CL24+CO24+CR24+CU24+CX24+DA24+DD24+BZ24 -> 0 | DH24: =BX24+CD24+CG24+CJ24+CM24+CP24+CS24+CV24+CY24+DB24+DE24+CA24 -> 0
A25: 3 | B25: ကိုမွန်လေး | C25: Ko Mon Lay | D25: ရေးမြို့ | E25: Yay | F25: Semi WS | AI25: 100 | AJ25: 1400 | AK25: 896 | AO25: =+K25+N25+Q25+T25+W25+Z25+AC25+AF25+AI25+AL25 -> 100 | AP25: =+L25+O25+R25+U25+X25+AA25+AD25+AG25+AJ25+AM25 -> 1400 | AQ25: =+M25+P25+S25+V25+Y25+AB25+AE25+AH25+AK25+AN25 -> 896 | BV25: =+AO25+AR25+AU25+AX25+BA25+BD25+BG25+BJ25+BM25+BP25+BS25 -> 100 | BW25: =+AP25+AS25+AV25+AY25+BB25+BE25+BH25+BK25+BN25+BQ25+BT25 -> 1400 | BX25: =+AQ25+AT25+AW25+AZ25+BC25+BF25+BI25+BL25+BO25+BR25+BU25 -> 896 | BY25: 100 | BZ25: 1300 | CA25: 1048 | DC25: 50 | DD25: 700 | DE25: 448 | DF25: =BV25+CB25+CE25+CH25+CK25+CN25+CQ25+CT25+CW25+CZ25+DC25+BY25 -> 250 | DG25: =BW25+CC25+CF25+CI25+CL25+CO25+CR25+CU25+CX25+DA25+DD25+BZ25 -> 3400 | DH25: =BX25+CD25+CG25+CJ25+CM25+CP25+CS25+CV25+CY25+DB25+DE25+CA25 -> 2392
A26: 4 | B26: ကိုကျော်ရွှေ | C26: Ko Kyaw Shwe | D26: ရေးမြို့ | E26: Mudon | F26: Semi WS | AC26: 50 | AD26: 700 | AE26: 448 | AO26: =+K26+N26+Q26+T26+W26+Z26+AC26+AF26+AI26+AL26 -> 50 | AP26: =+L26+O26+R26+U26+X26+AA26+AD26+AG26+AJ26+AM26 -> 700 | AQ26: =+M26+P26+S26+V26+Y26+AB26+AE26+AH26+AK26+AN26 -> 448 | AU26: 50 | AV26: 700 | AW26: 448 | BD26: 60 | BE26: 820 | BF26: 568 | BP26: 50 | BQ26: 700 | BR26: 448 | BV26: =+AO26+AR26+AU26+AX26+BA26+BD26+BG26+BJ26+BM26+BP26+BS26 -> 210 | BW26: =+AP26+AS26+AV26+AY26+BB26+BE26+BH26+BK26+BN26+BQ26+BT26 -> 2920 | BX26: =+AQ26+AT26+AW26+AZ26+BC26+BF26+BI26+BL26+BO26+BR26+BU26 -> 1912 | CH26: 50 | CI26: 700 | CJ26: 448 | CQ26: 60 | CR26: 820 | CS26: 568 | DC26: 30 | DD26: 420 | DE26: 268.8 | DF26: =BV26+CB26+CE26+CH26+CK26+CN26+CQ26+CT26+CW26+CZ26+DC26+BY26 -> 350 | DG26: =BW26+CC26+CF26+CI26+CL26+CO26+CR26+CU26+CX26+DA26+DD26+BZ26 -> 4860 | DH26: =BX26+CD26+CG26+CJ26+CM26+CP26+CS26+CV26+CY26+DB26+DE26+CA26 -> 3196.8
A27: 5 | B27: ကိုကျော်နိုင်စိုး | C27: Ko Kyaw Naing Soe | D27: ရေးမြို့ | E27: Yay | F27: Semi WS | AO27: =+K27+N27+Q27+T27+W27+Z27+AC27+AF27+AI27+AL27 -> 0 | AP27: =+L27+O27+R27+U27+X27+AA27+AD27+AG27+AJ27+AM27 -> 0 | AQ27: =+M27+P27+S27+V27+Y27+AB27+AE27+AH27+AK27+AN27 -> 0 | BV27: =+AO27+AR27+AU27+AX27+BA27+BD27+BG27+BJ27+BM27+BP27+BS27 -> 0 | BW27: =+AP27+AS27+AV27+AY27+BB27+BE27+BH27+BK27+BN27+BQ27+BT27 -> 0 | BX27: =+AQ27+AT27+AW27+AZ27+BC27+BF27+BI27+BL27+BO27+BR27+BU27 -> 0 | CQ27: 300 | CR27: 3600 | CS27: 3600 | DF27: =BV27+CB27+CE27+CH27+CK27+CN27+CQ27+CT27+CW27+CZ27+DC27+BY27 -> 300 | DG27: =BW27+CC27+CF27+CI27+CL27+CO27+CR27+CU27+CX27+DA27+DD27+BZ27 -> 3600 | DH27: =BX27+CD27+CG27+CJ27+CM27+CP27+CS27+CV27+CY27+DB27+DE27+CA27 -> 3600
A28: 6 | B28: ကိုဘာဘူ | C28: Ko Bar Buu | D28: ဘားအံ | E28: Hpa-an | F28: Semi WS | AO28: =+K28+N28+Q28+T28+W28+Z28+AC28+AF28+AI28+AL28 -> 0 | AP28: =+L28+O28+R28+U28+X28+AA28+AD28+AG28+AJ28+AM28 -> 0 | AQ28: =+M28+P28+S28+V28+Y28+AB28+AE28+AH28+AK28+AN28 -> 0 | BD28: 200 | BE28: 2660 | BF28: 2004.8 | BV28: =+AO28+AR28+AU28+AX28+BA28+BD28+BG28+BJ28+BM28+BP28+BS28 -> 200 | BW28: =+AP28+AS28+AV28+AY28+BB28+BE28+BH28+BK28+BN28+BQ28+BT28 -> 2660 | BX28: =+AQ28+AT28+AW28+AZ28+BC28+BF28+BI28+BL28+BO28+BR28+BU28 -> 2004.8 | DF28: =BV28+CB28+CE28+CH28+CK28+CN28+CQ28+CT28+CW28+CZ28+DC28+BY28 -> 200 | DG28: =BW28+CC28+CF28+CI28+CL28+CO28+CR28+CU28+CX28+DA28+DD28+BZ28 -> 2660 | DH28: =BX28+CD28+CG28+CJ28+CM28+CP28+CS28+CV28+CY28+DB28+DE28+CA28 -> 2004.8
A29: 7 | B29: တော်၀င် | C29: Taw Win | D29: မော်လမြိုင် | E29: Belin | F29: Semi WS | AO29: =+K29+N29+Q29+T29+W29+Z29+AC29+AF29+AI29+AL29 -> 0 | AP29: =+L29+O29+R29+U29+X29+AA29+AD29+AG29+AJ29+AM29 -> 0 | AQ29: =+M29+P29+S29+V29+Y29+AB29+AE29+AH29+AK29+AN29 -> 0 | BV29: =+AO29+AR29+AU29+AX29+BA29+BD29+BG29+BJ29+BM29+BP29+BS29 -> 0 | BW29: =+AP29+AS29+AV29+AY29+BB29+BE29+BH29+BK29+BN29+BQ29+BT29 -> 0 | BX29: =+AQ29+AT29+AW29+AZ29+BC29+BF29+BI29+BL29+BO29+BR29+BU29 -> 0 | CZ29: 210 | DA29: 2920 | DB29: 1876 | DF29: =BV29+CB29+CE29+CH29+CK29+CN29+CQ29+CT29+CW29+CZ29+DC29+BY29 -> 210 | DG29: =BW29+CC29+CF29+CI29+CL29+CO29+CR29+CU29+CX29+DA29+DD29+BZ29 -> 2920 | DH29: =BX29+CD29+CG29+CJ29+CM29+CP29+CS29+CV29+CY29+DB29+DE29+CA29 -> 1876
A30: 8 | B30: မမော် | C30: Ma Maw | D30: မုဒုံမြို့ | E30: Hpa-an | F30: Semi WS | Z30: 70 | AA30: 840 | AB30: 840 | AO30: =+K30+N30+Q30+T30+W30+Z30+AC30+AF30+AI30+AL30 -> 70 | AP30: =+L30+O30+R30+U30+X30+AA30+AD30+AG30+AJ30+AM30 -> 840 | AQ30: =+M30+P30+S30+V30+Y30+AB30+AE30+AH30+AK30+AN30 -> 840 | BV30: =+AO30+AR30+AU30+AX30+BA30+BD30+BG30+BJ30+BM30+BP30+BS30 -> 70 | BW30: =+AP30+AS30+AV30+AY30+BB30+BE30+BH30+BK30+BN30+BQ30+BT30 -> 840 | BX30: =+AQ30+AT30+AW30+AZ30+BC30+BF30+BI30+BL30+BO30+BR30+BU30 -> 840 | DF30: =BV30+CB30+CE30+CH30+CK30+CN30+CQ30+CT30+CW30+CZ30+DC30+BY30 -> 70 | DG30: =BW30+CC30+CF30+CI30+CL30+CO30+CR30+CU30+CX30+DA30+DD30+BZ30 -> 840 | DH30: =BX30+CD30+CG30+CJ30+CM30+CP30+CS30+CV30+CY30+DB30+DE30+CA30 -> 840
A31: 9 | B31: မ‌ချော | C31: Ma Chaw | D31: မုဒုံမြို့ | E31: Yay | F31: Semi WS | G31: ဖူးငုံစိုး | H31: Phoo Ngone Soe | I31: 09-798788870 | J31: RSM | AO31: =+K31+N31+Q31+T31+W31+Z31+AC31+AF31+AI31+AL31 -> 0 | AP31: =+L31+O31+R31+U31+X31+AA31+AD31+AG31+AJ31+AM31 -> 0 | AQ31: =+M31+P31+S31+V31+Y31+AB31+AE31+AH31+AK31+AN31 -> 0 | BV31: =+AO31+AR31+AU31+AX31+BA31+BD31+BG31+BJ31+BM31+BP31+BS31 -> 0 | BW31: =+AP31+AS31+AV31+AY31+BB31+BE31+BH31+BK31+BN31+BQ31+BT31 -> 0 | BX31: =+AQ31+AT31+AW31+AZ31+BC31+BF31+BI31+BL31+BO31+BR31+BU31 -> 0 | CB31: 200 | CC31: 2400 | CD31: 2400 | DF31: =BV31+CB31+CE31+CH31+CK31+CN31+CQ31+CT31+CW31+CZ31+DC31+BY31 -> 200 | DG31: =BW31+CC31+CF31+CI31+CL31+CO31+CR31+CU31+CX31+DA31+DD31+BZ31 -> 2400 | DH31: =BX31+CD31+CG31+CJ31+CM31+CP31+CS31+CV31+CY31+DB31+DE31+CA31 -> 2400
A32: 10 | B32: ဒေါ်စိန် | C32: Daw Sein | D32: ဘားအံ | E32: Thein Zayet | F32: Semi WS | G32: ထိန်လင်း | H32: Htein Lin | I32: 09-443988251 | J32: RSM | AO32: =+K32+N32+Q32+T32+W32+Z32+AC32+AF32+AI32+AL32 -> 0 | AP32: =+L32+O32+R32+U32+X32+AA32+AD32+AG32+AJ32+AM32 -> 0 | AQ32: =+M32+P32+S32+V32+Y32+AB32+AE32+AH32+AK32+AN32 -> 0 | BV32: =+AO32+AR32+AU32+AX32+BA32+BD32+BG32+BJ32+BM32+BP32+BS32 -> 0 | BW32: =+AP32+AS32+AV32+AY32+BB32+BE32+BH32+BK32+BN32+BQ32+BT32 -> 0 | BX32: =+AQ32+AT32+AW32+AZ32+BC32+BF32+BI32+BL32+BO32+BR32+BU32 -> 0 | CB32: 100 | CC32: 1300 | CD32: 1048 | DF32: =BV32+CB32+CE32+CH32+CK32+CN32+CQ32+CT32+CW32+CZ32+DC32+BY32 -> 100 | DG32: =BW32+CC32+CF32+CI32+CL32+CO32+CR32+CU32+CX32+DA32+DD32+BZ32 -> 1300 | DH32: =BX32+CD32+CG32+CJ32+CM32+CP32+CS32+CV32+CY32+DB32+DE32+CA32 -> 1048
A33: 11 | B33: ကိုဇော်လင်းမြတ် | C33: Ko Zaw Lin Myat | D33: မော်လမြိုင် | E33: Yay | F33: Semi WS | G33: ပြည့်ဖြိုးမောင် | H33: Pyae Phyo Maung | I33: 09-679797489 | J33: RSM | AO33: =+K33+N33+Q33+T33+W33+Z33+AC33+AF33+AI33+AL33 -> 0 | AP33: =+L33+O33+R33+U33+X33+AA33+AD33+AG33+AJ33+AM33 -> 0 | AQ33: =+M33+P33+S33+V33+Y33+AB33+AE33+AH33+AK33+AN33 -> 0 | BV33: =+AO33+AR33+AU33+AX33+BA33+BD33+BG33+BJ33+BM33+BP33+BS33 -> 0 | BW33: =+AP33+AS33+AV33+AY33+BB33+BE33+BH33+BK33+BN33+BQ33+BT33 -> 0 | BX33: =+AQ33+AT33+AW33+AZ33+BC33+BF33+BI33+BL33+BO33+BR33+BU33 -> 0 | CN33: 50 | CO33: 600 | CP33: 600 | DF33: =BV33+CB33+CE33+CH33+CK33+CN33+CQ33+CT33+CW33+CZ33+DC33+BY33 -> 50 | DG33: =BW33+CC33+CF33+CI33+CL33+CO33+CR33+CU33+CX33+DA33+DD33+BZ33 -> 600 | DH33: =BX33+CD33+CG33+CJ33+CM33+CP33+CS33+CV33+CY33+DB33+DE33+CA33 -> 600
A34: 12 | B34: စိတ်တိုင်းကျ | C34: Sate Tine Kya | D34: မော်လမြိုင် | E34: Hpa-an | F34: Semi WS | G34: ဖူးငုံစိုး | H34: Phoo Ngone Soe | I34: 09-798788870 | J34: RSM | AO34: =+K34+N34+Q34+T34+W34+Z34+AC34+AF34+AI34+AL34 -> 0 | AP34: =+L34+O34+R34+U34+X34+AA34+AD34+AG34+AJ34+AM34 -> 0 | AQ34: =+M34+P34+S34+V34+Y34+AB34+AE34+AH34+AK34+AN34 -> 0 | BA34: 204 | BB34: 2856 | BC34: 1827.84 | BV34: =+AO34+AR34+AU34+AX34+BA34+BD34+BG34+BJ34+BM34+BP34+BS34 -> 204 | BW34: =+AP34+AS34+AV34+AY34+BB34+BE34+BH34+BK34+BN34+BQ34+BT34 -> 2856 | BX34: =+AQ34+AT34+AW34+AZ34+BC34+BF34+BI34+BL34+BO34+BR34+BU34 -> 1827.84 | DF34: =BV34+CB34+CE34+CH34+CK34+CN34+CQ34+CT34+CW34+CZ34+DC34+BY34 -> 204 | DG34: =BW34+CC34+CF34+CI34+CL34+CO34+CR34+CU34+CX34+DA34+DD34+BZ34 -> 2856 | DH34: =BX34+CD34+CG34+CJ34+CM34+CP34+CS34+CV34+CY34+DB34+DE34+CA34 -> 1827.84
A35: 13 | B35: ဒေါ်မိစိန် | C35: Daw Mi Sen | D35: မော်လမြိုင် | E35: Yay | F35: Semi WS | G35: ထိန်လင်း | H35: Htein Lin | I35: 09-443988251 | AO35: =+K35+N35+Q35+T35+W35+Z35+AC35+AF35+AI35+AL35 -> 0 | AP35: =+L35+O35+R35+U35+X35+AA35+AD35+AG35+AJ35+AM35 -> 0 | AQ35: =+M35+P35+S35+V35+Y35+AB35+AE35+AH35+AK35+AN35 -> 0 | AX35: 50 | AY35: 640 | AZ35: 539.2 | BP35: 80 | BQ35: 1020 | BR35: 868.8 | BV35: =+AO35+AR35+AU35+AX35+BA35+BD35+BG35+BJ35+BM35+BP35+BS35 -> 130 | BW35: =+AP35+AS35+AV35+AY35+BB35+BE35+BH35+BK35+BN35+BQ35+BT35 -> 1660 | BX35: =+AQ35+AT35+AW35+AZ35+BC35+BF35+BI35+BL35+BO35+BR35+BU35 -> 1408 | DF35: =BV35+CB35+CE35+CH35+CK35+CN35+CQ35+CT35+CW35+CZ35+DC35+BY35 -> 130 | DG35: =BW35+CC35+CF35+CI35+CL35+CO35+CR35+CU35+CX35+DA35+DD35+BZ35 -> 1660 | DH35: =BX35+CD35+CG35+CJ35+CM35+CP35+CS35+CV35+CY35+DB35+DE35+CA35 -> 1408
A36: 14 | B36: ကိုရှမ်း | C36: Ko Shan | D36: မုဒုံမြို့ | E36: Yay | F36: Semi WS | AO36: =+K36+N36+Q36+T36+W36+Z36+AC36+AF36+AI36+AL36 -> 0 | AP36: =+L36+O36+R36+U36+X36+AA36+AD36+AG36+AJ36+AM36 -> 0 | AQ36: =+M36+P36+S36+V36+Y36+AB36+AE36+AH36+AK36+AN36 -> 0 | BV36: =+AO36+AR36+AU36+AX36+BA36+BD36+BG36+BJ36+BM36+BP36+BS36 -> 0 | BW36: =+AP36+AS36+AV36+AY36+BB36+BE36+BH36+BK36+BN36+BQ36+BT36 -> 0 | BX36: =+AQ36+AT36+AW36+AZ36+BC36+BF36+BI36+BL36+BO36+BR36+BU36 -> 0 | DC36: 100 | DD36: 1400 | DE36: 896 | DF36: =BV36+CB36+CE36+CH36+CK36+CN36+CQ36+CT36+CW36+CZ36+DC36+BY36 -> 100 | DG36: =BW36+CC36+CF36+CI36+CL36+CO36+CR36+CU36+CX36+DA36+DD36+BZ36 -> 1400 | DH36: =BX36+CD36+CG36+CJ36+CM36+CP36+CS36+CV36+CY36+DB36+DE36+CA36 -> 896
A37: 15 | B37: မစန္ဒာ | C37: Ma Sandar | D37: ချောင်းဆုံမြို့ | E37: Hpa-an | F37: Semi WS | AO37: =+K37+N37+Q37+T37+W37+Z37+AC37+AF37+AI37+AL37 -> 0 | AP37: =+L37+O37+R37+U37+X37+AA37+AD37+AG37+AJ37+AM37 -> 0 | AQ37: =+M37+P37+S37+V37+Y37+AB37+AE37+AH37+AK37+AN37 -> 0 | BP37: 200 | BQ37: 2600 | BR37: 2096 | BV37: =+AO37+AR37+AU37+AX37+BA37+BD37+BG37+BJ37+BM37+BP37+BS37 -> 200 | BW37: =+AP37+AS37+AV37+AY37+BB37+BE37+BH37+BK37+BN37+BQ37+BT37 -> 2600 | BX37: =+AQ37+AT37+AW37+AZ37+BC37+BF37+BI37+BL37+BO37+BR37+BU37 -> 2096 | DF37: =BV37+CB37+CE37+CH37+CK37+CN37+CQ37+CT37+CW37+CZ37+DC37+BY37 -> 200 | DG37: =BW37+CC37+CF37+CI37+CL37+CO37+CR37+CU37+CX37+DA37+DD37+BZ37 -> 2600 | DH37: =BX37+CD37+CG37+CJ37+CM37+CP37+CS37+CV37+CY37+DB37+DE37+CA37 -> 2096
A38: 16 | B38: ကိုအောင်နိုင်ဦး | C38: Ko Aung Naing Oo | D38: မုဒုံမြို့ | E38: Mudon | F38: Semi WS | AO38: =+K38+N38+Q38+T38+W38+Z38+AC38+AF38+AI38+AL38 -> 0 | AP38: =+L38+O38+R38+U38+X38+AA38+AD38+AG38+AJ38+AM38 -> 0 | AQ38: =+M38+P38+S38+V38+Y38+AB38+AE38+AH38+AK38+AN38 -> 0 | BV38: =+AO38+AR38+AU38+AX38+BA38+BD38+BG38+BJ38+BM38+BP38+BS38 -> 0 | BW38: =+AP38+AS38+AV38+AY38+BB38+BE38+BH38+BK38+BN38+BQ38+BT38 -> 0 | BX38: =+AQ38+AT38+AW38+AZ38+BC38+BF38+BI38+BL38+BO38+BR38+BU38 -> 0 | CB38: 100 | CC38: 1400 | CD38: 896 | DF38: =BV38+CB38+CE38+CH38+CK38+CN38+CQ38+CT38+CW38+CZ38+DC38+BY38 -> 100 | DG38: =BW38+CC38+CF38+CI38+CL38+CO38+CR38+CU38+CX38+DA38+DD38+BZ38 -> 1400 | DH38: =BX38+CD38+CG38+CJ38+CM38+CP38+CS38+CV38+CY38+DB38+DE38+CA38 -> 896
A39: 17 | B39: ဦးပြည်အေး | C39: U Pyi Aye | D39: မုဒုံမြို့ | E39: Paung | F39: Semi WS | AO39: =+K39+N39+Q39+T39+W39+Z39+AC39+AF39+AI39+AL39 -> 0 | AP39: =+L39+O39+R39+U39+X39+AA39+AD39+AG39+AJ39+AM39 -> 0 | AQ39: =+M39+P39+S39+V39+Y39+AB39+AE39+AH39+AK39+AN39 -> 0 | AX39: 100 | AY39: 1400 | AZ39: 896 | BV39: =+AO39+AR39+AU39+AX39+BA39+BD39+BG39+BJ39+BM39+BP39+BS39 -> 100 | BW39: =+AP39+AS39+AV39+AY39+BB39+BE39+BH39+BK39+BN39+BQ39+BT39 -> 1400 | BX39: =+AQ39+AT39+AW39+AZ39+BC39+BF39+BI39+BL39+BO39+BR39+BU39 -> 896 | DF39: =BV39+CB39+CE39+CH39+CK39+CN39+CQ39+CT39+CW39+CZ39+DC39+BY39 -> 100 | DG39: =BW39+CC39+CF39+CI39+CL39+CO39+CR39+CU39+CX39+DA39+DD39+BZ39 -> 1400 | DH39: =BX39+CD39+CG39+CJ39+CM39+CP39+CS39+CV39+CY39+DB39+DE39+CA39 -> 896
A40: 18 | B40: မသီတာ၀င်း | C40: Ma Thida Win | D40: ကျိုက်ထိုမြို့ | E40: Mudon | F40: Semi WS | AC40: 49 | AD40: 686 | AE40: 439.04 | AO40: =+K40+N40+Q40+T40+W40+Z40+AC40+AF40+AI40+AL40 -> 49 | AP40: =+L40+O40+R40+U40+X40+AA40+AD40+AG40+AJ40+AM40 -> 686 | AQ40: =+M40+P40+S40+V40+Y40+AB40+AE40+AH40+AK40+AN40 -> 439.04 | BD40: 25 | BE40: 350 | BF40: 224 | BV40: =+AO40+AR40+AU40+AX40+BA40+BD40+BG40+BJ40+BM40+BP40+BS40 -> 74 | BW40: =+AP40+AS40+AV40+AY40+BB40+BE40+BH40+BK40+BN40+BQ40+BT40 -> 1036 | BX40: =+AQ40+AT40+AW40+AZ40+BC40+BF40+BI40+BL40+BO40+BR40+BU40 -> 663.04 | CB40: 25 | CC40: 350 | CD40: 224 | CQ40: 25 | CR40: 350 | CS40: 224 | DC40: 25 | DD40: 350 | DE40: 224 | DF40: =BV40+CB40+CE40+CH40+CK40+CN40+CQ40+CT40+CW40+CZ40+DC40+BY40 -> 149 | DG40: =BW40+CC40+CF40+CI40+CL40+CO40+CR40+CU40+CX40+DA40+DD40+BZ40 -> 2086 | DH40: =BX40+CD40+CG40+CJ40+CM40+CP40+CS40+CV40+CY40+DB40+DE40+CA40 -> 1335.04
A41: 19 | B41: A1 | C41: A1 | D41: မော်လမြိုင် | E41: Maw La Myaing | F41: Semi WS | AL41: 35 | AM41: 470 | AN41: 344 | AO41: =+K41+N41+Q41+T41+W41+Z41+AC41+AF41+AI41+AL41 -> 35 | AP41: =+L41+O41+R41+U41+X41+AA41+AD41+AG41+AJ41+AM41 -> 470 | AQ41: =+M41+P41+S41+V41+Y41+AB41+AE41+AH41+AK41+AN41 -> 344 | BP41: 40 | BQ41: 530 | BR41: 404 | BV41: =+AO41+AR41+AU41+AX41+BA41+BD41+BG41+BJ41+BM41+BP41+BS41 -> 75 | BW41: =+AP41+AS41+AV41+AY41+BB41+BE41+BH41+BK41+BN41+BQ41+BT41 -> 1000 | BX41: =+AQ41+AT41+AW41+AZ41+BC41+BF41+BI41+BL41+BO41+BR41+BU41 -> 748 | CW41: 35 | CX41: 470 | CY41: 344 | DF41: =BV41+CB41+CE41+CH41+CK41+CN41+CQ41+CT41+CW41+CZ41+DC41+BY41 -> 110 | DG41: =BW41+CC41+CF41+CI41+CL41+CO41+CR41+CU41+CX41+DA41+DD41+BZ41 -> 1470 | DH41: =BX41+CD41+CG41+CJ41+CM41+CP41+CS41+CV41+CY41+DB41+DE41+CA41 -> 1092
A42: 20 | B42: KP | C42: KP | D42: မော်လမြိုင် | E42: Maw La Myaing | F42: Semi WS | AO42: =+K42+N42+Q42+T42+W42+Z42+AC42+AF42+AI42+AL42 -> 0 | AP42: =+L42+O42+R42+U42+X42+AA42+AD42+AG42+AJ42+AM42 -> 0 | AQ42: =+M42+P42+S42+V42+Y42+AB42+AE42+AH42+AK42+AN42 -> 0 | BA42: 0.5 | BB42: 6 | BC42: 6 | BS42: 5 | BT42: 60 | BU42: 60 | BV42: =+AO42+AR42+AU42+AX42+BA42+BD42+BG42+BJ42+BM42+BP42+BS42 -> 5.5 | BW42: =+AP42+AS42+AV42+AY42+BB42+BE42+BH42+BK42+BN42+BQ42+BT42 -> 66 | BX42: =+AQ42+AT42+AW42+AZ42+BC42+BF42+BI42+BL42+BO42+BR42+BU42 -> 66 | DF42: =BV42+CB42+CE42+CH42+CK42+CN42+CQ42+CT42+CW42+CZ42+DC42+BY42 -> 5.5 | DG42: =BW42+CC42+CF42+CI42+CL42+CO42+CR42+CU42+CX42+DA42+DD42+BZ42 -> 66 | DH42: =BX42+CD42+CG42+CJ42+CM42+CP42+CS42+CV42+CY42+DB42+DE42+CA42 -> 66
A43: 21 | B43: 3 Brother | C43: 3 Brother | D43: မုဒုံမြို့ | E43: Yay | F43: Semi WS | AO43: =+K43+N43+Q43+T43+W43+Z43+AC43+AF43+AI43+AL43 -> 0 | AP43: =+L43+O43+R43+U43+X43+AA43+AD43+AG43+AJ43+AM43 -> 0 | AQ43: =+M43+P43+S43+V43+Y43+AB43+AE43+AH43+AK43+AN43 -> 0 | BV43: =+AO43+AR43+AU43+AX43+BA43+BD43+BG43+BJ43+BM43+BP43+BS43 -> 0 | BW43: =+AP43+AS43+AV43+AY43+BB43+BE43+BH43+BK43+BN43+BQ43+BT43 -> 0 | BX43: =+AQ43+AT43+AW43+AZ43+BC43+BF43+BI43+BL43+BO43+BR43+BU43 -> 0 | CB43: 50 | CC43: 640 | CD43: 539.2 | DF43: =BV43+CB43+CE43+CH43+CK43+CN43+CQ43+CT43+CW43+CZ43+DC43+BY43 -> 50 | DG43: =BW43+CC43+CF43+CI43+CL43+CO43+CR43+CU43+CX43+DA43+DD43+BZ43 -> 640 | DH43: =BX43+CD43+CG43+CJ43+CM43+CP43+CS43+CV43+CY43+DB43+DE43+CA43 -> 539.2
A44: 22 | B44: Thailand | C44: Thailand | D44: ရေးမြို့ | E44: Mudon | F44: Semi WS | AO44: =+K44+N44+Q44+T44+W44+Z44+AC44+AF44+AI44+AL44 -> 0 | AP44: =+L44+O44+R44+U44+X44+AA44+AD44+AG44+AJ44+AM44 -> 0 | AQ44: =+M44+P44+S44+V44+Y44+AB44+AE44+AH44+AK44+AN44 -> 0 | AU44: 50 | AV44: 700 | AW44: 448 | BV44: =+AO44+AR44+AU44+AX44+BA44+BD44+BG44+BJ44+BM44+BP44+BS44 -> 50 | BW44: =+AP44+AS44+AV44+AY44+BB44+BE44+BH44+BK44+BN44+BQ44+BT44 -> 700 | BX44: =+AQ44+AT44+AW44+AZ44+BC44+BF44+BI44+BL44+BO44+BR44+BU44 -> 448 | DC44: 50 | DD44: 700 | DE44: 448 | DF44: =BV44+CB44+CE44+CH44+CK44+CN44+CQ44+CT44+CW44+CZ44+DC44+BY44 -> 100 | DG44: =BW44+CC44+CF44+CI44+CL44+CO44+CR44+CU44+CX44+DA44+DD44+BZ44 -> 1400 | DH44: =BX44+CD44+CG44+CJ44+CM44+CP44+CS44+CV44+CY44+DB44+DE44+CA44 -> 896
A45: 23 | B45: ဦးမြင့်ကြည် | C45: U Myint Kyi | D45: ဘားအံ | E45: Belin | F45: Semi WS | AO45: =+K45+N45+Q45+T45+W45+Z45+AC45+AF45+AI45+AL45 -> 0 | AP45: =+L45+O45+R45+U45+X45+AA45+AD45+AG45+AJ45+AM45 -> 0 | AQ45: =+M45+P45+S45+V45+Y45+AB45+AE45+AH45+AK45+AN45 -> 0 | BV45: =+AO45+AR45+AU45+AX45+BA45+BD45+BG45+BJ45+BM45+BP45+BS45 -> 0 | BW45: =+AP45+AS45+AV45+AY45+BB45+BE45+BH45+BK45+BN45+BQ45+BT45 -> 0 | BX45: =+AQ45+AT45+AW45+AZ45+BC45+BF45+BI45+BL45+BO45+BR45+BU45 -> 0 | DF45: =BV45+CB45+CE45+CH45+CK45+CN45+CQ45+CT45+CW45+CZ45+DC45+BY45 -> 0 | DG45: =BW45+CC45+CF45+CI45+CL45+CO45+CR45+CU45+CX45+DA45+DD45+BZ45 -> 0 | DH45: =BX45+CD45+CG45+CJ45+CM45+CP45+CS45+CV45+CY45+DB45+DE45+CA45 -> 0
A46: 24 | B46: မိုးဆမ်း | C46: Moe San | D46: မုဒုံ | E46: Mudon | F46: Semi WS | AC46: 50 | AD46: 700 | AE46: 448 | AO46: =+K46+N46+Q46+T46+W46+Z46+AC46+AF46+AI46+AL46 -> 50 | AP46: =+L46+O46+R46+U46+X46+AA46+AD46+AG46+AJ46+AM46 -> 700 | AQ46: =+M46+P46+S46+V46+Y46+AB46+AE46+AH46+AK46+AN46 -> 448 | BV46: =+AO46+AR46+AU46+AX46+BA46+BD46+BG46+BJ46+BM46+BP46+BS46 -> 50 | BW46: =+AP46+AS46+AV46+AY46+BB46+BE46+BH46+BK46+BN46+BQ46+BT46 -> 700 | BX46: =+AQ46+AT46+AW46+AZ46+BC46+BF46+BI46+BL46+BO46+BR46+BU46 -> 448 | CB46: 50 | CC46: 700 | CD46: 448 | DF46: =BV46+CB46+CE46+CH46+CK46+CN46+CQ46+CT46+CW46+CZ46+DC46+BY46 -> 100 | DG46: =BW46+CC46+CF46+CI46+CL46+CO46+CR46+CU46+CX46+DA46+DD46+BZ46 -> 1400 | DH46: =BX46+CD46+CG46+CJ46+CM46+CP46+CS46+CV46+CY46+DB46+DE46+CA46 -> 896
A47: Total | K47: =SUM(K23:K46) -> 0 | L47: =SUM(L23:L46) -> 0 | M47: =SUM(M23:M46) -> 0 | N47: =SUM(N23:N46) -> 0 | O47: =SUM(O23:O46) -> 0 | P47: =SUM(P23:P46) -> 0 | Q47: =SUM(Q23:Q46) -> 0 | R47: =SUM(R23:R46) -> 0 | ... DH47: =SUM(DH23:DH46) -> 33913.68
A49: No | B49: Names | D49: Township | F49: Type | G49: Contact Name | I49: Contact No. | J49: Responsibility | K49: 1st January | N49: 2nd January | Q49: 3rd January | T49: 4th January | W49: 5th January | Z49: 6th January | AC49: 7th January | AF49: 8th January | AI49: 9th January | AL49: 10th January | AO49: 10-days | AR49: 11th January | AU49: 12th January | AX49: 13th January | BA49: 14th January | BD49: 15th January | BG49: 16th January | BJ49: 17th January | BM49: 18th January | BP49: 19th January | BS49: 20th January | BV49: 20-days | BY49: 21st January | CB49: 22nd January | CE49: 23rd January | CH49: 24th January | CK49: 25th January | CN49: 26th January | CQ49: 27th January | CT49: 28th January | CW49: 29th January | CZ49: 30th January | DC49: 31st January | DF49: Month Till Date
K50: PKT | L50: BOT | M50: Liter | N50: PKT | O50: BOT | P50: Liter | Q50: PKT | R50: BOT | S50: Liter | T50: PKT | U50: BOT | V50: Liter | W50: PKT | X50: BOT | Y50: Liter | Z50: PKT | AA50: BOT | AB50: Liter | AC50: PKT | AD50: BOT | AE50: Liter | AF50: PKT | AG50: BOT | AH50: Liter | AI50: PKT | AJ50: BOT | AK50: Liter | AL50: PKT | AM50: BOT | AN50: Liter | AO50: PKT | AP50: BOT | AQ50: Liter | AR50: PKT | AS50: BOT | AT50: Liter | AU50: PKT | AV50: BOT | AW50: Liter | AX50: PKT | AY50: BOT | AZ50: Liter | BA50: PKT | BB50: BOT | BC50: Liter | BD50: PKT | BE50: BOT | BF50: Liter | BG50: PKT | BH50: BOT | BI50: Liter | BJ50: PKT | BK50: BOT | BL50: Liter | BM50: PKT | BN50: BOT | BO50: Liter | BP50: PKT | BQ50: BOT | BR50: Liter | BS50: PKT | BT50: BOT | BU50: Liter | BV50: PKT | BW50: BOT | BX50: Liter | BY50: PKT | BZ50: BOT | CA50: Liter | CB50: PKT | CC50: BOT | CD50: Liter | CE50: PKT | CF50: BOT | CG50: Liter | CH50: PKT | CI50: BOT | CJ50: Liter | CK50: PKT | CL50: BOT | CM50: Liter | CN50: PKT | CO50: BOT | CP50: Liter | CQ50: PKT | CR50: BOT | CS50: Liter | CT50: PKT | CU50: BOT | CV50: Liter | CW50: PKT | CX50: BOT | CY50: Liter | CZ50: PKT | DA50: BOT | DB50: Liter | DC50: PKT | DD50: BOT | DE50: Liter | DF50: PKT | DG50: BOT | DH50: Liter
A51: 1 | B51: ကံ့ကော်စတိုး | C51: Kant Kaw Store | D51: မော်လမြိုင် | E51: Yay | F51: Mini WS | AO51: =+K51+N51+Q51+T51+W51+Z51+AC51+AF51+AI51+AL51 -> 0 | AP51: =+L51+O51+R51+U51+X51+AA51+AD51+AG51+AJ51+AM51 -> 0 | AQ51: =+M51+P51+S51+V51+Y51+AB51+AE51+AH51+AK51+AN51 -> 0 | BV51: =+AO51+AR51+AU51+AX51+BA51+BD51+BG51+BJ51+BM51+BP51+BS51 -> 0 | BW51: =+AP51+AS51+AV51+AY51+BB51+BE51+BH51+BK51+BN51+BQ51+BT51 -> 0 | BX51: =+AQ51+AT51+AW51+AZ51+BC51+BF51+BI51+BL51+BO51+BR51+BU51 -> 0 | CN51: 70 | CO51: 880 | CP51: 779.2 | DF51: =BV51+CB51+CE51+CH51+CK51+CN51+CQ51+CT51+CW51+CZ51+DC51+BY51 -> 70 | DG51: =BW51+CC51+CF51+CI51+CL51+CO51+CR51+CU51+CX51+DA51+DD51+BZ51 -> 880 | DH51: =BX51+CD51+CG51+CJ51+CM51+CP51+CS51+CV51+CY51+DB51+DE51+CA51 -> 779.2
A52: 2 | B52: ဒေါ်မွှေး | C52: Daw Mwe | D52: မော်လမြိုင် | E52: Phar Pun | F52: Mini WS | AO52: =+K52+N52+Q52+T52+W52+Z52+AC52+AF52+AI52+AL52 -> 0 | AP52: =+L52+O52+R52+U52+X52+AA52+AD52+AG52+AJ52+AM52 -> 0 | AQ52: =+M52+P52+S52+V52+Y52+AB52+AE52+AH52+AK52+AN52 -> 0 | BV52: =+AO52+AR52+AU52+AX52+BA52+BD52+BG52+BJ52+BM52+BP52+BS52 -> 0 | BW52: =+AP52+AS52+AV52+AY52+BB52+BE52+BH52+BK52+BN52+BQ52+BT52 -> 0 | BX52: =+AQ52+AT52+AW52+AZ52+BC52+BF52+BI52+BL52+BO52+BR52+BU52 -> 0 | DF52: =BV52+CB52+CE52+CH52+CK52+CN52+CQ52+CT52+CW52+CZ52+DC52+BY52 -> 0 | DG52: =BW52+CC52+CF52+CI52+CL52+CO52+CR52+CU52+CX52+DA52+DD52+BZ52 -> 0 | DH52: =BX52+CD52+CG52+CJ52+CM52+CP52+CS52+CV52+CY52+DB52+DE52+CA52 -> 0
A53: 3 | B53: ဦးလှ၀င်း | C53: U Hla Win | D53: မော်လမြိုင် | E53: Hpa-an | F53: Mini WS | Z53: 50 | AA53: 1160 | AB53: 640 | AO53: =+K53+N53+Q53+T53+W53+Z53+AC53+AF53+AI53+AL53 -> 50 | AP53: =+L53+O53+R53+U53+X53+AA53+AD53+AG53+AJ53+AM53 -> 1160 | AQ53: =+M53+P53+S53+V53+Y53+AB53+AE53+AH53+AK53+AN53 -> 640 | BV53: =+AO53+AR53+AU53+AX53+BA53+BD53+BG53+BJ53+BM53+BP53+BS53 -> 50 | BW53: =+AP53+AS53+AV53+AY53+BB53+BE53+BH53+BK53+BN53+BQ53+BT53 -> 1160 | BX53: =+AQ53+AT53+AW53+AZ53+BC53+BF53+BI53+BL53+BO53+BR53+BU53 -> 640 | CN53: 150 | CO53: 1800 | CP53: 1800 | DF53: =BV53+CB53+CE53+CH53+CK53+CN53+CQ53+CT53+CW53+CZ53+DC53+BY53 -> 200 | DG53: =BW53+CC53+CF53+CI53+CL53+CO53+CR53+CU53+CX53+DA53+DD53+BZ53 -> 2960 | DH53: =BX53+CD53+CG53+CJ53+CM53+CP53+CS53+CV53+CY53+DB53+DE53+CA53 -> 2440
A54: 4 | B54: မွန်လေး | C54: Mon Lay | D54: ချောင်းဆုံမြို့ | E54: Maw La Myaing | F54: Mini WS | AO54: =+K54+N54+Q54+T54+W54+Z54+AC54+AF54+AI54+AL54 -> 0 | AP54: =+L54+O54+R54+U54+X54+AA54+AD54+AG54+AJ54+AM54 -> 0 | AQ54: =+M54+P54+S54+V54+Y54+AB54+AE54+AH54+AK54+AN54 -> 0 | BV54: =+AO54+AR54+AU54+AX54+BA54+BD54+BG54+BJ54+BM54+BP54+BS54 -> 0 | BW54: =+AP54+AS54+AV54+AY54+BB54+BE54+BH54+BK54+BN54+BQ54+BT54 -> 0 | BX54: =+AQ54+AT54+AW54+AZ54+BC54+BF54+BI54+BL54+BO54+BR54+BU54 -> 0 | DF54: =BV54+CB54+CE54+CH54+CK54+CN54+CQ54+CT54+CW54+CZ54+DC54+BY54 -> 0 | DG54: =BW54+CC54+CF54+CI54+CL54+CO54+CR54+CU54+CX54+DA54+DD54+BZ54 -> 0 | DH54: =BX54+CD54+CG54+CJ54+CM54+CP54+CS54+CV54+CY54+DB54+DE54+CA54 -> 0
A55: 5 | B55: ဝါးအိမ် | C55: War Eain | D55: မော်လမြိုင် | E55: Thein Zayet | F55: Mini WS | W55: 225 | X55: 2900 | Y55: 2396 | AO55: =+K55+N55+Q55+T55+W55+Z55+AC55+AF55+AI55+AL55 -> 225 | AP55: =+L55+O55+R55+U55+X55+AA55+AD55+AG55+AJ55+AM55 -> 2900 | AQ55: =+M55+P55+S55+V55+Y55+AB55+AE55+AH55+AK55+AN55 -> 2396 | BV55: =+AO55+AR55+AU55+AX55+BA55+BD55+BG55+BJ55+BM55+BP55+BS55 -> 225 | BW55: =+AP55+AS55+AV55+AY55+BB55+BE55+BH55+BK55+BN55+BQ55+BT55 -> 2900 | BX55: =+AQ55+AT55+AW55+AZ55+BC55+BF55+BI55+BL55+BO55+BR55+BU55 -> 2396 | DF55: =BV55+CB55+CE55+CH55+CK55+CN55+CQ55+CT55+CW55+CZ55+DC55+BY55 -> 225 | DG55: =BW55+CC55+CF55+CI55+CL55+CO55+CR55+CU55+CX55+DA55+DD55+BZ55 -> 2900 | DH55: =BX55+CD55+CG55+CJ55+CM55+CP55+CS55+CV55+CY55+DB55+DE55+CA55 -> 2396
A56: 6 | B56: ဆေးသစ္စာ | C56: Say Thitsar | D56: မော်လမြိုင် | E56: Maw La Myaing | F56: Mini WS | AO56: =+K56+N56+Q56+T56+W56+Z56+AC56+AF56+AI56+AL56 -> 0 | AP56: =+L56+O56+R56+U56+X56+AA56+AD56+AG56+AJ56+AM56 -> 0 | AQ56: =+M56+P56+S56+V56+Y56+AB56+AE56+AH56+AK56+AN56 -> 0 | BS56: 50 | BT56: 700 | BU56: 448 | BV56: =+AO56+AR56+AU56+AX56+BA56+BD56+BG56+BJ56+BM56+BP56+BS56 -> 50 | BW56: =+AP56+AS56+AV56+AY56+BB56+BE56+BH56+BK56+BN56+BQ56+BT56 -> 700 | BX56: =+AQ56+AT56+AW56+AZ56+BC56+BF56+BI56+BL56+BO56+BR56+BU56 -> 448 | DF56: =BV56+CB56+CE56+CH56+CK56+CN56+CQ56+CT56+CW56+CZ56+DC56+BY56 -> 50 | DG56: =BW56+CC56+CF56+CI56+CL56+CO56+CR56+CU56+CX56+DA56+DD56+BZ56 -> 700 | DH56: =BX56+CD56+CG56+CJ56+CM56+CP56+CS56+CV56+CY56+DB56+DE56+CA56 -> 448
A57: 7 | B57: ရဲညွှန့်အောင် | C57: Ye Nyunt Aung | D57: ချောင်းဆုံမြို့ | E57: Kyaikto | F57: Mini WS | AI57: 100 | AJ57: 1200 | AK57: 840 | AO57: =+K57+N57+Q57+T57+W57+Z57+AC57+AF57+AI57+AL57 -> 100 | AP57: =+L57+O57+R57+U57+X57+AA57+AD57+AG57+AJ57+AM57 -> 1200 | AQ57: =+M57+P57+S57+V57+Y57+AB57+AE57+AH57+AK57+AN57 -> 840 | BV57: =+AO57+AR57+AU57+AX57+BA57+BD57+BG57+BJ57+BM57+BP57+BS57 -> 100 | BW57: =+AP57+AS57+AV57+AY57+BB57+BE57+BH57+BK57+BN57+BQ57+BT57 -> 1200 | BX57: =+AQ57+AT57+AW57+AZ57+BC57+BF57+BI57+BL57+BO57+BR57+BU57 -> 840 | DF57: =BV57+CB57+CE57+CH57+CK57+CN57+CQ57+CT57+CW57+CZ57+DC57+BY57 -> 100 | DG57: =BW57+CC57+CF57+CI57+CL57+CO57+CR57+CU57+CX57+DA57+DD57+BZ57 -> 1200 | DH57: =BX57+CD57+CG57+CJ57+CM57+CP57+CS57+CV57+CY57+DB57+DE57+CA57 -> 840
A58: 8 | B58: လပြည့် | C58: La Pyae | D58: မုဒုံမြို့ | E58: ThaHtone | F58: Mini WS | AO58: =+K58+N58+Q58+T58+W58+Z58+AC58+AF58+AI58+AL58 -> 0 | AP58: =+L58+O58+R58+U58+X58+AA58+AD58+AG58+AJ58+AM58 -> 0 | AQ58: =+M58+P58+S58+V58+Y58+AB58+AE58+AH58+AK58+AN58 -> 0 | BV58: =+AO58+AR58+AU58+AX58+BA58+BD58+BG58+BJ58+BM58+BP58+BS58 -> 0 | BW58: =+AP58+AS58+AV58+AY58+BB58+BE58+BH58+BK58+BN58+BQ58+BT58 -> 0 | BX58: =+AQ58+AT58+AW58+AZ58+BC58+BF58+BI58+BL58+BO58+BR58+BU58 -> 0 | DF58: =BV58+CB58+CE58+CH58+CK58+CN58+CQ58+CT58+CW58+CZ58+DC58+BY58 -> 0 | DG58: =BW58+CC58+CF58+CI58+CL58+CO58+CR58+CU58+CX58+DA58+DD58+BZ58 -> 0 | DH58: =BX58+CD58+CG58+CJ58+CM58+CP58+CS58+CV58+CY58+DB58+DE58+CA58 -> 0
A59: 9 | B59: ကိုကျော်စိုး (နံ့သာ) | C59: Ko Kyaw Soe | D59: မော်လမြိုင် | E59: ThaHtone | F59: Mini WS | G59: ဖူးငုံစိုး | H59: Phoo Ngone Soe | I59: 09-798788870 | J59: RSM | AO59: =+K59+N59+Q59+T59+W59+Z59+AC59+AF59+AI59+AL59 -> 0 | AP59: =+L59+O59+R59+U59+X59+AA59+AD59+AG59+AJ59+AM59 -> 0 | AQ59: =+M59+P59+S59+V59+Y59+AB59+AE59+AH59+AK59+AN59 -> 0 | BV59: =+AO59+AR59+AU59+AX59+BA59+BD59+BG59+BJ59+BM59+BP59+BS59 -> 0 | BW59: =+AP59+AS59+AV59+AY59+BB59+BE59+BH59+BK59+BN59+BQ59+BT59 -> 0 | BX59: =+AQ59+AT59+AW59+AZ59+BC59+BF59+BI59+BL59+BO59+BR59+BU59 -> 0 | DF59: =BV59+CB59+CE59+CH59+CK59+CN59+CQ59+CT59+CW59+CZ59+DC59+BY59 -> 0 | DG59: =BW59+CC59+CF59+CI59+CL59+CO59+CR59+CU59+CX59+DA59+DD59+BZ59 -> 0 | DH59: =BX59+CD59+CG59+CJ59+CM59+CP59+CS59+CV59+CY59+DB59+DE59+CA59 -> 0
A60: 10 | B60: ၀မ်းဒေါ်လာ | C60: One Dollar | D60: ဘားအံ | E60: Mudon | F60: Mini WS | G60: ထိန်လင်း | H60: Htein Lin | I60: 09-443988251 | J60: RSM | AO60: =+K60+N60+Q60+T60+W60+Z60+AC60+AF60+AI60+AL60 -> 0 | AP60: =+L60+O60+R60+U60+X60+AA60+AD60+AG60+AJ60+AM60 -> 0 | AQ60: =+M60+P60+S60+V60+Y60+AB60+AE60+AH60+AK60+AN60 -> 0 | AU60: 25 | AV60: 350 | AW60: 224 | BV60: =+AO60+AR60+AU60+AX60+BA60+BD60+BG60+BJ60+BM60+BP60+BS60 -> 25 | BW60: =+AP60+AS60+AV60+AY60+BB60+BE60+BH60+BK60+BN60+BQ60+BT60 -> 350 | BX60: =+AQ60+AT60+AW60+AZ60+BC60+BF60+BI60+BL60+BO60+BR60+BU60 -> 224 | CQ60: 25 | CR60: 350 | CS60: 224 | DF60: =BV60+CB60+CE60+CH60+CK60+CN60+CQ60+CT60+CW60+CZ60+DC60+BY60 -> 50 | DG60: =BW60+CC60+CF60+CI60+CL60+CO60+CR60+CU60+CX60+DA60+DD60+BZ60 -> 700 | DH60: =BX60+CD60+CG60+CJ60+CM60+CP60+CS60+CV60+CY60+DB60+DE60+CA60 -> 448
A61: 11 | B61: ကိုမောင်ဦး | C61: Ko Maung Oo | D61: မော်လမြိုင် | E61: Maw La Myaing | F61: Mini WS | G61: ပြည့်ဖြိုးမောင် | H61: Pyae Phyo Maung | I61: 09-679797489 | J61: RSM | AO61: =+K61+N61+Q61+T61+W61+Z61+AC61+AF61+AI61+AL61 -> 0 | AP61: =+L61+O61+R61+U61+X61+AA61+AD61+AG61+AJ61+AM61 -> 0 | AQ61: =+M61+P61+S61+V61+Y61+AB61+AE61+AH61+AK61+AN61 -> 0 | AU61: 10 | AV61: 140 | AW61: 89.6 | BV61: =+AO61+AR61+AU61+AX61+BA61+BD61+BG61+BJ61+BM61+BP61+BS61 -> 10 | BW61: =+AP61+AS61+AV61+AY61+BB61+BE61+BH61+BK61+BN61+BQ61+BT61 -> 140 | BX61: =+AQ61+AT61+AW61+AZ61+BC61+BF61+BI61+BL61+BO61+BR61+BU61 -> 89.6 | CN61: 10 | CO61: 140 | CP61: 89.6 | DF61: =BV61+CB61+CE61+CH61+CK61+CN61+CQ61+CT61+CW61+CZ61+DC61+BY61 -> 20 | DG61: =BW61+CC61+CF61+CI61+CL61+CO61+CR61+CU61+CX61+DA61+DD61+BZ61 -> 280 | DH61: =BX61+CD61+CG61+CJ61+CM61+CP61+CS61+CV61+CY61+DB61+DE61+CA61 -> 179.2
A62: 12 | B62: ဒေါ်စိန်ယုံ | C62: Daw Sein Yone | D62: မော်လမြိုင် | E62: Mudon | F62: Mini WS | G62: ဖူးငုံစိုး | H62: Phoo Ngone Soe | I62: 09-798788870 | J62: RSM | N62: 30 | O62: 420 | P62: 268.8 | AO62: =+K62+N62+Q62+T62+W62+Z62+AC62+AF62+AI62+AL62 -> 30 | AP62: =+L62+O62+R62+U62+X62+AA62+AD62+AG62+AJ62+AM62 -> 420 | AQ62: =+M62+P62+S62+V62+Y62+AB62+AE62+AH62+AK62+AN62 -> 268.8 | BD62: 20 | BE62: 280 | BF62: 179.2 | BV62: =+AO62+AR62+AU62+AX62+BA62+BD62+BG62+BJ62+BM62+BP62+BS62 -> 50 | BW62: =+AP62+AS62+AV62+AY62+BB62+BE62+BH62+BK62+BN62+BQ62+BT62 -> 700 | BX62: =+AQ62+AT62+AW62+AZ62+BC62+BF62+BI62+BL62+BO62+BR62+BU62 -> 448 | CH62: 30 | CI62: 420 | CJ62: 268.8 | DF62: =BV62+CB62+CE62+CH62+CK62+CN62+CQ62+CT62+CW62+CZ62+DC62+BY62 -> 80 | DG62: =BW62+CC62+CF62+CI62+CL62+CO62+CR62+CU62+CX62+DA62+DD62+BZ62 -> 1120 | DH62: =BX62+CD62+CG62+CJ62+CM62+CP62+CS62+CV62+CY62+DB62+DE62+CA62 -> 716.8
A63: 13 | B63: နန်းသဇင် | C63: Nan Tha Zin | D63: မုဒုံမြို့ | E63: Maw La Myaing | F63: Mini WS | G63: ထိန်လင်း | H63: Htein Lin | I63: 09-443988251 | AO63: =+K63+N63+Q63+T63+W63+Z63+AC63+AF63+AI63+AL63 -> 0 | AP63: =+L63+O63+R63+U63+X63+AA63+AD63+AG63+AJ63+AM63 -> 0 | AQ63: =+M63+P63+S63+V63+Y63+AB63+AE63+AH63+AK63+AN63 -> 0 | BV63: =+AO63+AR63+AU63+AX63+BA63+BD63+BG63+BJ63+BM63+BP63+BS63 -> 0 | BW63: =+AP63+AS63+AV63+AY63+BB63+BE63+BH63+BK63+BN63+BQ63+BT63 -> 0 | BX63: =+AQ63+AT63+AW63+AZ63+BC63+BF63+BI63+BL63+BO63+BR63+BU63 -> 0 | DF63: =BV63+CB63+CE63+CH63+CK63+CN63+CQ63+CT63+CW63+CZ63+DC63+BY63 -> 0 | DG63: =BW63+CC63+CF63+CI63+CL63+CO63+CR63+CU63+CX63+DA63+DD63+BZ63 -> 0 | DH63: =BX63+CD63+CG63+CJ63+CM63+CP63+CS63+CV63+CY63+DB63+DE63+CA63 -> 0
A64: 14 | B64: အနဲကြီး | C64: A Nae Gyi | D64: မော်လမြိုင် | E64: Maw La Myaing | F64: Mini WS | AC64: 10 | AD64: 140 | AE64: 89.6 | AO64: =+K64+N64+Q64+T64+W64+Z64+AC64+AF64+AI64+AL64 -> 10 | AP64: =+L64+O64+R64+U64+X64+AA64+AD64+AG64+AJ64+AM64 -> 140 | AQ64: =+M64+P64+S64+V64+Y64+AB64+AE64+AH64+AK64+AN64 -> 89.6 | BA64: 10 | BB64: 140 | BC64: 89.6 | BV64: =+AO64+AR64+AU64+AX64+BA64+BD64+BG64+BJ64+BM64+BP64+BS64 -> 20 | BW64: =+AP64+AS64+AV64+AY64+BB64+BE64+BH64+BK64+BN64+BQ64+BT64 -> 280 | BX64: =+AQ64+AT64+AW64+AZ64+BC64+BF64+BI64+BL64+BO64+BR64+BU64 -> 179.2 | CH64: 1 | CI64: 12 | CJ64: 12 | CT64: 15 | CU64: 210 | CV64: 134.4 | DF64: =BV64+CB64+CE64+CH64+CK64+CN64+CQ64+CT64+CW64+CZ64+DC64+BY64 -> 36 | DG64: =BW64+CC64+CF64+CI64+CL64+CO64+CR64+CU64+CX64+DA64+DD64+BZ64 -> 502 | DH64: =BX64+CD64+CG64+CJ64+CM64+CP64+CS64+CV64+CY64+DB64+DE64+CA64 -> 325.6
B65: Total | K65: =SUM(K51:K64) -> 0 | L65: =SUM(L51:L64) -> 0 | M65: =SUM(M51:M64) -> 0 | N65: =SUM(N51:N64) -> 30 | O65: =SUM(O51:O64) -> 420 | P65: =SUM(P51:P64) -> 268.8 | Q65: =SUM(Q51:Q64) -> 0 | R65: =SUM(R51:R64) -> 0 | ... DH65: =SUM(DH51:DH64) -> 8572.8
A67: No | B67: Names | D67: Township | F67: Type | G67: Contact Name | I67: Contact No. | J67: Responsibility | K67: 1st January | N67: 2nd January | Q67: 3rd January | T67: 4th January | W67: 5th January | Z67: 6th January | AC67: 7th January | AF67: 8th January | AI67: 9th January | AL67: 10th January | AO67: 10-days | AR67: 11th January | AU67: 12th January | AX67: 13th January | BA67: 14th January | BD67: 15th January | BG67: 16th January | BJ67: 17th January | BM67: 18th January | BP67: 19th January | BS67: 20th January | BV67: 20-days | BY67: 21st January | CB67: 22nd January | CE67: 23rd January | CH67: 24th January | CK67: 25th January | CN67: 26th January | CQ67: 27th January | CT67: 28th January | CW67: 29th January | CZ67: 30th January | DC67: 31st January | DF67: Month Till Date
K68: PKT | L68: BOT | M68: Liter | N68: PKT | O68: BOT | P68: Liter | Q68: PKT | R68: BOT | S68: Liter | T68: PKT | U68: BOT | V68: Liter | W68: PKT | X68: BOT | Y68: Liter | Z68: PKT | AA68: BOT | AB68: Liter | AC68: PKT | AD68: BOT | AE68: Liter | AF68: PKT | AG68: BOT | AH68: Liter | AI68: PKT | AJ68: BOT | AK68: Liter | AL68: PKT | AM68: BOT | AN68: Liter | AO68: PKT | AP68: BOT | AQ68: Liter | AR68: PKT | AS68: BOT | AT68: Liter | AU68: PKT | AV68: BOT | AW68: Liter | AX68: PKT | AY68: BOT | AZ68: Liter | BA68: PKT | BB68: BOT | BC68: Liter | BD68: PKT | BE68: BOT | BF68: Liter | BG68: PKT | BH68: BOT | BI68: Liter | BJ68: PKT | BK68: BOT | BL68: Liter | BM68: PKT | BN68: BOT | BO68: Liter | BP68: PKT | BQ68: BOT | BR68: Liter | BS68: PKT | BT68: BOT | BU68: Liter | BV68: PKT | BW68: BOT | BX68: Liter | BY68: PKT | BZ68: BOT | CA68: Liter | CB68: PKT | CC68: BOT | CD68: Liter | CE68: PKT | CF68: BOT | CG68: Liter | CH68: PKT | CI68: BOT | CJ68: Liter | CK68: PKT | CL68: BOT | CM68: Liter | CN68: PKT | CO68: BOT | CP68: Liter | CQ68: PKT | CR68: BOT | CS68: Liter | CT68: PKT | CU68: BOT | CV68: Liter | CW68: PKT | CX68: BOT | CY68: Liter | CZ68: PKT | DA68: BOT | DB68: Liter | DC68: PKT | DD68: BOT | DE68: Liter | DF68: PKT | DG68: BOT | DH68: Liter
A69: 1 | B69: Van 1 | D69: ထိန်လင်း | E69: Hpa-an | F69: Van Sales | N69: 95 | O69: 1220 | P69: 1018.4 | Q69: 40 | R69: 500 | S69: 449.6 | W69: 112.54167 | X69: 1397 | Y69: 1346.95 | Z69: 100 | AA69: 1200 | AB69: 1200 | AC69: 50 | AD69: 600 | AE69: 600 | AF69: 105 | AG69: 1370 | AH69: 1092.8 | AI69: 20.666667 | AJ69: 250 | AK69: 244.06 | AL69: 46.083333 | AM69: 620 | AN69: 451.16 | AO69: =+K69+N69+Q69+T69+W69+Z69+AC69+AF69+AI69+AL69 -> 569.29167 | AP69: =+L69+O69+R69+U69+X69+AA69+AD69+AG69+AJ69+AM69 -> 7157 | AQ69: =+M69+P69+S69+V69+Y69+AB69+AE69+AH69+AK69+AN69 -> 6402.97 | AU69: 0.75 | AV69: 9 | AW69: 9 | AX69: 170 | AY69: 2260 | AZ69: 1705.6 | BA69: 40.666667 | BB69: 529 | BC69: 415.78 | BD69: 25 | BE69: 350 | BF69: 224 | BG69: 133 | BH69: 1756 | BI69: 1352.8 | BJ69: 85 | BK69: 1020 | BL69: 1020 | BP69: 212 | BQ69: 2714 | BR69: 2285.6 | BS69: 10 | BT69: 120 | BU69: 120 | BV69: =+AO69+AR69+AU69+AX69+BA69+BD69+BG69+BJ69+BM69+BP69+BS69 -> 1245.7083 | BW69: =+AP69+AS69+AV69+AY69+BB69+BE69+BH69+BK69+BN69+BQ69+BT69 -> 15915 | BX69: =+AQ69+AT69+AW69+AZ69+BC69+BF69+BI69+BL69+BO69+BR69+BU69 -> 13535.75 | BY69: 57.011905 | BZ69: 685 | CA69: 682.84 | CB69: 247 | CC69: 3008 | CD69: 2897.12 | CE69: 28 | CF69: 368 | CG69: 287.36 | CH69: 59.714286 | CI69: 787 | CJ69: 602.32 | CN69: 163 | CO69: 2256 | CP69: 1489.2 | CQ69: 45 | CR69: 590 | CS69: 464 | CT69: 285 | CU69: 3500 | CV69: 2668.4 | CW69: 132 | CX69: 1828 | CY69: 1213.12 | CZ69: 60 | DA69: 734 | DB69: 698.72 | DC69: 315 | DD69: 3790 | DE69: 3764.8 | DF69: =BV69+CB69+CE69+CH69+CK69+CN69+CQ69+CT69+CW69+CZ69+DC69+BY69 -> 2637.4345 | DG69: =BW69+CC69+CF69+CI69+CL69+CO69+CR69+CU69+CX69+DA69+DD69+BZ69 -> 33461 | DH69: =BX69+CD69+CG69+CJ69+CM69+CP69+CS69+CV69+CY69+DB69+DE69+CA69 -> 28303.63
A70: Total | K70: =SUM(K69:K69) -> 0 | L70: =SUM(L69:L69) -> 0 | M70: =SUM(M69:M69) -> 0 | N70: =SUM(N69:N69) -> 95 | O70: =SUM(O69:O69) -> 1220 | P70: =SUM(P69:P69) -> 1018.4 | Q70: =SUM(Q69:Q69) -> 40 | R70: =SUM(R69:R69) -> 500 | ... DH70: =SUM(DH69:DH69) -> 28303.63
K72: =SUM(K19+K47+K65+K69) -> 0 | L72: =SUM(L19+L47+L65+L69) -> 0 | M72: =SUM(M19+M47+M65+M69) -> 0 | N72: =SUM(N19+N47+N65+N69) -> 590 | O72: =SUM(O19+O47+O65+O69) -> 8430 | P72: =SUM(P19+P47+P65+P69) -> 6324 | Q72: =SUM(Q19+Q47+Q65+Q69) -> 240 | R72: =SUM(R19+R47+R65+R69) -> 3500 | ... DH72: =SUM(DH19+DH47+DH65+DH69) -> 233525.95
A74: Myaw La Myaing- Wholesales List(Feb-2026)
A75: No | B75: Names | D75: Township | F75: Type | G75: Contact Name | I75: Contact No. | J75: Responsibility | K75: 1st February | N75: 2nd February | Q75: 3rd February | T75: 4th February | W75: 5th February | Z75: 6th February | AC75: 7th February | AF75: 8th February | AI75: 9th February | AL75: 10th February | AO75: 10-days | AR75: 11th February | AU75: 12th February | AX75: 13th February | BA75: 14th February | BD75: 15th February | BG75: 16th February | BJ75: 17th February | BM75: 18th February | BP75: 19th February | BS75: 20th February | BV75: 20-days | BY75: 21st February | CB75: 22nd February | CE75: 23rd February | CH75: 24th February | CK75: 25th February | CN75: 26th February | CQ75: 27th February | CT75: 28th February | CW75: 29th February | CZ75: 30th February | DC75: 31st February | DF75: Month Till Date
K76: PKT | L76: BOT | M76: Liter | N76: PKT | O76: BOT | P76: Liter | Q76: PKT | R76: BOT | S76: Liter | T76: PKT | U76: BOT | V76: Liter | W76: PKT | X76: BOT | Y76: Liter | Z76: PKT | AA76: BOT | AB76: Liter | AC76: PKT | AD76: BOT | AE76: Liter | AF76: PKT | AG76: BOT | AH76: Liter | AI76: PKT | AJ76: BOT | AK76: Liter | AL76: PKT | AM76: BOT | AN76: Liter | AO76: PKT | AP76: BOT | AQ76: Liter | AR76: PKT | AS76: BOT | AT76: Liter | AU76: PKT | AV76: BOT | AW76: Liter | AX76: PKT | AY76: BOT | AZ76: Liter | BA76: PKT | BB76: BOT | BC76: Liter | BD76: PKT | BE76: BOT | BF76: Liter | BG76: PKT | BH76: BOT | BI76: Liter | BJ76: PKT | BK76: BOT | BL76: Liter | BM76: PKT | BN76: BOT | BO76: Liter | BP76: PKT | BQ76: BOT | BR76: Liter | BS76: PKT | BT76: BOT | BU76: Liter | BV76: PKT | BW76: BOT | BX76: Liter | BY76: PKT | BZ76: BOT | CA76: Liter | CB76: PKT | CC76: BOT | CD76: Liter | CE76: PKT | CF76: BOT | CG76: Liter | CH76: PKT | CI76: BOT | CJ76: Liter | CK76: PKT | CL76: BOT | CM76: Liter | CN76: PKT | CO76: BOT | CP76: Liter | CQ76: PKT | CR76: BOT | CS76: Liter | CT76: PKT | CU76: BOT | CV76: Liter | CW76: PKT | CX76: BOT | CY76: Liter | CZ76: PKT | DA76: BOT | DB76: Liter | DC76: PKT | DD76: BOT | DE76: Liter | DF76: PKT | DG76: BOT | DH76: Liter
A77: 1 | B77: ကျော်စတား | C77: Kyaw Star | D77: ရေးမြို့ | E77: Yaye | F77: WholeSales | G77: ဖူးငုံစိုး | H77: Phoo Ngone Soe | I77: 09-798788870 | J77: RSM | N77: 435 | O77: 5560 | P77: 4703.2 | Q77: 200 | R77: 2800 | S77: 1792 | T77: 220 | U77: 2880 | V77: 2275.2 | W77: 270 | X77: 3640 | Y77: 2632 | Z77: 250 | AA77: 3200 | AB77: 2696 | AC77: 150 | AD77: 2000 | AE77: 1496 | AI77: 525 | AJ77: 6800 | AK77: 5540 | AO77: =+K77+N77+Q77+T77+W77+Z77+AC77+AF77+AI77+AL77 -> 2050 | AP77: =+L77+O77+R77+U77+X77+AA77+AD77+AG77+AJ77+AM77 -> 26880 | AQ77: =+M77+P77+S77+V77+Y77+AB77+AE77+AH77+AK77+AN77 -> 21134.4 | AR77: 280 | AS77: 3620 | AT77: 2964.8 | AX77: 400 | AY77: 5200 | AZ77: 4192 | BG77: 320 | BH77: 4160 | BI77: 3353.6 | BJ77: 425 | BK77: 5650 | BL77: 4264 | BM77: 150 | BN77: 2000 | BO77: 1496 | BP77: 400 | BQ77: 5300 | BR77: 4040 | BV77: =+AR77+AU77+AX77+BA77+BD77+BG77+BJ77+BM77+BP77+BS77+AO77 -> 4025 | BW77: =+AS77+AV77+AY77+BB77+BE77+BH77+BK77+BN77+BQ77+BT77+AP77 -> 52810 | BX77: =+AT77+AW77+AZ77+BC77+BF77+BI77+BL77+BO77+BR77+BU77+AQ77 -> 41444.8 | BY77: 250 | BZ77: 3300 | CA77: 2544 | CE77: 310 | CF77: 4040 | CG77: 3233.6 | CH77: 200 | CI77: 2600 | CJ77: 2096 | CK77: 200 | CL77: 2600 | CM77: 2096 | CN77: 230 | CO77: 3020 | CP77: 2364.8 | CT77: 785 | CU77: 10220 | CV77: 8204 | DF77: =BV77+CB77+CE77+CH77+CK77+CN77+CQ77+CT77+CW77+CZ77+DC77+BY77 -> 6000 | DG77: =BW77+CC77+CF77+CI77+CL77+CO77+CR77+CU77+CX77+DA77+DD77+BZ77 -> 78590 | DH77: =BX77+CD77+CG77+CJ77+CM77+CP77+CS77+CV77+CY77+DB77+DE77+CA77 -> 61983.2
A78: 2 | B78: ဒေါ်နွယ်နွယ်ရီ(ရွှေတောင်ကြား) | C78: Daw New New Yi | D78: ရေးမြို့ | E78: Yayae | F78: WholeSales | G78: ဖူးငုံစိုး | H78: Phoo Ngone Soe | I78: 09-798788870 | J78: RSM | T78: 200 | U78: 2400 | V78: 2400 | AI78: 300 | AJ78: 3600 | AK78: 3600 | AO78: =+K78+N78+Q78+T78+W78+Z78+AC78+AF78+AI78+AL78 -> 500 | AP78: =+L78+O78+R78+U78+X78+AA78+AD78+AG78+AJ78+AM78 -> 6000 | AQ78: =+M78+P78+S78+V78+Y78+AB78+AE78+AH78+AK78+AN78 -> 6000 | AR78: 500 | AS78: 7000 | AT78: 4480 | BP78: 100 | BQ78: 1200 | BR78: 1200 | BS78: 200 | BT78: 2800 | BU78: 1792 | BV78: =+AR78+AU78+AX78+BA78+BD78+BG78+BJ78+BM78+BP78+BS78+AO78 -> 1300 | BW78: =+AS78+AV78+AY78+BB78+BE78+BH78+BK78+BN78+BQ78+BT78+AP78 -> 17000 | BX78: =+AT78+AW78+AZ78+BC78+BF78+BI78+BL78+BO78+BR78+BU78+AQ78 -> 13472 | BY78: 300 | BZ78: 4200 | CA78: 2688 | CE78: 100 | CF78: 1200 | CG78: 1200 | CN78: 100 | CO78: 1200 | CP78: 1200 | CQ78: 100 | CR78: 1400 | CS78: 896 | CT78: 600 | CU78: 8000 | CV78: 5984 | DF78: =BV78+CB78+CE78+CH78+CK78+CN78+CQ78+CT78+CW78+CZ78+DC78+BY78 -> 2500 | DG78: =BW78+CC78+CF78+CI78+CL78+CO78+CR78+CU78+CX78+DA78+DD78+BZ78 -> 33000 | DH78: =BX78+CD78+CG78+CJ78+CM78+CP78+CS78+CV78+CY78+DB78+DE78+CA78 -> 25440
A79: 3 | B79: ပြည့်လျှံ | C79: Pyae Hlan | D79: မော်လမြိုင် | E79: Mawlamyaing | F79: WholeSales | G79: ထိန်လင်း | H79: Htein Lin | I79: 09-443988251 | J79: RSM | N79: 200 | O79: 2400 | P79: 2400 | W79: 150 | X79: 2040 | Y79: 1435.2 | AO79: =+K79+N79+Q79+T79+W79+Z79+AC79+AF79+AI79+AL79 -> 350 | AP79: =+L79+O79+R79+U79+X79+AA79+AD79+AG79+AJ79+AM79 -> 4440 | AQ79: =+M79+P79+S79+V79+Y79+AB79+AE79+AH79+AK79+AN79 -> 3835.2 | AR79: 300 | AS79: 4000 | AT79: 2992 | BA79: 250 | BB79: 3200 | BC79: 2696 | BG79: 300 | BH79: 3800 | BI79: 3296 | BV79: =+AR79+AU79+AX79+BA79+BD79+BG79+BJ79+BM79+BP79+BS79+AO79 -> 1200 | BW79: =+AS79+AV79+AY79+BB79+BE79+BH79+BK79+BN79+BQ79+BT79+AP79 -> 15440 | BX79: =+AT79+AW79+AZ79+BC79+BF79+BI79+BL79+BO79+BR79+BU79+AQ79 -> 12819.2 | CE79: 200 | CF79: 2600 | CG79: 2096 | DF79: =BV79+CB79+CE79+CH79+CK79+CN79+CQ79+CT79+CW79+CZ79+DC79+BY79 -> 1400 | DG79: =BW79+CC79+CF79+CI79+CL79+CO79+CR79+CU79+CX79+DA79+DD79+BZ79 -> 18040 | DH79: =BX79+CD79+CG79+CJ79+CM79+CP79+CS79+CV79+CY79+DB79+DE79+CA79 -> 14915.2
A80: 4 | B80: ကိုမျိုးအောင် | C80: Ko Myo Aung | D80: မော်လမြိုင် | E80: Mawlamyaing | F80: WholeSales | G80: ထိန်လင်း | H80: Htein Lin | I80: 09-443988251 | J80: RSM | Q80: 20 | R80: 280 | S80: 179.2 | T80: 35 | U80: 490 | V80: 313.6 | AC80: 20 | AD80: 240 | AE80: 240 | AO80: =+K80+N80+Q80+T80+W80+Z80+AC80+AF80+AI80+AL80 -> 75 | AP80: =+L80+O80+R80+U80+X80+AA80+AD80+AG80+AJ80+AM80 -> 1010 | AQ80: =+M80+P80+S80+V80+Y80+AB80+AE80+AH80+AK80+AN80 -> 732.8 | AX80: 60 | AY80: 780 | AZ80: 628.8 | BA80: 45 | BB80: 630 | BC80: 403.2 | BG80: 20 | BH80: 240 | BI80: 240 | BP80: 50 | BQ80: 700 | BR80: 448 | BV80: =+AR80+AU80+AX80+BA80+BD80+BG80+BJ80+BM80+BP80+BS80+AO80 -> 250 | BW80: =+AS80+AV80+AY80+BB80+BE80+BH80+BK80+BN80+BQ80+BT80+AP80 -> 3360 | BX80: =+AT80+AW80+AZ80+BC80+BF80+BI80+BL80+BO80+BR80+BU80+AQ80 -> 2452.8 | BY80: 30 | BZ80: 360 | CA80: 360 | CQ80: 105 | CR80: 1410 | CS80: 1032 | DF80: =BV80+CB80+CE80+CH80+CK80+CN80+CQ80+CT80+CW80+CZ80+DC80+BY80 -> 385 | DG80: =BW80+CC80+CF80+CI80+CL80+CO80+CR80+CU80+CX80+DA80+DD80+BZ80 -> 5130 | DH80: =BX80+CD80+CG80+CJ80+CM80+CP80+CS80+CV80+CY80+DB80+DE80+CA80 -> 3844.8
A81: 5 | B81: ကိုထိုက်စိုး | C81: Ko Htike Soe | D81: ရေးမြို့ | E81: Yaye | F81: WholeSales | G81: ဖူးငုံစိုး | H81: Phoo Ngone Soe | I81: 09-798788870 | J81: RSM | AO81: =+K81+N81+Q81+T81+W81+Z81+AC81+AF81+AI81+AL81 -> 0 | AP81: =+L81+O81+R81+U81+X81+AA81+AD81+AG81+AJ81+AM81 -> 0 | AQ81: =+M81+P81+S81+V81+Y81+AB81+AE81+AH81+AK81+AN81 -> 0 | BV81: =+AR81+AU81+AX81+BA81+BD81+BG81+BJ81+BM81+BP81+BS81+AO81 -> 0 | BW81: =+AS81+AV81+AY81+BB81+BE81+BH81+BK81+BN81+BQ81+BT81+AP81 -> 0 | BX81: =+AT81+AW81+AZ81+BC81+BF81+BI81+BL81+BO81+BR81+BU81+AQ81 -> 0 | CH81: 500 | CI81: 6400 | CJ81: 5392 | DF81: =BV81+CB81+CE81+CH81+CK81+CN81+CQ81+CT81+CW81+CZ81+DC81+BY81 -> 500 | DG81: =BW81+CC81+CF81+CI81+CL81+CO81+CR81+CU81+CX81+DA81+DD81+BZ81 -> 6400 | DH81: =BX81+CD81+CG81+CJ81+CM81+CP81+CS81+CV81+CY81+DB81+DE81+CA81 -> 5392
A82: 6 | B82: ဦးမင်းလွင် | C82: U Min Lwin | D82: မော်လမြိုင် | E82: Mawlamyaing | F82: WholeSales | G82: ထိန်လင်း | H82: Htein Lin | I82: 09-443988251 | J82: RSM | N82: 20 | O82: 480 | P82: 307.2 | Q82: 30 | R82: 720 | S82: 460.8 | AC82: 80 | AD82: 1720 | AE82: 1100.8 | AI82: 65 | AJ82: 1410 | AK82: 902.4 | AO82: =+K82+N82+Q82+T82+W82+Z82+AC82+AF82+AI82+AL82 -> 195 | AP82: =+L82+O82+R82+U82+X82+AA82+AD82+AG82+AJ82+AM82 -> 4330 | AQ82: =+M82+P82+S82+V82+Y82+AB82+AE82+AH82+AK82+AN82 -> 2771.2 | AR82: 55 | AS82: 1260 | AT82: 828 | BM82: 80 | BN82: 1920 | BO82: 1228.8 | BP82: 50 | BQ82: 1000 | BR82: 640 | BV82: =+AR82+AU82+AX82+BA82+BD82+BG82+BJ82+BM82+BP82+BS82+AO82 -> 380 | BW82: =+AS82+AV82+AY82+BB82+BE82+BH82+BK82+BN82+BQ82+BT82+AP82 -> 8510 | BX82: =+AT82+AW82+AZ82+BC82+BF82+BI82+BL82+BO82+BR82+BU82+AQ82 -> 5468 | CK82: 49 | CL82: 686 | CM82: 439.04 | CN82: 29 | CO82: 696 | CP82: 445.44 | CQ82: 30 | CR82: 720 | CS82: 460.8 | CT82: 30 | CU82: 620 | CV82: 396.8 | DF82: =BV82+CB82+CE82+CH82+CK82+CN82+CQ82+CT82+CW82+CZ82+DC82+BY82 -> 518 | DG82: =BW82+CC82+CF82+CI82+CL82+CO82+CR82+CU82+CX82+DA82+DD82+BZ82 -> 11232 | DH82: =BX82+CD82+CG82+CJ82+CM82+CP82+CS82+CV82+CY82+DB82+DE82+CA82 -> 7210.08
A83: 7 | B83: ကိုထွန်းနိုင် | C83: Ko Htun Naing | D83: ရေးမြို့ | E83: Yaye | F83: WholeSales | G83: ဖူးငုံစိုး | H83: Phoo Ngone Soe | I83: 09-798788870 | J83: RSM | N83: 400 | O83: 5400 | P83: 3888 | AO83: =+K83+N83+Q83+T83+W83+Z83+AC83+AF83+AI83+AL83 -> 400 | AP83: =+L83+O83+R83+U83+X83+AA83+AD83+AG83+AJ83+AM83 -> 5400 | AQ83: =+M83+P83+S83+V83+Y83+AB83+AE83+AH83+AK83+AN83 -> 3888 | BV83: =+AR83+AU83+AX83+BA83+BD83+BG83+BJ83+BM83+BP83+BS83+AO83 -> 400 | BW83: =+AS83+AV83+AY83+BB83+BE83+BH83+BK83+BN83+BQ83+BT83+AP83 -> 5400 | BX83: =+AT83+AW83+AZ83+BC83+BF83+BI83+BL83+BO83+BR83+BU83+AQ83 -> 3888 | CH83: 180 | CI83: 2460 | CJ83: 1704 | DF83: =BV83+CB83+CE83+CH83+CK83+CN83+CQ83+CT83+CW83+CZ83+DC83+BY83 -> 580 | DG83: =BW83+CC83+CF83+CI83+CL83+CO83+CR83+CU83+CX83+DA83+DD83+BZ83 -> 7860 | DH83: =BX83+CD83+CG83+CJ83+CM83+CP83+CS83+CV83+CY83+DB83+DE83+CA83 -> 5592
A84: 8 | B84: ဒေါ်ထွန်းမေ | C84: Daw Htun May | D84: မော်လမြိုင် | E84: Mawlamyaing | F84: WholeSales | G84: ထိန်လင်း | H84: Htein Lin | I84: 09-443988251 | J84: RSM | W84: 110 | X84: 2140 | Y84: 1369.6 | AO84: =+K84+N84+Q84+T84+W84+Z84+AC84+AF84+AI84+AL84 -> 110 | AP84: =+L84+O84+R84+U84+X84+AA84+AD84+AG84+AJ84+AM84 -> 2140 | AQ84: =+M84+P84+S84+V84+Y84+AB84+AE84+AH84+AK84+AN84 -> 1369.6 | AX84: 60 | AY84: 1440 | AZ84: 921.6 | BP84: 60 | BQ84: 1440 | BR84: 921.6 | BV84: =+AR84+AU84+AX84+BA84+BD84+BG84+BJ84+BM84+BP84+BS84+AO84 -> 230 | BW84: =+AS84+AV84+AY84+BB84+BE84+BH84+BK84+BN84+BQ84+BT84+AP84 -> 5020 | BX84: =+AT84+AW84+AZ84+BC84+BF84+BI84+BL84+BO84+BR84+BU84+AQ84 -> 3212.8 | CE84: 110 | CF84: 2140 | CG84: 1369.6 | CK84: 50 | CL84: 700 | CM84: 448 | CT84: 100 | CU84: 1300 | CV84: 1048 | DF84: =BV84+CB84+CE84+CH84+CK84+CN84+CQ84+CT84+CW84+CZ84+DC84+BY84 -> 490 | DG84: =BW84+CC84+CF84+CI84+CL84+CO84+CR84+CU84+CX84+DA84+DD84+BZ84 -> 9160 | DH84: =BX84+CD84+CG84+CJ84+CM84+CP84+CS84+CV84+CY84+DB84+DE84+CA84 -> 6078.4
A85: 9 | B85: မဝင့်ဝါထိုက်(ရွှေပင်လယ်) | C85: Ma Wint War Htike | D85: ရေးမြို့ | E85: Yayae | F85: WholeSales | G85: ဖူးငုံစိုး | H85: Phoo Ngone Soe | I85: 09-798788870 | J85: RSM | Z85: 200 | AA85: 2800 | AB85: 1792 | AO85: =+K85+N85+Q85+T85+W85+Z85+AC85+AF85+AI85+AL85 -> 200 | AP85: =+L85+O85+R85+U85+X85+AA85+AD85+AG85+AJ85+AM85 -> 2800 | AQ85: =+M85+P85+S85+V85+Y85+AB85+AE85+AH85+AK85+AN85 -> 1792 | BM85: 100 | BN85: 1200 | BO85: 1200 | BV85: =+AR85+AU85+AX85+BA85+BD85+BG85+BJ85+BM85+BP85+BS85+AO85 -> 300 | BW85: =+AS85+AV85+AY85+BB85+BE85+BH85+BK85+BN85+BQ85+BT85+AP85 -> 4000 | BX85: =+AT85+AW85+AZ85+BC85+BF85+BI85+BL85+BO85+BR85+BU85+AQ85 -> 2992 | CT85: 200 | CU85: 2800 | CV85: 1792 | DF85: =BV85+CB85+CE85+CH85+CK85+CN85+CQ85+CT85+CW85+CZ85+DC85+BY85 -> 500 | DG85: =BW85+CC85+CF85+CI85+CL85+CO85+CR85+CU85+CX85+DA85+DD85+BZ85 -> 6800 | DH85: =BX85+CD85+CG85+CJ85+CM85+CP85+CS85+CV85+CY85+DB85+DE85+CA85 -> 4784
A86: 10 | B86: ကိုညီညီဆွေ | C86: Ko Nyi Nyi Swe | D86: မော်လမြိုင် | E86: Mawlamyaing | F86: WholeSales | G86: ထိန်လင်း | H86: Htein Lin | I86: 09-443988251 | J86: RSM | T86: 250 | U86: 3400 | V86: 2392 | AO86: =+K86+N86+Q86+T86+W86+Z86+AC86+AF86+AI86+AL86 -> 250 | AP86: =+L86+O86+R86+U86+X86+AA86+AD86+AG86+AJ86+AM86 -> 3400 | AQ86: =+M86+P86+S86+V86+Y86+AB86+AE86+AH86+AK86+AN86 -> 2392 | BP86: 200 | BQ86: 2660 | BR86: 2004.8 | BV86: =+AR86+AU86+AX86+BA86+BD86+BG86+BJ86+BM86+BP86+BS86+AO86 -> 450 | BW86: =+AS86+AV86+AY86+BB86+BE86+BH86+BK86+BN86+BQ86+BT86+AP86 -> 6060 | BX86: =+AT86+AW86+AZ86+BC86+BF86+BI86+BL86+BO86+BR86+BU86+AQ86 -> 4396.8 | CN86: 130 | CO86: 1620 | CP86: 1468.8 | DF86: =BV86+CB86+CE86+CH86+CK86+CN86+CQ86+CT86+CW86+CZ86+DC86+BY86 -> 580 | DG86: =BW86+CC86+CF86+CI86+CL86+CO86+CR86+CU86+CX86+DA86+DD86+BZ86 -> 7680 | DH86: =BX86+CD86+CG86+CJ86+CM86+CP86+CS86+CV86+CY86+DB86+DE86+CA86 -> 5865.6
A87: 11 | B87: လင်းသစ် | C87: Lin Thit | D87: ကျိုက်ထိုမြို့ | E87: Yaye | F87: WholeSales | G87: ပြည့်ဖြိုးမောင် | H87: Pyae Phyo Maung | I87: 09-679797489 | J87: RSM | AI87: 100 | AJ87: 1280 | AK87: 1078.4 | AO87: =+K87+N87+Q87+T87+W87+Z87+AC87+AF87+AI87+AL87 -> 100 | AP87: =+L87+O87+R87+U87+X87+AA87+AD87+AG87+AJ87+AM87 -> 1280 | AQ87: =+M87+P87+S87+V87+Y87+AB87+AE87+AH87+AK87+AN87 -> 1078.4 | BJ87: 100 | BK87: 1300 | BL87: 1048 | BV87: =+AR87+AU87+AX87+BA87+BD87+BG87+BJ87+BM87+BP87+BS87+AO87 -> 200 | BW87: =+AS87+AV87+AY87+BB87+BE87+BH87+BK87+BN87+BQ87+BT87+AP87 -> 2580 | BX87: =+AT87+AW87+AZ87+BC87+BF87+BI87+BL87+BO87+BR87+BU87+AQ87 -> 2126.4 | CH87: 100 | CI87: 1300 | CJ87: 1048 | DF87: =BV87+CB87+CE87+CH87+CK87+CN87+CQ87+CT87+CW87+CZ87+DC87+BY87 -> 300 | DG87: =BW87+CC87+CF87+CI87+CL87+CO87+CR87+CU87+CX87+DA87+DD87+BZ87 -> 3880 | DH87: =BX87+CD87+CG87+CJ87+CM87+CP87+CS87+CV87+CY87+DB87+DE87+CA87 -> 3174.4
A88: 12 | B88: ကိုမောင်+မသူဇာ | C88: Ko Mg+Ma Thu Zar | D88: ရေးမြို့ | E88: Yaye | F88: WholeSales | G88: ဖူးငုံစိုး | H88: Phoo Ngone Soe | I88: 09-798788870 | J88: RSM | N88: 50 | O88: 600 | P88: 600 | Q88: 30 | R88: 360 | S88: 360 | T88: 50 | U88: 600 | V88: 600 | W88: 100 | X88: 1200 | Y88: 1200 | AC88: 50 | AD88: 600 | AE88: 600 | AL88: 50 | AM88: 600 | AN88: 600 | AO88: =+K88+N88+Q88+T88+W88+Z88+AC88+AF88+AI88+AL88 -> 330 | AP88: =+L88+O88+R88+U88+X88+AA88+AD88+AG88+AJ88+AM88 -> 3960 | AQ88: =+M88+P88+S88+V88+Y88+AB88+AE88+AH88+AK88+AN88 -> 3960 | AX88: 30 | AY88: 360 | AZ88: 360 | BA88: 50 | BB88: 600 | BC88: 600 | BJ88: 70 | BK88: 840 | BL88: 840 | BS88: 150 | BT88: 1800 | BU88: 1800 | BV88: =+AR88+AU88+AX88+BA88+BD88+BG88+BJ88+BM88+BP88+BS88+AO88 -> 630 | BW88: =+AS88+AV88+AY88+BB88+BE88+BH88+BK88+BN88+BQ88+BT88+AP88 -> 7560 | BX88: =+AT88+AW88+AZ88+BC88+BF88+BI88+BL88+BO88+BR88+BU88+AQ88 -> 7560 | CE88: 50 | CF88: 600 | CG88: 600 | CH88: 30 | CI88: 360 | CJ88: 360 | CK88: 70 | CL88: 840 | CM88: 840 | CN88: 70 | CO88: 840 | CP88: 840 | DF88: =BV88+CB88+CE88+CH88+CK88+CN88+CQ88+CT88+CW88+CZ88+DC88+BY88 -> 850 | DG88: =BW88+CC88+CF88+CI88+CL88+CO88+CR88+CU88+CX88+DA88+DD88+BZ88 -> 10200 | DH88: =BX88+CD88+CG88+CJ88+CM88+CP88+CS88+CV88+CY88+DB88+DE88+CA88 -> 10200
A89: 13 | B89: မိုးဆန်းချာလီ | C89: Moe San Char Li | D89: သိမ်ဇရပ် | E89: Thein Za Yat | F89: WholeSales | Z89: 220 | AA89: 2880 | AB89: 2275.2 | AO89: =+K89+N89+Q89+T89+W89+Z89+AC89+AF89+AI89+AL89 -> 220 | AP89: =+L89+O89+R89+U89+X89+AA89+AD89+AG89+AJ89+AM89 -> 2880 | AQ89: =+M89+P89+S89+V89+Y89+AB89+AE89+AH89+AK89+AN89 -> 2275.2 | BV89: =+AR89+AU89+AX89+BA89+BD89+BG89+BJ89+BM89+BP89+BS89+AO89 -> 220 | BW89: =+AS89+AV89+AY89+BB89+BE89+BH89+BK89+BN89+BQ89+BT89+AP89 -> 2880 | BX89: =+AT89+AW89+AZ89+BC89+BF89+BI89+BL89+BO89+BR89+BU89+AQ89 -> 2275.2 | CH89: 170 | CI89: 2840 | CJ89: 1904 | DF89: =BV89+CB89+CE89+CH89+CK89+CN89+CQ89+CT89+CW89+CZ89+DC89+BY89 -> 390 | DG89: =BW89+CC89+CF89+CI89+CL89+CO89+CR89+CU89+CX89+DA89+DD89+BZ89 -> 5720 | DH89: =BX89+CD89+CG89+CJ89+CM89+CP89+CS89+CV89+CY89+DB89+DE89+CA89 -> 4179.2
A90: 14 | B90: ကိုမြခက် | C90: Ko Mya Khat | D90: ရေးမြို့ | E90: Yaye | F90: WholeSales | Z90: 200 | AA90: 2600 | AB90: 2096 | AO90: =+K90+N90+Q90+T90+W90+Z90+AC90+AF90+AI90+AL90 -> 200 | AP90: =+L90+O90+R90+U90+X90+AA90+AD90+AG90+AJ90+AM90 -> 2600 | AQ90: =+M90+P90+S90+V90+Y90+AB90+AE90+AH90+AK90+AN90 -> 2096 | BV90: =+AR90+AU90+AX90+BA90+BD90+BG90+BJ90+BM90+BP90+BS90+AO90 -> 200 | BW90: =+AS90+AV90+AY90+BB90+BE90+BH90+BK90+BN90+BQ90+BT90+AP90 -> 2600 | BX90: =+AT90+AW90+AZ90+BC90+BF90+BI90+BL90+BO90+BR90+BU90+AQ90 -> 2096 | CE90: 200 | CF90: 2800 | CG90: 1792 | DF90: =BV90+CB90+CE90+CH90+CK90+CN90+CQ90+CT90+CW90+CZ90+DC90+BY90 -> 400 | DG90: =BW90+CC90+CF90+CI90+CL90+CO90+CR90+CU90+CX90+DA90+DD90+BZ90 -> 5400 | DH90: =BX90+CD90+CG90+CJ90+CM90+CP90+CS90+CV90+CY90+DB90+DE90+CA90 -> 3888
A91: Total | K91: =SUM(K77:K90) -> 0 | L91: =SUM(L77:L90) -> 0 | M91: =SUM(M77:M90) -> 0 | N91: =SUM(N77:N90) -> 1105 | O91: =SUM(O77:O90) -> 14440 | P91: =SUM(P77:P90) -> 11898.4 | Q91: =SUM(Q77:Q90) -> 280 | R91: =SUM(R77:R90) -> 4160 | ... DH91: =SUM(DH77:DH90) -> 162546.88
A93: No | B93: Names | D93: Township | F93: Type | G93: Contact Name | I93: Contact No. | J93: Responsibility | K93: 1st February | N93: 2nd February | Q93: 3rd February | T93: 4th February | W93: 5th February | Z93: 6th February | AC93: 7th February | AF93: 8th February | AI93: 9th February | AL93: 10th February | AO93: 10-days | AR93: 11th February | AU93: 12th February | AX93: 13th February | BA93: 14th February | BD93: 15th February | BG93: 16th February | BJ93: 17th February | BM93: 18th February | BP93: 19th February | BS93: 20th February | BV93: 20-days | BY93: 21st February | CB93: 22nd February | CE93: 23rd February | CH93: 24th February | CK93: 25th February | CN93: 26th February | CQ93: 27th February | CT93: 28th February | CW93: 29th February | CZ93: 30th February | DC93: 31st February | DF93: Month Till Date
K94: PKT | L94: BOT | M94: Liter | N94: PKT | O94: BOT | P94: Liter | Q94: PKT | R94: BOT | S94: Liter | T94: PKT | U94: BOT | V94: Liter | W94: PKT | X94: BOT | Y94: Liter | Z94: PKT | AA94: BOT | AB94: Liter | AC94: PKT | AD94: BOT | AE94: Liter | AF94: PKT | AG94: BOT | AH94: Liter | AI94: PKT | AJ94: BOT | AK94: Liter | AL94: PKT | AM94: BOT | AN94: Liter | AO94: PKT | AP94: BOT | AQ94: Liter | AR94: PKT | AS94: BOT | AT94: Liter | AU94: PKT | AV94: BOT | AW94: Liter | AX94: PKT | AY94: BOT | AZ94: Liter | BA94: PKT | BB94: BOT | BC94: Liter | BD94: PKT | BE94: BOT | BF94: Liter | BG94: PKT | BH94: BOT | BI94: Liter | BJ94: PKT | BK94: BOT | BL94: Liter | BM94: PKT | BN94: BOT | BO94: Liter | BP94: PKT | BQ94: BOT | BR94: Liter | BS94: PKT | BT94: BOT | BU94: Liter | BV94: PKT | BW94: BOT | BX94: Liter | BY94: PKT | BZ94: BOT | CA94: Liter | CB94: PKT | CC94: BOT | CD94: Liter | CE94: PKT | CF94: BOT | CG94: Liter | CH94: PKT | CI94: BOT | CJ94: Liter | CK94: PKT | CL94: BOT | CM94: Liter | CN94: PKT | CO94: BOT | CP94: Liter | CQ94: PKT | CR94: BOT | CS94: Liter | CT94: PKT | CU94: BOT | CV94: Liter | CW94: PKT | CX94: BOT | CY94: Liter | CZ94: PKT | DA94: BOT | DB94: Liter | DC94: PKT | DD94: BOT | DE94: Liter | DF94: PKT | DG94: BOT | DH94: Liter
A95: 1 | B95: ၀င်းအောင်ရွှေ | C95: Win Aung Shwe | D95: ပေါင် | E95: Hpa-an | F95: Semi WS | AO95: =+K95+N95+Q95+T95+W95+Z95+AC95+AF95+AI95+AL95 -> 0 | AP95: =+L95+O95+R95+U95+X95+AA95+AD95+AG95+AJ95+AM95 -> 0 | AQ95: =+M95+P95+S95+V95+Y95+AB95+AE95+AH95+AK95+AN95 -> 0 | BA95: 200 | BB95: 2700 | BC95: 1944 | BV95: =+AO95+AR95+AU95+AX95+BA95+BD95+BG95+BJ95+BM95+BP95+BS95 -> 200 | BW95: =+AP95+AS95+AV95+AY95+BB95+BE95+BH95+BK95+BN95+BQ95+BT95 -> 2700 | BX95: =+AQ95+AT95+AW95+AZ95+BC95+BF95+BI95+BL95+BO95+BR95+BU95 -> 1944 | DF95: =BV95+CB95+CE95+CH95+CK95+CN95+CQ95+CT95+CW95+CZ95+DC95+BY95 -> 200 | DG95: =BW95+CC95+CF95+CI95+CL95+CO95+CR95+CU95+CX95+DA95+DD95+BZ95 -> 2700 | DH95: =BX95+CD95+CG95+CJ95+CM95+CP95+CS95+CV95+CY95+DB95+DE95+CA95 -> 1944
A96: 2 | B96: ဦးအေးမြင့် | C96: U Aye Myint | D96: ရေးမြို့ | E96: Thein Zayet | F96: Semi WS | W96: 220 | X96: 2940 | Y96: 2184 | AO96: =+K96+N96+Q96+T96+W96+Z96+AC96+AF96+AI96+AL96 -> 220 | AP96: =+L96+O96+R96+U96+X96+AA96+AD96+AG96+AJ96+AM96 -> 2940 | AQ96: =+M96+P96+S96+V96+Y96+AB96+AE96+AH96+AK96+AN96 -> 2184 | BV96: =+AO96+AR96+AU96+AX96+BA96+BD96+BG96+BJ96+BM96+BP96+BS96 -> 220 | BW96: =+AP96+AS96+AV96+AY96+BB96+BE96+BH96+BK96+BN96+BQ96+BT96 -> 2940 | BX96: =+AQ96+AT96+AW96+AZ96+BC96+BF96+BI96+BL96+BO96+BR96+BU96 -> 2184 | DF96: =BV96+CB96+CE96+CH96+CK96+CN96+CQ96+CT96+CW96+CZ96+DC96+BY96 -> 220 | DG96: =BW96+CC96+CF96+CI96+CL96+CO96+CR96+CU96+CX96+DA96+DD96+BZ96 -> 2940 | DH96: =BX96+CD96+CG96+CJ96+CM96+CP96+CS96+CV96+CY96+DB96+DE96+CA96 -> 2184
A97: 3 | B97: ကိုမွန်လေး | C97: Ko Mon Lay | D97: ရေးမြို့ | E97: Yay | F97: Semi WS | AC97: 100 | AD97: 1300 | AE97: 1048 | AO97: =+K97+N97+Q97+T97+W97+Z97+AC97+AF97+AI97+AL97 -> 100 | AP97: =+L97+O97+R97+U97+X97+AA97+AD97+AG97+AJ97+AM97 -> 1300 | AQ97: =+M97+P97+S97+V97+Y97+AB97+AE97+AH97+AK97+AN97 -> 1048 | BA97: 100 | BB97: 1300 | BC97: 1048 | BM97: 50 | BN97: 700 | BO97: 448 | BV97: =+AO97+AR97+AU97+AX97+BA97+BD97+BG97+BJ97+BM97+BP97+BS97 -> 250 | BW97: =+AP97+AS97+AV97+AY97+BB97+BE97+BH97+BK97+BN97+BQ97+BT97 -> 3300 | BX97: =+AQ97+AT97+AW97+AZ97+BC97+BF97+BI97+BL97+BO97+BR97+BU97 -> 2544 | DF97: =BV97+CB97+CE97+CH97+CK97+CN97+CQ97+CT97+CW97+CZ97+DC97+BY97 -> 250 | DG97: =BW97+CC97+CF97+CI97+CL97+CO97+CR97+CU97+CX97+DA97+DD97+BZ97 -> 3300 | DH97: =BX97+CD97+CG97+CJ97+CM97+CP97+CS97+CV97+CY97+DB97+DE97+CA97 -> 2544
A98: 4 | B98: ကိုကျော်ရွှေ | C98: Ko Kyaw Shwe | D98: ရေးမြို့ | E98: Mudon | F98: Semi WS | Q98: 50 | R98: 700 | S98: 448 | AI98: 50 | AJ98: 700 | AK98: 448 | AO98: =+K98+N98+Q98+T98+W98+Z98+AC98+AF98+AI98+AL98 -> 100 | AP98: =+L98+O98+R98+U98+X98+AA98+AD98+AG98+AJ98+AM98 -> 1400 | AQ98: =+M98+P98+S98+V98+Y98+AB98+AE98+AH98+AK98+AN98 -> 896 | BM98: 50 | BN98: 700 | BO98: 448 | BV98: =+AO98+AR98+AU98+AX98+BA98+BD98+BG98+BJ98+BM98+BP98+BS98 -> 150 | BW98: =+AP98+AS98+AV98+AY98+BB98+BE98+BH98+BK98+BN98+BQ98+BT98 -> 2100 | BX98: =+AQ98+AT98+AW98+AZ98+BC98+BF98+BI98+BL98+BO98+BR98+BU98 -> 1344 | BY98: 50 | BZ98: 700 | CA98: 448 | CT98: 50 | CU98: 700 | CV98: 448 | DF98: =BV98+CB98+CE98+CH98+CK98+CN98+CQ98+CT98+CW98+CZ98+DC98+BY98 -> 250 | DG98: =BW98+CC98+CF98+CI98+CL98+CO98+CR98+CU98+CX98+DA98+DD98+BZ98 -> 3500 | DH98: =BX98+CD98+CG98+CJ98+CM98+CP98+CS98+CV98+CY98+DB98+DE98+CA98 -> 2240
A99: 5 | B99: ကိုကျော်နိုင်စိုး | C99: Ko Kyaw Naing Soe | D99: ရေးမြို့ | E99: Yay | F99: Semi WS | AO99: =+K99+N99+Q99+T99+W99+Z99+AC99+AF99+AI99+AL99 -> 0 | AP99: =+L99+O99+R99+U99+X99+AA99+AD99+AG99+AJ99+AM99 -> 0 | AQ99: =+M99+P99+S99+V99+Y99+AB99+AE99+AH99+AK99+AN99 -> 0 | BV99: =+AO99+AR99+AU99+AX99+BA99+BD99+BG99+BJ99+BM99+BP99+BS99 -> 0 | BW99: =+AP99+AS99+AV99+AY99+BB99+BE99+BH99+BK99+BN99+BQ99+BT99 -> 0 | BX99: =+AQ99+AT99+AW99+AZ99+BC99+BF99+BI99+BL99+BO99+BR99+BU99 -> 0 | DF99: =BV99+CB99+CE99+CH99+CK99+CN99+CQ99+CT99+CW99+CZ99+DC99+BY99 -> 0 | DG99: =BW99+CC99+CF99+CI99+CL99+CO99+CR99+CU99+CX99+DA99+DD99+BZ99 -> 0 | DH99: =BX99+CD99+CG99+CJ99+CM99+CP99+CS99+CV99+CY99+DB99+DE99+CA99 -> 0
A100: 6 | B100: ကိုဘာဘူ | C100: Ko Bar Buu | D100: ဘားအံ | E100: Hpa-an | F100: Semi WS | AO100: =+K100+N100+Q100+T100+W100+Z100+AC100+AF100+AI100+AL100 -> 0 | AP100: =+L100+O100+R100+U100+X100+AA100+AD100+AG100+AJ100+AM100 -> 0 | AQ100: =+M100+P100+S100+V100+Y100+AB100+AE100+AH100+AK100+AN100 -> 0 | BV100: =+AO100+AR100+AU100+AX100+BA100+BD100+BG100+BJ100+BM100+BP100+BS100 -> 0 | BW100: =+AP100+AS100+AV100+AY100+BB100+BE100+BH100+BK100+BN100+BQ100+BT100 -> 0 | BX100: =+AQ100+AT100+AW100+AZ100+BC100+BF100+BI100+BL100+BO100+BR100+BU100 -> 0 | CQ100: 153 | CR100: 1986 | CS100: 1608 | DF100: =BV100+CB100+CE100+CH100+CK100+CN100+CQ100+CT100+CW100+CZ100+DC100+BY100 -> 153 | DG100: =BW100+CC100+CF100+CI100+CL100+CO100+CR100+CU100+CX100+DA100+DD100+BZ100 -> 1986 | DH100: =BX100+CD100+CG100+CJ100+CM100+CP100+CS100+CV100+CY100+DB100+DE100+CA100 -> 1608
A101: 7 | B101: တော်၀င် | C101: Taw Win | D101: မော်လမြိုင် | E101: Belin | F101: Semi WS | AL101: 100 | AM101: 1200 | AN101: 840 | AO101: =+K101+N101+Q101+T101+W101+Z101+AC101+AF101+AI101+AL101 -> 100 | AP101: =+L101+O101+R101+U101+X101+AA101+AD101+AG101+AJ101+AM101 -> 1200 | AQ101: =+M101+P101+S101+V101+Y101+AB101+AE101+AH101+AK101+AN101 -> 840 | BV101: =+AO101+AR101+AU101+AX101+BA101+BD101+BG101+BJ101+BM101+BP101+BS101 -> 100 | BW101: =+AP101+AS101+AV101+AY101+BB101+BE101+BH101+BK101+BN101+BQ101+BT101 -> 1200 | BX101: =+AQ101+AT101+AW101+AZ101+BC101+BF101+BI101+BL101+BO101+BR101+BU101 -> 840 | DF101: =BV101+CB101+CE101+CH101+CK101+CN101+CQ101+CT101+CW101+CZ101+DC101+BY101 -> 100 | DG101: =BW101+CC101+CF101+CI101+CL101+CO101+CR101+CU101+CX101+DA101+DD101+BZ101 -> 1200 | DH101: =BX101+CD101+CG101+CJ101+CM101+CP101+CS101+CV101+CY101+DB101+DE101+CA101 -> 840
A102: 8 | B102: မမော် | C102: Ma Maw | D102: မုဒုံမြို့ | E102: Hpa-an | F102: Semi WS | AO102: =+K102+N102+Q102+T102+W102+Z102+AC102+AF102+AI102+AL102 -> 0 | AP102: =+L102+O102+R102+U102+X102+AA102+AD102+AG102+AJ102+AM102 -> 0 | AQ102: =+M102+P102+S102+V102+Y102+AB102+AE102+AH102+AK102+AN102 -> 0 | BG102: 125 | BH102: 1680 | BI102: 1449.2 | BV102: =+AO102+AR102+AU102+AX102+BA102+BD102+BG102+BJ102+BM102+BP102+BS102 -> 125 | BW102: =+AP102+AS102+AV102+AY102+BB102+BE102+BH102+BK102+BN102+BQ102+BT102 -> 1680 | BX102: =+AQ102+AT102+AW102+AZ102+BC102+BF102+BI102+BL102+BO102+BR102+BU102 -> 1449.2 | DF102: =BV102+CB102+CE102+CH102+CK102+CN102+CQ102+CT102+CW102+CZ102+DC102+BY102 -> 125 | DG102: =BW102+CC102+CF102+CI102+CL102+CO102+CR102+CU102+CX102+DA102+DD102+BZ102 -> 1680 | DH102: =BX102+CD102+CG102+CJ102+CM102+CP102+CS102+CV102+CY102+DB102+DE102+CA102 -> 1449.2
A103: 9 | B103: မ‌ချော | C103: Ma Chaw | D103: မုဒုံမြို့ | E103: Yay | F103: Semi WS | G103: ဖူးငုံစိုး | H103: Phoo Ngone Soe | I103: 09-798788870 | J103: RSM | AO103: =+K103+N103+Q103+T103+W103+Z103+AC103+AF103+AI103+AL103 -> 0 | AP103: =+L103+O103+R103+U103+X103+AA103+AD103+AG103+AJ103+AM103 -> 0 | AQ103: =+M103+P103+S103+V103+Y103+AB103+AE103+AH103+AK103+AN103 -> 0 | BV103: =+AO103+AR103+AU103+AX103+BA103+BD103+BG103+BJ103+BM103+BP103+BS103 -> 0 | BW103: =+AP103+AS103+AV103+AY103+BB103+BE103+BH103+BK103+BN103+BQ103+BT103 -> 0 | BX103: =+AQ103+AT103+AW103+AZ103+BC103+BF103+BI103+BL103+BO103+BR103+BU103 -> 0 | DF103: =BV103+CB103+CE103+CH103+CK103+CN103+CQ103+CT103+CW103+CZ103+DC103+BY103 -> 0 | DG103: =BW103+CC103+CF103+CI103+CL103+CO103+CR103+CU103+CX103+DA103+DD103+BZ103 -> 0 | DH103: =BX103+CD103+CG103+CJ103+CM103+CP103+CS103+CV103+CY103+DB103+DE103+CA103 -> 0
A104: 10 | B104: ဒေါ်စိန် | C104: Daw Sein | D104: ဘားအံ | E104: Thein Zayet | F104: Semi WS | G104: ထိန်လင်း | H104: Htein Lin | I104: 09-443988251 | J104: RSM | AO104: =+K104+N104+Q104+T104+W104+Z104+AC104+AF104+AI104+AL104 -> 0 | AP104: =+L104+O104+R104+U104+X104+AA104+AD104+AG104+AJ104+AM104 -> 0 | AQ104: =+M104+P104+S104+V104+Y104+AB104+AE104+AH104+AK104+AN104 -> 0 | BM104: 100 | BN104: 1260 | BO104: 1108.8 | BV104: =+AO104+AR104+AU104+AX104+BA104+BD104+BG104+BJ104+BM104+BP104+BS104 -> 100 | BW104: =+AP104+AS104+AV104+AY104+BB104+BE104+BH104+BK104+BN104+BQ104+BT104 -> 1260 | BX104: =+AQ104+AT104+AW104+AZ104+BC104+BF104+BI104+BL104+BO104+BR104+BU104 -> 1108.8 | DF104: =BV104+CB104+CE104+CH104+CK104+CN104+CQ104+CT104+CW104+CZ104+DC104+BY104 -> 100 | DG104: =BW104+CC104+CF104+CI104+CL104+CO104+CR104+CU104+CX104+DA104+DD104+BZ104 -> 1260 | DH104: =BX104+CD104+CG104+CJ104+CM104+CP104+CS104+CV104+CY104+DB104+DE104+CA104 -> 1108.8
A105: 11 | B105: ကိုဇော်လင်းမြတ် | C105: Ko Zaw Lin Myat | D105: မော်လမြိုင် | E105: Yay | F105: Semi WS | G105: ပြည့်ဖြိုးမောင် | H105: Pyae Phyo Maung | I105: 09-679797489 | J105: RSM | AO105: =+K105+N105+Q105+T105+W105+Z105+AC105+AF105+AI105+AL105 -> 0 | AP105: =+L105+O105+R105+U105+X105+AA105+AD105+AG105+AJ105+AM105 -> 0 | AQ105: =+M105+P105+S105+V105+Y105+AB105+AE105+AH105+AK105+AN105 -> 0 | BV105: =+AO105+AR105+AU105+AX105+BA105+BD105+BG105+BJ105+BM105+BP105+BS105 -> 0 | BW105: =+AP105+AS105+AV105+AY105+BB105+BE105+BH105+BK105+BN105+BQ105+BT105 -> 0 | BX105: =+AQ105+AT105+AW105+AZ105+BC105+BF105+BI105+BL105+BO105+BR105+BU105 -> 0 | CN105: 150 | CO105: 1900 | CP105: 1648 | DF105: =BV105+CB105+CE105+CH105+CK105+CN105+CQ105+CT105+CW105+CZ105+DC105+BY105 -> 150 | DG105: =BW105+CC105+CF105+CI105+CL105+CO105+CR105+CU105+CX105+DA105+DD105+BZ105 -> 1900 | DH105: =BX105+CD105+CG105+CJ105+CM105+CP105+CS105+CV105+CY105+DB105+DE105+CA105 -> 1648
A106: 12 | B106: စိတ်တိုင်းကျ | C106: Sate Tine Kya | D106: မော်လမြိုင် | E106: Hpa-an | F106: Semi WS | G106: ဖူးငုံစိုး | H106: Phoo Ngone Soe | I106: 09-798788870 | J106: RSM | AO106: =+K106+N106+Q106+T106+W106+Z106+AC106+AF106+AI106+AL106 -> 0 | AP106: =+L106+O106+R106+U106+X106+AA106+AD106+AG106+AJ106+AM106 -> 0 | AQ106: =+M106+P106+S106+V106+Y106+AB106+AE106+AH106+AK106+AN106 -> 0 | BV106: =+AO106+AR106+AU106+AX106+BA106+BD106+BG106+BJ106+BM106+BP106+BS106 -> 0 | BW106: =+AP106+AS106+AV106+AY106+BB106+BE106+BH106+BK106+BN106+BQ106+BT106 -> 0 | BX106: =+AQ106+AT106+AW106+AZ106+BC106+BF106+BI106+BL106+BO106+BR106+BU106 -> 0 | CN106: 200 | CO106: 2800 | CP106: 1792 | DF106: =BV106+CB106+CE106+CH106+CK106+CN106+CQ106+CT106+CW106+CZ106+DC106+BY106 -> 200 | DG106: =BW106+CC106+CF106+CI106+CL106+CO106+CR106+CU106+CX106+DA106+DD106+BZ106 -> 2800 | DH106: =BX106+CD106+CG106+CJ106+CM106+CP106+CS106+CV106+CY106+DB106+DE106+CA106 -> 1792
A107: 13 | B107: ဒေါ်မိစိန် | C107: Daw Mi Sen | D107: မော်လမြိုင် | E107: Yay | F107: Semi WS | G107: ထိန်လင်း | H107: Htein Lin | I107: 09-443988251 | AO107: =+K107+N107+Q107+T107+W107+Z107+AC107+AF107+AI107+AL107 -> 0 | AP107: =+L107+O107+R107+U107+X107+AA107+AD107+AG107+AJ107+AM107 -> 0 | AQ107: =+M107+P107+S107+V107+Y107+AB107+AE107+AH107+AK107+AN107 -> 0 | AR107: 50 | AS107: 660 | AT107: 508.8 | BP107: 60 | BQ107: 760 | BR107: 659.2 | BV107: =+AO107+AR107+AU107+AX107+BA107+BD107+BG107+BJ107+BM107+BP107+BS107 -> 110 | BW107: =+AP107+AS107+AV107+AY107+BB107+BE107+BH107+BK107+BN107+BQ107+BT107 -> 1420 | BX107: =+AQ107+AT107+AW107+AZ107+BC107+BF107+BI107+BL107+BO107+BR107+BU107 -> 1168 | DF107: =BV107+CB107+CE107+CH107+CK107+CN107+CQ107+CT107+CW107+CZ107+DC107+BY107 -> 110 | DG107: =BW107+CC107+CF107+CI107+CL107+CO107+CR107+CU107+CX107+DA107+DD107+BZ107 -> 1420 | DH107: =BX107+CD107+CG107+CJ107+CM107+CP107+CS107+CV107+CY107+DB107+DE107+CA107 -> 1168
...

Sheet MLM FU
I1: Target | J1: Q1 | M1: Q2 | P1: Q3 | S1: Q4 | V1: 2026 Total
J2: January | K2: February | L2: March | M2: April | N2: May | O2: June | P2: July | Q2: August | R2: September | S2: October | T2: Novermber | U2: December
I3: Target (BOT) | J3: 350249.1 | K3: 350249.1 | L3: 350249.1 | M3: 323306.86 | N3: 323306.86 | O3: 323306.86 | P3: 336777.98 | Q3: 336777.98 | R3: 336777.98 | S3: 336777.98 | T3: 336777.98 | U3: 336777.98 | V3: =SUM(J3:U3) -> 4041335.7
I4: Target (Liters) | J4: 261295.08 | K4: 261295.08 | L4: 261295.08 | M4: 241195.46 | N4: 241195.46 | O4: 241195.46 | P4: 251245.27 | Q4: 251245.27 | R4: 251245.27 | S4: 251245.27 | T4: 251245.27 | U4: 251245.27 | V4: =SUM(J4:U4) -> 3014943.2
H5: 0.75027824 | I5: WS | J5: =+O35 -> 209394 | K5: =+X35 -> 209092 | L5: =+AG35 -> 166192 | M5: =+AU35 -> 0 | N5: =+BD35 -> 0 | O5: =BM35 -> 0 | P5: =+CA35 -> 0 | Q5: =+CJ35 -> 0 | R5: =+CS35 -> 0 | S5: =+DG35 -> 0 | T5: =+DP35 -> 0 | U5: =+DY35 -> 0 | V5: =SUM(J5:U5) -> 584678
H6: 0.16624611 | I6: SWS | J6: =+O65 -> 45078 | K6: =+X65 -> 43254 | L6: =+AG65 -> 60358 | M6: =+AU65 -> 0 | N6: =+BD65 -> 0 | O6: =BM65 -> 0 | P6: =+CA65 -> 0 | Q6: =+CJ65 -> 0 | R6: =+CS65 -> 0 | S6: =+DG65 -> 0 | T6: =+DP65 -> 0 | U6: =+DY65 -> 0 | V6: =SUM(J6:U6) -> 148690
H7: 0.037669226 | I7: Mini | J7: =+O86 -> 11242 | K7: =+X86 -> 8236 | L7: =+AG86 -> 11306 | M7: =+AU86 -> 0 | N7: =+BD86 -> 0 | O7: =BM86 -> 0 | P7: =+CA86 -> 0 | Q7: =+CJ86 -> 0 | R7: =+CS86 -> 0 | S7: =+DG86 -> 0 | T7: =+DP86 -> 0 | U7: =+DY86 -> 0 | V7: =SUM(J7:U7) -> 30784
H8: 0.045806423 | I8: Van | J8: =+O93 -> 33461 | K8: =+X93 -> 25317 | L8: =+AG93 -> 31645 | M8: =+AU93 -> 0 | N8: =+BD93 -> 0 | O8: =BM93 -> 0 | P8: =+CA93 -> 0 | Q8: =+CJ93 -> 0 | R8: =+CS93 -> 0 | S8: =+DG93 -> 0 | T8: =+DP93 -> 0 | U8: =+DY93 -> 0 | V8: =SUM(J8:U8) -> 90423
I9: Total Sales(BOT) | J9: =SUM(J5:J8) -> 299175 | K9: =SUM(K5:K8) -> 285899 | L9: =SUM(L5:L8) -> 269501 | M9: =SUM(M5:M8) -> 0 | N9: =SUM(N5:N8) -> 0 | O9: =SUM(O5:O8) -> 0 | P9: =SUM(P5:P8) -> 0 | Q9: =SUM(Q5:Q8) -> 0 | ... V9: =SUM(V5:V8) -> 854575
I10: Total Sales(Liters) | J10: =+P35+P65+P86+P93 -> 233525.95 | K10: =+Y35+Y65+Y86+Y93 -> 221678.61 | L10: =+AH93+AH86+AH65+AH35 -> 214103.73 | M10: =+AV35+AV65+AV86+AV93 -> 0 | N10: =+BE35+BE65+BE86+BE93 -> 0 | O10: =BN35+BN65+BN86+BN93 -> 0 | P10: =+CB35+CB65+CB86+CB93 -> 0 | Q10: =+CK35+CK65+CK86+CK93 -> 0 | R10: =+CT35+CT65+CT86+CT93 -> 0 | S10: =+DH35+DH65+DH86+DH93 -> 0 | T10: =+DQ35+DQ65+DQ86+DQ93 -> 0 | U10: =+DZ35+DZ65+DZ86+DZ93 -> 0 | V10: =SUM(J10:U10) -> 669308.29
I11: Ach % (BOT) | J11: =+J9/J3 -> 0.85417779 | K11: =+K9/K3 -> 0.81627334 | L11: =+L9/L3 -> 0.76945523 | M11: =+M9/M3 -> 0 | N11: =+N9/N3 -> 0 | O11: =+O9/O3 -> 0 | P11: =+P9/P3 -> 0 | Q11: =+Q9/Q3 -> 0 | ... U11: =+U9/U3 -> 0 | V11: =IFERROR((V9/V3),0) -> 0.21145855
I12: Ach % (Liters) | J12: =+J10/J4 -> 0.89372502 | K12: =+K10/K4 -> 0.84838417 | L12: =+L10/L4 -> 0.81939442 | M12: =+M10/M4 -> 0 | N12: =+N10/N4 -> 0 | O12: =+O10/O4 -> 0 | P12: =+P10/P4 -> 0 | Q12: =+Q10/Q4 -> 0 | ... U12: =+U10/U4 -> 0 | V12: =IFERROR((V10/V4),0) -> 0.22199698
I14: =+I17+I39+I70+I90-J4 -> 0 | R14: =+R17+R39+R70+R90-J4 -> 0 | AA14: =+AA17+AA39+AA70+AA90-J4 -> 0 | AO14: =+AO17+AO39+AO70+AO90-M3 -> -323306.86 | AX14: =+AX17+AX39+AX70+AX90-N3 -> -323306.86 | BG14: =+BG17+BG39+BG70+BG90-O3 -> -323306.86 | BU14: =+BU17+BU39+BU70+BU90-P3 -> -336777.98 | CD14: =+CD17+CD39+CD70+CD90-Q3 -> -336777.98 | CM14: =+CM17+CM39+CM70+CM90-R3 -> -336777.98 | DA14: =+DA17+DA39+DA70+DA90-S3 -> -336777.98 | DJ14: =+DJ17+DJ39+DJ70+DJ90-T3 -> -336777.98 | DS14: =+DS17+DS39+DS70+DS90-U3 -> -336777.98
I15: Quarter 1 | AO15: Quarter 2 | BU15: Quarter 3 | DA15: Quarter 4
B16: Wholesales Follow Up - (MLM) | I16: 46023 | R16: 46054 | AA16: 46082 | AJ16: Q1 Total | AO16: 46113 | AX16: 46143 | BG16: 46174 | BP16: Q2 Total | BU16: 46204 | CD16: 46235 | CM16: 46266 | CV16: Q3 Total | DA16: 46296 | DJ16: 46327 | DS16: 46357 | EB16: Q4 Total
I17: =J4*H5 -> 196044.01 | K17: 10 | M17: 20 | O17: 30 | Q17: ACH% | R17: =J4*H5 -> 196044.01 | T17: 10 | V17: 20 | X17: 30 | Z17: ACH% | AA17: =J4*H5 -> 196044.01 | AC17: 10 | AE17: 20 | AG17: 30 | AI17: ACH% | AJ17: Target | AK17: Sales | AL17: Ach % | AQ17: 10 | AS17: 20 | AU17: 30 | AW17: Ach % | AZ17: 10 | BB17: 20 | BD17: 31 | BF17: Ach % | BI17: 10 | BK17: 20 | BM17: 30 | BO17: Ach % | BP17: Target | BQ17: Sales | BR17: Ach % | BW17: 10 | BY17: 20 | CA17: 30 | CC17: Ach % | CF17: 10 | CH17: 20 | CJ17: 30 | CL17: Ach % | CO17: 10 | CQ17: 20 | CS17: 30 | CU17: Ach % | CV17: Target | CW17: Sales | CX17: Ach % | DC17: 10 | DE17: 20 | DG17: 30 | DI17: Ach % | DL17: 10 | DN17: 20 | DP17: 30 | DR17: Ach % | DU17: 10 | DW17: 20 | DY17: 30 | EA17: Ach % | EB17: Target | EC17: Sales | ED17: Ach %
A18: Sr No. | B18: Customer Name | D18: Area | F18: Outlet Type | G18: Cons% | H18: Resp by | I18: Bottle | J18: Liter | K18: Bottle | L18: Liter | M18: Bottle | N18: Liter | O18: Bottle | P18: Liter | Q18: Liter | R18: Bottle | S18: Liter | T18: Bottle | U18: Liter | V18: Bottle | W18: Liter | X18: Bottle | Y18: Liter | Z18: Liter | AA18: Bottle | AB18: Liter | AC18: Bottle | AD18: Liter | AE18: Bottle | AF18: Liter | AG18: Bottle | AH18: Liter | AI18: Liter | AJ18: Liter | AK18: Liter | AN18: Cons% | AO18: PKT | AP18: Bottle | AQ18: Bottle | AR18: Ltr | AS18: Bottle | AT18: Ltr | AU18: Bottle | AV18: Ltr | AW18: Bottle | AX18: PKT | AY18: Bottle | AZ18: Bottle | BA18: Ltr | BB18: Bottle | BC18: Ltr | BD18: Bottle | BE18: Ltr | BF18: Bottle | BG18: PKT | BH18: Bottle | BI18: Bottle | BJ18: Ltr | BK18: Bottle | BL18: Ltr | BM18: Bottle | BN18: Ltr | BO18: Bottle | BP18: Bottle | BQ18: Bottle | BR18: Bottle | BT18: Cons% | BU18: PKT | BV18: Bottle | BW18: Bottle | BX18: Ltr | BY18: Bottle | BZ18: Ltr | CA18: Bottle | CB18: Ltr | CC18: Bottle | CD18: PKT | CE18: Bottle | CF18: Bottle | CG18: Ltr | CH18: Bottle | CI18: Ltr | CJ18: Bottle | CK18: Ltr | CL18: Bottle | CM18: PKT | CN18: Bottle | CO18: Bottle | CP18: Ltr | CQ18: Bottle | CR18: Ltr | CS18: Bottle | CT18: Ltr | CU18: Bottle | CV18: Bottle | CW18: Bottle | CX18: Bottle | CZ18: Cons% | DA18: PKT | DB18: Bottle | DC18: Bottle | DD18: Ltr | DE18: Bottle | DF18: Ltr | DG18: Bottle | DH18: Ltr | DI18: Bottle | DJ18: PKT | DK18: Bottle | DL18: Bottle | DM18: Ltr | DN18: Bottle | DO18: Ltr | DP18: Bottle | DQ18: Ltr | DR18: Bottle | DS18: PKT | DT18: Bottle | DU18: Bottle | DV18: Ltr | DW18: Bottle | DX18: Ltr | DY18: Bottle | DZ18: Ltr | EA18: Bottle | EB18: Bottle | EC18: Bottle | ED18: Bottle
A19: 1 | B19: ကျော်စတား | C19: Kyaw Star | D19: ရေးမြို့ | E19: Yaye | F19: WholeSales | G19: 0.37131125 | I19: 97574.759 | J19: =I17*G19 -> 72793.348 | K19: 21030 | L19: 16267.2 | M19: ='FUS-Working'!BW5 -> 52990 | N19: ='FUS-Working'!BX5 -> 41171.2 | O19: ='FUS-Working'!DG5 -> 85150 | P19: ='FUS-Working'!DH5 -> 67132 | Q19: =IFERROR((P19/J19),0) -> 0.92222712 | R19: 97574.759 | S19: =R17*G19 -> 72793.348 | T19: ='FUS-Working'!DG77 -> 78590 | U19: ='FUS-Working'!DH77 -> 61983.2 | V19: ='FUS-Working'!DG77 -> 78590 | W19: ='FUS-Working'!DH77 -> 61983.2 | X19: ='FUS-Working'!DG77 -> 78590 | Y19: ='FUS-Working'!DH77 -> 61983.2 | Z19: =IFERROR((Y19/S19),0) -> 0.85149539 | AA19: 97574.759 | AB19: 72793.348 | AC19: =+'FUS-Working'!AP148 -> 35070 | AD19: =+'FUS-Working'!AQ148 -> 28190.4 | AE19: ='FUS-Working'!BW148 -> 66130 | AF19: ='FUS-Working'!BX148 -> 52496.8 | AG19: ='FUS-Working'!DG148 -> 66130 | AH19: ='FUS-Working'!DH148 -> 52496.8 | AI19: =IFERROR((AH19/AB19),0) -> 0.72117579 | AJ19: =+AB19+S19+J19 -> 218380.04 | AK19: =P19+Y19+AH19 -> 181612 | AL19: =IFERROR((AK19/AJ19),0) -> 0.83163277 | AW19: =IFERROR((AU19/AP19),0) -> 0 | BF19: =IFERROR((BD19/AY19),0) -> 0 | BO19: =IFERROR((BM19/BH19),0) -> 0 | BP19: =+BH19+AY19+AP19 -> 0 | BQ19: =+BM19+BD19+AU19 -> 0 | BR19: =IFERROR((BQ19/BP19),0) -> 0 | CC19: =IFERROR((CA19/BV19),0) -> 0 | CL19: =IFERROR((CJ19/CE19),0) -> 0 | CU19: =IFERROR((CS19/CN19),0) -> 0 | CV19: =+CN19+CE19+BV19 -> 0 | CW19: =+CS19+CJ19+CA19 -> 0 | CX19: =IFERROR((CW19/CV19),0) -> 0 | DI19: =IFERROR((DG19/DB19),0) -> 0 | DR19: =IFERROR((DP19/DK19),0) -> 0 | EA19: =IFERROR((DY19/DT19),0) -> 0 | EB19: =+DT19+DK19+DB19 -> 0 | EC19: =+DY19+DP19+DG19 -> 0 | ED19: =IFERROR((EC19/EB19),0) -> 0
A20: 2 | B20: ဒေါ်နွယ်နွယ်ရီ(ရွှေတောင်ကြား) | C20: Daw New New Yi | D20: ရေးမြို့ | E20: Yayae | F20: WholeSales | G20: 0.17049091 | I20: 44802.331 | J20: 33423.723 | K20: 6400 | L20: 5392 | M20: ='FUS-Working'!BW6 -> 21200 | N20: ='FUS-Working'!BX6 -> 16160 | O20: ='FUS-Working'!DG6 -> 41200 | P20: ='FUS-Working'!DH6 -> 31120 | Q20: =IFERROR((P20/J20),0) -> 0.93107522 | R20: 44802.331 | S20: 33423.723 | T20: ='FUS-Working'!DG78 -> 33000 | U20: ='FUS-Working'!DH78 -> 25440 | V20: ='FUS-Working'!DG78 -> 33000 | W20: ='FUS-Working'!DH78 -> 25440 | X20: ='FUS-Working'!DG78 -> 33000 | Y20: ='FUS-Working'!DH78 -> 25440 | Z20: =IFERROR((Y20/S20),0) -> 0.76113604 | AA20: 44802.331 | AB20: 33423.723 | AC20: =+'FUS-Working'!AP149 -> 10600 | AD20: =+'FUS-Working'!AQ149 -> 8080 | AE20: ='FUS-Working'!BW149 -> 30600 | AF20: ='FUS-Working'!BX149 -> 23040 | AG20: ='FUS-Working'!DG149 -> 30600 | AH20: ='FUS-Working'!DH149 -> 23040 | AI20: =IFERROR((AH20/AB20),0) -> 0.68933075 | AJ20: =+AB20+S20+J20 -> 100271.17 | AK20: =P20+Y20+AH20 -> 79600 | AL20: =IFERROR((AK20/AJ20),0) -> 0.79384733 | AW20: =IFERROR((AU20/AP20),0) -> 0 | BF20: =IFERROR((BD20/AY20),0) -> 0 | BO20: =IFERROR((BM20/BH20),0) -> 0 | BP20: =+BH20+AY20+AP20 -> 0 | BQ20: =+BM20+BD20+AU20 -> 0 | BR20: =IFERROR((BQ20/BP20),0) -> 0 | CC20: =IFERROR((CA20/BV20),0) -> 0 | CL20: =IFERROR((CJ20/CE20),0) -> 0 | CU20: =IFERROR((CS20/CN20),0) -> 0 | CV20: =+CN20+CE20+BV20 -> 0 | CW20: =+CS20+CJ20+CA20 -> 0 | CX20: =IFERROR((CW20/CV20),0) -> 0 | DI20: =IFERROR((DG20/DB20),0) -> 0 | DR20: =IFERROR((DP20/DK20),0) -> 0 | EA20: =IFERROR((DY20/DT20),0) -> 0 | EB20: =+DT20+DK20+DB20 -> 0 | EC20: =+DY20+DP20+DG20 -> 0 | ED20: =IFERROR((EC20/EB20),0) -> 0
A21: 3 | B21: ပြည့်လျှံ | C21: Pyae Hlan | D21: မော်လမြိုင် | E21: Mawlamyaing | F21: WholeSales | G21: 0.10777756 | I21: 28322.25 | J21: 21129.147 | K21: 3800 | L21: 3296 | M21: ='FUS-Working'!BW7 -> 6400 | N21: ='FUS-Working'!BX7 -> 5392 | O21: ='FUS-Working'!DG7 -> 13000 | P21: ='FUS-Working'!DH7 -> 10480 | Q21: =IFERROR((P21/J21),0) -> 0.49599732 | R21: 28322.25 | S21: 21129.147 | T21: ='FUS-Working'!DG79 -> 18040 | U21: ='FUS-Working'!DH79 -> 14915.2 | V21: ='FUS-Working'!DG79 -> 18040 | W21: ='FUS-Working'!DH79 -> 14915.2 | X21: ='FUS-Working'!DG79 -> 18040 | Y21: ='FUS-Working'!DH79 -> 14915.2 | Z21: =IFERROR((Y21/S21),0) -> 0.70590641 | AA21: 28322.25 | AB21: 21129.147 | AC21: =+'FUS-Working'!AP150 -> 2400 | AD21: =+'FUS-Working'!AQ150 -> 2400 | AE21: ='FUS-Working'!BW150 -> 12700 | AF21: ='FUS-Working'!BX150 -> 10936 | AG21: ='FUS-Working'!DG150 -> 12700 | AH21: ='FUS-Working'!DH150 -> 10936 | AI21: =IFERROR((AH21/AB21),0) -> 0.51757888 | AJ21: =+AB21+S21+J21 -> 63387.44 | AK21: =P21+Y21+AH21 -> 36331.2 | AL21: =IFERROR((AK21/AJ21),0) -> 0.57316087 | AW21: =IFERROR((AU21/AP21),0) -> 0 | BF21: =IFERROR((BD21/AY21),0) -> 0 | BO21: =IFERROR((BM21/BH21),0) -> 0 | BP21: =+BH21+AY21+AP21 -> 0 | BQ21: =+BM21+BD21+AU21 -> 0 | BR21: =IFERROR((BQ21/BP21),0) -> 0 | CC21: =IFERROR((CA21/BV21),0) -> 0 | CL21: =IFERROR((CJ21/CE21),0) -> 0 | CU21: =IFERROR((CS21/CN21),0) -> 0 | CV21: =+CN21+CE21+BV21 -> 0 | CW21: =+CS21+CJ21+CA21 -> 0 | CX21: =IFERROR((CW21/CV21),0) -> 0 | DI21: =IFERROR((DG21/DB21),0) -> 0 | DR21: =IFERROR((DP21/DK21),0) -> 0 | EA21: =IFERROR((DY21/DT21),0) -> 0 | EB21: =+DT21+DK21+DB21 -> 0 | EC21: =+DY21+DP21+DG21 -> 0 | ED21: =IFERROR((EC21/EB21),0) -> 0
A22: 4 | B22: ကိုမျိုးအောင် | C22: Ko Myo Aung | D22: မော်လမြိုင် | E22: Mawlamyaing | F22: WholeSales | G22: 0.044480871 | I22: 11688.873 | J22: 8720.2084 | K22: 1640 | L22: 1136 | M22: ='FUS-Working'!BW8 -> 3410 | N22: ='FUS-Working'!BX8 -> 2528 | O22: ='FUS-Working'!DG8 -> 5310 | P22: ='FUS-Working'!DH8 -> 4176 | Q22: =IFERROR((P22/J22),0) -> 0.47888764 | R22: 11688.873 | S22: 8720.2084 | T22: ='FUS-Working'!DG80 -> 5130 | U22: ='FUS-Working'!DH80 -> 3844.8 | V22: ='FUS-Working'!DG80 -> 5130 | W22: ='FUS-Working'!DH80 -> 3844.8 | X22: ='FUS-Working'!DG80 -> 5130 | Y22: ='FUS-Working'!DH80 -> 3844.8 | Z22: =IFERROR((Y22/S22),0) -> 0.44090689 | AA22: 11688.873 | AB22: 8720.2084 | AC22: =+'FUS-Working'!AP151 -> 2616 | AD22: =+'FUS-Working'!AQ151 -> 1890.24 | AE22: ='FUS-Working'!BW151 -> 3956 | AF22: ='FUS-Working'!BX151 -> 2877.44 | AG22: ='FUS-Working'!DG151 -> 3956 | AH22: ='FUS-Working'!DH151 -> 2877.44 | AI22: =IFERROR((AH22/AB22),0) -> 0.32997376 | AJ22: =+AB22+S22+J22 -> 26160.625 | AK22: =P22+Y22+AH22 -> 10898.24 | AL22: =IFERROR((AK22/AJ22),0) -> 0.41658943 | AW22: =IFERROR((AU22/AP22),0) -> 0 | BF22: =IFERROR((BD22/AY22),0) -> 0 | BO22: =IFERROR((BM22/BH22),0) -> 0 | BP22: =+BH22+AY22+AP22 -> 0 | BQ22: =+BM22+BD22+AU22 -> 0 | BR22: =IFERROR((BQ22/BP22),0) -> 0 | CC22: =IFERROR((CA22/BV22),0) -> 0 | CL22: =IFERROR((CJ22/CE22),0) -> 0 | CU22: =IFERROR((CS22/CN22),0) -> 0 | CV22: =+CN22+CE22+BV22 -> 0 | CW22: =+CS22+CJ22+CA22 -> 0 | CX22: =IFERROR((CW22/CV22),0) -> 0 | DI22: =IFERROR((DG22/DB22),0) -> 0 | DR22: =IFERROR((DP22/DK22),0) -> 0 | EA22: =IFERROR((DY22/DT22),0) -> 0 | EB22: =+DT22+DK22+DB22 -> 0 | EC22: =+DY22+DP22+DG22 -> 0 | ED22: =IFERROR((EC22/EB22),0) -> 0
A23: 5 | B23: ကိုထိုက်စိုး | C23: Ko Htike Soe | D23: ရေးမြို့ | E23: Yaye | F23: WholeSales | G23: 0.035543497 | I23: 9340.2721 | J23: 6968.0898 | K23: 0 | L23: 0 | M23: ='FUS-Working'!BW9 -> 0 | N23: ='FUS-Working'!BX9 -> 0 | O23: ='FUS-Working'!DG9 -> 7400 | P23: ='FUS-Working'!DH9 -> 6896 | Q23: =IFERROR((P23/J23),0) -> 0.9896543 | R23: 9340.2721 | S23: 6968.0898 | T23: ='FUS-Working'!DG81 -> 6400 | U23: ='FUS-Working'!DH81 -> 5392 | V23: ='FUS-Working'!DG81 -> 6400 | W23: ='FUS-Working'!DH81 -> 5392 | X23: ='FUS-Working'!DG81 -> 6400 | Y23: ='FUS-Working'!DH81 -> 5392 | Z23: =IFERROR((Y23/S23),0) -> 0.77381322 | AA23: 9340.2721 | AB23: 6968.0898 | AC23: =+'FUS-Working'!AP152 -> 0 | AD23: =+'FUS-Working'!AQ152 -> 0 | AE23: ='FUS-Working'!BW152 -> 0 | AF23: ='FUS-Working'!BX152 -> 0 | AG23: ='FUS-Working'!DG152 -> 0 | AH23: ='FUS-Working'!DH152 -> 0 | AI23: =IFERROR((AH23/AB23),0) -> 0 | AJ23: =+AB23+S23+J23 -> 20904.269 | AK23: =P23+Y23+AH23 -> 12288 | AL23: =IFERROR((AK23/AJ23),0) -> 0.58782251 | AW23: =IFERROR((AU23/AP23),0) -> 0 | BF23: =IFERROR((BD23/AY23),0) -> 0 | BO23: =IFERROR((BM23/BH23),0) -> 0 | BP23: =+BH23+AY23+AP23 -> 0 | BQ23: =+BM23+BD23+AU23 -> 0 | BR23: =IFERROR((BQ23/BP23),0) -> 0 | CC23: =IFERROR((CA23/BV23),0) -> 0 | CL23: =IFERROR((CJ23/CE23),0) -> 0 | CU23: =IFERROR((CS23/CN23),0) -> 0 | CV23: =+CN23+CE23+BV23 -> 0 | CW23: =+CS23+CJ23+CA23 -> 0 | CX23: =IFERROR((CW23/CV23),0) -> 0 | DI23: =IFERROR((DG23/DB23),0) -> 0 | DR23: =IFERROR((DP23/DK23),0) -> 0 | EA23: =IFERROR((DY23/DT23),0) -> 0 | EB23: =+DT23+DK23+DB23 -> 0 | EC23: =+DY23+DP23+DG23 -> 0 | ED23: =IFERROR((EC23/EB23),0) -> 0
A24: 6 | B24: ဦးမင်းလွင်(ထင်းပုံ) | C24: U Min Lwin | D24: မော်လမြိုင် | E24: Mawlamyaing | F24: WholeSales | G24: 0.044975458 | I24: 11818.843 | J24: 8817.1693 | K24: 2944 | L24: 1892.8 | M24: ='FUS-Working'!BW10 -> 6660 | N24: ='FUS-Working'!BX10 -> 4271.04 | O24: ='FUS-Working'!DG10 -> 9820 | P24: ='FUS-Working'!DH10 -> 6302.08 | Q24: =IFERROR((P24/J24),0) -> 0.71475094 | R24: 11818.843 | S24: 8817.1693 | T24: ='FUS-Working'!DG82 -> 11232 | U24: ='FUS-Working'!DH82 -> 7210.08 | V24: ='FUS-Working'!DG82 -> 11232 | W24: ='FUS-Working'!DH82 -> 7210.08 | X24: ='FUS-Working'!DG82 -> 11232 | Y24: ='FUS-Working'!DH82 -> 7210.08 | Z24: =IFERROR((Y24/S24),0) -> 0.81773183 | AA24: 11818.843 | AB24: 8817.1693 | AC24: =+'FUS-Working'!AP153 -> 2920 | AD24: =+'FUS-Working'!AQ153 -> 1868.8 | AE24: ='FUS-Working'!BW153 -> 6500 | AF24: ='FUS-Working'!BX153 -> 4160 | AG24: ='FUS-Working'!DG153 -> 6500 | AH24: ='FUS-Working'!DH153 -> 4160 | AI24: =IFERROR((AH24/AB24),0) -> 0.47180675 | AJ24: =+AB24+S24+J24 -> 26451.508 | AK24: =P24+Y24+AH24 -> 17672.16 | AL24: =IFERROR((AK24/AJ24),0) -> 0.66809651 | AW24: =IFERROR((AU24/AP24),0) -> 0 | BF24: =IFERROR((BD24/AY24),0) -> 0 | BO24: =IFERROR((BM24/BH24),0) -> 0 | BP24: =+BH24+AY24+AP24 -> 0 | BQ24: =+BM24+BD24+AU24 -> 0 | BR24: =IFERROR((BQ24/BP24),0) -> 0 | CC24: =IFERROR((CA24/BV24),0) -> 0 | CL24: =IFERROR((CJ24/CE24),0) -> 0 | CU24: =IFERROR((CS24/CN24),0) -> 0 | CV24: =+CN24+CE24+BV24 -> 0 | CW24: =+CS24+CJ24+CA24 -> 0 | CX24: =IFERROR((CW24/CV24),0) -> 0 | DI24: =IFERROR((DG24/DB24),0) -> 0 | DR24: =IFERROR((DP24/DK24),0) -> 0 | EA24: =IFERROR((DY24/DT24),0) -> 0 | EB24: =+DT24+DK24+DB24 -> 0 | EC24: =+DY24+DP24+DG24 -> 0 | ED24: =IFERROR((EC24/EB24),0) -> 0
A25: 7 | B25: ကိုထွန်းနိုင် | C25: Ko Htun Naing | D25: ရေးမြို့ | E25: Yaye | F25: WholeSales | G25: 0.030838908 | I25: 8103.9802 | J25: 6045.7833 | K25: 0 | L25: 0 | M25: ='FUS-Working'!BW11 -> 2800 | N25: ='FUS-Working'!BX11 -> 1792 | O25: ='FUS-Working'!DG11 -> 6100 | P25: ='FUS-Working'!DH11 -> 4336 | Q25: =IFERROR((P25/J25),0) -> 0.71719408 | R25: 8103.9802 | S25: 6045.7833 | T25: ='FUS-Working'!DG83 -> 7860 | U25: ='FUS-Working'!DH83 -> 5592 | V25: ='FUS-Working'!DG83 -> 7860 | W25: ='FUS-Working'!DH83 -> 5592 | X25: ='FUS-Working'!DG83 -> 7860 | Y25: ='FUS-Working'!DH83 -> 5592 | Z25: =IFERROR((Y25/S25),0) -> 0.92494218 | AA25: 8103.9802 | AB25: 6045.7833 | AC25: =+'FUS-Working'!AP154 -> 6600 | AD25: =+'FUS-Working'!AQ154 -> 5088 | AE25: ='FUS-Working'!BW154 -> 6600 | AF25: ='FUS-Working'!BX154 -> 5088 | AG25: ='FUS-Working'!DG154 -> 6600 | AH25: ='FUS-Working'!DH154 -> 5088 | AI25: =IFERROR((AH25/AB25),0) -> 0.84157829 | AJ25: =+AB25+S25+J25 -> 18137.35 | AK25: =P25+Y25+AH25 -> 15016 | AL25: =IFERROR((AK25/AJ25),0) -> 0.82790485 | AW25: =IFERROR((AU25/AP25),0) -> 0 | BF25: =IFERROR((BD25/AY25),0) -> 0 | BO25: =IFERROR((BM25/BH25),0) -> 0 | BP25: =+BH25+AY25+AP25 -> 0 | BQ25: =+BM25+BD25+AU25 -> 0 | BR25: =IFERROR((BQ25/BP25),0) -> 0 | CC25: =IFERROR((CA25/BV25),0) -> 0 | CL25: =IFERROR((CJ25/CE25),0) -> 0 | CU25: =IFERROR((CS25/CN25),0) -> 0 | CV25: =+CN25+CE25+BV25 -> 0 | CW25: =+CS25+CJ25+CA25 -> 0 | CX25: =IFERROR((CW25/CV25),0) -> 0 | DI25: =IFERROR((DG25/DB25),0) -> 0 | DR25: =IFERROR((DP25/DK25),0) -> 0 | EA25: =IFERROR((DY25/DT25),0) -> 0 | EB25: =+DT25+DK25+DB25 -> 0 | EC25: =+DY25+DP25+DG25 -> 0 | ED25: =IFERROR((EC25/EB25),0) -> 0
A26: 8 | B26: ဒေါ်ထွန်းမေ | C26: Daw Htun May | D26: မော်လမြိုင် | E26: Mawlamyaing | F26: WholeSales | G26: 0.038541594 | I26: 10128.125 | J26: 7555.8489 | K26: 3580 | L26: 2291.2 | M26: ='FUS-Working'!BW12 -> 8560 | N26: ='FUS-Working'!BX12 -> 5478.4 | O26: ='FUS-Working'!DG12 -> 11400 | P26: ='FUS-Working'!DH12 -> 7296 | Q26: =IFERROR((P26/J26),0) -> 0.96560957 | R26: 10128.125 | S26: 7555.8489 | T26: ='FUS-Working'!DG84 -> 9160 | U26: ='FUS-Working'!DH84 -> 6078.4 | V26: ='FUS-Working'!DG84 -> 9160 | W26: ='FUS-Working'!DH84 -> 6078.4 | X26: ='FUS-Working'!DG84 -> 9160 | Y26: ='FUS-Working'!DH84 -> 6078.4 | Z26: =IFERROR((Y26/S26),0) -> 0.80446289 | AA26: 10128.125 | AB26: 7555.8489 | AC26: =+'FUS-Working'!AP155 -> 2180 | AD26: =+'FUS-Working'!AQ155 -> 1611.2 | AE26: ='FUS-Working'!BW155 -> 6360 | AF26: ='FUS-Working'!BX155 -> 4502.4 | AG26: ='FUS-Working'!DG155 -> 6360 | AH26: ='FUS-Working'!DH155 -> 4502.4 | AI26: =IFERROR((AH26/AB26),0) -> 0.59588275 | AJ26: =+AB26+S26+J26 -> 22667.547 | AK26: =P26+Y26+AH26 -> 17876.8 | AL26: =IFERROR((AK26/AJ26),0) -> 0.78865174
A27: 9 | B27: ရွှေပင်လယ် | C27: Ma Wint War Htike | D27: ရေးမြို့ | E27: Yayae | F27: WholeSales | G27: 0.031508958 | I27: 8280.0587 | J27: 6177.1426 | K27: 0 | L27: 0 | M27: ='FUS-Working'!BW13 -> 1400 | N27: ='FUS-Working'!BX13 -> 896 | O27: ='FUS-Working'!DG13 -> 2600 | P27: ='FUS-Working'!DH13 -> 2096 | Q27: =IFERROR((P27/J27),0) -> 0.33931546 | R27: 8280.0587 | S27: 6177.1426 | T27: ='FUS-Working'!DG85 -> 6800 | U27: ='FUS-Working'!DH85 -> 4784 | V27: ='FUS-Working'!DG85 -> 6800 | W27: ='FUS-Working'!DH85 -> 4784 | X27: ='FUS-Working'!DG85 -> 6800 | Y27: ='FUS-Working'!DH85 -> 4784 | Z27: =IFERROR((Y27/S27),0) -> 0.77446812 | AA27: 8280.0587 | AB27: 6177.1426 | AC27: =+'FUS-Working'!AP156 -> 4000 | AD27: =+'FUS-Working'!AQ156 -> 2992 | AE27: ='FUS-Working'!BW156 -> 6400 | AF27: ='FUS-Working'!BX156 -> 5392 | AG27: ='FUS-Working'!DG156 -> 6400 | AH27: ='FUS-Working'!DH156 -> 5392 | AI27: =IFERROR((AH27/AB27),0) -> 0.87289551 | AJ27: =+AB27+S27+J27 -> 18531.428 | AK27: =P27+Y27+AH27 -> 12272 | AL27: =IFERROR((AK27/AJ27),0) -> 0.66222636
A28: 10 | B28: ကိုညီညီဆွေ | C28: Ko Nyi Nyi Swe | D28: မော်လမြိုင် | E28: Mawlamyaing | F28: WholeSales | G28: 0.02844251 | I28: 7474.2446 | J28: 5575.9839 | K28: 3400 | L28: 2392 | M28: ='FUS-Working'!BW14 -> 5300 | N28: ='FUS-Working'!BX14 -> 4040 | O28: ='FUS-Working'!DG14 -> 5300 | P28: ='FUS-Working'!DH14 -> 4040 | Q28: =IFERROR((P28/J28),0) -> 0.7245358 | R28: 7474.2446 | S28: 5575.9839 | T28: ='FUS-Working'!DG86 -> 7680 | U28: ='FUS-Working'!DH86 -> 5865.6 | V28: ='FUS-Working'!DG86 -> 7680 | W28: ='FUS-Working'!DH86 -> 5865.6 | X28: ='FUS-Working'!DG86 -> 7680 | Y28: ='FUS-Working'!DH86 -> 5865.6 | Z28: =IFERROR((Y28/S28),0) -> 1.0519399 | AA28: 7474.2446 | AB28: 5575.9839 | AC28: =+'FUS-Working'!AP157 -> 3600 | AD28: =+'FUS-Working'!AQ157 -> 2844 | AE28: ='FUS-Working'!BW157 -> 6650 | AF28: ='FUS-Working'!BX157 -> 5012 | AG28: ='FUS-Working'!DG157 -> 6650 | AH28: ='FUS-Working'!DH157 -> 5012 | AI28: =IFERROR((AH28/AB28),0) -> 0.89885481 | AJ28: =+AB28+S28+J28 -> 16727.952 | AK28: =P28+Y28+AH28 -> 14917.6 | AL28: =IFERROR((AK28/AJ28),0) -> 0.89177684
A29: 11 | B29: လင်းသစ် | C29: Lin Thit | D29: ရေးမြို့ | E29: Yaye | F29: WholeSales | G29: 0.026898508 | I29: 7068.5051 | J29: 5273.2915 | K29: 2560 | L29: 2156.8 | M29: ='FUS-Working'!BW15 -> 3210 | N29: ='FUS-Working'!BX15 -> 2680.8 | O29: ='FUS-Working'!DG15 -> 6460 | P29: ='FUS-Working'!DH15 -> 5300.8 | Q29: =IFERROR((P29/J29),0) -> 1.0052166 | R29: 7068.5051 | S29: 5273.2915 | T29: ='FUS-Working'!DG87 -> 3880 | U29: ='FUS-Working'!DH87 -> 3174.4 | V29: ='FUS-Working'!DG87 -> 3880 | W29: ='FUS-Working'!DH87 -> 3174.4 | X29: ='FUS-Working'!DG87 -> 3880 | Y29: ='FUS-Working'!DH87 -> 3174.4 | Z29: =IFERROR((Y29/S29),0) -> 0.60197696 | AA29: 7068.5051 | AB29: 5273.2915 | AC29: =+'FUS-Working'!AP158 -> 4040 | AD29: =+'FUS-Working'!AQ158 -> 3384.8 | AE29: ='FUS-Working'!BW158 -> 5340 | AF29: ='FUS-Working'!BX158 -> 4432.8 | AG29: ='FUS-Working'!DG158 -> 5340 | AH29: ='FUS-Working'!DH158 -> 4432.8 | AI29: =IFERROR((AH29/AB29),0) -> 0.84061349 | AJ29: =+AB29+S29+J29 -> 15819.875 | AK29: =P29+Y29+AH29 -> 12908 | AL29: =IFERROR((AK29/AJ29),0) -> 0.81593567 | AW29: =IFERROR((AU29/AP29),0) -> 0 | BF29: =IFERROR((BD29/AY29),0) -> 0 | BO29: =IFERROR((BM29/BH29),0) -> 0 | BP29: =+BH29+AY29+AP29 -> 0 | BQ29: =+BM29+BD29+AU29 -> 0 | BR29: =IFERROR((BQ29/BP29),0) -> 0 | CC29: =IFERROR((CA29/BV29),0) -> 0 | CL29: =IFERROR((CJ29/CE29),0) -> 0 | CU29: =IFERROR((CS29/CN29),0) -> 0 | CV29: =+CN29+CE29+BV29 -> 0 | CW29: =+CS29+CJ29+CA29 -> 0 | CX29: =IFERROR((CW29/CV29),0) -> 0 | DI29: =IFERROR((DG29/DB29),0) -> 0 | DR29: =IFERROR((DP29/DK29),0) -> 0 | EA29: =IFERROR((DY29/DT29),0) -> 0 | EB29: =+DT29+DK29+DB29 -> 0 | EC29: =+DY29+DP29+DG29 -> 0 | ED29: =IFERROR((EC29/EB29),0) -> 0
A30: 12 | B30: ကိုမောင်+မသူဇာ | C30: Ko Mg+Ma Thu Zar | D30: ရေးမြို့ | E30: Yaye | F30: WholeSales | G30: 0.03102956 | I30: 8154.0804 | J30: 6083.1594 | K30: 2400 | L30: 2400 | M30: ='FUS-Working'!BW16 -> 6420 | N30: ='FUS-Working'!BX16 -> 6268.8 | O30: ='FUS-Working'!DG16 -> 9660 | P30: ='FUS-Working'!DH16 -> 9508.8 | Q30: =IFERROR((P30/J30),0) -> 1.5631351 | R30: 8154.0804 | S30: 6083.1594 | T30: ='FUS-Working'!DG88 -> 10200 | U30: ='FUS-Working'!DH88 -> 10200 | V30: ='FUS-Working'!DG88 -> 10200 | W30: ='FUS-Working'!DH88 -> 10200 | X30: ='FUS-Working'!DG88 -> 10200 | Y30: ='FUS-Working'!DH88 -> 10200 | Z30: =IFERROR((Y30/S30),0) -> 1.6767603 | AA30: 8154.0804 | AB30: 6083.1594 | AC30: =+'FUS-Working'!AP159 -> 8160 | AD30: =+'FUS-Working'!AQ159 -> 8160 | AE30: ='FUS-Working'!BW159 -> 8160 | AF30: ='FUS-Working'!BX159 -> 8160 | AG30: ='FUS-Working'!DG159 -> 8160 | AH30: ='FUS-Working'!DH159 -> 8160 | AI30: =IFERROR((AH30/AB30),0) -> 1.3414082 | AJ30: =+AB30+S30+J30 -> 18249.478 | AK30: =P30+Y30+AH30 -> 27868.8 | AL30: =IFERROR((AK30/AJ30),0) -> 1.5271012 | AW30: =IFERROR((AU30/AP30),0) -> 0 | BF30: =IFERROR((BD30/AY30),0) -> 0 | BO30: =IFERROR((BM30/BH30),0) -> 0 | BP30: =+BH30+AY30+AP30 -> 0 | BQ30: =+BM30+BD30+AU30 -> 0 | BR30: =IFERROR((BQ30/BP30),0) -> 0 | CC30: =IFERROR((CA30/BV30),0) -> 0 | CL30: =IFERROR((CJ30/CE30),0) -> 0 | CU30: =IFERROR((CS30/CN30),0) -> 0 | CV30: =+CN30+CE30+BV30 -> 0 | CW30: =+CS30+CJ30+CA30 -> 0 | CX30: =IFERROR((CW30/CV30),0) -> 0 | DI30: =IFERROR((DG30/DB30),0) -> 0 | DR30: =IFERROR((DP30/DK30),0) -> 0 | EA30: =IFERROR((DY30/DT30),0) -> 0 | EB30: =+DT30+DK30+DB30 -> 0 | EC30: =+DY30+DP30+DG30 -> 0 | ED30: =IFERROR((EC30/EB30),0) -> 0
A31: 13 | B31: မိုးဆန်းချာလီ | C31: Moe San Char Li | D31: ကျိုက်ထိုမြို့ | E31: Kyaikto | F31: WholeSales | G31: 0.019850723 | I31: 5216.4578 | J31: 3891.6153 | M31: ='FUS-Working'!BW17 -> 3180 | N31: ='FUS-Working'!BX17 -> 2251.2 | O31: ='FUS-Working'!DG17 -> 4594 | P31: ='FUS-Working'!DH17 -> 3156.16 | Q31: =IFERROR((P31/J31),0) -> 0.81101541 | R31: 5216.4578 | S31: 3891.6153 | T31: ='FUS-Working'!DG89 -> 5720 | U31: ='FUS-Working'!DH89 -> 4179.2 | V31: ='FUS-Working'!DG89 -> 5720 | W31: ='FUS-Working'!DH89 -> 4179.2 | X31: ='FUS-Working'!DG89 -> 5720 | Y31: ='FUS-Working'!DH89 -> 4179.2 | Z31: =IFERROR((Y31/S31),0) -> 1.0738985 | AA31: 5216.4578 | AB31: 3891.6153 | AC31: =+'FUS-Working'!AP160 -> 0 | AD31: =+'FUS-Working'!AQ160 -> 0 | AE31: ='FUS-Working'!BW160 -> 3396 | AF31: ='FUS-Working'!BX160 -> 2389.44 | AG31: ='FUS-Working'!DG160 -> 3396 | AH31: ='FUS-Working'!DH160 -> 2389.44 | AI31: =IFERROR((AH31/AB31),0) -> 0.61399696 | AJ31: =+AB31+S31+J31 -> 11674.846 | AK31: =P31+Y31+AH31 -> 9724.8 | AL31: =IFERROR((AK31/AJ31),0) -> 0.8329703 | AW31: =IFERROR((AU31/AP31),0) -> 0 | BF31: =IFERROR((BD31/AY31),0) -> 0 | BO31: =IFERROR((BM31/BH31),0) -> 0 | BP31: =+BH31+AY31+AP31 -> 0 | BQ31: =+BM31+BD31+AU31 -> 0 | BR31: =IFERROR((BQ31/BP31),0) -> 0 | CC31: =IFERROR((CA31/BV31),0) -> 0 | CL31: =IFERROR((CJ31/CE31),0) -> 0 | CU31: =IFERROR((CS31/CN31),0) -> 0 | CV31: =+CN31+CE31+BV31 -> 0 | CW31: =+CS31+CJ31+CA31 -> 0 | CX31: =IFERROR((CW31/CV31),0) -> 0 | DI31: =IFERROR((DG31/DB31),0) -> 0 | DR31: =IFERROR((DP31/DK31),0) -> 0 | EA31: =IFERROR((DY31/DT31),0) -> 0 | EB31: =+DT31+DK31+DB31 -> 0 | EC31: =+DY31+DP31+DG31 -> 0 | ED31: =IFERROR((EC31/EB31),0) -> 0
A32: 14 | B32: ကိုမြခက် | C32: Ko Mya Khat | D32: ရေးမြို့ | E32: Yaye | F32: WholeSales | G32: 0.018309687 | I32: 4811.4979 | J32: 3589.5045 | K32: 1400 | L32: 896 | M32: ='FUS-Working'!BW18 -> 1400 | N32: ='FUS-Working'!BX18 -> 896 | O32: ='FUS-Working'!DG18 -> 1400 | P32: ='FUS-Working'!DH18 -> 896 | Q32: =IFERROR((P32/J32),0) -> 0.24961662 | R32: 4811.4979 | S32: 3589.5045 | T32: ='FUS-Working'!DG90 -> 5400 | U32: ='FUS-Working'!DH90 -> 3888 | V32: ='FUS-Working'!DG90 -> 5400 | W32: ='FUS-Working'!DH90 -> 3888 | X32: ='FUS-Working'!DG90 -> 5400 | Y32: ='FUS-Working'!DH90 -> 3888 | Z32: =IFERROR((Y32/S32),0) -> 1.0831579 | AA32: 4811.4979 | AB32: 3589.5045 | AC32: =+'FUS-Working'!AP161 -> 0 | AD32: =+'FUS-Working'!AQ161 -> 0 | AE32: ='FUS-Working'!BW161 -> 3400 | AF32: ='FUS-Working'!BX161 -> 2392 | AG32: ='FUS-Working'!DG161 -> 3400 | AH32: ='FUS-Working'!DH161 -> 2392 | AI32: =IFERROR((AH32/AB32),0) -> 0.66638724 | AJ32: =+AB32+S32+J32 -> 10768.514 | AK32: =P32+Y32+AH32 -> 7176 | AL32: =IFERROR((AK32/AJ32),0) -> 0.66638724 | AW32: =IFERROR((AU32/AP32),0) -> 0 | BF32: =IFERROR((BD32/AY32),0) -> 0 | BO32: =IFERROR((BM32/BH32),0) -> 0 | BP32: =+BH32+AY32+AP32 -> 0 | BQ32: =+BM32+BD32+AU32 -> 0 | BR32: =IFERROR((BQ32/BP32),0) -> 0 | CC32: =IFERROR((CA32/BV32),0) -> 0 | CL32: =IFERROR((CJ32/CE32),0) -> 0 | CU32: =IFERROR((CS32/CN32),0) -> 0 | CV32: =+CN32+CE32+BV32 -> 0 | CW32: =+CS32+CJ32+CA32 -> 0 | CX32: =IFERROR((CW32/CV32),0) -> 0 | DI32: =IFERROR((DG32/DB32),0) -> 0 | DR32: =IFERROR((DP32/DK32),0) -> 0 | EA32: =IFERROR((DY32/DT32),0) -> 0 | EB32: =+DT32+DK32+DB32 -> 0 | EC32: =+DY32+DP32+DG32 -> 0 | ED32: =IFERROR((EC32/EB32),0) -> 0
AI33: =IFERROR((AG33/AB33),0) -> 0 | AJ33: =+AB33+S33+J33 -> 0 | AK33: =P33+Y33+AH33 -> 0 | AL33: =IFERROR((AK33/AJ33),0) -> 0 | AW33: =IFERROR((AU33/AP33),0) -> 0 | BF33: =IFERROR((BD33/AY33),0) -> 0 | BO33: =IFERROR((BM33/BH33),0) -> 0 | BP33: =+BH33+AY33+AP33 -> 0 | BQ33: =+BM33+BD33+AU33 -> 0 | BR33: =IFERROR((BQ33/BP33),0) -> 0 | CC33: =IFERROR((CA33/BV33),0) -> 0 | CL33: =IFERROR((CJ33/CE33),0) -> 0 | CU33: =IFERROR((CS33/CN33),0) -> 0 | CV33: =+CN33+CE33+BV33 -> 0 | CW33: =+CS33+CJ33+CA33 -> 0 | CX33: =IFERROR((CW33/CV33),0) -> 0 | DI33: =IFERROR((DG33/DB33),0) -> 0 | DR33: =IFERROR((DP33/DK33),0) -> 0 | EA33: =IFERROR((DY33/DT33),0) -> 0 | EB33: =+DT33+DK33+DB33 -> 0 | EC33: =+DY33+DP33+DG33 -> 0 | ED33: =IFERROR((EC33/EB33),0) -> 0
R34: 0 | V34: ='FUS-Working'!DG92 -> 0 | AC34: =+'FUS-Working'!AP163 -> 0 | AD34: =+'FUS-Working'!AQ163 -> 0 | AE34: ='FUS-Working'!BW163 -> 0 | AF34: ='FUS-Working'!BX163 -> 0 | AG34: ='FUS-Working'!DG163 -> 0 | AH34: ='FUS-Working'!DH163 -> 0 | AJ34: =+AB34+S34+J34 -> 0 | AK34: =P34+Y34+AH34 -> 0 | AL34: =IFERROR((AK34/AJ34),0) -> 0 | AO34: 0 | AX34: 0 | BG34: 0 | BP34: =+BH34+AY34+AP34 -> 0 | BQ34: =+BM34+BD34+AU34 -> 0 | BR34: =IFERROR((BQ34/BP34),0) -> 0 | BU34: 0 | CD34: 0 | CM34: 0 | CV34: =+CN34+CE34+BV34 -> 0 | CW34: =+CS34+CJ34+CA34 -> 0 | CX34: =IFERROR((CW34/CV34),0) -> 0 | DA34: 0 | DJ34: 0 | DS34: 0 | EB34: =+DT34+DK34+DB34 -> 0 | EC34: =+DY34+DP34+DG34 -> 0 | ED34: =IFERROR((EC34/EB34),0) -> 0
B35: Total Wholesales ( 14) | G35: =SUM(G19:G32) -> 1 | I35: =SUM(I19:I34) -> 262784.28 | J35: =SUM(J19:J34) -> 196044.01 | K35: =SUM(K19:K34) -> 49154 | L35: =SUM(L19:L34) -> 38120 | M35: =SUM(M19:M34) -> 122930 | N35: =SUM(N19:N34) -> 93825.44 | O35: =SUM(O19:O34) -> 209394 | P35: =SUM(P19:P34) -> 162735.84 | Q35: =IFERROR((P35/J35),0) -> 0.83009849 | R35: =SUM(R19:R34) -> 262784.28 | S35: =SUM(S19:S34) -> 196044.01 | T35: =SUM(T19:T34) -> 209092 | U35: =SUM(U19:U34) -> 162546.88 | V35: =SUM(V19:V34) -> 209092 | W35: =SUM(W19:W34) -> 162546.88 | X35: =SUM(X19:X34) -> 209092 | Y35: =SUM(Y19:Y34) -> 162546.88 | Z35: =IFERROR((X35/S35),0) -> 1.0665564 | AA35: =SUM(AA19:AA34) -> 262784.28 | AB35: =SUM(AB19:AB34) -> 196044.01 | AC35: =SUM(AC19:AC34) -> 82186 | AD35: =SUM(AD19:AD34) -> 66509.44 | AE35: =SUM(AE19:AE34) -> 166192 | AF35: =SUM(AF19:AF34) -> 130878.88 | AG35: =SUM(AG19:AG34) -> 166192 | AH35: =SUM(AH19:AH34) -> 130878.88 | AI35: =IFERROR((AG35/AB35),0) -> 0.847728 | AJ35: =SUM(AJ19:AJ34) -> 588132.04 | AK35: =SUM(AK19:AK34) -> 456161.6 | AL35: =IFERROR((AK35/AJ35),0) -> 0.77561086 | AO35: =SUM(AO19:AO34) -> 0 | AP35: =SUM(AP19:AP34) -> 0 | AQ35: =SUM(AQ19:AQ34) -> 0 | AR35: =SUM(AR19:AR34) -> 0 | AS35: =SUM(AS19:AS34) -> 0 | AT35: =SUM(AT19:AT34) -> 0 | AU35: =SUM(AU19:AU34) -> 0 | AV35: =SUM(AV19:AV34) -> 0 | AW35: =IFERROR((AU35/AP35),0) -> 0 | AX35: =SUM(AX19:AX34) -> 0 | AY35: =SUM(AY19:AY34) -> 0 | AZ35: =SUM(AZ19:AZ34) -> 0 | BA35: =SUM(BA19:BA34) -> 0 | BB35: =SUM(BB19:BB34) -> 0 | BC35: =SUM(BC19:BC34) -> 0 | BD35: =SUM(BD19:BD34) -> 0 | BE35: =SUM(BE19:BE34) -> 0 | BF35: =IFERROR((BD35/AY35),0) -> 0 | BG35: =SUM(BG19:BG34) -> 0 | BH35: =SUM(BH19:BH34) -> 0 | BI35: =SUM(BI19:BI34) -> 0 | BJ35: =SUM(BJ19:BJ34) -> 0 | BK35: =SUM(BK19:BK34) -> 0 | BL35: =SUM(BL19:BL34) -> 0 | BM35: =SUM(BM19:BM34) -> 0 | BN35: =SUM(BN19:BN34) -> 0 | BO35: =IFERROR((BM35/BH35),0) -> 0 | BP35: =SUM(BP19:BP34) -> 0 | BQ35: =SUM(BQ19:BQ34) -> 0 | BR35: =IFERROR((BQ35/BP35),0) -> 0 | BU35: =SUM(BU19:BU34) -> 0 | BV35: =SUM(BV19:BV34) -> 0 | BW35: =SUM(BW19:BW34) -> 0 | BX35: =SUM(BX19:BX34) -> 0 | BY35: =SUM(BY19:BY34) -> 0 | BZ35: =SUM(BZ19:BZ34) -> 0 | CA35: =SUM(CA19:CA34) -> 0 | CB35: =SUM(CB19:CB34) -> 0 | CC35: =IFERROR((CA35/BV35),0) -> 0 | CD35: =SUM(CD19:CD34) -> 0 | CE35: =SUM(CE19:CE34) -> 0 | CF35: =SUM(CF19:CF34) -> 0 | CG35: =SUM(CG19:CG34) -> 0 | CH35: =SUM(CH19:CH34) -> 0 | CI35: =SUM(CI19:CI34) -> 0 | CJ35: =SUM(CJ19:CJ34) -> 0 | CK35: =SUM(CK19:CK34) -> 0 | CL35: =IFERROR((CJ35/CE35),0) -> 0 | CM35: =SUM(CM19:CM34) -> 0 | CN35: =SUM(CN19:CN34) -> 0 | CO35: =SUM(CO19:CO34) -> 0 | CP35: =SUM(CP19:CP34) -> 0 | CQ35: =SUM(CQ19:CQ34) -> 0 | CR35: =SUM(CR19:CR34) -> 0 | CS35: =SUM(CS19:CS34) -> 0 | CT35: =SUM(CT19:CT34) -> 0 | CU35: =IFERROR((CS35/CN35),0) -> 0 | CV35: =SUM(CV19:CV34) -> 0 | CW35: =SUM(CW19:CW34) -> 0 | CX35: =IFERROR((CW35/CV35),0) -> 0 | DA35: =SUM(DA19:DA34) -> 0 | DB35: =SUM(DB19:DB34) -> 0 | DC35: =SUM(DC19:DC34) -> 0 | DD35: =SUM(DD19:DD34) -> 0 | DE35: =SUM(DE19:DE34) -> 0 | DF35: =SUM(DF19:DF34) -> 0 | DG35: =SUM(DG19:DG34) -> 0 | DH35: =SUM(DH19:DH34) -> 0 | DI35: =IFERROR((DG35/DB35),0) -> 0 | DJ35: =SUM(DJ19:DJ34) -> 0 | DK35: =SUM(DK19:DK34) -> 0 | DL35: =SUM(DL19:DL34) -> 0 | DM35: =SUM(DM19:DM34) -> 0 | DN35: =SUM(DN19:DN34) -> 0 | DO35: =SUM(DO19:DO34) -> 0 | DP35: =SUM(DP19:DP34) -> 0 | DQ35: =SUM(DQ19:DQ34) -> 0 | DR35: =IFERROR((DP35/DK35),0) -> 0 | DS35: =SUM(DS19:DS34) -> 0 | DT35: =SUM(DT19:DT34) -> 0 | DU35: =SUM(DU19:DU34) -> 0 | DV35: =SUM(DV19:DV34) -> 0 | DW35: =SUM(DW19:DW34) -> 0 | DX35: =SUM(DX19:DX34) -> 0 | DY35: =SUM(DY19:DY34) -> 0 | DZ35: =SUM(DZ19:DZ34) -> 0 | EA35: =IFERROR((DY35/DT35),0) -> 0 | EB35: =SUM(EB19:EB34) -> 0 | EC35: =SUM(EC19:EC34) -> 0 | ED35: =IFERROR((EC35/EB35),0) -> 0
I37: Quarter 1 | AO37: Quarter 2 | BU37: Quarter 3 | DA37: Quarter 4
B38: Semi Wholesales Follow Up - (MLM) | I38: 46023 | R38: 46054 | AA38: 46082 | AJ38: Q1 Total | AO38: 46113 | AX38: 46143 | BG38: 46174 | BP38: Q2 Total | BU38: 46204 | CD38: 46235 | CM38: 46266 | CV38: Q3 Total | DA38: 46296 | DJ38: 46327 | DS38: 46357 | EB38: Q4 Total
I39: =J4*H6 -> 43439.29 | K39: 10 | M39: 20 | O39: 30 | Q39: ACH% | R39: =J4*H6 -> 43439.29 | T39: 10 | V39: 20 | X39: 30 | Z39: ACH% | AA39: =J4*H6 -> 43439.29 | AC39: 10 | AE39: 20 | AG39: 30 | AI39: ACH% | AJ39: Target | AK39: Sales | AL39: Ach % | AQ39: 10 | AS39: 20 | AU39: 30 | AW39: Ach % | AZ39: 10 | BB39: 20 | BD39: 31 | BF39: Ach % | BI39: 10 | BK39: 20 | BM39: 30 | BO39: Ach % | BP39: Target | BQ39: Sales | BR39: Ach % | BW39: 10 | BY39: 20 | CA39: 30 | CC39: Ach % | CF39: 10 | CH39: 20 | CJ39: 30 | CL39: Ach % | CO39: 10 | CQ39: 20 | CS39: 30 | CU39: Ach % | CV39: Target | CW39: Sales | CX39: Ach % | DC39: 10 | DE39: 20 | DG39: 30 | DI39: Ach % | DL39: 10 | DN39: 20 | DP39: 30 | DR39: Ach % | DU39: 10 | DW39: 20 | DY39: 30 | EA39: Ach % | EB39: Target | EC39: Sales | ED39: Ach %
A40: Sr No. | B40: Customer Name | D40: Area | F40: Outlet Type | G40: Cons% | H40: Resp by | I40: Bottle | J40: Liter | K40: Bottle | L40: Liter | M40: Bottle | N40: Liter | O40: Bottle | P40: Liter | Q40: Liter | R40: Bottle | S40: Liter | T40: Bottle | U40: Liter | V40: Bottle | W40: Liter | X40: Bottle | Y40: Liter | Z40: Liter | AA40: Bottle | AB40: Liter | AC40: Bottle | AD40: Liter | AE40: Bottle | AF40: Liter | AG40: Bottle | AH40: Liter | AI40: Liter | AJ40: Liter | AK40: Liter | AN40: Cons% | AO40: PKT | AP40: Bottle | AQ40: Bottle | AR40: Ltr | AS40: Bottle | AT40: Ltr | AU40: Bottle | AV40: Ltr | AW40: Bottle | AX40: PKT | AY40: Bottle | AZ40: Bottle | BA40: Ltr | BB40: Bottle | BC40: Ltr | BD40: Bottle | BE40: Ltr | BF40: Bottle | BG40: PKT | BH40: Bottle | BI40: Bottle | BJ40: Ltr | BK40: Bottle | BL40: Ltr | BM40: Bottle | BN40: Ltr | BO40: Bottle | BP40: Bottle | BQ40: Bottle | BR40: Bottle | BT40: Cons% | BU40: PKT | BV40: Bottle | BW40: Bottle | BX40: Ltr | BY40: Bottle | BZ40: Ltr | CA40: Bottle | CB40: Ltr | CC40: Bottle | CD40: PKT | CE40: Bottle | CF40: Bottle | CG40: Ltr | CH40: Bottle | CI40: Ltr | CJ40: Bottle | CK40: Ltr | CL40: Bottle | CM40: PKT | CN40: Bottle | CO40: Bottle | CP40: Ltr | CQ40: Bottle | CR40: Ltr | CS40: Bottle | CT40: Ltr | CU40: Bottle | CV40: Bottle | CW40: Bottle | CX40: Bottle | CZ40: Cons% | DA40: PKT | DB40: Bottle | DC40: Bottle | DD40: Ltr | DE40: Bottle | DF40: Ltr | DG40: Bottle | DH40: Ltr | DI40: Bottle | DJ40: PKT | DK40: Bottle | DL40: Bottle | DM40: Ltr | DN40: Bottle | DO40: Ltr | DP40: Bottle | DQ40: Ltr | DR40: Bottle | DS40: PKT | DT40: Bottle | DU40: Bottle | DV40: Ltr | DW40: Bottle | DX40: Ltr | DY40: Bottle | DZ40: Ltr | EA40: Bottle | EB40: Bottle | EC40: Bottle | ED40: Bottle
A41: 1 | B41: ၀င်းအောင်ရွှေ | C41: Win Aung Shwe | D41: ဘားအံ | E41: Hpa-an | F41: Semi WS | G41: 0.06184335 | I41: 3600.9867 | J41: 2686.4312 | K41: 600 | L41: 600 | M41: ='FUS-Working'!BW23 -> 600 | N41: ='FUS-Working'!BX23 -> 600 | O41: ='FUS-Working'!DG23 -> 4120 | P41: ='FUS-Working'!DH23 -> 3112 | Q41: =IFERROR((P41/J41),0) -> 1.1584142 | R41: 3600.9867 | S41: 2686.4312 | T41: ='FUS-Working'!DG95 -> 2700 | U41: ='FUS-Working'!DH95 -> 1944 | V41: ='FUS-Working'!DG95 -> 2700 | W41: ='FUS-Working'!DH95 -> 1944 | X41: ='FUS-Working'!DG95 -> 2700 | Y41: ='FUS-Working'!DH95 -> 1944 | Z41: =IFERROR((X41/S41),0) -> 1.0050509 | AA41: 3600.9867 | AB41: 2686.4312 | AC41: ='FUS-Working'!AP166 -> 2820 | AD41: ='FUS-Working'!AQ166 -> 2064 | AE41: ='FUS-Working'!BW166 -> 2820 | AF41: ='FUS-Working'!BX166 -> 2064 | AG41: ='FUS-Working'!DG166 -> 2820 | AH41: ='FUS-Working'!DH166 -> 2064 | AI41: =IFERROR((AH41/AB41),0) -> 0.76830555 | AJ41: =+AB41+S41+J41 -> 8059.2936 | AK41: =P41+Y41+AH41 -> 7120 | AL41: =IFERROR((AK41/AJ41),0) -> 0.88345212 | AW41: =IFERROR((AU41/AP41),0) -> 0 | BF41: =IFERROR((BD41/AY41),0) -> 0 | BO41: =IFERROR((BM41/BH41),0) -> 0 | BP41: =+BH41+AY41+AP41 -> 0 | BQ41: =+BM41+BD41+AU41 -> 0 | BR41: =IFERROR((BQ41/BP41),0) -> 0 | CC41: =IFERROR((CA41/BV41),0) -> 0 | CL41: =IFERROR((CJ41/CE41),0) -> 0 | CU41: =IFERROR((CS41/CN41),0) -> 0 | CV41: =+CN41+CE41+BV41 -> 0 | CW41: =+CS41+CJ41+CA41 -> 0 | CX41: =IFERROR((CW41/CV41),0) -> 0 | CZ41: 0.0065071101 | DI41: =IFERROR((DG41/DB41),0) -> 0 | DR41: =IFERROR((DP41/DK41),0) -> 0 | EA41: =IFERROR((DY41/DT41),0) -> 0 | EB41: =+DT41+DK41+DB41 -> 0 | EC41: =+DY41+DP41+DG41 -> 0 | ED41: =IFERROR((EC41/EB41),0) -> 0
A42: 2 | B42: ဦးအေးမြင့် | C42: U Aye Myint | D42: ကျိုက်ထိုမြို့ | E42: Thein Zayet | F42: Semi WS | G42: 0.055264397 | I42: 3217.9103 | J42: 2400.6461 | K42: 0 | L42: 0 | M42: ='FUS-Working'!BW24 -> 0 | N42: ='FUS-Working'!BX24 -> 0 | O42: ='FUS-Working'!DG24 -> 0 | P42: ='FUS-Working'!DH24 -> 0 | Q42: =IFERROR((P42/J42),0) -> 0 | R42: 3217.9103 | S42: 2400.6461 | T42: ='FUS-Working'!DG96 -> 2940 | U42: ='FUS-Working'!DH96 -> 2184 | V42: ='FUS-Working'!DG96 -> 2940 | W42: ='FUS-Working'!DH96 -> 2184 | X42: ='FUS-Working'!DG96 -> 2940 | Y42: ='FUS-Working'!DH96 -> 2184 | Z42: =IFERROR((X42/S42),0) -> 1.2246703 | AA42: 3217.9103 | AB42: 2400.6461 | AC42: ='FUS-Working'!AP167 -> 3160 | AD42: ='FUS-Working'!AQ167 -> 2152 | AE42: ='FUS-Working'!BW167 -> 3160 | AF42: ='FUS-Working'!BX167 -> 2152 | AG42: ='FUS-Working'!DG167 -> 3160 | AH42: ='FUS-Working'!DH167 -> 2152 | AI42: =IFERROR((AH42/AB42),0) -> 0.89642533 | AJ42: =+AB42+S42+J42 -> 7201.9384 | AK42: =P42+Y42+AH42 -> 4336 | AL42: =IFERROR((AK42/AJ42),0) -> 0.60206013 | AW42: =IFERROR((AU42/AP42),0) -> 0 | BF42: =IFERROR((BD42/AY42),0) -> 0 | BO42: =IFERROR((BM42/BH42),0) -> 0 | BP42: =+BH42+AY42+AP42 -> 0 | BQ42: =+BM42+BD42+AU42 -> 0 | BR42: =IFERROR((BQ42/BP42),0) -> 0 | CC42: =IFERROR((CA42/BV42),0) -> 0 | CL42: =IFERROR((CJ42/CE42),0) -> 0 | CU42: =IFERROR((CS42/CN42),0) -> 0 | CV42: =+CN42+CE42+BV42 -> 0 | CW42: =+CS42+CJ42+CA42 -> 0 | CX42: =IFERROR((CW42/CV42),0) -> 0 | CZ42: 0.079492931 | DI42: =IFERROR((DG42/DB42),0) -> 0 | DR42: =IFERROR((DP42/DK42),0) -> 0 | EA42: =IFERROR((DY42/DT42),0) -> 0 | EB42: =+DT42+DK42+DB42 -> 0 | EC42: =+DY42+DP42+DG42 -> 0 | ED42: =IFERROR((EC42/EB42),0) -> 0
A43: 3 | B43: ကိုမွန်လေး | C43: Ko Mon Lay | D43: ရေးမြို့ | E43: Yay | F43: Semi WS | G43: 0.062532146 | I43: 3641.0935 | J43: 2716.352 | K43: 1400 | L43: 896 | M43: ='FUS-Working'!BW25 -> 1400 | N43: ='FUS-Working'!BX25 -> 896 | O43: ='FUS-Working'!DG25 -> 3400 | P43: ='FUS-Working'!DH25 -> 2392 | Q43: =IFERROR((P43/J43),0) -> 0.8805928 | R43: 3641.0935 | S43: 2716.352 | T43: ='FUS-Working'!DG97 -> 3300 | U43: ='FUS-Working'!DH97 -> 2544 | V43: ='FUS-Working'!DG97 -> 3300 | W43: ='FUS-Working'!DH97 -> 2544 | X43: ='FUS-Working'!DG97 -> 3300 | Y43: ='FUS-Working'!DH97 -> 2544 | Z43: =IFERROR((X43/S43),0) -> 1.2148646 | AA43: 3641.0935 | AB43: 2716.352 | AC43: ='FUS-Working'!AP168 -> 3240 | AD43: ='FUS-Working'!AQ168 -> 2484 | AE43: ='FUS-Working'!BW168 -> 5940 | AF43: ='FUS-Working'!BX168 -> 4428 | AG43: ='FUS-Working'!DG168 -> 5940 | AH43: ='FUS-Working'!DH168 -> 4428 | AI43: =IFERROR((AH43/AB43),0) -> 1.6301275 | AJ43: =+AB43+S43+J43 -> 8149.056 | AK43: =P43+Y43+AH43 -> 9364 | AL43: =IFERROR((AK43/AJ43),0) -> 1.1490902 | AW43: =IFERROR((AU43/AP43),0) -> 0 | BF43: =IFERROR((BD43/AY43),0) -> 0 | BO43: =IFERROR((BM43/BH43),0) -> 0 | BP43: =+BH43+AY43+AP43 -> 0 | BQ43: =+BM43+BD43+AU43 -> 0 | BR43: =IFERROR((BQ43/BP43),0) -> 0 | CC43: =IFERROR((CA43/BV43),0) -> 0 | CL43: =IFERROR((CJ43/CE43),0) -> 0 | CU43: =IFERROR((CS43/CN43),0) -> 0 | CV43: =+CN43+CE43+BV43 -> 0 | CW43: =+CS43+CJ43+CA43 -> 0 | CX43: =IFERROR((CW43/CV43),0) -> 0 | CZ43: 0.050603996 | DI43: =IFERROR((DG43/DB43),0) -> 0 | DR43: =IFERROR((DP43/DK43),0) -> 0 | EA43: =IFERROR((DY43/DT43),0) -> 0 | EB43: =+DT43+DK43+DB43 -> 0 | EC43: =+DY43+DP43+DG43 -> 0 | ED43: =IFERROR((EC43/EB43),0) -> 0
A44: 4 | B44: ကိုကျော်ရွှေ | C44: Ko Kyaw Shwe | D44: မုဒုံမြို့ | E44: Mudon | F44: Semi WS | G44: 0.053413456 | I44: 3110.1346 | J44: 2320.2426 | K44: 700 | L44: 448 | M44: ='FUS-Working'!BW26 -> 2920 | N44: ='FUS-Working'!BX26 -> 1912 | O44: ='FUS-Working'!DG26 -> 4860 | P44: ='FUS-Working'!DH26 -> 3196.8 | Q44: =IFERROR((P44/J44),0) -> 1.377787 | R44: 3110.1346 | S44: 2320.2426 | T44: ='FUS-Working'!DG98 -> 3500 | U44: ='FUS-Working'!DH98 -> 2240 | V44: ='FUS-Working'!DG98 -> 3500 | W44: ='FUS-Working'!DH98 -> 2240 | X44: ='FUS-Working'!DG98 -> 3500 | Y44: ='FUS-Working'!DH98 -> 2240 | Z44: =IFERROR((X44/S44),0) -> 1.508463 | AA44: 3110.1346 | AB44: 2320.2426 | AC44: ='FUS-Working'!AP169 -> 700 | AD44: ='FUS-Working'!AQ169 -> 448 | AE44: ='FUS-Working'!BW169 -> 2100 | AF44: ='FUS-Working'!BX169 -> 1344 | AG44: ='FUS-Working'!DG169 -> 2100 | AH44: ='FUS-Working'!DH169 -> 1344 | AI44: =IFERROR((AH44/AB44),0) -> 0.57924978 | AJ44: =+AB44+S44+J44 -> 6960.7277 | AK44: =P44+Y44+AH44 -> 6780.8 | AL44: =IFERROR((AK44/AJ44),0) -> 0.97415102 | AW44: =IFERROR((AU44/AP44),0) -> 0 | BF44: =IFERROR((BD44/AY44),0) -> 0 | BO44: =IFERROR((BM44/BH44),0) -> 0 | BP44: =+BH44+AY44+AP44 -> 0 | BQ44: =+BM44+BD44+AU44 -> 0 | BR44: =IFERROR((BQ44/BP44),0) -> 0 | CC44: =IFERROR((CA44/BV44),0) -> 0 | CL44: =IFERROR((CJ44/CE44),0) -> 0 | CU44: =IFERROR((CS44/CN44),0) -> 0 | CV44: =+CN44+CE44+BV44 -> 0 | CW44: =+CS44+CJ44+CA44 -> 0 | CX44: =IFERROR((CW44/CV44),0) -> 0 | CZ44: 0.037453954 | DI44: =IFERROR((DG44/DB44),0) -> 0 | DR44: =IFERROR((DP44/DK44),0) -> 0 | EA44: =IFERROR((DY44/DT44),0) -> 0 | EB44: =+DT44+DK44+DB44 -> 0 | EC44: =+DY44+DP44+DG44 -> 0 | ED44: =IFERROR((EC44/EB44),0) -> 0
A45: 5 | B45: ကိုကျော်နိုင်စိုး | C45: Ko Kyaw Naing Soe | D45: ရေးမြို့ | E45: Yay | F45: Semi WS | G45: 0.063090157 | I45: 3673.5852 | J45: 2740.5916 | K45: 0 | L45: 0 | M45: ='FUS-Working'!BW27 -> 0 | N45: ='FUS-Working'!BX27 -> 0 | O45: ='FUS-Working'!DG27 -> 3600 | P45: ='FUS-Working'!DH27 -> 3600 | Q45: =IFERROR((P45/J45),0) -> 1.313585 | R45: 3673.5852 | S45: 2740.5916 | T45: ='FUS-Working'!DG99 -> 0 | U45: ='FUS-Working'!DH99 -> 0 | V45: ='FUS-Working'!DG99 -> 0 | W45: ='FUS-Working'!DH99 -> 0 | X45: ='FUS-Working'!DG99 -> 0 | Y45: ='FUS-Working'!DH99 -> 0 | Z45: =IFERROR((X45/S45),0) -> 0 | AA45: 3673.5852 | AB45: 2740.5916 | AC45: ='FUS-Working'!AP170 -> 0 | AD45: ='FUS-Working'!AQ170 -> 0 | AE45: ='FUS-Working'!BW170 -> 0 | AF45: ='FUS-Working'!BX170 -> 0 | AG45: ='FUS-Working'!DG170 -> 0 | AH45: ='FUS-Working'!DH170 -> 0 | AI45: =IFERROR((AH45/AB45),0) -> 0 | AJ45: =+AB45+S45+J45 -> 8221.7748 | AK45: =P45+Y45+AH45 -> 3600 | AL45: =IFERROR((AK45/AJ45),0) -> 0.43786166 | AW45: =IFERROR((AU45/AP45),0) -> 0 | BF45: =IFERROR((BD45/AY45),0) -> 0 | BO45: =IFERROR((BM45/BH45),0) -> 0 | BP45: =+BH45+AY45+AP45 -> 0 | BQ45: =+BM45+BD45+AU45 -> 0 | BR45: =IFERROR((BQ45/BP45),0) -> 0 | CC45: =IFERROR((CA45/BV45),0) -> 0 | CL45: =IFERROR((CJ45/CE45),0) -> 0 | CU45: =IFERROR((CS45/CN45),0) -> 0 | CV45: =+CN45+CE45+BV45 -> 0 | CW45: =+CS45+CJ45+CA45 -> 0 | CX45: =IFERROR((CW45/CV45),0) -> 0 | CZ45: 0.029901426 | DI45: =IFERROR((DG45/DB45),0) -> 0 | DR45: =IFERROR((DP45/DK45),0) -> 0 | EA45: =IFERROR((DY45/DT45),0) -> 0 | EB45: =+DT45+DK45+DB45 -> 0 | EC45: =+DY45+DP45+DG45 -> 0 | ED45: =IFERROR((EC45/EB45),0) -> 0
A46: 6 | B46: ကိုဘာဘူ | C46: Ko Bar Buu | D46: ဘားအံ | E46: Hpa-an | F46: Semi WS | G46: 0.053743467 | I46: 3129.3503 | J46: 2334.578 | K46: 0 | L46: 0 | M46: ='FUS-Working'!BW28 -> 2660 | N46: ='FUS-Working'!BX28 -> 2004.8 | O46: ='FUS-Working'!DG28 -> 2660 | P46: ='FUS-Working'!DH28 -> 2004.8 | Q46: =IFERROR((P46/J46),0) -> 0.85874191 | R46: 3129.3503 | S46: 2334.578 | T46: ='FUS-Working'!DG100 -> 1986 | U46: ='FUS-Working'!DH100 -> 1608 | V46: ='FUS-Working'!DG100 -> 1986 | W46: ='FUS-Working'!DH100 -> 1608 | X46: ='FUS-Working'!DG100 -> 1986 | Y46: ='FUS-Working'!DH100 -> 1608 | Z46: =IFERROR((X46/S46),0) -> 0.85068906 | AA46: 3129.3503 | AB46: 2334.578 | AC46: ='FUS-Working'!AP171 -> 0 | AD46: ='FUS-Working'!AQ171 -> 0 | AE46: ='FUS-Working'!BW171 -> 3348 | AF46: ='FUS-Working'!BX171 -> 2592 | AG46: ='FUS-Working'!DG171 -> 3348 | AH46: ='FUS-Working'!DH171 -> 2592 | AI46: =IFERROR((AH46/AB46),0) -> 1.1102649 | AJ46: =+AB46+S46+J46 -> 7003.7341 | AK46: =P46+Y46+AH46 -> 6204.8 | AL46: =IFERROR((AK46/AJ46),0) -> 0.88592741 | AW46: =IFERROR((AU46/AP46),0) -> 0 | BF46: =IFERROR((BD46/AY46),0) -> 0 | BO46: =IFERROR((BM46/BH46),0) -> 0 | BP46: =+BH46+AY46+AP46 -> 0 | BQ46: =+BM46+BD46+AU46 -> 0 | BR46: =IFERROR((BQ46/BP46),0) -> 0 | CC46: =IFERROR((CA46/BV46),0) -> 0 | CL46: =IFERROR((CJ46/CE46),0) -> 0 | CU46: =IFERROR((CS46/CN46),0) -> 0 | CV46: =+CN46+CE46+BV46 -> 0 | CW46: =+CS46+CJ46+CA46 -> 0 | CX46: =IFERROR((CW46/CV46),0) -> 0 | CZ46: 0.023785319 | DI46: =IFERROR((DG46/DB46),0) -> 0 | DR46: =IFERROR((DP46/DK46),0) -> 0 | EA46: =IFERROR((DY46/DT46),0) -> 0 | EB46: =+DT46+DK46+DB46 -> 0 | EC46: =+DY46+DP46+DG46 -> 0 | ED46: =IFERROR((EC46/EB46),0) -> 0
A47: 7 | B47: တော်၀င် | C47: Taw Win | D47: ဘီးလင်းမြို့ | E47: Belin | F47: Semi WS | G47: 0.04730018 | I47: 2754.1735 | J47: 2054.6862 | K47: 0 | L47: 0 | M47: ='FUS-Working'!BW29 -> 0 | N47: ='FUS-Working'!BX29 -> 0 | O47: ='FUS-Working'!DG29 -> 2920 | P47: ='FUS-Working'!DH29 -> 1876 | Q47: =IFERROR((P47/J47),0) -> 0.91303479 | R47: 2754.1735 | S47: 2054.6862 | T47: ='FUS-Working'!DG101 -> 1200 | U47: ='FUS-Working'!DH101 -> 840 | V47: ='FUS-Working'!DG101 -> 1200 | W47: ='FUS-Working'!DH101 -> 840 | X47: ='FUS-Working'!DG101 -> 1200 | Y47: ='FUS-Working'!DH101 -> 840 | Z47: =IFERROR((X47/S47),0) -> 0.58403078 | AA47: 2754.1735 | AB47: 2054.6862 | AC47: ='FUS-Working'!AP172 -> 0 | AD47: ='FUS-Working'!AQ172 -> 0 | AE47: ='FUS-Working'!BW172 -> 4200 | AF47: ='FUS-Working'!BX172 -> 2688 | AG47: ='FUS-Working'!DG172 -> 4200 | AH47: ='FUS-Working'!DH172 -> 2688 | AI47: =IFERROR((AH47/AB47),0) -> 1.308229 | AJ47: =+AB47+S47+J47 -> 6164.0586 | AK47: =P47+Y47+AH47 -> 5404 | AL47: =IFERROR((AK47/AJ47),0) -> 0.8766951 | AW47: =IFERROR((AU47/AP47),0) -> 0 | BF47: =IFERROR((BD47/AY47),0) -> 0 | BO47: =IFERROR((BM47/BH47),0) -> 0 | BP47: =+BH47+AY47+AP47 -> 0 | BQ47: =+BM47+BD47+AU47 -> 0 | BR47: =IFERROR((BQ47/BP47),0) -> 0 | CC47: =IFERROR((CA47/BV47),0) -> 0 | CL47: =IFERROR((CJ47/CE47),0) -> 0 | CU47: =IFERROR((CS47/CN47),0) -> 0 | CV47: =+CN47+CE47+BV47 -> 0 | CW47: =+CS47+CJ47+CA47 -> 0 | CX47: =IFERROR((CW47/CV47),0) -> 0 | CZ47: 0.021945548 | DI47: =IFERROR((DG47/DB47),0) -> 0 | DR47: =IFERROR((DP47/DK47),0) -> 0 | EA47: =IFERROR((DY47/DT47),0) -> 0 | EB47: =+DT47+DK47+DB47 -> 0 | EC47: =+DY47+DP47+DG47 -> 0 | ED47: =IFERROR((EC47/EB47),0) -> 0
A48: 8 | B48: မမော် | C48: Ma Maw | D48: ဘားအံ | E48: Hpa-an | F48: Semi WS | G48: 0.059030624 | I48: 3437.2086 | J48: 2564.2484 | K48: 840 | L48: 840 | M48: ='FUS-Working'!BW30 -> 840 | N48: ='FUS-Working'!BX30 -> 840 | O48: ='FUS-Working'!DG30 -> 840 | P48: ='FUS-Working'!DH30 -> 840 | Q48: =IFERROR((P48/J48),0) -> 0.32758137 | R48: 3437.2086 | S48: 2564.2484 | T48: ='FUS-Working'!DG102 -> 1680 | U48: ='FUS-Working'!DH102 -> 1449.2 | V48: ='FUS-Working'!DG102 -> 1680 | W48: ='FUS-Working'!DH102 -> 1449.2 | X48: ='FUS-Working'!DG102 -> 1680 | Y48: ='FUS-Working'!DH102 -> 1449.2 | Z48: =IFERROR((X48/S48),0) -> 0.65516274 | AA48: 3437.2086 | AB48: 2564.2484 | AC48: ='FUS-Working'!AP173 -> 2800 | AD48: ='FUS-Working'!AQ173 -> 1792 | AE48: ='FUS-Working'!BW173 -> 2800 | AF48: ='FUS-Working'!BX173 -> 1792 | AG48: ='FUS-Working'!DG173 -> 2800 | AH48: ='FUS-Working'!DH173 -> 1792 | AI48: =IFERROR((AH48/AB48),0) -> 0.69884025 | AJ48: =+AB48+S48+J48 -> 7692.7452 | AK48: =P48+Y48+AH48 -> 4081.2 | AL48: =IFERROR((AK48/AJ48),0) -> 0.53052583 | AW48: =IFERROR((AU48/AP48),0) -> 0 | BF48: =IFERROR((BD48/AY48),0) -> 0 | BO48: =IFERROR((BM48/BH48),0) -> 0 | BP48: =+BH48+AY48+AP48 -> 0 | BQ48: =+BM48+BD48+AU48 -> 0 | BR48: =IFERROR((BQ48/BP48),0) -> 0 | CC48: =IFERROR((CA48/BV48),0) -> 0 | CL48: =IFERROR((CJ48/CE48),0) -> 0 | CU48: =IFERROR((CS48/CN48),0) -> 0 | CV48: =+CN48+CE48+BV48 -> 0 | CW48: =+CS48+CJ48+CA48 -> 0 | CX48: =IFERROR((CW48/CV48),0) -> 0 | CZ48: 0.020167514 | DI48: =IFERROR((DG48/DB48),0) -> 0 | DR48: =IFERROR((DP48/DK48),0) -> 0 | EA48: =IFERROR((DY48/DT48),0) -> 0 | EB48: =+DT48+DK48+DB48 -> 0 | EC48: =+DY48+DP48+DG48 -> 0 | ED48: =IFERROR((EC48/EB48),0) -> 0
A49: 9 | B49: မ‌ချော | C49: Ma Chaw | D49: ရေးမြို့ | E49: Yay | F49: Semi WS | G49: 0.054894365 | I49: 1827.6543 | J49: 2384.5722 | K49: 0 | L49: 0 | M49: ='FUS-Working'!BW31 -> 0 | N49: ='FUS-Working'!BX31 -> 0 | O49: ='FUS-Working'!DG31 -> 2400 | P49: ='FUS-Working'!DH31 -> 2400 | Q49: =IFERROR((P49/J49),0) -> 1.0064698 | R49: 1827.6543 | S49: 2384.5722 | T49: ='FUS-Working'!DG103 -> 0 | U49: ='FUS-Working'!DH103 -> 0 | V49: ='FUS-Working'!DG103 -> 0 | W49: ='FUS-Working'!DH103 -> 0 | X49: ='FUS-Working'!DG103 -> 0 | Y49: ='FUS-Working'!DH103 -> 0 | Z49: =IFERROR((X49/S49),0) -> 0 | AA49: 1827.6543 | AB49: 2384.5722 | AC49: ='FUS-Working'!AP174 -> 0 | AD49: ='FUS-Working'!AQ174 -> 0 | AE49: ='FUS-Working'!BW174 -> 12360 | AF49: ='FUS-Working'!BX174 -> 12360 | AG49: ='FUS-Working'!DG174 -> 12360 | AH49: ='FUS-Working'!DH174 -> 12360 | AI49: =IFERROR((AH49/AB49),0) -> 5.1833196 | AJ49: =+AB49+S49+J49 -> 7153.7167 | AK49: =P49+Y49+AH49 -> 14760 | AL49: =IFERROR((AK49/AJ49),0) -> 2.0632631 | AW49: =IFERROR((AU49/AP49),0) -> 0 | BF49: =IFERROR((BD49/AY49),0) -> 0 | BO49: =IFERROR((BM49/BH49),0) -> 0 | BP49: =+BH49+AY49+AP49 -> 0 | BQ49: =+BM49+BD49+AU49 -> 0 | BR49: =IFERROR((BQ49/BP49),0) -> 0 | CC49: =IFERROR((CA49/BV49),0) -> 0 | CL49: =IFERROR((CJ49/CE49),0) -> 0 | CU49: =IFERROR((CS49/CN49),0) -> 0 | CV49: =+CN49+CE49+BV49 -> 0 | CW49: =+CS49+CJ49+CA49 -> 0 | CX49: =IFERROR((CW49/CV49),0) -> 0 | CZ49: 0.015125635 | DI49: =IFERROR((DG49/DB49),0) -> 0 | DR49: =IFERROR((DP49/DK49),0) -> 0 | EA49: =IFERROR((DY49/DT49),0) -> 0 | EB49: =+DT49+DK49+DB49 -> 0 | EC49: =+DY49+DP49+DG49 -> 0 | ED49: =IFERROR((EC49/EB49),0) -> 0
A50: 10 | B50: ဒေါ်စိန် | C50: Daw Sein | D50: ကျိုက်ထိုမြို့ | E50: Thein Zayet | F50: Semi WS | G50: 0.039248425 | I50: 3196.3643 | J50: 1704.9237 | K50: 0 | L50: 0 | M50: ='FUS-Working'!BW32 -> 0 | N50: ='FUS-Working'!BX32 -> 0 | O50: ='FUS-Working'!DG32 -> 1300 | P50: ='FUS-Working'!DH32 -> 1048 | Q50: =IFERROR((P50/J50),0) -> 0.61469026 | R50: 3196.3643 | S50: 1704.9237 | T50: ='FUS-Working'!DG104 -> 1260 | U50: ='FUS-Working'!DH104 -> 1108.8 | V50: ='FUS-Working'!DG104 -> 1260 | W50: ='FUS-Working'!DH104 -> 1108.8 | X50: ='FUS-Working'!DG104 -> 1260 | Y50: ='FUS-Working'!DH104 -> 1108.8 | Z50: =IFERROR((X50/S50),0) -> 0.739036 | AA50: 3196.3643 | AB50: 1704.9237 | AC50: ='FUS-Working'!AP175 -> 1300 | AD50: ='FUS-Working'!AQ175 -> 1048 | AE50: ='FUS-Working'!BW175 -> 1300 | AF50: ='FUS-Working'!BX175 -> 1048 | AG50: ='FUS-Working'!DG175 -> 1300 | AH50: ='FUS-Working'!DH175 -> 1048 | AI50: =IFERROR((AH50/AB50),0) -> 0.61469026 | AJ50: =+AB50+S50+J50 -> 5114.7711 | AK50: =P50+Y50+AH50 -> 3204.8 | AL50: =IFERROR((AK50/AJ50),0) -> 0.6265774 | AW50: =IFERROR((AU50/AP50),0) -> 0 | BF50: =IFERROR((BD50/AY50),0) -> 0 | BO50: =IFERROR((BM50/BH50),0) -> 0 | BP50: =+BH50+AY50+AP50 -> 0 | BQ50: =+BM50+BD50+AU50 -> 0 | BR50: =IFERROR((BQ50/BP50),0) -> 0 | CC50: =IFERROR((CA50/BV50),0) -> 0 | CL50: =IFERROR((CJ50/CE50),0) -> 0 | CU50: =IFERROR((CS50/CN50),0) -> 0 | CV50: =+CN50+CE50+BV50 -> 0 | CW50: =+CS50+CJ50+CA50 -> 0 | CX50: =IFERROR((CW50/CV50),0) -> 0 | CZ50: 0.014961003 | DI50: =IFERROR((DG50/DB50),0) -> 0 | DR50: =IFERROR((DP50/DK50),0) -> 0 | EA50: =IFERROR((DY50/DT50),0) -> 0 | EB50: =+DT50+DK50+DB50 -> 0 | EC50: =+DY50+DP50+DG50 -> 0 | ED50: =IFERROR((EC50/EB50),0) -> 0
A51: 11 | B51: ကိုဇော်လင်းမြတ် | C51: Ko Zaw Lin Myat | D51: ရေးမြို့ | E51: Yay | F51: Semi WS | G51: 0.0388906 | I51: 2285.3396 | J51: 1689.38 | K51: 0 | L51: 0 | M51: ='FUS-Working'!BW33 -> 0 | N51: ='FUS-Working'!BX33 -> 0 | O51: ='FUS-Working'!DG33 -> 600 | P51: ='FUS-Working'!DH33 -> 600 | Q51: =IFERROR((P51/J51),0) -> 0.35515987 | R51: 2285.3396 | S51: 1689.38 | T51: ='FUS-Working'!DG105 -> 1900 | U51: ='FUS-Working'!DH105 -> 1648 | V51: ='FUS-Working'!DG105 -> 1900 | W51: ='FUS-Working'!DH105 -> 1648 | X51: ='FUS-Working'!DG105 -> 1900 | Y51: ='FUS-Working'!DH105 -> 1648 | Z51: =IFERROR((X51/S51),0) -> 1.1246729 | AA51: 2285.3396 | AB51: 1689.38 | AC51: ='FUS-Working'!AP176 -> 0 | AD51: ='FUS-Working'!AQ176 -> 0 | AE51: ='FUS-Working'!BW176 -> 3100 | AF51: ='FUS-Working'!BX176 -> 2848 | AG51: ='FUS-Working'!DG176 -> 3100 | AH51: ='FUS-Working'!DH176 -> 2848 | AI51: =IFERROR((AH51/AB51),0) -> 1.6858255 | AJ51: =+AB51+S51+J51 -> 5068.1401 | AK51: =P51+Y51+AH51 -> 5096 | AL51: =IFERROR((AK51/AJ51),0) -> 1.0054971 | AW51: =IFERROR((AU51/AP51),0) -> 0 | BF51: =IFERROR((BD51/AY51),0) -> 0 | BO51: =IFERROR((BM51/BH51),0) -> 0 | BP51: =+BH51+AY51+AP51 -> 0 | BQ51: =+BM51+BD51+AU51 -> 0 | BR51: =IFERROR((BQ51/BP51),0) -> 0 | CC51: =IFERROR((CA51/BV51),0) -> 0 | CL51: =IFERROR((CJ51/CE51),0) -> 0 | CU51: =IFERROR((CS51/CN51),0) -> 0 | CV51: =+CN51+CE51+BV51 -> 0 | CW51: =+CS51+CJ51+CA51 -> 0 | CX51: =IFERROR((CW51/CV51),0) -> 0 | CZ51: 0.012765213 | DI51: =IFERROR((DG51/DB51),0) -> 0 | DR51: =IFERROR((DP51/DK51),0) -> 0 | EA51: =IFERROR((DY51/DT51),0) -> 0 | EB51: =+DT51+DK51+DB51 -> 0 | EC51: =+DY51+DP51+DG51 -> 0 | ED51: =IFERROR((EC51/EB51),0) -> 0
A52: 12 | B52: စိတ်တိုင်းကျ | C52: Sate Tine Kya | D52: ဘားအံ | E52: Hpa-an | F52: Semi WS | G52: 0.031248635 | I52: 2264.5043 | J52: 1357.4185 | K52: 0 | L52: 0 | M52: ='FUS-Working'!BW34 -> 2856 | N52: ='FUS-Working'!BX34 -> 1827.84 | O52: ='FUS-Working'!DG34 -> 2856 | P52: ='FUS-Working'!DH34 -> 1827.84 | Q52: =IFERROR((P52/J52),0) -> 1.346556 | R52: 2264.5043 | S52: 1357.4185 | T52: ='FUS-Working'!DG106 -> 2800 | U52: ='FUS-Working'!DH106 -> 1792 | V52: ='FUS-Working'!DG106 -> 2800 | W52: ='FUS-Working'!DH106 -> 1792 | X52: ='FUS-Working'!DG106 -> 2800 | Y52: ='FUS-Working'!DH106 -> 1792 | Z52: =IFERROR((X52/S52),0) -> 2.0627389 | AA52: 2264.5043 | AB52: 1357.4185 | AC52: ='FUS-Working'!AP177 -> 0 | AD52: ='FUS-Working'!AQ177 -> 0 | AE52: ='FUS-Working'!BW177 -> 0 | AF52: ='FUS-Working'!BX177 -> 0 | AG52: ='FUS-Working'!DG177 -> 0 | AH52: ='FUS-Working'!DH177 -> 0 | AI52: =IFERROR((AH52/AB52),0) -> 0 | AJ52: =+AB52+S52+J52 -> 4072.2555 | AK52: =P52+Y52+AH52 -> 3619.84 | AL52: =IFERROR((AK52/AJ52),0) -> 0.88890297 | AW52: =IFERROR((AU52/AP52),0) -> 0 | BF52: =IFERROR((BD52/AY52),0) -> 0 | BO52: =IFERROR((BM52/BH52),0) -> 0 | BP52: =+BH52+AY52+AP52 -> 0 | BQ52: =+BM52+BD52+AU52 -> 0 | BR52: =IFERROR((BQ52/BP52),0) -> 0 | CC52: =IFERROR((CA52/BV52),0) -> 0 | CL52: =IFERROR((CJ52/CE52),0) -> 0 | CU52: =IFERROR((CS52/CN52),0) -> 0 | CV52: =+CN52+CE52+BV52 -> 0 | CW52: =+CS52+CJ52+CA52 -> 0 | CX52: =IFERROR((CW52/CV52),0) -> 0 | CZ52: 0.012388616 | DI52: =IFERROR((DG52/DB52),0) -> 0 | DR52: =IFERROR((DP52/DK52),0) -> 0 | EA52: =IFERROR((DY52/DT52),0) -> 0 | EB52: =+DT52+DK52+DB52 -> 0 | EC52: =+DY52+DP52+DG52 -> 0 | ED52: =IFERROR((EC52/EB52),0) -> 0
... A64: 24 | B64: မိုးဆမ်း | C64: Moe San | D64: မုဒုံ | E64: Mudon | F64: Semi WS | G64: 0.0314 | I64: 1478.3693 | J64: 1363.4784 | K64: 700 | L64: 448 | M64: ='FUS-Working'!BW46 -> 700 | N64: ='FUS-Working'!BX46 -> 448 | O64: ='FUS-Working'!DG46 -> 1400 | P64: ='FUS-Working'!DH46 -> 896 | Q64: =IFERROR((P64/J64),0) -> 0.65714279 | R64: 1478.3693 | S64: 1363.4784 | T64: ='FUS-Working'!DG118 -> 1400 | U64: ='FUS-Working'!DH118 -> 896 | V64: ='FUS-Working'!DG118 -> 1400 | W64: ='FUS-Working'!DH118 -> 896 | X64: ='FUS-Working'!DG118 -> 1400 | Y64: ='FUS-Working'!DH118 -> 896 | Z64: =IFERROR((X64/S64),0) -> 1.0267856 | AA64: 1478.3693 | AB64: 1363.4784 | AC64: ='FUS-Working'!AP189 -> 0 | AD64: ='FUS-Working'!AQ189 -> 0 | AE64: ='FUS-Working'!BW189 -> 1400 | AF64: ='FUS-Working'!BX189 -> 896 | AG64: ='FUS-Working'!DG189 -> 1400 | AH64: ='FUS-Working'!DH189 -> 896 | AI64: =IFERROR((AH64/AB64),0) -> 0.65714279 | AJ64: =+AB64+S64+J64 -> 4090.4352 | AK64: =P64+Y64+AH64 -> 2688 | AL64: =IFERROR((AK64/AJ64),0) -> 0.65714279 | AW64: =IFERROR((AU64/AP64),0) -> 0 | BF64: =IFERROR((BD64/AY64),0) -> 0 | BO64: =IFERROR((BM64/BH64),0) -> 0 | BP64: =+BH64+AY64+AP64 -> 0 | BQ64: =+BM64+BD64+AU64 -> 0 | BR64: =IFERROR((BQ64/BP64),0) -> 0 | CC64: =IFERROR((CA64/BV64),0) -> 0 | CL64: =IFERROR((CJ64/CE64),0) -> 0 | CU64: =IFERROR((CS64/CN64),0) -> 0 | CV64: =+CN64+CE64+BV64 -> 0 | CW64: =+CS64+CJ64+CA64 -> 0 | CX64: =IFERROR((CW64/CV64),0) -> 0 | CZ64: 0.028679028 | DI64: =IFERROR((DG64/DB64),0) -> 0 | DR64: =IFERROR((DP64/DK64),0) -> 0 | EA64: =IFERROR((DY64/DT64),0) -> 0 | EB64: =+DT64+DK64+DB64 -> 0 | EC64: =+DY64+DP64+DG64 -> 0 | ED64: =IFERROR((EC64/EB64),0) -> 0
B65: Total Semi Wholesales (23) | G65: =SUM(G41:G64) -> 1.0000119 | I65: =SUM(I41:I64) -> 58227.549 | J65: =SUM(J41:J64) -> 43439.29 | K65: =SUM(K41:K64) -> 5396 | L65: =SUM(L41:L64) -> 4015.04 | M65: =SUM(M41:M64) -> 20438 | N65: =SUM(N41:N64) -> 14853.68 | O65: =SUM(O41:O64) -> 45078 | P65: =SUM(P41:P64) -> 33913.68 | Q65: =IFERROR((P65/J65),0) -> 0.78071442 | R65: =SUM(R41:R64) -> 58227.549 | S65: =SUM(S41:S64) -> 43439.29 | T65: =SUM(T41:T64) -> 43254 | U65: =SUM(U41:U64) -> 31794.8 | V65: =SUM(V41:V64) -> 43254 | W65: =SUM(W41:W64) -> 31794.8 | X65: =SUM(X41:X64) -> 43254 | Y65: =SUM(Y41:Y64) -> 31794.8 | Z65: =IFERROR((X65/S65),0) -> 0.99573452 | AA65: =SUM(AA41:AA64) -> 58227.549 | AB65: =SUM(AB41:AB64) -> 43439.29 | AC65: =SUM(AC41:AC64) -> 18726 | AD65: =SUM(AD41:AD64) -> 13570.08 | AE65: =SUM(AE41:AE64) -> 60358 | AF65: =SUM(AF41:AF64) -> 48448.48 | AG65: =SUM(AG41:AG64) -> 60358 | AH65: =SUM(AH41:AH64) -> 48448.48 | AI65: =IFERROR((AG65/AB65),0) -> 1.3894794 | AJ65: =SUM(AJ41:AJ64) -> 130317.87 | AK65: =SUM(AK41:AK64) -> 114156.96 | AL65: =IFERROR((AK65/AJ65),0) -> 0.87598854 | AO65: =SUM(AO41:AO64) -> 0 | AP65: =SUM(AP41:AP64) -> 0 | AQ65: =SUM(AQ41:AQ64) -> 0 | AR65: =SUM(AR41:AR64) -> 0 | AS65: =SUM(AS41:AS64) -> 0 | AT65: =SUM(AT41:AT64) -> 0 | AU65: =SUM(AU41:AU64) -> 0 | AV65: =SUM(AV41:AV64) -> 0 | AW65: =IFERROR((AU65/AP65),0) -> 0 | AX65: =SUM(AX41:AX64) -> 0 | AY65: =SUM(AY41:AY64) -> 0 | AZ65: =SUM(AZ41:AZ64) -> 0 | BA65: =SUM(BA41:BA64) -> 0 | BB65: =SUM(BB41:BB64) -> 0 | BC65: =SUM(BC41:BC64) -> 0 | BD65: =SUM(BD41:BD64) -> 0 | BE65: =SUM(BE41:BE64) -> 0 | BF65: =IFERROR((BD65/AY65),0) -> 0 | BG65: =SUM(BG41:BG64) -> 0 | BH65: =SUM(BH41:BH64) -> 0 | BI65: =SUM(BI41:BI64) -> 0 | BJ65: =SUM(BJ41:BJ64) -> 0 | BK65: =SUM(BK41:BK64) -> 0 | BL65: =SUM(BL41:BL64) -> 0 | BM65: =SUM(BM41:BM64) -> 0 | BN65: =SUM(BN41:BN64) -> 0 | BO65: =IFERROR((BM65/BH65),0) -> 0 | BP65: =SUM(BP41:BP64) -> 0 | BQ65: =SUM(BQ41:BQ64) -> 0 | BR65: =IFERROR((BQ65/BP65),0) -> 0 | BU65: =SUM(BU41:BU64) -> 0 | BV65: =SUM(BV41:BV64) -> 0 | BW65: =SUM(BW41:BW64) -> 0 | BX65: =SUM(BX41:BX64) -> 0 | BY65: =SUM(BY41:BY64) -> 0 | BZ65: =SUM(BZ41:BZ64) -> 0 | CA65: =SUM(CA41:CA64) -> 0 | CB65: =SUM(CB41:CB64) -> 0 | CC65: =IFERROR((CA65/BV65),0) -> 0 | CD65: =SUM(CD41:CD64) -> 0 | CE65: =SUM(CE41:CE64) -> 0 | CF65: =SUM(CF41:CF64) -> 0 | CG65: =SUM(CG41:CG64) -> 0 | CH65: =SUM(CH41:CH64) -> 0 | CI65: =SUM(CI41:CI64) -> 0 | CJ65: =SUM(CJ41:CJ64) -> 0 | CK65: =SUM(CK41:CK64) -> 0 | CL65: =IFERROR((CJ65/CE65),0) -> 0 | CM65: =SUM(CM41:CM64) -> 0 | CN65: =SUM(CN41:CN64) -> 0 | CO65: =SUM(CO41:CO64) -> 0 | CP65: =SUM(CP41:CP64) -> 0 | CQ65: =SUM(CQ41:CQ64) -> 0 | CR65: =SUM(CR41:CR64) -> 0 | CS65: =SUM(CS41:CS64) -> 0 | CT65: =SUM(CT41:CT64) -> 0 | CU65: =IFERROR((CS65/CN65),0) -> 0 | CV65: =SUM(CV41:CV64) -> 0 | CW65: =SUM(CW41:CW64) -> 0 | CX65: =IFERROR((CW65/CV65),0) -> 0 | DA65: =SUM(DA41:DA64) -> 0 | DB65: =SUM(DB41:DB64) -> 0 | DC65: =SUM(DC41:DC64) -> 0 | DD65: =SUM(DD41:DD64) -> 0 | DE65: =SUM(DE41:DE64) -> 0 | DF65: =SUM(DF41:DF64) -> 0 | DG65: =SUM(DG41:DG64) -> 0 | DH65: =SUM(DH41:DH64) -> 0 | DI65: =IFERROR((DG65/DB65),0) -> 0 | DJ65: =SUM(DJ41:DJ64) -> 0 | DK65: =SUM(DK41:DK64) -> 0 | DL65: =SUM(DL41:DL64) -> 0 | DM65: =SUM(DM41:DM64) -> 0 | DN65: =SUM(DN41:DN64) -> 0 | DO65: =SUM(DO41:DO64) -> 0 | DP65: =SUM(DP41:DP64) -> 0 | DQ65: =SUM(DQ41:DQ64) -> 0 | DR65: =IFERROR((DP65/DK65),0) -> 0 | DS65: =SUM(DS41:DS64) -> 0 | DT65: =SUM(DT41:DT64) -> 0 | DU65: =SUM(DU41:DU64) -> 0 | DV65: =SUM(DV41:DV64) -> 0 | DW65: =SUM(DW41:DW64) -> 0 | DX65: =SUM(DX41:DX64) -> 0 | DY65: =SUM(DY41:DY64) -> 0 | DZ65: =SUM(DZ41:DZ64) -> 0 | EA65: =IFERROR((DY65/DT65),0) -> 0 | EB65: =SUM(EB41:EB64) -> 0 | EC65: =SUM(EC41:EC64) -> 0 | ED65: =IFERROR((EC65/EB65),0) -> 0
I68: Quarter 1 | AO68: Quarter 2 | BU68: Quarter 3 | DA68: Quarter 4
B69: Mini Follow Up - (MLM) | I69: 46023 | R69: 46054 | AA69: 46082 | AJ69: Q1 Total | AO69: 46113 | AX69: 46143 | BG69: 46174 | BP69: Q2 Total | BU69: 46204 | CD69: 46235 | CM69: 46266 | CV69: Q3 Total | DA69: 46296 | DJ69: 46327 | DS69: 46357 | EB69: Q4 Total
I70: =J4*H7 -> 9842.7835 | K70: 10 | M70: 20 | O70: 30 | Q70: ACH% | R70: =J4*H7 -> 9842.7835 | T70: 10 | V70: 20 | X70: 30 | Z70: ACH% | AA70: =J4*H7 -> 9842.7835 | AC70: 10 | AE70: 20 | AG70: 30 | AI70: ACH% | AJ70: Target | AK70: Sales | AL70: Ach % | AQ70: 10 | AS70: 20 | AU70: 30 | AW70: Ach % | AZ70: 10 | BB70: 20 | BD70: 31 | BF70: Ach % | BI70: 10 | BK70: 20 | BM70: 30 | BO70: Ach % | BP70: Target | BQ70: Sales | BR70: Ach % | BW70: 10 | BY70: 20 | CA70: 30 | CC70: Ach % | CF70: 10 | CH70: 20 | CJ70: 30 | CL70: Ach % | CO70: 10 | CQ70: 20 | CS70: 30 | CU70: Ach % | CV70: Target | CW70: Sales | CX70: Ach % | DC70: 10 | DE70: 20 | DG70: 30 | DI70: Ach % | DL70: 10 | DN70: 20 | DP70: 30 | DR70: Ach % | DU70: 10 | DW70: 20 | DY70: 30 | EA70: Ach % | EB70: Target | EC70: Sales | ED70: Ach %
A71: Sr No. | B71: Van | C71: ASM | D71: Area | F71: Frequancy | G71: Cons% | H71: Resp by | I71: Bottle | J71: Liter | K71: Bottle | L71: Liter | M71: Bottle | N71: Liter | O71: Bottle | P71: Liter | Q71: Liter | R71: Bottle | S71: Liter | T71: Bottle | U71: Liter | V71: Bottle | W71: Liter | X71: Bottle | Y71: Liter | Z71: Liter | AA71: Bottle | AB71: Liter | AC71: Bottle | AD71: Liter | AE71: Bottle | AF71: Liter | AG71: Bottle | AH71: Liter | AI71: Liter | AJ71: Liter | AK71: Liter | AN71: Cons% | AO71: PKT | AP71: Bottle | AQ71: Bottle | AR71: Ltr | AS71: Bottle | AT71: Ltr | AU71: Bottle | AV71: Ltr | AW71: Bottle | AX71: PKT | AY71: Bottle | AZ71: Bottle | BA71: Ltr | BB71: Bottle | BC71: Ltr | BD71: Bottle | BE71: Ltr | BF71: Bottle | BG71: PKT | BH71: Bottle | BI71: Bottle | BJ71: Ltr | BK71: Bottle | BL71: Ltr | BM71: Bottle | BN71: Ltr | BO71: Bottle | BP71: Bottle | BQ71: Bottle | BR71: Bottle | BT71: Cons% | BU71: PKT | BV71: Bottle | BW71: Bottle | BX71: Ltr | BY71: Bottle | BZ71: Ltr | CA71: Bottle | CB71: Ltr | CC71: Bottle | CD71: PKT | CE71: Bottle | CF71: Bottle | CG71: Ltr | CH71: Bottle | CI71: Ltr | CJ71: Bottle | CK71: Ltr | CL71: Bottle | CM71: PKT | CN71: Bottle | CO71: Bottle | CP71: Ltr | CQ71: Bottle | CR71: Ltr | CS71: Bottle | CT71: Ltr | CU71: Bottle | CV71: Bottle | CW71: Bottle | CX71: Bottle | CZ71: Cons% | DA71: PKT | DB71: Bottle | DC71: Bottle | DD71: Ltr | DE71: Bottle | DF71: Ltr | DG71: Bottle | DH71: Ltr | DI71: Bottle | DJ71: PKT | DK71: Bottle | DL71: Bottle | DM71: Ltr | DN71: Bottle | DO71: Ltr | DP71: Bottle | DQ71: Ltr | DR71: Bottle | DS71: PKT | DT71: Bottle | DU71: Bottle | DV71: Ltr | DW71: Bottle | DX71: Ltr | DY71: Bottle | DZ71: Ltr | EA71: Bottle | EB71: Bottle | EC71: Bottle | ED71: Bottle
A72: 1 | B72: ကံ့ကော်စတိုး | C72: Kant Kaw Store | D72: မော်လမြိုင် | E72: Yay | F72: Mini WS | G72: 0.11703918 | I72: 1544.1696 | J72: 1151.9913 | K72: 0 | L72: 0 | M72: ='FUS-Working'!BW51 -> 0 | N72: ='FUS-Working'!BX51 -> 0 | O72: ='FUS-Working'!DG51 -> 880 | P72: ='FUS-Working'!DH51 -> 779.2 | Q72: =IFERROR((P72/J72),0) -> 0.67639397 | R72: 1544.1696 | S72: 1151.9913 | T72: ='FUS-Working'!DG123 -> 2700 | U72: ='FUS-Working'!DH123 -> 1944 | V72: ='FUS-Working'!DG123 -> 2700 | W72: ='FUS-Working'!DH123 -> 1944 | X72: ='FUS-Working'!DG123 -> 2700 | Y72: ='FUS-Working'!DH123 -> 1944 | Z72: =IFERROR((X72/S72),0) -> 2.3437676 | AA72: 1544.1696 | AB72: 1151.9913 | AC72: ='FUS-Working'!AP194 -> 1260 | AD72: ='FUS-Working'!AQ194 -> 1108.8 | AE72: ='FUS-Working'!BW194 -> 1260 | AF72: ='FUS-Working'!BX194 -> 1108.8 | AG72: ='FUS-Working'!DG194 -> 1260 | AH72: ='FUS-Working'!DH194 -> 1108.8 | AI72: =IFERROR((AH72/AB72),0) -> 0.96250723 | AJ72: =+AB72+S72+J72 -> 3455.974 | AK72: =P72+Y72+AH72 -> 3832 | AL72: =IFERROR((AK72/AJ72),0) -> 1.1088046 | AW72: =IFERROR((AU72/AP72),0) -> 0 | BF72: =IFERROR((BD72/AY72),0) -> 0 | BO72: =IFERROR((BM72/BH72),0) -> 0 | BP72: =+BH72+AY72+AP72 -> 0 | BQ72: =+BM72+BD72+AU72 -> 0 | BR72: =IFERROR((BQ72/BP72),0) -> 0 | CC72: =IFERROR((CA72/BV72),0) -> 0 | CL72: =IFERROR((CJ72/CE72),0) -> 0 | CU72: =IFERROR((CS72/CN72),0) -> 0 | CV72: =+CN72+CE72+BV72 -> 0 | CW72: =+CS72+CJ72+CA72 -> 0 | CX72: =IFERROR((CW72/CV72),0) -> 0 | DI72: =IFERROR((DG72/DB72),0) -> 0 | DR72: =IFERROR((DP72/DK72),0) -> 0 | EA72: =IFERROR((DY72/DT72),0) -> 0 | EB72: =+DT72+DK72+DB72 -> 0 | EC72: =+DY72+DP72+DG72 -> 0 | ED72: =IFERROR((EC72/EB72),0) -> 0
A73: 2 | B73: ဒေါ်မွှေး | C73: Daw Mwe | D73: မော်လမြိုင် | E73: Phar Pun | F73: Mini WS | G73: 0.10411886 | I73: 1373.7039 | J73: 1024.8194 | K73: 0 | L73: 0 | M73: ='FUS-Working'!BW52 -> 0 | N73: ='FUS-Working'!BX52 -> 0 | O73: ='FUS-Working'!DG52 -> 0 | P73: ='FUS-Working'!DH52 -> 0 | Q73: =IFERROR((P73/J73),0) -> 0 | R73: 1373.7039 | S73: 1024.8194 | T73: ='FUS-Working'!DG124 -> 0 | U73: ='FUS-Working'!DH124 -> 0 | V73: ='FUS-Working'!DG124 -> 0 | W73: ='FUS-Working'!DH124 -> 0 | X73: ='FUS-Working'!DG124 -> 0 | Y73: ='FUS-Working'!DH124 -> 0 | Z73: =IFERROR((X73/S73),0) -> 0 | AA73: 1373.7039 | AB73: 1024.8194 | AC73: ='FUS-Working'!AP195 -> 0 | AD73: ='FUS-Working'!AQ195 -> 0 | AE73: ='FUS-Working'!BW195 -> 0 | AF73: ='FUS-Working'!BX195 -> 0 | AG73: ='FUS-Working'!DG195 -> 0 | AH73: ='FUS-Working'!DH195 -> 0 | AI73: =IFERROR((AH73/AB73),0) -> 0 | AJ73: =+AB73+S73+J73 -> 3074.4583 | AK73: =P73+Y73+AH73 -> 0 | AL73: =IFERROR((AK73/AJ73),0) -> 0 | AW73: =IFERROR((AU73/AP73),0) -> 0 | BF73: =IFERROR((BD73/AY73),0) -> 0 | BO73: =IFERROR((BM73/BH73),0) -> 0 | BP73: =+BH73+AY73+AP73 -> 0 | BQ73: =+BM73+BD73+AU73 -> 0 | BR73: =IFERROR((BQ73/BP73),0) -> 0 | CC73: =IFERROR((CA73/BV73),0) -> 0 | CL73: =IFERROR((CJ73/CE73),0) -> 0 | CU73: =IFERROR((CS73/CN73),0) -> 0 | CV73: =+CN73+CE73+BV73 -> 0 | CW73: =+CS73+CJ73+CA73 -> 0 | CX73: =IFERROR((CW73/CV73),0) -> 0 | DI73: =IFERROR((DG73/DB73),0) -> 0 | DR73: =IFERROR((DP73/DK73),0) -> 0 | EA73: =IFERROR((DY73/DT73),0) -> 0 | EB73: =+DT73+DK73+DB73 -> 0 | EC73: =+DY73+DP73+DG73 -> 0 | ED73: =IFERROR((EC73/EB73),0) -> 0
A74: 3 | B74: ဦးလှ၀င်း | C74: U Hla Win | D74: မော်လမြိုင် | E74: Hpa-an | F74: Mini WS | G74: 0.11944993 | I74: 1575.976 | J74: 1175.7198 | K74: 1160 | L74: 640 | M74: ='FUS-Working'!BW53 -> 1160 | N74: ='FUS-Working'!BX53 -> 640 | O74: ='FUS-Working'!DG53 -> 2960 | P74: ='FUS-Working'!DH53 -> 2440 | Q74: =IFERROR((P74/J74),0) -> 2.0753245 | R74: 1575.976 | S74: 1175.7198 | T74: ='FUS-Working'!DG125 -> 600 | U74: ='FUS-Working'!DH125 -> 600 | V74: ='FUS-Working'!DG125 -> 600 | W74: ='FUS-Working'!DH125 -> 600 | X74: ='FUS-Working'!DG125 -> 600 | Y74: ='FUS-Working'!DH125 -> 600 | Z74: =IFERROR((X74/S74),0) -> 0.51032569 | AA74: 1575.976 | AB74: 1175.7198 | AC74: ='FUS-Working'!AP196 -> 0 | AD74: ='FUS-Working'!AQ196 -> 0 | AE74: ='FUS-Working'!BW196 -> 1800 | AF74: ='FUS-Working'!BX196 -> 1800 | AG74: ='FUS-Working'!DG196 -> 1800 | AH74: ='FUS-Working'!DH196 -> 1800 | AI74: =IFERROR((AH74/AB74),0) -> 1.5309771 | AJ74: =+AB74+S74+J74 -> 3527.1593 | AK74: =P74+Y74+AH74 -> 4840 | AL74: =IFERROR((AK74/AJ74),0) -> 1.3722091 | AW74: =IFERROR((AU74/AP74),0) -> 0 | BF74: =IFERROR((BD74/AY74),0) -> 0 | BO74: =IFERROR((BM74/BH74),0) -> 0 | BP74: =+BH74+AY74+AP74 -> 0 | BQ74: =+BM74+BD74+AU74 -> 0 | BR74: =IFERROR((BQ74/BP74),0) -> 0 | CC74: =IFERROR((CA74/BV74),0) -> 0 | CL74: =IFERROR((CJ74/CE74),0) -> 0 | CU74: =IFERROR((CS74/CN74),0) -> 0 | CV74: =+CN74+CE74+BV74 -> 0 | CW74: =+CS74+CJ74+CA74 -> 0 | CX74: =IFERROR((CW74/CV74),0) -> 0 | DI74: =IFERROR((DG74/DB74),0) -> 0 | DR74: =IFERROR((DP74/DK74),0) -> 0 | EA74: =IFERROR((DY74/DT74),0) -> 0 | EB74: =+DT74+DK74+DB74 -> 0 | EC74: =+DY74+DP74+DG74 -> 0 | ED74: =IFERROR((EC74/EB74),0) -> 0
A75: 4 | B75: မွန်လေး | C75: Mon Lay | D75: ချောင်းဆုံမြို့ | E75: Maw La Myaing | F75: Mini WS | G75: 0.094247425 | I75: 1243.464 | J75: 927.657 | K75: 0 | L75: 0 | M75: ='FUS-Working'!BW54 -> 0 | N75: ='FUS-Working'!BX54 -> 0 | O75: ='FUS-Working'!DG54 -> 0 | P75: ='FUS-Working'!DH54 -> 0 | Q75: =IFERROR((P75/J75),0) -> 0 | R75: 1243.464 | S75: 927.657 | T75: ='FUS-Working'!DG126 -> 60 | U75: ='FUS-Working'!DH126 -> 60 | V75: ='FUS-Working'!DG126 -> 60 | W75: ='FUS-Working'!DH126 -> 60 | X75: ='FUS-Working'!DG126 -> 60 | Y75: ='FUS-Working'!DH126 -> 60 | Z75: =IFERROR((X75/S75),0) -> 0.064679078 | AA75: 1243.464 | AB75: 927.657 | AC75: ='FUS-Working'!AP197 -> 12 | AD75: ='FUS-Working'!AQ197 -> 12 | AE75: ='FUS-Working'!BW197 -> 12 | AF75: ='FUS-Working'!BX197 -> 12 | AG75: ='FUS-Working'!DG197 -> 12 | AH75: ='FUS-Working'!DH197 -> 12 | AI75: =IFERROR((AH75/AB75),0) -> 0.012935816 | AJ75: =+AB75+S75+J75 -> 2782.971 | AK75: =P75+Y75+AH75 -> 72 | AL75: =IFERROR((AK75/AJ75),0) -> 0.025871631 | AW75: =IFERROR((AU75/AP75),0) -> 0 | BF75: =IFERROR((BD75/AY75),0) -> 0 | BO75: =IFERROR((BM75/BH75),0) -> 0 | BP75: =+BH75+AY75+AP75 -> 0 | BQ75: =+BM75+BD75+AU75 -> 0 | BR75: =IFERROR((BQ75/BP75),0) -> 0 | CC75: =IFERROR((CA75/BV75),0) -> 0 | CL75: =IFERROR((CJ75/CE75),0) -> 0 | CU75: =IFERROR((CS75/CN75),0) -> 0 | CV75: =+CN75+CE75+BV75 -> 0 | CW75: =+CS75+CJ75+CA75 -> 0 | CX75: =IFERROR((CW75/CV75),0) -> 0 | DI75: =IFERROR((DG75/DB75),0) -> 0 | DR75: =IFERROR((DP75/DK75),0) -> 0 | EA75: =IFERROR((DY75/DT75),0) -> 0 | EB75: =+DT75+DK75+DB75 -> 0 | EC75: =+DY75+DP75+DG75 -> 0 | ED75: =IFERROR((EC75/EB75),0) -> 0
A76: 5 | B76: ဝါးအိမ် | C76: War Eain | D76: မော်လမြိုင် | E76: Thein Zayet | F76: Mini WS | G76: 0.084533551 | I76: 1115.3029 | J76: 832.04544 | K76: 2900 | L76: 2396 | M76: ='FUS-Working'!BW55 -> 2900 | N76: ='FUS-Working'!BX55 -> 2396 | O76: ='FUS-Working'!DG55 -> 2900 | P76: ='FUS-Working'!DH55 -> 2396 | Q76: =IFERROR((P76/J76),0) -> 2.8796504 | R76: 1115.3029 | S76: 832.04544 | T76: ='FUS-Working'!DG127 -> 1200 | U76: ='FUS-Working'!DH127 -> 1200 | V76: ='FUS-Working'!DG127 -> 1200 | W76: ='FUS-Working'!DH127 -> 1200 | X76: ='FUS-Working'!DG127 -> 1200 | Y76: ='FUS-Working'!DH127 -> 1200 | Z76: =IFERROR((X76/S76),0) -> 1.4422289 | AA76: 1115.3029 | AB76: 832.04544 | AC76: ='FUS-Working'!AP198 -> 2400 | AD76: ='FUS-Working'!AQ198 -> 2400 | AE76: ='FUS-Working'!BW198 -> 3100 | AF76: ='FUS-Working'!BX198 -> 2848 | AG76: ='FUS-Working'!DG198 -> 3100 | AH76: ='FUS-Working'!DH198 -> 2848 | AI76: =IFERROR((AH76/AB76),0) -> 3.42289 | AJ76: =+AB76+S76+J76 -> 2496.1363 | AK76: =P76+Y76+AH76 -> 6444 | AL76: =IFERROR((AK76/AJ76),0) -> 2.5815898 | AW76: =IFERROR((AU76/AP76),0) -> 0 | BF76: =IFERROR((BD76/AY76),0) -> 0 | BO76: =IFERROR((BM76/BH76),0) -> 0 | BP76: =+BH76+AY76+AP76 -> 0 | BQ76: =+BM76+BD76+AU76 -> 0 | BR76: =IFERROR((BQ76/BP76),0) -> 0 | CC76: =IFERROR((CA76/BV76),0) -> 0 | CL76: =IFERROR((CJ76/CE76),0) -> 0 | CU76: =IFERROR((CS76/CN76),0) -> 0 | CV76: =+CN76+CE76+BV76 -> 0 | CW76: =+CS76+CJ76+CA76 -> 0 | CX76: =IFERROR((CW76/CV76),0) -> 0 | DI76: =IFERROR((DG76/DB76),0) -> 0 | DR76: =IFERROR((DP76/DK76),0) -> 0 | EA76: =IFERROR((DY76/DT76),0) -> 0 | EB76: =+DT76+DK76+DB76 -> 0 | EC76: =+DY76+DP76+DG76 -> 0 | ED76: =IFERROR((EC76/EB76),0) -> 0
A77: 6 | B77: ဆေးသစ္စာ | C77: Say Thitsar | D77: မော်လမြိုင် | E77: Maw La Myaing | F77: Mini WS | G77: 0.061765428 | I77: 814.90912 | J77: 607.94373 | K77: 0 | L77: 0 | M77: ='FUS-Working'!BW56 -> 700 | N77: ='FUS-Working'!BX56 -> 448 | O77: ='FUS-Working'!DG56 -> 700 | P77: ='FUS-Working'!DH56 -> 448 | Q77: =IFERROR((P77/J77),0) -> 0.7369103 | R77: 814.90912 | S77: 607.94373 | T77: ='FUS-Working'!DG128 -> 0 | U77: ='FUS-Working'!DH128 -> 0 | V77: ='FUS-Working'!DG128 -> 0 | W77: ='FUS-Working'!DH128 -> 0 | X77: ='FUS-Working'!DG128 -> 0 | Y77: ='FUS-Working'!DH128 -> 0 | Z77: =IFERROR((X77/S77),0) -> 0 | AA77: 814.90912 | AB77: 607.94373 | AC77: ='FUS-Working'!AP199 -> 700 | AD77: ='FUS-Working'!AQ199 -> 448 | AE77: ='FUS-Working'!BW199 -> 700 | AF77: ='FUS-Working'!BX199 -> 448 | AG77: ='FUS-Working'!DG199 -> 700 | AH77: ='FUS-Working'!DH199 -> 448 | AI77: =IFERROR((AH77/AB77),0) -> 0.7369103 | AJ77: =+AB77+S77+J77 -> 1823.8312 | AK77: =P77+Y77+AH77 -> 896 | AL77: =IFERROR((AK77/AJ77),0) -> 0.49127353 | AW77: =IFERROR((AU77/AP77),0) -> 0 | BF77: =IFERROR((BD77/AY77),0) -> 0 | BO77: =IFERROR((BM77/BH77),0) -> 0 | BP77: =+BH77+AY77+AP77 -> 0 | BQ77: =+BM77+BD77+AU77 -> 0 | BR77: =IFERROR((BQ77/BP77),0) -> 0 | CC77: =IFERROR((CA77/BV77),0) -> 0 | CL77: =IFERROR((CJ77/CE77),0) -> 0 | CU77: =IFERROR((CS77/CN77),0) -> 0 | CV77: =+CN77+CE77+BV77 -> 0 | CW77: =+CS77+CJ77+CA77 -> 0 | CX77: =IFERROR((CW77/CV77),0) -> 0 | DI77: =IFERROR((DG77/DB77),0) -> 0 | DR77: =IFERROR((DP77/DK77),0) -> 0 | EA77: =IFERROR((DY77/DT77),0) -> 0 | EB77: =+DT77+DK77+DB77 -> 0 | EC77: =+DY77+DP77+DG77 -> 0 | ED77: =IFERROR((EC77/EB77),0) -> 0
A78: 7 | B78: ရဲညွှန့်အောင် | C78: Ye Nyunt Aung | D78: ချောင်းဆုံမြို့ | E78: Kyaikto | F78: Mini WS | G78: 0.051039199 | I78: 673.39142 | J78: 502.36779 | K78: 1200 | L78: 840 | M78: ='FUS-Working'!BW57 -> 1200 | N78: ='FUS-Working'!BX57 -> 840 | O78: ='FUS-Working'!DG57 -> 1200 | P78: ='FUS-Working'!DH57 -> 840 | Q78: =IFERROR((P78/J78),0) -> 1.6720817 | R78: 673.39142 | S78: 502.36779 | T78: ='FUS-Working'!DG129 -> 0 | U78: ='FUS-Working'!DH129 -> 0 | V78: ='FUS-Working'!DG129 -> 0 | W78: ='FUS-Working'!DH129 -> 0 | X78: ='FUS-Working'!DG129 -> 0 | Y78: ='FUS-Working'!DH129 -> 0 | Z78: =IFERROR((X78/S78),0) -> 0 | AA78: 673.39142 | AB78: 502.36779 | AC78: ='FUS-Working'!AP200 -> 0 | AD78: ='FUS-Working'!AQ200 -> 0 | AE78: ='FUS-Working'!BW200 -> 1200 | AF78: ='FUS-Working'!BX200 -> 840 | AG78: ='FUS-Working'!DG200 -> 1200 | AH78: ='FUS-Working'!DH200 -> 840 | AI78: =IFERROR((AH78/AB78),0) -> 1.6720817 | AJ78: =+AB78+S78+J78 -> 1507.1034 | AK78: =P78+Y78+AH78 -> 1680 | AL78: =IFERROR((AK78/AJ78),0) -> 1.1147211 | AW78: =IFERROR((AU78/AP78),0) -> 0 | BF78: =IFERROR((BD78/AY78),0) -> 0 | BO78: =IFERROR((BM78/BH78),0) -> 0 | BP78: =+BH78+AY78+AP78 -> 0 | BQ78: =+BM78+BD78+AU78 -> 0 | BR78: =IFERROR((BQ78/BP78),0) -> 0 | CC78: =IFERROR((CA78/BV78),0) -> 0 | CL78: =IFERROR((CJ78/CE78),0) -> 0 | CU78: =IFERROR((CS78/CN78),0) -> 0 | CV78: =+CN78+CE78+BV78 -> 0 | CW78: =+CS78+CJ78+CA78 -> 0 | CX78: =IFERROR((CW78/CV78),0) -> 0 | DI78: =IFERROR((DG78/DB78),0) -> 0 | DR78: =IFERROR((DP78/DK78),0) -> 0 | EA78: =IFERROR((DY78/DT78),0) -> 0 | EB78: =+DT78+DK78+DB78 -> 0 | EC78: =+DY78+DP78+DG78 -> 0 | ED78: =IFERROR((EC78/EB78),0) -> 0
A79: 8 | B79: လပြည့် | C79: La Pyae | D79: မုဒုံမြို့ | E79: ThaHtone | F79: Mini WS | G79: 0.053206504 | I79: 701.986 | J79: 523.7001 | K79: 0 | L79: 0 | M79: ='FUS-Working'!BW58 -> 0 | N79: ='FUS-Working'!BX58 -> 0 | O79: ='FUS-Working'!DG58 -> 0 | P79: ='FUS-Working'!DH58 -> 0 | Q79: =IFERROR((P79/J79),0) -> 0 | R79: 701.986 | S79: 523.7001 | T79: ='FUS-Working'!DG130 -> 1400 | U79: ='FUS-Working'!DH130 -> 896 | V79: ='FUS-Working'!DG130 -> 1400 | W79: ='FUS-Working'!DH130 -> 896 | X79: ='FUS-Working'!DG130 -> 1400 | Y79: ='FUS-Working'!DH130 -> 896 | Z79: =IFERROR((X79/S79),0) -> 2.6732857 | AA79: 701.986 | AB79: 523.7001 | AC79: ='FUS-Working'!AP201 -> 0 | AD79: ='FUS-Working'!AQ201 -> 0 | AE79: ='FUS-Working'!BW201 -> 0 | AF79: ='FUS-Working'!BX201 -> 0 | AG79: ='FUS-Working'!DG201 -> 0 | AH79: ='FUS-Working'!DH201 -> 0 | AI79: =IFERROR((AH79/AB79),0) -> 0 | AJ79: =+AB79+S79+J79 -> 1571.1003 | AK79: =P79+Y79+AH79 -> 896 | AL79: =IFERROR((AK79/AJ79),0) -> 0.57030095 | AW79: =IFERROR((AU79/AP79),0) -> 0 | BF79: =IFERROR((BD79/AY79),0) -> 0 | BO79: =IFERROR((BM79/BH79),0) -> 0 | BP79: =+BH79+AY79+AP79 -> 0 | BQ79: =+BM79+BD79+AU79 -> 0 | BR79: =IFERROR((BQ79/BP79),0) -> 0 | CC79: =IFERROR((CA79/BV79),0) -> 0 | CL79: =IFERROR((CJ79/CE79),0) -> 0 | CU79: =IFERROR((CS79/CN79),0) -> 0 | CV79: =+CN79+CE79+BV79 -> 0 | CW79: =+CS79+CJ79+CA79 -> 0 | CX79: =IFERROR((CW79/CV79),0) -> 0 | DI79: =IFERROR((DG79/DB79),0) -> 0 | DR79: =IFERROR((DP79/DK79),0) -> 0 | EA79: =IFERROR((DY79/DT79),0) -> 0 | EB79: =+DT79+DK79+DB79 -> 0 | EC79: =+DY79+DP79+DG79 -> 0 | ED79: =IFERROR((EC79/EB79),0) -> 0
A80: 9 | B80: ကိုကျော်စိုး (နံ့သာ) | C80: Ko Kyaw Soe | D80: မော်လမြိုင် | E80: ThaHtone | F80: Mini WS | G80: 0.052941795 | I80: 698.49353 | J80: 521.09463 | K80: 0 | L80: 0 | M80: ='FUS-Working'!BW59 -> 0 | N80: ='FUS-Working'!BX59 -> 0 | O80: ='FUS-Working'!DG59 -> 0 | P80: ='FUS-Working'!DH59 -> 0 | Q80: =IFERROR((P80/J80),0) -> 0 | R80: 698.49353 | S80: 521.09463 | T80: ='FUS-Working'!DG131 -> 0 | U80: ='FUS-Working'!DH131 -> 0 | V80: ='FUS-Working'!DG131 -> 0 | W80: ='FUS-Working'!DH131 -> 0 | X80: ='FUS-Working'!DG131 -> 0 | Y80: ='FUS-Working'!DH131 -> 0 | Z80: =IFERROR((X80/S80),0) -> 0 | AA80: 698.49353 | AB80: 521.09463 | AC80: ='FUS-Working'!AP202 -> 0 | AD80: ='FUS-Working'!AQ202 -> 0 | AE80: ='FUS-Working'!BW202 -> 0 | AF80: ='FUS-Working'!BX202 -> 0 | AG80: ='FUS-Working'!DG202 -> 0 | AH80: ='FUS-Working'!DH202 -> 0 | AI80: =IFERROR((AH80/AB80),0) -> 0 | AJ80: =+AB80+S80+J80 -> 1563.2839 | AK80: =P80+Y80+AH80 -> 0 | AL80: =IFERROR((AK80/AJ80),0) -> 0 | AW80: =IFERROR((AU80/AP80),0) -> 0 | BF80: =IFERROR((BD80/AY80),0) -> 0 | BO80: =IFERROR((BM80/BH80),0) -> 0 | BP80: =+BH80+AY80+AP80 -> 0 | BQ80: =+BM80+BD80+AU80 -> 0 | BR80: =IFERROR((BQ80/BP80),0) -> 0 | CC80: =IFERROR((CA80/BV80),0) -> 0 | CL80: =IFERROR((CJ80/CE80),0) -> 0 | CU80: =IFERROR((CS80/CN80),0) -> 0 | CV80: =+CN80+CE80+BV80 -> 0 | CW80: =+CS80+CJ80+CA80 -> 0 | CX80: =IFERROR((CW80/CV80),0) -> 0 | DI80: =IFERROR((DG80/DB80),0) -> 0 | DR80: =IFERROR((DP80/DK80),0) -> 0 | EA80: =IFERROR((DY80/DT80),0) -> 0 | EB80: =+DT80+DK80+DB80 -> 0 | EC80: =+DY80+DP80+DG80 -> 0 | ED80: =IFERROR((EC80/EB80),0) -> 0
A81: 10 | B81: ၀မ်းဒေါ်လာ | C81: One Dollar | D81: ဘားအံ | E81: Mudon | F81: Mini WS | G81: 0.05632944 | I81: 743.1888 | J81: 554.43848 | K81: 0 | L81: 0 | M81: ='FUS-Working'!BW60 -> 350 | N81: ='FUS-Working'!BX60 -> 224 | O81: ='FUS-Working'!DG60 -> 700 | P81: ='FUS-Working'!DH60 -> 448 | Q81: =IFERROR((P81/J81),0) -> 0.80802472 | R81: 743.1888 | S81: 554.43848 | T81: ='FUS-Working'!DG132 -> 700 | U81: ='FUS-Working'!DH132 -> 448 | V81: ='FUS-Working'!DG132 -> 700 | W81: ='FUS-Working'!DH132 -> 448 | X81: ='FUS-Working'!DG132 -> 700 | Y81: ='FUS-Working'!DH132 -> 448 | Z81: =IFERROR((X81/S81),0) -> 1.2625386 | AA81: 743.1888 | AB81: 554.43848 | AC81: ='FUS-Working'!AP203 -> 0 | AD81: ='FUS-Working'!AQ203 -> 0 | AE81: ='FUS-Working'!BW203 -> 350 | AF81: ='FUS-Working'!BX203 -> 224 | AG81: ='FUS-Working'!DG203 -> 350 | AH81: ='FUS-Working'!DH203 -> 224 | AI81: =IFERROR((AH81/AB81),0) -> 0.40401236 | AJ81: =+AB81+S81+J81 -> 1663.3154 | AK81: =P81+Y81+AH81 -> 1120 | AL81: =IFERROR((AK81/AJ81),0) -> 0.67335393 | AW81: =IFERROR((AU81/AP81),0) -> 0 | BF81: =IFERROR((BD81/AY81),0) -> 0 | BO81: =IFERROR((BM81/BH81),0) -> 0 | BP81: =+BH81+AY81+AP81 -> 0 | BQ81: =+BM81+BD81+AU81 -> 0 | BR81: =IFERROR((BQ81/BP81),0) -> 0 | CC81: =IFERROR((CA81/BV81),0) -> 0 | CL81: =IFERROR((CJ81/CE81),0) -> 0 | CU81: =IFERROR((CS81/CN81),0) -> 0 | CV81: =+CN81+CE81+BV81 -> 0 | CW81: =+CS81+CJ81+CA81 -> 0 | CX81: =IFERROR((CW81/CV81),0) -> 0 | DI81: =IFERROR((DG81/DB81),0) -> 0 | DR81: =IFERROR((DP81/DK81),0) -> 0 | EA81: =IFERROR((DY81/DT81),0) -> 0 | EB81: =+DT81+DK81+DB81 -> 0 | EC81: =+DY81+DP81+DG81 -> 0 | ED81: =IFERROR((EC81/EB81),0) -> 0
A82: 11 | B82: ကိုမောင်ဦး | C82: Ko Maung Oo | D82: မော်လမြိုင် | E82: Maw La Myaing | F82: Mini WS | G82: 0.054840058 | I82: 723.53847 | J82: 539.77882 | K82: 0 | L82: 0 | M82: ='FUS-Working'!BW61 -> 140 | N82: ='FUS-Working'!BX61 -> 89.6 | O82: ='FUS-Working'!DG61 -> 280 | P82: ='FUS-Working'!DH61 -> 179.2 | Q82: =IFERROR((P82/J82),0) -> 0.33198783 | R82: 723.53847 | S82: 539.77882 | T82: ='FUS-Working'!DG133 -> 432 | U82: ='FUS-Working'!DH133 -> 280.8 | V82: ='FUS-Working'!DG133 -> 432 | W82: ='FUS-Working'!DH133 -> 280.8 | X82: ='FUS-Working'!DG133 -> 432 | Y82: ='FUS-Working'!DH133 -> 280.8 | Z82: =IFERROR((X82/S82),0) -> 0.80032781 | AA82: 723.53847 | AB82: 539.77882 | AC82: ='FUS-Working'!AP204 -> 152 | AD82: ='FUS-Working'!AQ204 -> 101.6 | AE82: ='FUS-Working'!BW204 -> 292 | AF82: ='FUS-Working'!BX204 -> 191.2 | AG82: ='FUS-Working'!DG204 -> 292 | AH82: ='FUS-Working'!DH204 -> 191.2 | AI82: =IFERROR((AH82/AB82),0) -> 0.35421916 | AJ82: =+AB82+S82+J82 -> 1619.3365 | AK82: =P82+Y82+AH82 -> 651.2 | AL82: =IFERROR((AK82/AJ82),0) -> 0.40214002 | AW82: =IFERROR((AU82/AP82),0) -> 0 | BF82: =IFERROR((BD82/AY82),0) -> 0 | BO82: =IFERROR((BM82/BH82),0) -> 0 | BP82: =+BH82+AY82+AP82 -> 0 | BQ82: =+BM82+BD82+AU82 -> 0 | BR82: =IFERROR((BQ82/BP82),0) -> 0 | CC82: =IFERROR((CA82/BV82),0) -> 0 | CL82: =IFERROR((CJ82/CE82),0) -> 0 | CU82: =IFERROR((CS82/CN82),0) -> 0 | CV82: =+CN82+CE82+BV82 -> 0 | CW82: =+CS82+CJ82+CA82 -> 0 | CX82: =IFERROR((CW82/CV82),0) -> 0 | DI82: =IFERROR((DG82/DB82),0) -> 0 | DR82: =IFERROR((DP82/DK82),0) -> 0 | EA82: =IFERROR((DY82/DT82),0) -> 0 | EB82: =+DT82+DK82+DB82 -> 0 | EC82: =+DY82+DP82+DG82 -> 0 | ED82: =IFERROR((EC82/EB82),0) -> 0
A83: 12 | B83: ဒေါ်စိန်ယုံ | C83: Daw Sein Yone | D83: မော်လမြိုင် | E83: Mudon | F83: Mini WS | G83: 0.049853524 | I83: 657.74808 | J83: 490.69744 | K83: 420 | L83: 268.8 | M83: ='FUS-Working'!BW62 -> 700 | N83: ='FUS-Working'!BX62 -> 448 | O83: ='FUS-Working'!DG62 -> 1120 | P83: ='FUS-Working'!DH62 -> 716.8 | Q83: =IFERROR((P83/J83),0) -> 1.4607779 | R83: 657.74808 | S83: 490.69744 | T83: ='FUS-Working'!DG134 -> 864 | U83: ='FUS-Working'!DH134 -> 561.6 | V83: ='FUS-Working'!DG134 -> 864 | W83: ='FUS-Working'!DH134 -> 561.6 | X83: ='FUS-Working'!DG134 -> 864 | Y83: ='FUS-Working'!DH134 -> 561.6 | Z83: =IFERROR((X83/S83),0) -> 1.7607591 | AA83: 657.74808 | AB83: 490.69744 | AC83: ='FUS-Working'!AP205 -> 0 | AD83: ='FUS-Working'!AQ205 -> 0 | AE83: ='FUS-Working'!BW205 -> 760 | AF83: ='FUS-Working'!BX205 -> 508 | AG83: ='FUS-Working'!DG205 -> 760 | AH83: ='FUS-Working'!DH205 -> 508 | AI83: =IFERROR((AH83/AB83),0) -> 1.0352612 | AJ83: =+AB83+S83+J83 -> 1472.0923 | AK83: =P83+Y83+AH83 -> 1786.4 | AL83: =IFERROR((AK83/AJ83),0) -> 1.2135108 | AW83: =IFERROR((AU83/AP83),0) -> 0 | BF83: =IFERROR((BD83/AY83),0) -> 0 | BO83: =IFERROR((BM83/BH83),0) -> 0 | BP83: =+BH83+AY83+AP83 -> 0 | BQ83: =+BM83+BD83+AU83 -> 0 | BR83: =IFERROR((BQ83/BP83),0) -> 0 | CC83: =IFERROR((CA83/BV83),0) -> 0 | CL83: =IFERROR((CJ83/CE83),0) -> 0 | CU83: =IFERROR((CS83/CN83),0) -> 0 | CV83: =+CN83+CE83+BV83 -> 0 | CW83: =+CS83+CJ83+CA83 -> 0 | CX83: =IFERROR((CW83/CV83),0) -> 0 | DI83: =IFERROR((DG83/DB83),0) -> 0 | DR83: =IFERROR((DP83/DK83),0) -> 0 | EA83: =IFERROR((DY83/DT83),0) -> 0 | EB83: =+DT83+DK83+DB83 -> 0 | EC83: =+DY83+DP83+DG83 -> 0 | ED83: =IFERROR((EC83/EB83),0) -> 0
... A85: 14 | B85: အနဲကြီး | C85: A Nae Gyi | D85: မော်လမြိုင် | E85: Maw La Myaing | F85: Mini WS | G85: 0.047693309 | I85: 629.24704 | J85: 469.43492 | K85: 140 | L85: 89.6 | M85: ='FUS-Working'!BW64 -> 280 | N85: ='FUS-Working'!BX64 -> 179.2 | O85: ='FUS-Working'!DG64 -> 502 | P85: ='FUS-Working'!DH64 -> 325.6 | Q85: =IFERROR((P85/J85),0) -> 0.69359987 | R85: 629.24704 | S85: 469.43492 | T85: ='FUS-Working'!DG136 -> 280 | U85: ='FUS-Working'!DH136 -> 179.2 | V85: ='FUS-Working'!DG136 -> 280 | W85: ='FUS-Working'!DH136 -> 179.2 | X85: ='FUS-Working'!DG136 -> 280 | Y85: ='FUS-Working'!DH136 -> 179.2 | Z85: =IFERROR((X85/S85),0) -> 0.5964618 | AA85: 629.24704 | AB85: 469.43492 | AC85: ='FUS-Working'!AP207 -> 152 | AD85: ='FUS-Working'!AQ207 -> 101.6 | AE85: ='FUS-Working'!BW207 -> 432 | AF85: ='FUS-Working'!BX207 -> 280.8 | AG85: ='FUS-Working'!DG207 -> 432 | AH85: ='FUS-Working'!DH207 -> 280.8 | AI85: =IFERROR((AH85/AB85),0) -> 0.59816598 | AJ85: =+AB85+S85+J85 -> 1408.3048 | AK85: =P85+Y85+AH85 -> 785.6 | AL85: =IFERROR((AK85/AJ85),0) -> 0.5578338 | AW85: =IFERROR((AU85/AP85),0) -> 0 | BF85: =IFERROR((BD85/AY85),0) -> 0 | BO85: =IFERROR((BM85/BH85),0) -> 0 | BP85: =+BH85+AY85+AP85 -> 0 | BQ85: =+BM85+BD85+AU85 -> 0 | BR85: =IFERROR((BQ85/BP85),0) -> 0 | CC85: =IFERROR((CA85/BV85),0) -> 0 | CL85: =IFERROR((CJ85/CE85),0) -> 0 | CU85: =IFERROR((CS85/CN85),0) -> 0 | CV85: =+CN85+CE85+BV85 -> 0 | CW85: =+CS85+CJ85+CA85 -> 0 | CX85: =IFERROR((CW85/CV85),0) -> 0 | DI85: =IFERROR((DG85/DB85),0) -> 0 | DR85: =IFERROR((DP85/DK85),0) -> 0 | EA85: =IFERROR((DY85/DT85),0) -> 0 | EB85: =+DT85+DK85+DB85 -> 0 | EC85: =+DY85+DP85+DG85 -> 0 | ED85: =IFERROR((EC85/EB85),0) -> 0
