Workbook
Name aa: #REF!
Name aaa: #REF!
Name aaaaa: #REF!
Name aaaaaaa: #REF!
Name asd: '[1]Market ( Mar) '!#REF!
Name atr: #REF!
Name b: #REF!
Name bb: #REF!
Name Beg_Bal: #REF!
Name Cash_Cr: #REF!
Name Cash_Dr: #REF!
Name cc: #REF!
Name ccc: #REF!
Name cr: #REF!
Name crs: #REF!
Name cvvvv: #REF!
Name Data: #REF!
Name dd: #REF!
Name ddd: #REF!
Name dddd: #N/A
Name dr: #REF!
Name drs: #REF!
Name dsfas: #REF!
Name eeee: #REF!
Name End_Bal: #REF!
Name Extra_Pay: #REF!
Name fgf: #REF!
Name fgjhj: #REF!
Name Full_Print: #REF!
Name Header_Row: ROW(#REF!)
Name hjj: #REF!
Name hjkjk: #REF!
Name hmjhj: #REF!
Name ii: #REF!
Name III: #REF!
Name Int: #REF!
Name Interest_Rate: #REF!
Name jbkjkl: #REF!
Name Journal_Cr: #REF!
Name Journal_Dr: #REF!
Name kdt: #REF!
Name Last_Row: IF(Values_Entered,Header_Row+Number_of_Payments,Header_Row)
Name Loan_Amount: #REF!
Name Loan_Start: #REF!
Name Loan_Years: #REF!
Name LSO: #REF!
Name lsoq: #REF!
Name mms: #REF!
Name neew: #REF!
Name New: #REF!
Name NOV: #REF!
Name Num_Pmt_Per_Year: #REF!
Name Number_of_Payments: MATCH(0.01,End_Bal,-1)+1
Name ooo: #REF!
Name Opening_Cr: #REF!
Name Opening_Dr: #REF!
Name Pay_Date: #REF!
Name Pay_Num: #REF!
Name Payment_Date: DATE(YEAR(Loan_Start),MONTH(Loan_Start)+Payment_Number,DAY(Loan_Start))
Name Princ: #REF!

Sheet Compare for YGN (2022 To 2026) 
A1: BE Sales For Yangon (All In Bottle)
A2: No | B2: Month | C2: 2022 (BE) | E2: 2023 (BE) | G2: 2024 (BE) | I2: 2025 (BE) | K2: 2026 (BE) | M2: Total
C3: Bottle | D3: Liters | E3: Bottle | F3: Liters | G3: Bottle | H3: Liters | I3: Bottle | J3: Liters | K3: Bottle | L3: Liters | M3: Bottle | N3: Liters
A4: 1 | B4: January | C4: =+'SKU 2025'!H142 -> 2905396 | D4: =+'SKU 2025'!I142 -> 1973831.3 | E4: =+'SKU 2025'!AH142 -> 3028281 | F4: =+'SKU 2025'!AI142 -> 2123061.2 | G4: =+'SKU 2025'!BH142 -> 2635501 | H4: =+'SKU 2025'!BI142 -> 1945479.8 | I4: =+'SKU 2025'!CH142 -> 2088118 | J4: =+'SKU 2025'!CI142 -> 1573223.2 | K4: ='SKU 2026'!DH148 -> 2170348 | L4: ='SKU 2026'!DI148 -> 1642001.3 | M4: =+G4+E4+C4+I4+K4 -> 12827644 | N4: =+H4+F4+D4+J4+L4 -> 9257596.8
A5: 2 | B5: February | C5: =+'SKU 2025'!J142 -> 2675328 | D5: =+'SKU 2025'!K142 -> 1821908.3 | E5: =+'SKU 2025'!AJ142 -> 2480575 | F5: =+'SKU 2025'!AK142 -> 1732604.3 | G5: =+'SKU 2025'!BJ142 -> 2188605 | H5: =+'SKU 2025'!BK142 -> 1613415.5 | I5: =+'SKU 2025'!CJ142 -> 2119137 | J5: =+'SKU 2025'!CK142 -> 1588117.3 | K5: ='SKU 2026'!DJ148 -> 1964569 | L5: ='SKU 2026'!DK148 -> 1494502.4 | M5: =+G5+E5+C5+I5+K5 -> 11428214 | N5: =+H5+F5+D5+J5+L5 -> 8250547.8
A6: 3 | B6: March | C6: =+'SKU 2025'!L142 -> 4002433 | D6: =+'SKU 2025'!M142 -> 2701832.4 | E6: =+'SKU 2025'!AL142 -> 3273071 | F6: =+'SKU 2025'!AM142 -> 2282645.7 | G6: =+'SKU 2025'!BL142 -> 2467561 | H6: =+'SKU 2025'!BM142 -> 1832925.2 | I6: =+'SKU 2025'!CL142 -> 3118431 | J6: =+'SKU 2025'!CM142 -> 2360939.6 | M6: =+G6+E6+C6+I6+K6 -> 12861496 | N6: =+H6+F6+D6+J6+L6 -> 9178342.8
A7: 4 | B7: April | C7: =+'SKU 2025'!N142 -> 3026203 | D7: =+'SKU 2025'!O142 -> 2085945.7 | E7: =+'SKU 2025'!AN142 -> 2609941 | F7: =+'SKU 2025'!AO142 -> 1851666.2 | G7: =+'SKU 2025'!BN142 -> 2441256 | H7: =+'SKU 2025'!BO142 -> 1823736.2 | I7: ='SKU 2025'!CN142 -> 1794739 | J7: ='SKU 2025'!CO142 -> 1331643.9 | M7: =+G7+E7+C7+I7+K7 -> 9872139 | N7: =+H7+F7+D7+J7+L7 -> 7092992
A8: 5 | B8: May | C8: =+'SKU 2025'!P142 -> 2887735 | D8: =+'SKU 2025'!Q142 -> 2006992 | E8: =+'SKU 2025'!AP142 -> 2590552 | F8: =+'SKU 2025'!AQ142 -> 1891760 | G8: =+'SKU 2025'!BP142 -> 2524506 | H8: =+'SKU 2025'!BQ142 -> 1876603.9 | I8: ='SKU 2025'!CP142 -> 2221723 | J8: ='SKU 2025'!CQ142 -> 1682932.2 | M8: =+G8+E8+C8+I8+K8 -> 10224516 | N8: =+H8+F8+D8+J8+L8 -> 7458288.1
A9: 6 | B9: June | C9: =+'SKU 2025'!R142 -> 3003194 | D9: =+'SKU 2025'!S142 -> 2087997.2 | E9: =+'SKU 2025'!AR142 -> 2454565 | F9: =+'SKU 2025'!AS142 -> 1825451 | G9: =+'SKU 2025'!BR142 -> 2791984 | H9: =+'SKU 2025'!BS142 -> 2093949.5 | I9: ='SKU 2025'!CR142 -> 2279600 | J9: ='SKU 2025'!CS142 -> 1732105.4 | M9: =+G9+E9+C9+I9+K9 -> 10529343 | N9: =+H9+F9+D9+J9+L9 -> 7739503
A10: 7 | B10: July | C10: =+'SKU 2025'!T142 -> 2836346 | D10: =+'SKU 2025'!U142 -> 1943349.4 | E10: =+'SKU 2025'!AT142 -> 2779248 | F10: =+'SKU 2025'!AU142 -> 2016338.1 | G10: =+'SKU 2025'!BT142 -> 2562242 | H10: =+'SKU 2025'!BU142 -> 1929114.5 | I10: ='SKU 2025'!CT142 -> 2251328 | J10: ='SKU 2025'!CU142 -> 1699256.9 | M10: =+G10+E10+C10+I10+K10 -> 10429164 | N10: =+H10+F10+D10+J10+L10 -> 7588058.9
A11: 8 | B11: August | C11: =+'SKU 2025'!V142 -> 3483097 | D11: =+'SKU 2025'!W142 -> 2426535.9 | E11: =+'SKU 2025'!AV142 -> 2940873 | F11: =+'SKU 2025'!AW142 -> 2133100.4 | G11: =+'SKU 2025'!BV142 -> 2263539 | H11: =+'SKU 2025'!BW142 -> 1696048.9 | I11: ='SKU 2025'!CV142 -> 2239523 | J11: ='SKU 2025'!CW142 -> 1689285.9 | M11: =+G11+E11+C11+I11+K11 -> 10927032 | N11: =+H11+F11+D11+J11+L11 -> 7944971.1
A12: 9 | B12: September | C12: =+'SKU 2025'!X142 -> 2436131 | D12: =+'SKU 2025'!Y142 -> 1694399.2 | E12: =+'SKU 2025'!AX142 -> 2038669 | F12: =+'SKU 2025'!AY142 -> 1465445.6 | G12: =+'SKU 2025'!BX142 -> 2144607 | H12: =+'SKU 2025'!BY142 -> 1615266 | I12: ='SKU 2025'!CX142 -> 2124541 | J12: ='SKU 2025'!CY142 -> 1606217.7 | M12: =+G12+E12+C12+I12+K12 -> 8743948 | N12: =+H12+F12+D12+J12+L12 -> 6381328.6
A13: 10 | B13: October | C13: =+'SKU 2025'!Z142 -> 2508180 | D13: =+'SKU 2025'!AA142 -> 1734445 | E13: =+'SKU 2025'!AZ142 -> 2321631 | F13: =+'SKU 2025'!BA142 -> 1686561.7 | G13: =+'SKU 2025'!BZ142 -> 2505567 | H13: =+'SKU 2025'!CA142 -> 1884903.3 | I13: ='SKU 2025'!CZ142 -> 2219563 | J13: ='SKU 2025'!DA142 -> 1676170.3 | M13: =+G13+E13+C13+I13+K13 -> 9554941 | N13: =+H13+F13+D13+J13+L13 -> 6982080.4
A14: 11 | B14: November | C14: =+'SKU 2025'!AB142 -> 2588009 | D14: =+'SKU 2025'!AC142 -> 1783502 | E14: =+'SKU 2025'!BB142 -> 2357171 | F14: =+'SKU 2025'!BC142 -> 1724714.2 | G14: =+'SKU 2025'!CB142 -> 2317593 | H14: =+'SKU 2025'!CC142 -> 1714170.5 | I14: ='SKU 2025'!DB142 -> 2095754 | J14: ='SKU 2025'!DC142 -> 1580591.3 | M14: =+G14+E14+C14+I14+K14 -> 9358527 | N14: =+H14+F14+D14+J14+L14 -> 6802977.9
A15: 12 | B15: December | C15: =+'SKU 2025'!AD142 -> 2863648 | D15: =+'SKU 2025'!AE142 -> 1992385.9 | E15: =+'SKU 2025'!BD142 -> 2553960 | F15: =+'SKU 2025'!BE142 -> 1871502.7 | G15: =+'SKU 2025'!CD142 -> 2218222 | H15: =+'SKU 2025'!CE142 -> 1646715.6 | I15: ='SKU 2025'!DD142 -> 2252568 | J15: ='SKU 2025'!DE142 -> 1706072 | M15: =+G15+E15+C15+I15+K15 -> 9888398 | N15: =+H15+F15+D15+J15+L15 -> 7216676.2
B16: Gift ( DT - 1 Liter) | C16: =Q37 -> 106670 | D16: =C16*1 -> 106670 | E16: =Q55 -> 154126 | F16: =E16*1 -> 154126 | G16: =V37 -> 183659 | H16: =G16*1 -> 183659 | I16: =V55 -> 172648 | J16: =I16*1 -> 172648 | K16: =AA37 -> 25168 | L16: =K16*1 -> 25168 | M16: =+G16+E16+C16+I16+K16 -> 642271 | N16: =+H16+F16+D16+J16+L16 -> 642271
B17: Gift ( DT - 0.6 Liter) | C17: =R37 -> 240 | D17: =C17*0.6 -> 144 | E17: =R55 -> 384 | F17: =E17*0.6 -> 230.4 | G17: =W37 -> 0 | H17: =G17*0.6 -> 0 | I17: =W55 -> 0 | J17: =I17*0.6 -> 0 | K17: =AB37 -> 0 | L17: =K17*0.6 -> 0 | M17: =+G17+E17+C17+I17+K17 -> 624 | N17: =+H17+F17+D17+J17+L17 -> 374.4
B18: Gift ( DT - 0.35 Liter) | C18: =S37 -> 0 | D18: =C18*0.35 -> 0 | E18: =S55 -> 1498 | F18: =E18*0.35 -> 524.3 | G18: =X37 -> 29515 | H18: =G18*0.35 -> 10330.25 | I18: =X55 -> 58996 | J18: =I18*0.35 -> 20648.6 | K18: =AC37 -> 8400 | L18: =K18*0.35 -> 2940 | M18: =+G18+E18+C18+I18+K18 -> 98409 | N18: =+H18+F18+D18+J18+L18 -> 34443.15
B19: Total | C19: =SUM(C4:C18) -> 35322610 | D19: =SUM(D4:D18) -> 24359938 | E19: =SUM(E4:E18) -> 31584545 | F19: =SUM(F4:F18) -> 22759732 | G19: =SUM(G4:G18) -> 29274357 | H19: =SUM(H4:H18) -> 21866318 | I19: =SUM(I4:I18) -> 27036669 | J19: =SUM(J4:J18) -> 20419852 | ... N19: =SUM(N4:N18) -> 92570452
A22: BE Sales For Yangon (KK In Bottle) | P22: 2022 - FOC (Tarmarind) - Yangon | U22: 2024 - FOC (Tarmarind) - Yangon | Z22: 2026 - FOC (Tarmarind) - Yangon
A23: No | B23: Month | C23: 2022 (KK) | E23: 2023 (KK) | G23: 2024 (KK) | I23: 2025 (KK) | K23: 2026 (KK) | M23: Total | P23: လ | Q23: 1-Liter | R23: .600ml | S23: .350ml | U23: လ | V23: 1-Liter | W23: .600ml | X23: .350ml | Z23: လ | AA23: 1-Liter | AB23: .600ml | AC23: .350ml
C24: Bottle | D24: Liters | E24: Bottle | F24: Liters | G24: Bottle | H24: Liters | I24: Bottle | J24: Liters | K24: Bottle | L24: Liters | M24: Bottle | N24: Liters | P24: Jan | Q24: 6446 | S24: 0 | U24: Jan | V24: 13243 | X24: 655 | Z24: Jan | AA24: 12994 | AC24: 4640
A25: 1 | B25: Kaung Kyi (1 Liter)_25% | C25: =+'SKU 2025'!AF16 -> 312 | D25: ='SKU 2025'!AG16 -> 312 | E25: ='SKU 2025'!BF16 -> 360 | F25: ='SKU 2025'!BG16 -> 360 | G25: ='SKU 2025'!CF16 -> 6951 | H25: ='SKU 2025'!CG16 -> 6951 | I25: ='SKU 2025'!DF16 -> 20817 | J25: ='SKU 2025'!DG16 -> 20817 | K25: ='SKU 2026'!EF16 -> 3479 | L25: ='SKU 2026'!EG16 -> 3479 | M25: =+G25+E25+C25+I25+K25 -> 31919 | N25: =+H25+F25+D25+J25+L25 -> 31919 | P25: Feb | Q25: 5328 | S25: 0 | U25: Feb | V25: 12300 | X25: 664 | Z25: Feb | AA25: 12174 | AC25: 3760
A26: 2 | B26: Kaung Kyi (1 Liter)_40% | C26: =+'SKU 2025'!AF17 -> 108 | D26: ='SKU 2025'!AG17 -> 108 | E26: ='SKU 2025'!BF17 -> 360 | F26: ='SKU 2025'!BG17 -> 360 | G26: ='SKU 2025'!CF17 -> 4164 | H26: ='SKU 2025'!CG17 -> 4164 | I26: ='SKU 2025'!DF17 -> 2848 | J26: ='SKU 2025'!DG17 -> 2848 | K26: ='SKU 2026'!EF17 -> 468 | L26: ='SKU 2026'!EG17 -> 468 | M26: =+G26+E26+C26+I26+K26 -> 7948 | N26: =+H26+F26+D26+J26+L26 -> 7948 | P26: Mar | Q26: 8064 | U26: Mar | V26: 13744 | X26: 590 | Z26: Mar
A27: 3 | B27: Kaung Kyi (0.6 Liter)_25% | C27: =+'SKU 2025'!AF18 -> 0 | D27: ='SKU 2025'!AG18 -> 0 | E27: ='SKU 2025'!BF18 -> 0 | F27: ='SKU 2025'!BG18 -> 0 | G27: ='SKU 2025'!CF18 -> 0 | H27: ='SKU 2025'!CG18 -> 0 | I27: ='SKU 2025'!DF18 -> 0 | J27: ='SKU 2025'!DG18 -> 0 | K27: ='SKU 2026'!EF18 -> 0 | L27: ='SKU 2026'!EG18 -> 0 | M27: =+G27+E27+C27+I27+K27 -> 0 | N27: =+H27+F27+D27+J27+L27 -> 0 | P27: April | Q27: 9276 | U27: April | V27: 13430 | X27: 630 | Z27: April
A28: 4 | B28: Kaung Kyi (0.6 Liter)_40% | C28: =+'SKU 2025'!AF19 -> 144 | D28: ='SKU 2025'!AG19 -> 86.4 | E28: ='SKU 2025'!BF19 -> 0 | F28: ='SKU 2025'!BG19 -> 0 | G28: ='SKU 2025'!CF19 -> 12 | H28: ='SKU 2025'!CG19 -> 7.2 | I28: ='SKU 2025'!DF19 -> 12 | J28: ='SKU 2025'!DG19 -> 7.2 | K28: ='SKU 2026'!EF19 -> 12 | L28: ='SKU 2026'!EG19 -> 7.2 | M28: =+G28+E28+C28+I28+K28 -> 180 | N28: =+H28+F28+D28+J28+L28 -> 108 | P28: May | Q28: 9288 | R28: 120 | U28: May | V28: 15259 | X28: 870 | Z28: May
A29: 5 | B29: Kaung Kyi (0.35 Liter)_25% | C29: =+'SKU 2025'!AF20 -> 0 | D29: ='SKU 2025'!AG20 -> 0 | E29: ='SKU 2025'!BF20 -> 0 | F29: ='SKU 2025'!BG20 -> 0 | G29: ='SKU 2025'!CF20 -> 0 | H29: ='SKU 2025'!CG20 -> 0 | I29: ='SKU 2025'!DF20 -> 0 | J29: ='SKU 2025'!DG20 -> 0 | K29: ='SKU 2026'!DH20 -> 0 | L29: ='SKU 2026'!DI20 -> 0 | M29: =+G29+E29+C29+I29+K29 -> 0 | N29: =+H29+F29+D29+J29+L29 -> 0 | P29: Jun | Q29: 9996 | U29: Jun | V29: 15283 | X29: 1070 | Z29: Jun
A30: 6 | B30: Kaung Kyi ( 0.35 Liter) - 40% | C30: =+'SKU 2025'!AF21 -> 187200 | D30: ='SKU 2025'!AG21 -> 65520 | E30: ='SKU 2025'!BF21 -> 52 | F30: ='SKU 2025'!BG21 -> 18.2 | G30: ='SKU 2025'!CF21 -> 0 | H30: ='SKU 2025'!CG21 -> 0 | I30: ='SKU 2025'!DF21 -> 480 | J30: ='SKU 2025'!DG21 -> 168 | K30: ='SKU 2026'!EF21 -> 200 | L30: ='SKU 2026'!EG21 -> 70 | M30: =+G30+E30+C30+I30+K30 -> 187932 | N30: =+H30+F30+D30+J30+L30 -> 65776.2 | P30: July | Q30: 9516 | R30: 24 | U30: July | V30: 18525 | X30: 1532 | Z30: July
A31: 7 | B31: Kaung Kyi | C31: =+'SKU 2025'!AF22 -> 0 | D31: ='SKU 2025'!AG22 -> 0 | E31: ='SKU 2025'!BF22 -> 14 | F31: ='SKU 2025'!BG22 -> 8.96 | G31: ='SKU 2025'!CF22 -> 0 | H31: ='SKU 2025'!CG22 -> 0 | I31: ='SKU 2025'!DF22 -> 0 | J31: ='SKU 2025'!DG22 -> 0 | K31: ='SKU 2026'!DH22 -> 0 | L31: ='SKU 2026'!DI22 -> 0 | M31: =+G31+E31+C31+I31+K31 -> 14 | N31: =+H31+F31+D31+J31+L31 -> 8.96 | P31: Aug | Q31: 10752 | R31: 24 | U31: Aug | V31: 16278 | X31: 1480 | Z31: Aug
A32: 8 | B32: Kaung Kyi (40%) | C32: =+'SKU 2025'!AF23 -> 0 | D32: ='SKU 2025'!AG23 -> 0 | E32: ='SKU 2025'!BF23 -> 0 | F32: ='SKU 2025'!BG23 -> 0 | G32: ='SKU 2025'!CF23 -> 0 | H32: ='SKU 2025'!CG23 -> 0 | I32: ='SKU 2025'!DF23 -> 0 | J32: ='SKU 2025'!DG23 -> 0 | K32: ='SKU 2026'!DH23 -> 0 | L32: ='SKU 2026'!DI23 -> 0 | M32: =+G32+E32+C32+I32+K32 -> 0 | N32: =+H32+F32+D32+J32+L32 -> 0 | P32: Sept | Q32: 9252 | R32: 36 | U32: Sept | V32: 16515 | X32: 7314 | Z32: Sept
A33: 9 | B33: Kaung Kyi (46%) | C33: =+'SKU 2025'!AF24 -> 0 | D33: ='SKU 2025'!AG24 -> 0 | E33: ='SKU 2025'!BF24 -> 0 | F33: ='SKU 2025'!BG24 -> 0 | G33: ='SKU 2025'!CF24 -> 0 | H33: ='SKU 2025'!CG24 -> 0 | I33: ='SKU 2025'!DF24 -> 0 | J33: ='SKU 2025'!DG24 -> 0 | K33: ='SKU 2026'!DH24 -> 0 | L33: ='SKU 2026'!DI24 -> 0 | M33: =+G33+E33+C33+I33+K33 -> 0 | N33: =+H33+F33+D33+J33+L33 -> 0 | P33: Oct | Q33: 9264 | U33: Oct | V33: 17415 | X33: 10194 | Z33: Oct
P34: Nov | Q34: 9276 | R34: 24 | U34: Nov | V34: 17159 | X34: 1101 | Z34: Nov
P35: Dec | Q35: 10212 | R35: 12 | U35: Dec | V35: 14508 | X35: 3415 | Z35: Dec
B36: Total | C36: =SUM(C25:C33) -> 187764 | D36: =SUM(D25:D33) -> 66026.4 | E36: =SUM(E25:E33) -> 786 | F36: =SUM(F25:F33) -> 747.16 | G36: =SUM(G25:G33) -> 11127 | H36: =SUM(H25:H33) -> 11122.2 | I36: =SUM(I25:I33) -> 24157 | J36: =SUM(J25:J33) -> 23840.2 | ... N36: =SUM(N25:N33) -> 105760.16
Q37: =SUM(Q24:Q36) -> 106670 | R37: =SUM(R24:R36) -> 240 | S37: =SUM(S24:S36) -> 0 | V37: =SUM(V24:V36) -> 183659 | W37: =SUM(W24:W36) -> 0 | X37: =SUM(X24:X36) -> 29515 | AA37: =SUM(AA24:AA36) -> 25168 | AB37: =SUM(AB24:AB36) -> 0 | AC37: =SUM(AC24:AC36) -> 8400
P40: 2023 - FOC (Tarmarind) - Yangon | U40: 2025 - FOC (Tarmarind) - Yangon
P41: လ | Q41: 1-Liter | R41: .600ml | S41: .350ml | U41: လ | V41: 1-Liter | W41: .600ml | X41: .350ml
P42: Jan | Q42: 11184 | R42: 48 | U42: Jan | V42: 13556 | X42: 9498
P43: Feb | Q43: 11412 | R43: 60 | U43: Feb | V43: 13307 | X43: 8335
P44: Mar | Q44: 17628 | U44: Mar | V44: 19676 | X44: 7039
P45: April | Q45: 11244 | R45: 60 | U45: April | V45: 10088 | X45: 2080
P46: May | Q46: 14640 | R46: 144 | U46: May | V46: 14986 | X46: 4633
P47: Jun | Q47: 12552 | R47: 72 | U47: Jun | V47: 15398 | X47: 3415
P48: July | Q48: 13056 | U48: July | V48: 15534 | X48: 3425
P49: Aug | Q49: 15180 | U49: Aug | V49: 14988 | X49: 3961
P50: Sept | Q50: 10731 | U50: Sept | V50: 13677 | X50: 3800
P51: Oct | Q51: 11562 | S51: 854 | U51: Oct | V51: 14637 | X51: 4370
P52: Nov | Q52: 11903 | S52: 166 | U52: Nov | V52: 12414 | X52: 3800
P53: Dec | Q53: 13034 | S53: 478 | U53: Dec | V53: 14387 | X53: 4640
Q55: =SUM(Q42:Q54) -> 154126 | R55: =SUM(R42:R54) -> 384 | S55: =SUM(S42:S54) -> 1498 | V55: =SUM(V42:V54) -> 172648 | W55: =SUM(W42:W54) -> 0 | X55: =SUM(X42:X54) -> 58996

Sheet SKU 2026
A1: Yangon | CH1: 2025
A2: Sr. | B2: Product Name | D2: Ranking | E2: ML | F2: Packing | G2: Sales Price | H2: 44562 | J2: 44593 | L2: 44621 | N2: 44652 | P2: 44682 | R2: 44713 | T2: 44743 | V2: 44774 | X2: 44805 | Z2: 44835 | AB2: 44866 | AD2: 44896 | AF2: 2022 Total | AH2: 44927 | AJ2: 44958 | AL2: 44986 | AN2: 45017 | AP2: 45047 | AR2: 45078 | AT2: 45108 | AV2: 45139 | AX2: 45170 | AZ2: 45200 | BB2: 45231 | BD2: 45261 | BF2: 2023 Total | BH2: 45292 | BJ2: 45323 | BL2: 45352 | BN2: 45383 | BP2: 45413 | BR2: 45444 | BT2: 45474 | BV2: 45505 | BX2: 45536 | BZ2: 45566 | CB2: 45597 | CD2: 45627 | CF2: 2024 Total | CH2: 45658 | CJ2: 45689 | CL2: 45717 | CN2: 45748 | CP2: 45778 | CR2: 45809 | CT2: 45839 | CV2: 45870 | CX2: 45901 | CZ2: 45931 | DB2: 45962 | DD2: 45992 | DF2: 2025 Total | DH2: 46023 | DJ2: 46054 | DL2: 46082 | DN2: 46113 | DP2: 46143 | DR2: 46174 | DT2: 46204 | DV2: 46235 | DX2: 46266 | DZ2: 46296 | EB2: 46327 | ED2: 46357 | EF2: 2026 Total
H3: Bot | I3: Lit | J3: Bot | K3: Lit | L3: Bot | M3: Lit | N3: Bot | O3: Lit | P3: Bot | Q3: Lit | R3: Bot | S3: Lit | T3: Bot | U3: Lit | V3: Bot | W3: Lit | X3: Bot | Y3: Lit | Z3: Bot | AA3: Lit | AB3: Bot | AC3: Lit | AD3: Bot | AE3: Lit | AF3: Bot | AG3: Lit | AH3: Bot | AI3: Lit | AJ3: Bot | AK3: Lit | AL3: Bot | AM3: Lit | AN3: Bot | AO3: Lit | AP3: Bot | AQ3: Lit | AR3: Bot | AS3: Lit | AT3: Bot | AU3: Lit | AV3: Bot | AW3: Lit | AX3: Bot | AY3: Lit | AZ3: Bot | BA3: Lit | BB3: Bot | BC3: Lit | BD3: Bot | BE3: Lit | BF3: Bot | BG3: Lit | BH3: Bot | BI3: Lit | BJ3: Bot | BK3: Lit | BL3: Bot | BM3: Lit | BN3: Bot | BO3: Lit | BP3: Bot | BQ3: Lit | BR3: Bot | BS3: Lit | BT3: Bot | BU3: Lit | BV3: Bot | BW3: Lit | BX3: Bot | BY3: Lit | BZ3: Bot | CA3: Lit | CB3: Bot | CC3: Lit | CD3: Bot | CE3: Lit | CF3: Bot | CG3: Lit | CH3: Bot | CI3: Lit | CJ3: Bot | CK3: Lit | CL3: Bot | CM3: Lit | CN3: Bot | CO3: Lit | CP3: Bot | CQ3: Lit | CR3: Bot | CS3: Lit | CT3: Bot | CU3: Lit | CV3: Bot | CW3: Lit | CX3: Bot | CY3: Lit | CZ3: Bot | DA3: Lit | DB3: Bot | DC3: Lit | DD3: Bot | DE3: Lit | DF3: Bot | DG3: Lit | DH3: Bot | DI3: Lit | DJ3: Bot | DK3: Lit | DL3: Bot | DM3: Lit | DN3: Bot | DO3: Lit | DP3: Bot | DQ3: Lit | DR3: Bot | DS3: Lit | DT3: Bot | DU3: Lit | DV3: Bot | DW3: Lit | DX3: Bot | DY3: Lit | DZ3: Bot | EA3: Lit | EB3: Bot | EC3: Lit | ED3: Bot | EE3: Lit | EF3: Bot | EG3: Lit
A4: 1 | B4: "Zay" Vodka 700-ml | C4: ပုလင်း | D4: =RANK(DF4,$DF$4:$DF$147) -> 11 | E4: 0.7 | F4: 1 * 12 | G4: 2000 | H4: 124523 | I4: =H4*$E4 -> 87166.1 | J4: 116620 | K4: =J4*$E4 -> 81634 | L4: 181840 | M4: =L4*$E4 -> 127288 | N4: 108012 | O4: =N4*$E4 -> 75608.4 | P4: 114210 | Q4: =P4*$E4 -> 79947 | R4: 119568 | S4: =R4*$E4 -> 83697.6 | T4: 96592 | U4: =T4*$E4 -> 67614.4 | V4: 131952 | W4: =V4*$E4 -> 92366.4 | X4: 89903 | Y4: =X4*$E4 -> 62932.1 | Z4: 61110 | AA4: =Z4*$E4 -> 42777 | AB4: 51726 | AC4: =AB4*$E4 -> 36208.2 | AD4: 78719 | AE4: =AD4*$E4 -> 55103.3 | AF4: =(AD4+AB4+Z4+X4+V4+T4+R4+P4+N4+L4+J4+H4)/1 -> 1274775 | AG4: =AF4*$E4 -> 892342.5 | AH4: 77141 | AI4: =AH4*$E4 -> 53998.7 | AJ4: 72972 | AK4: =AJ4*$E4 -> 51080.4 | AL4: 70308 | AM4: =AL4*$E4 -> 49215.6 | AN4: 58392 | AO4: =AN4*$E4 -> 40874.4 | AP4: 58378 | AQ4: =AP4*$E4 -> 40864.6 | AR4: 43500 | AS4: =AR4*$E4 -> 30450 | AT4: 42396 | AU4: =AT4*$E4 -> 29677.2 | AV4: 53793 | AW4: =AV4*$E4 -> 37655.1 | AX4: 32216 | AY4: =AX4*$E4 -> 22551.2 | AZ4: 41076 | BA4: =AZ4*$E4 -> 28753.2 | BB4: 38508 | BC4: =BB4*$E4 -> 26955.6 | BD4: 38963 | BE4: =BD4*$E4 -> 27274.1 | BF4: =(BD4+BB4+AZ4+AX4+AV4+AT4+AR4+AP4+AN4+AL4+AJ4+AH4)/1 -> 627643 | BG4: =BF4*$E4 -> 439350.1 | BH4: 48252 | BI4: =BH4*$E4 -> 33776.4 | BJ4: 36072 | BK4: =BJ4*$E4 -> 25250.4 | BL4: 42647 | BM4: =BL4*$E4 -> 29852.9 | BN4: 36856 | BO4: =BN4*$E4 -> 25799.2 | BP4: 33804 | BQ4: =BP4*$E4 -> 23662.8 | BR4: 35760 | BS4: =BR4*$E4 -> 25032 | BT4: 30059 | BU4: =BT4*$E4 -> 21041.3 | BV4: 28524 | BW4: =BV4*$E4 -> 19966.8 | BX4: 22953 | BY4: =BX4*$E4 -> 16067.1 | BZ4: 22835 | CA4: =BZ4*$E4 -> 15984.5 | CB4: 23747 | CC4: =CB4*$E4 -> 16622.9 | CD4: 26058 | CE4: =CD4*$E4 -> 18240.6 | CF4: =(CD4+CB4+BZ4+BX4+BV4+BT4+BR4+BP4+BN4+BL4+BJ4+BH4)/1 -> 387567 | CG4: =CF4*$E4 -> 271296.9 | CH4: 22051 | CI4: =CH4*$E4 -> 15435.7 | CJ4: 19282 | CK4: =CJ4*$E4 -> 13497.4 | CL4: 28498 | CM4: =CL4*$E4 -> 19948.6 | CN4: 22811 | CO4: =CN4*$E4 -> 15967.7 | CP4: 21036 | CQ4: =CP4*$E4 -> 14725.2 | CR4: 21198 | CS4: =CR4*$E4 -> 14838.6 | CT4: 16910 | CU4: =CT4*$E4 -> 11837 | CV4: 17784 | CW4: =CV4*$E4 -> 12448.8 | CX4: 17328 | CY4: =CX4*$E4 -> 12129.6 | CZ4: 18888 | DA4: =CZ4*$E4 -> 13221.6 | DB4: 22091 | DC4: =DB4*$E4 -> 15463.7 | DD4: 18869 | DE4: =DD4*$E4 -> 13208.3 | DF4: =SUM(CH4,CJ4,CL4,CN4,CP4,CR4,CT4,CV4,CX4,CZ4,DB4,DD4)/1 -> 246746 | DG4: =DF4*$E4 -> 172722.2 | DH4: 16824 | DI4: =DH4*$E4 -> 11776.8 | DJ4: 13551 | DK4: =DJ4*$E4 -> 9485.7 | DM4: =DL4*$E4 -> 0 | DO4: =DN4*$E4 -> 0 | DQ4: =DP4*$E4 -> 0 | DS4: =DR4*$E4 -> 0 | DU4: =DT4*$E4 -> 0 | DW4: =DV4*$E4 -> 0 | DY4: =DX4*$E4 -> 0 | EA4: =DZ4*$E4 -> 0 | EC4: =EB4*$E4 -> 0 | EE4: =ED4*$E4 -> 0 | EF4: =SUM(DH4,DJ4,DL4,DN4,DP4,DR4,DT4,DV4,DX4,DZ4,EB4,ED4) -> 30375 | EG4: =SUM(DI4,DK4,DM4,DO4,DQ4,DS4,DU4,DW4,DY4,EA4,EC4,EE4) -> 21262.5
I5: =H5*$E5 -> 0 | K5: =J5*$E5 -> 0 | M5: =L5*$E5 -> 0 | O5: =N5*$E5 -> 0 | Q5: =P5*$E5 -> 0 | S5: =R5*$E5 -> 0 | U5: =T5*$E5 -> 0 | W5: =V5*$E5 -> 0 | Y5: =X5*$E5 -> 0 | AA5: =Z5*$E5 -> 0 | AC5: =AB5*$E5 -> 0 | AE5: =AD5*$E5 -> 0 | AF5: =(AD5+AB5+Z5+X5+V5+T5+R5+P5+N5+L5+J5+H5)/1 -> 0 | AG5: =AF5*$E5 -> 0 | AI5: =AH5*$E5 -> 0 | AK5: =AJ5*$E5 -> 0 | AM5: =AL5*$E5 -> 0 | AO5: =AN5*$E5 -> 0 | AQ5: =AP5*$E5 -> 0 | AS5: =AR5*$E5 -> 0 | AU5: =AT5*$E5 -> 0 | AW5: =AV5*$E5 -> 0 | AY5: =AX5*$E5 -> 0 | BA5: =AZ5*$E5 -> 0 | BC5: =BB5*$E5 -> 0 | BE5: =BD5*$E5 -> 0 | BF5: =(BD5+BB5+AZ5+AX5+AV5+AT5+AR5+AP5+AN5+AL5+AJ5+AH5)/1 -> 0 | BG5: =BF5*$E5 -> 0 | BI5: =BH5*$E5 -> 0 | BK5: =BJ5*$E5 -> 0 | BM5: =BL5*$E5 -> 0 | BO5: =BN5*$E5 -> 0 | BQ5: =BP5*$E5 -> 0 | BS5: =BR5*$E5 -> 0 | BU5: =BT5*$E5 -> 0 | BW5: =BV5*$E5 -> 0 | BY5: =BX5*$E5 -> 0 | CA5: =BZ5*$E5 -> 0 | CC5: =CB5*$E5 -> 0 | CE5: =CD5*$E5 -> 0 | CF5: =(CD5+CB5+BZ5+BX5+BV5+BT5+BR5+BP5+BN5+BL5+BJ5+BH5)/1 -> 0 | CG5: =CF5*$E5 -> 0 | CI5: =CH5*$E5 -> 0 | CK5: =CJ5*$E5 -> 0 | CM5: =CL5*$E5 -> 0 | CO5: =CN5*$E5 -> 0 | CQ5: =CP5*$E5 -> 0 | CS5: =CR5*$E5 -> 0 | CU5: =CT5*$E5 -> 0 | CW5: =CV5*$E5 -> 0 | CY5: =CX5*$E5 -> 0 | DA5: =CZ5*$E5 -> 0 | DC5: =DB5*$E5 -> 0 | DE5: =DD5*$E5 -> 0 | DF5: =SUM(CH5,CJ5,CL5,CN5,CP5,CR5,CT5,CV5,CX5,CZ5,DB5,DD5)/1 -> 0 | DG5: =DF5*$E5 -> 0
A6: 2 | B6: "Zay" Vodka (1 Liter) | C6: ‌ကော်ဘူး | D6: =RANK(DF6,$DF$4:$DF$147) -> 3 | E6: 1 | F6: 1 * 12 | G6: 1650 | I6: =H6*$E6 -> 0 | K6: =J6*$E6 -> 0 | L6: 4332 | M6: =L6*$E6 -> 4332 | N6: 564 | O6: =N6*$E6 -> 564 | P6: 312 | Q6: =P6*$E6 -> 312 | R6: 600 | S6: =R6*$E6 -> 600 | T6: 4020 | U6: =T6*$E6 -> 4020 | V6: 428 | W6: =V6*$E6 -> 428 | X6: 1452 | Y6: =X6*$E6 -> 1452 | Z6: 1464 | AA6: =Z6*$E6 -> 1464 | AB6: 3300 | AC6: =AB6*$E6 -> 3300 | AD6: 408 | AE6: =AD6*$E6 -> 408 | AF6: =(AD6+AB6+Z6+X6+V6+T6+R6+P6+N6+L6+J6+H6)/1 -> 16880 | AG6: =AF6*$E6 -> 16880 | AI6: =AH6*$E6 -> 0 | AK6: =AJ6*$E6 -> 0 | AL6: 60 | AM6: =AL6*$E6 -> 60 | AN6: 1152 | AO6: =AN6*$E6 -> 1152 | AP6: 1512 | AQ6: =AP6*$E6 -> 1512 | AR6: 1416 | AS6: =AR6*$E6 -> 1416 | AT6: 588 | AU6: =AT6*$E6 -> 588 | AW6: =AV6*$E6 -> 0 | AX6: 840 | AY6: =AX6*$E6 -> 840 | AZ6: 1152 | BA6: =AZ6*$E6 -> 1152 | BB6: 1608 | BC6: =BB6*$E6 -> 1608 | BE6: =BD6*$E6 -> 0 | BF6: =(BD6+BB6+AZ6+AX6+AV6+AT6+AR6+AP6+AN6+AL6+AJ6+AH6)/1 -> 8328 | BG6: =BF6*$E6 -> 8328 | BH6: 0 | BI6: =BH6*$E6 -> 0 | BJ6: 0 | BK6: =BJ6*$E6 -> 0 | BL6: 12 | BM6: =BL6*$E6 -> 12 | BN6: 0 | BO6: =BN6*$E6 -> 0 | BP6: 0 | BQ6: =BP6*$E6 -> 0 | BR6: 1152 | BS6: =BR6*$E6 -> 1152 | BT6: 0 | BU6: =BT6*$E6 -> 0 | BV6: 0 | BW6: =BV6*$E6 -> 0 | BX6: 0 | BY6: =BX6*$E6 -> 0 | CA6: =BZ6*$E6 -> 0 | CC6: =CB6*$E6 -> 0 | CE6: =CD6*$E6 -> 0 | CF6: =(CD6+CB6+BZ6+BX6+BV6+BT6+BR6+BP6+BN6+BL6+BJ6+BH6)/1 -> 1164 | CG6: =CF6*$E6 -> 1164 | CH6: 2040 | CI6: =CH6*$E6 -> 2040 | CJ6: 7200 | CK6: =CJ6*$E6 -> 7200 | CL6: 36 | CM6: =CL6*$E6 -> 36 | CO6: =CN6*$E6 -> 0 | CQ6: =CP6*$E6 -> 0 | CS6: =CR6*$E6 -> 0 | CT6: 656309 | CU6: =CT6*$E6 -> 656309 | CV6: 783152 | CW6: =CV6*$E6 -> 783152 | CX6: 767283 | CY6: =CX6*$E6 -> 767283 | CZ6: 794208 | DA6: =CZ6*$E6 -> 794208 | DB6: 759250 | DC6: =DB6*$E6 -> 759250 | DD6: 829714 | DE6: =DD6*$E6 -> 829714 | DF6: =SUM(CH6,CJ6,CL6,CN6,CP6,CR6,CT6,CV6,CX6,CZ6,DB6,DD6)/1 -> 4599192 | DG6: =DF6*$E6 -> 4599192 | DH6: 808786 | DI6: =DH6*$E6 -> 808786 | DJ6: 748440 | DK6: =DJ6*$E6 -> 748440 | DM6: =DL6*$E6 -> 0 | DO6: =DN6*$E6 -> 0 | DQ6: =DP6*$E6 -> 0 | DS6: =DR6*$E6 -> 0 | DU6: =DT6*$E6 -> 0 | DW6: =DV6*$E6 -> 0 | DY6: =DX6*$E6 -> 0 | EA6: =DZ6*$E6 -> 0 | EC6: =EB6*$E6 -> 0 | EE6: =ED6*$E6 -> 0 | EF6: =SUM(DH6,DJ6,DL6,DN6,DP6,DR6,DT6,DV6,DX6,DZ6,EB6,ED6) -> 1557226 | EG6: =SUM(DI6,DK6,DM6,DO6,DQ6,DS6,DU6,DW6,DY6,EA6,EC6,EE6) -> 1557226
A7: 3 | B7: "Zay" (1 Liter) | C7: ‌ကော်ဘူး | D7: =RANK(DF7,$DF$4:$DF$147) -> 2 | E7: 1 | F7: 1 * 12 | G7: 1650 | H7: 473472 | I7: =H7*$E7 -> 473472 | J7: 450804 | K7: =J7*$E7 -> 450804 | L7: 626052 | M7: =L7*$E7 -> 626052 | N7: 511680 | O7: =N7*$E7 -> 511680 | P7: 550272 | Q7: =P7*$E7 -> 550272 | R7: 592536 | S7: =R7*$E7 -> 592536 | T7: 565716 | U7: =T7*$E7 -> 565716 | V7: 765972 | W7: =V7*$E7 -> 765972 | X7: 498072 | Y7: =X7*$E7 -> 498072 | Z7: 500448 | AA7: =Z7*$E7 -> 500448 | AB7: 500652 | AC7: =AB7*$E7 -> 500652 | AD7: 592176 | AE7: =AD7*$E7 -> 592176 | AF7: =(AD7+AB7+Z7+X7+V7+T7+R7+P7+N7+L7+J7+H7)/1 -> 6627852 | AG7: =AF7*$E7 -> 6627852 | AH7: 703416 | AI7: =AH7*$E7 -> 703416 | AJ7: 510672 | AK7: =AJ7*$E7 -> 510672 | AL7: 684900 | AM7: =AL7*$E7 -> 684900 | AN7: 604764 | AO7: =AN7*$E7 -> 604764 | AP7: 644832 | AQ7: =AP7*$E7 -> 644832 | AR7: 663312 | AS7: =AR7*$E7 -> 663312 | AT7: 715536 | AU7: =AT7*$E7 -> 715536 | AV7: 771876 | AW7: =AV7*$E7 -> 771876 | AX7: 503604 | AY7: =AX7*$E7 -> 503604 | AZ7: 612828 | BA7: =AZ7*$E7 -> 612828 | BB7: 631164 | BC7: =BB7*$E7 -> 631164 | BD7: 699420 | BE7: =BD7*$E7 -> 699420 | BF7: =(BD7+BB7+AZ7+AX7+AV7+AT7+AR7+AP7+AN7+AL7+AJ7+AH7)/1 -> 7746324 | BG7: =BF7*$E7 -> 7746324 | BH7: 763500 | BI7: =BH7*$E7 -> 763500 | BJ7: 625956 | BK7: =BJ7*$E7 -> 625956 | BL7: 730020 | BM7: =BL7*$E7 -> 730020 | BN7: 739728 | BO7: =BN7*$E7 -> 739728 | BP7: 736560 | BQ7: =BP7*$E7 -> 736560 | BR7: 845592 | BS7: =BR7*$E7 -> 845592 | BT7: 811500 | BU7: =BT7*$E7 -> 811500 | BV7: 706632 | BW7: =BV7*$E7 -> 706632 | BX7: 670944 | BY7: =BX7*$E7 -> 670944 | BZ7: 814836 | CA7: =BZ7*$E7 -> 814836 | CB7: 725722 | CC7: =CB7*$E7 -> 725722 | CD7: 687720 | CE7: =CD7*$E7 -> 687720 | CF7: =(CD7+CB7+BZ7+BX7+BV7+BT7+BR7+BP7+BN7+BL7+BJ7+BH7)/1 -> 8858710 | CG7: =CF7*$E7 -> 8858710 | CH7: 693995 | CI7: =CH7*$E7 -> 693995 | CJ7: 680976 | CK7: =CJ7*$E7 -> 680976 | CL7: 1104079 | CM7: =CL7*$E7 -> 1104079 | CN7: 557195 | CO7: =CN7*$E7 -> 557195 | CP7: 766488 | CQ7: =CP7*$E7 -> 766488 | CR7: 790289 | CS7: =CR7*$E7 -> 790289 | CT7: 113229 | CU7: =CT7*$E7 -> 113229 | CW7: =CV7*$E7 -> 0 | CY7: =CX7*$E7 -> 0 | DA7: =CZ7*$E7 -> 0 | DC7: =DB7*$E7 -> 0 | DE7: =DD7*$E7 -> 0 | DF7: =SUM(CH7,CJ7,CL7,CN7,CP7,CR7,CT7,CV7,CX7,CZ7,DB7,DD7)/1 -> 4706251 | DG7: =DF7*$E7 -> 4706251 | DI7: =DH7*$E7 -> 0 | DK7: 0 | DM7: =DL7*$E7 -> 0 | DO7: =DN7*$E7 -> 0 | DQ7: =DP7*$E7 -> 0 | DS7: =DR7*$E7 -> 0 | DU7: =DT7*$E7 -> 0 | DW7: =DV7*$E7 -> 0 | DY7: =DX7*$E7 -> 0 | EA7: =DZ7*$E7 -> 0 | EC7: =EB7*$E7 -> 0 | EE7: =ED7*$E7 -> 0 | EF7: =SUM(DH7,DJ7,DL7,DN7,DP7,DR7,DT7,DV7,DX7,DZ7,EB7,ED7) -> 0 | EG7: =SUM(DI7,DK7,DM7,DO7,DQ7,DS7,DU7,DW7,DY7,EA7,EC7,EE7) -> 0
A8: 4 | B8: "Zay" (0.6 Liter) | C8: ‌ကော်ဘူး | D8: =RANK(DF8,$DF$4:$DF$147) -> 8 | E8: 0.6 | F8: 1 * 12 | G8: 1130 | H8: 52464 | I8: =H8*$E8 -> 31478.4 | J8: 41544 | K8: =J8*$E8 -> 24926.4 | L8: 61080 | M8: =L8*$E8 -> 36648 | N8: 44568 | O8: =N8*$E8 -> 26740.8 | P8: 38844 | Q8: =P8*$E8 -> 23306.4 | R8: 42405 | S8: =R8*$E8 -> 25443 | T8: 38460 | U8: =T8*$E8 -> 23076 | V8: 46740 | W8: =V8*$E8 -> 28044 | X8: 36324 | Y8: =X8*$E8 -> 21794.4 | Z8: 38988 | AA8: =Z8*$E8 -> 23392.8 | AB8: 26892 | AC8: =AB8*$E8 -> 16135.2 | AD8: 30576 | AE8: =AD8*$E8 -> 18345.6 | AF8: =(AD8+AB8+Z8+X8+V8+T8+R8+P8+N8+L8+J8+H8)/1 -> 498885 | AG8: =AF8*$E8 -> 299331 | AH8: 34128 | AI8: =AH8*$E8 -> 20476.8 | AJ8: 26004 | AK8: =AJ8*$E8 -> 15602.4 | AL8: 34092 | AM8: =AL8*$E8 -> 20455.2 | AN8: 20184 | AO8: =AN8*$E8 -> 12110.4 | AP8: 42588 | AQ8: =AP8*$E8 -> 25552.8 | AR8: 42192 | AS8: =AR8*$E8 -> 25315.2 | AT8: 58176 | AU8: =AT8*$E8 -> 34905.6 | AV8: 50544 | AW8: =AV8*$E8 -> 30326.4 | AX8: 38592 | AY8: =AX8*$E8 -> 23155.2 | AZ8: 44376 | BA8: =AZ8*$E8 -> 26625.6 | BB8: 41700 | BC8: =BB8*$E8 -> 25020 | BD8: 48672 | BE8: =BD8*$E8 -> 29203.2 | BF8: =(BD8+BB8+AZ8+AX8+AV8+AT8+AR8+AP8+AN8+AL8+AJ8+AH8)/1 -> 481248 | BG8: =BF8*$E8 -> 288748.8 | BH8: 49908 | BI8: =BH8*$E8 -> 29944.8 | BJ8: 45801 | BK8: =BJ8*$E8 -> 27480.6 | BL8: 47844 | BM8: =BL8*$E8 -> 28706.4 | BN8: 50160 | BO8: =BN8*$E8 -> 30096 | BP8: 47652 | BQ8: =BP8*$E8 -> 28591.2 | BR8: 60372 | BS8: =BR8*$E8 -> 36223.2 | BT8: 54036 | BU8: =BT8*$E8 -> 32421.6 | BV8: 30299 | BW8: =BV8*$E8 -> 18179.4 | BX8: 42360 | BY8: =BX8*$E8 -> 25416 | BZ8: 47242 | CA8: =BZ8*$E8 -> 28345.2 | CB8: 51708 | CC8: =CB8*$E8 -> 31024.8 | CD8: 42680 | CE8: =CD8*$E8 -> 25608 | CF8: =(CD8+CB8+BZ8+BX8+BV8+BT8+BR8+BP8+BN8+BL8+BJ8+BH8)/1 -> 570062 | CG8: =CF8*$E8 -> 342037.2 | CH8: 44616 | CI8: =CH8*$E8 -> 26769.6 | CJ8: 44988 | CK8: =CJ8*$E8 -> 26992.8 | CL8: 72693 | CM8: =CL8*$E8 -> 43615.8 | CN8: 39864 | CO8: =CN8*$E8 -> 23918.4 | CP8: 47964 | CQ8: =CP8*$E8 -> 28778.4 | CR8: 57216 | CS8: =CR8*$E8 -> 34329.6 | CT8: 54312 | CU8: =CT8*$E8 -> 32587.2 | CV8: 53556 | CW8: =CV8*$E8 -> 32133.6 | CX8: 57468 | CY8: =CX8*$E8 -> 34480.8 | CZ8: 56448 | DA8: =CZ8*$E8 -> 33868.8 | DB8: 54108 | DC8: =DB8*$E8 -> 32464.8 | DD8: 52391 | DE8: =DD8*$E8 -> 31434.6 | DF8: =SUM(CH8,CJ8,CL8,CN8,CP8,CR8,CT8,CV8,CX8,CZ8,DB8,DD8)/1 -> 635624 | DG8: =DF8*$E8 -> 381374.4 | DH8: 53484 | DI8: =DH8*$E8 -> 32090.4 | DJ8: 48720 | DK8: =DJ8*$E8 -> 29232 | DM8: =DL8*$E8 -> 0 | DO8: =DN8*$E8 -> 0 | DQ8: =DP8*$E8 -> 0 | DS8: =DR8*$E8 -> 0 | DU8: =DT8*$E8 -> 0 | DW8: =DV8*$E8 -> 0 | DY8: =DX8*$E8 -> 0 | EA8: =DZ8*$E8 -> 0 | EC8: =EB8*$E8 -> 0 | EE8: =ED8*$E8 -> 0 | EF8: =SUM(DH8,DJ8,DL8,DN8,DP8,DR8,DT8,DV8,DX8,DZ8,EB8,ED8) -> 102204 | EG8: =SUM(DI8,DK8,DM8,DO8,DQ8,DS8,DU8,DW8,DY8,EA8,EC8,EE8) -> 61322.4
A9: 5 | B9: "Zay" (0.35 Liter) | C9: ‌ကော်ဘူး | D9: =RANK(DF9,$DF$4:$DF$147) -> 4 | E9: 0.35 | F9: 1 * 40 | G9: 760 | H9: 150760 | I9: =H9*$E9 -> 52766 | J9: 308440 | K9: =J9*$E9 -> 107954 | L9: 487360 | M9: =L9*$E9 -> 170576 | N9: 316840 | O9: =N9*$E9 -> 110894 | P9: 334160 | Q9: =P9*$E9 -> 116956 | R9: 376440 | S9: =R9*$E9 -> 131754 | T9: 367720 | U9: =T9*$E9 -> 128702 | V9: 491400 | W9: =V9*$E9 -> 171990 | X9: 339120 | Y9: =X9*$E9 -> 118692 | Z9: 353920 | AA9: =Z9*$E9 -> 123872 | AB9: 363320 | AC9: =AB9*$E9 -> 127162 | AD9: 384200 | AE9: =AD9*$E9 -> 134470 | AF9: =(AD9+AB9+Z9+X9+V9+T9+R9+P9+N9+L9+J9+H9)/1 -> 4273680 | AG9: =AF9*$E9 -> 1495788 | AH9: 451920 | AI9: =AH9*$E9 -> 158172 | AJ9: 331680 | AK9: =AJ9*$E9 -> 116088 | AL9: 444400 | AM9: =AL9*$E9 -> 155540 | AN9: 342440 | AO9: =AN9*$E9 -> 119854 | AP9: 272560 | AQ9: =AP9*$E9 -> 95396 | AR9: 179680 | AS9: =AR9*$E9 -> 62888 | AT9: 310960 | AU9: =AT9*$E9 -> 108836 | AV9: 373600 | AW9: =AV9*$E9 -> 130760 | AX9: 274800 | AY9: =AX9*$E9 -> 96180 | AZ9: 270280 | BA9: =AZ9*$E9 -> 94598 | BB9: 262400 | BC9: =BB9*$E9 -> 91840 | BD9: 282960 | BE9: =BD9*$E9 -> 99036 | BF9: =(BD9+BB9+AZ9+AX9+AV9+AT9+AR9+AP9+AN9+AL9+AJ9+AH9)/1 -> 3797680 | BG9: =BF9*$E9 -> 1329188 | BH9: 289690 | BI9: =BH9*$E9 -> 101391.5 | BJ9: 258000 | BK9: =BJ9*$E9 -> 90300 | BL9: 277000 | BM9: =BL9*$E9 -> 96950 | BN9: 256600 | BO9: =BN9*$E9 -> 89810 | BP9: 282700 | BQ9: =BP9*$E9 -> 98945 | BR9: 285700 | BS9: =BR9*$E9 -> 99995 | BT9: 296440 | BU9: =BT9*$E9 -> 103754 | BV9: 301520 | BW9: =BV9*$E9 -> 105532 | BX9: 274960 | BY9: =BX9*$E9 -> 96236 | BZ9: 335760 | CA9: =BZ9*$E9 -> 117516 | CB9: 316080 | CC9: =CB9*$E9 -> 110628 | CD9: 293036 | CE9: =CD9*$E9 -> 102562.6 | CF9: =(CD9+CB9+BZ9+BX9+BV9+BT9+BR9+BP9+BN9+BL9+BJ9+BH9)/1 -> 3467486 | CG9: =CF9*$E9 -> 1213620.1 | CH9: 252553 | CI9: =CH9*$E9 -> 88393.55 | CJ9: 258745 | CK9: =CJ9*$E9 -> 90560.75 | CL9: 397880 | CM9: =CL9*$E9 -> 139258 | CN9: 205800 | CO9: =CN9*$E9 -> 72030 | CP9: 253440 | CQ9: =CP9*$E9 -> 88704 | CR9: 268480 | CS9: =CR9*$E9 -> 93968 | CT9: 283028 | CU9: =CT9*$E9 -> 99059.8 | CV9: 290121 | CW9: =CV9*$E9 -> 101542.35 | CX9: 288390 | CY9: =CX9*$E9 -> 100936.5 | CZ9: 297360 | DA9: =CZ9*$E9 -> 104076 | DB9: 278720 | DC9: =DB9*$E9 -> 97552 | DD9: 307120 | DE9: =DD9*$E9 -> 107492 | DF9: =SUM(CH9,CJ9,CL9,CN9,CP9,CR9,CT9,CV9,CX9,CZ9,DB9,DD9)/1 -> 3381637 | DG9: =DF9*$E9 -> 1183572.9 | DH9: 295720 | DI9: =DH9*$E9 -> 103502 | DJ9: 271320 | DK9: =DJ9*$E9 -> 94962 | DM9: =DL9*$E9 -> 0 | DO9: =DN9*$E9 -> 0 | DQ9: =DP9*$E9 -> 0 | DS9: =DR9*$E9 -> 0 | DU9: =DT9*$E9 -> 0 | DW9: =DV9*$E9 -> 0 | DY9: =DX9*$E9 -> 0 | EA9: =DZ9*$E9 -> 0 | EC9: =EB9*$E9 -> 0 | EE9: =ED9*$E9 -> 0 | EF9: =SUM(DH9,DJ9,DL9,DN9,DP9,DR9,DT9,DV9,DX9,DZ9,EB9,ED9) -> 567040 | EG9: =SUM(DI9,DK9,DM9,DO9,DQ9,DS9,DU9,DW9,DY9,EA9,EC9,EE9) -> 198464
A10: 6 | B10: "Zay" Vodka | C10: ပုလင်း | D10: =RANK(DF10,$DF$4:$DF$147) -> 31 | E10: 0.7 | F10: 1 * 24 | G10: 1850 | I10: =H10*$E10 -> 0 | K10: =J10*$E10 -> 0 | M10: =L10*$E10 -> 0 | O10: =N10*$E10 -> 0 | Q10: =P10*$E10 -> 0 | S10: =R10*$E10 -> 0 | U10: =T10*$E10 -> 0 | W10: =V10*$E10 -> 0 | Y10: =X10*$E10 -> 0 | AA10: =Z10*$E10 -> 0 | AC10: =AB10*$E10 -> 0 | AE10: =AD10*$E10 -> 0 | AF10: =(AD10+AB10+Z10+X10+V10+T10+R10+P10+N10+L10+J10+H10)/1 -> 0 | AG10: =AF10*$E10 -> 0 | AI10: =AH10*$E10 -> 0 | AJ10: 24 | AK10: =AJ10*$E10 -> 16.8 | AM10: =AL10*$E10 -> 0 | AO10: =AN10*$E10 -> 0 | AQ10: =AP10*$E10 -> 0 | AS10: =AR10*$E10 -> 0 | AU10: =AT10*$E10 -> 0 | AW10: =AV10*$E10 -> 0 | AY10: =AX10*$E10 -> 0 | BA10: =AZ10*$E10 -> 0 | BC10: =BB10*$E10 -> 0 | BE10: =BD10*$E10 -> 0 | BF10: =(BD10+BB10+AZ10+AX10+AV10+AT10+AR10+AP10+AN10+AL10+AJ10+AH10)/1 -> 24 | BG10: =BF10*$E10 -> 16.8 | BI10: =BH10*$E10 -> 0 | BK10: =BJ10*$E10 -> 0 | BM10: =BL10*$E10 -> 0 | BO10: =BN10*$E10 -> 0 | BQ10: =BP10*$E10 -> 0 | BS10: =BR10*$E10 -> 0 | BU10: =BT10*$E10 -> 0 | BW10: =BV10*$E10 -> 0 | BY10: =BX10*$E10 -> 0 | CA10: =BZ10*$E10 -> 0 | CC10: =CB10*$E10 -> 0 | CE10: =CD10*$E10 -> 0 | CF10: =(CD10+CB10+BZ10+BX10+BV10+BT10+BR10+BP10+BN10+BL10+BJ10+BH10)/1 -> 0 | CG10: =CF10*$E10 -> 0 | CI10: =CH10*$E10 -> 0 | CK10: =CJ10*$E10 -> 0 | CM10: =CL10*$E10 -> 0 | CO10: =CN10*$E10 -> 0 | CQ10: =CP10*$E10 -> 0 | CS10: =CR10*$E10 -> 0 | CU10: =CT10*$E10 -> 0 | CW10: =CV10*$E10 -> 0 | CY10: =CX10*$E10 -> 0 | DA10: =CZ10*$E10 -> 0 | DC10: =DB10*$E10 -> 0 | DE10: =DD10*$E10 -> 0 | DF10: =SUM(CH10,CJ10,CL10,CN10,CP10,CR10,CT10,CV10,CX10,CZ10,DB10,DD10)/1 -> 0 | DG10: =DF10*$E10 -> 0 | DI10: =DH10*$E10 -> 0 | DK10: =DJ10*$E10 -> 0 | DM10: =DL10*$E10 -> 0 | DO10: =DN10*$E10 -> 0 | DQ10: =DP10*$E10 -> 0 | DS10: =DR10*$E10 -> 0 | DU10: =DT10*$E10 -> 0 | DW10: =DV10*$E10 -> 0 | DY10: =DX10*$E10 -> 0 | EA10: =DZ10*$E10 -> 0 | EC10: =EB10*$E10 -> 0 | EE10: =ED10*$E10 -> 0 | EF10: =SUM(DH10,DJ10,DL10,DN10,DP10,DR10,DT10,DV10,DX10,DZ10,EB10,ED10) -> 0 | EG10: =SUM(DI10,DK10,DM10,DO10,DQ10,DS10,DU10,DW10,DY10,EA10,EC10,EE10) -> 0
A11: 7 | B11: "Zay" Vodka - 640ml | C11: ပုလင်း | D11: =RANK(AH11,$AH$4:$AH$147) -> 7 | E11: 0.64 | F11: 1 * 24 | G11: 1400 | H11: 45600 | I11: =H11*$E11 -> 29184 | J11: =43632+2400 -> 46032 | K11: =J11*$E11 -> 29460.48 | L11: 91560 | M11: =L11*$E11 -> 58598.4 | N11: 52200 | O11: =N11*$E11 -> 33408 | P11: 49440 | Q11: =P11*$E11 -> 31641.6 | R11: 50648 | S11: =R11*$E11 -> 32414.72 | T11: 45384 | U11: =T11*$E11 -> 29045.76 | V11: 43704 | W11: =V11*$E11 -> 27970.56 | X11: 31920 | Y11: =X11*$E11 -> 20428.8 | Z11: 39912 | AA11: =Z11*$E11 -> 25543.68 | AB11: 28512 | AC11: =AB11*$E11 -> 18247.68 | AD11: 53808 | AE11: =AD11*$E11 -> 34437.12 | AF11: =(AD11+AB11+Z11+X11+V11+T11+R11+P11+N11+L11+J11+H11)/1 -> 578720 | AG11: =AF11*$E11 -> 370380.8 | AH11: 51288 | AI11: =AH11*$E11 -> 32824.32 | AJ11: 27816 | AK11: =AJ11*$E11 -> 17802.24 | AL11: 53160 | AM11: =AL11*$E11 -> 34022.4 | AN11: 38184 | AO11: =AN11*$E11 -> 24437.76 | AP11: 46512 | AQ11: =AP11*$E11 -> 29767.68 | AR11: 35304 | AS11: =AR11*$E11 -> 22594.56 | AT11: 29616 | AU11: =AT11*$E11 -> 18954.24 | AV11: 29712 | AW11: =AV11*$E11 -> 19015.68 | AX11: 22632 | AY11: =AX11*$E11 -> 14484.48 | AZ11: 31008 | BA11: =AZ11*$E11 -> 19845.12 | BB11: 30024 | BC11: =BB11*$E11 -> 19215.36 | BD11: 30120 | BE11: =BD11*$E11 -> 19276.8 | BF11: =(BD11+BB11+AZ11+AX11+AV11+AT11+AR11+AP11+AN11+AL11+AJ11+AH11)/1 -> 425376 | BG11: =BF11*$E11 -> 272240.64 | BH11: 40752 | BI11: =BH11*$E11 -> 26081.28 | BJ11: 24000 | BK11: =BJ11*$E11 -> 15360 | BL11: 29232 | BM11: =BL11*$E11 -> 18708.48 | BN11: 34080 | BO11: =BN11*$E11 -> 21811.2 | BP11: 31704 | BQ11: =BP11*$E11 -> 20290.56 | BR11: 24672 | BS11: =BR11*$E11 -> 15790.08 | BT11: 26640 | BU11: =BT11*$E11 -> 17049.6 | BV11: 26928 | BW11: =BV11*$E11 -> 17233.92 | BX11: 12312 | BY11: =BX11*$E11 -> 7879.68 | BZ11: 16080 | CA11: =BZ11*$E11 -> 10291.2 | CB11: 15720 | CC11: =CB11*$E11 -> 10060.8 | CD11: 26880 | CE11: =CD11*$E11 -> 17203.2 | CF11: =(CD11+CB11+BZ11+BX11+BV11+BT11+BR11+BP11+BN11+BL11+BJ11+BH11)/1 -> 309000 | CG11: =CF11*$E11 -> 197760 | CH11: 28320 | CI11: =CH11*$E11 -> 18124.8 | CJ11: 18720 | CK11: =CJ11*$E11 -> 11980.8 | CL11: 33984 | CM11: =CL11*$E11 -> 21749.76 | CN11: 37440 | CO11: =CN11*$E11 -> 23961.6 | CP11: 20520 | CQ11: =CP11*$E11 -> 13132.8 | CR11: 27120 | CS11: =CR11*$E11 -> 17356.8 | CT11: 19800 | CU11: =CT11*$E11 -> 12672 | CV11: 17160 | CW11: =CV11*$E11 -> 10982.4 | CX11: 17520 | CY11: =CX11*$E11 -> 11212.8 | CZ11: 20040 | DA11: =CZ11*$E11 -> 12825.6 | DB11: 31800 | DC11: =DB11*$E11 -> 20352 | DD11: 17520 | DE11: =DD11*$E11 -> 11212.8 | DF11: =SUM(CH11,CJ11,CL11,CN11,CP11,CR11,CT11,CV11,CX11,CZ11,DB11,DD11)/1 -> 289944 | DG11: =DF11*$E11 -> 185564.16 | DH11: 24960 | DI11: =DH11*$E11 -> 15974.4 | DJ11: 12360 | DK11: =DJ11*$E11 -> 7910.4 | DM11: =DL11*$E11 -> 0 | DO11: =DN11*$E11 -> 0 | DQ11: =DP11*$E11 -> 0 | DS11: =DR11*$E11 -> 0 | DU11: =DT11*$E11 -> 0 | DW11: =DV11*$E11 -> 0 | DY11: =DX11*$E11 -> 0 | EA11: =DZ11*$E11 -> 0 | EC11: =EB11*$E11 -> 0 | EE11: =ED11*$E11 -> 0 | EF11: =SUM(DH11,DJ11,DL11,DN11,DP11,DR11,DT11,DV11,DX11,DZ11,EB11,ED11) -> 37320 | EG11: =SUM(DI11,DK11,DM11,DO11,DQ11,DS11,DU11,DW11,DY11,EA11,EC11,EE11) -> 23884.8
A12: 8 | B12: "Zay" Vodka - 640ml | C12: ပုလင်း | D12: =RANK(AH12,$AH$4:$AH$147) -> 1 | E12: 0.64 | F12: 1 * 14 | G12: 1400 | H12: =1607217+5280 -> 1612497 | I12: =H12*$E12 -> 1031998.1 | J12: 1487206 | K12: =J12*$E12 -> 951811.84 | L12: 2198434 | M12: =L12*$E12 -> 1406997.8 | N12: 1666056 | O12: =N12*$E12 -> 1066275.8 | P12: 1496012 | Q12: =P12*$E12 -> 957447.68 | R12: =1515416+560 -> 1515976 | S12: =R12*$E12 -> 970224.64 | T12: =1423576+840 -> 1424416 | U12: =T12*$E12 -> 911626.24 | V12: 1674932 | W12: =V12*$E12 -> 1071956.5 | X12: 1158486 | Y12: =X12*$E12 -> 741431.04 | Z12: 1230558 | AA12: =Z12*$E12 -> 787557.12 | AB12: =1325646+6 -> 1325652 | AC12: =AB12*$E12 -> 848417.28 | AD12: 1410990 | AE12: =AD12*$E12 -> 903033.6 | AF12: =(AD12+AB12+Z12+X12+V12+T12+R12+P12+N12+L12+J12+H12)/1 -> 18201215 | AG12: =AF12*$E12 -> 11648778 | AH12: 1399258 | AI12: =AH12*$E12 -> 895525.12 | AJ12: 1181866 | AK12: =AJ12*$E12 -> 756394.24 | AL12: 1568917 | AM12: =AL12*$E12 -> 1004106.9 | AN12: 1249780 | AO12: =AN12*$E12 -> 799859.2 | AP12: 1141630 | AQ12: =AP12*$E12 -> 730643.2 | AR12: 1176224 | AS12: =AR12*$E12 -> 752783.36 | AT12: 1274322 | AU12: =AT12*$E12 -> 815566.08 | AV12: 1294006 | AW12: =AV12*$E12 -> 828163.84 | AX12: 890078 | AY12: =AX12*$E12 -> 569649.92 | AZ12: 999712 | BA12: =AZ12*$E12 -> 639815.68 | BB12: 1046766 | BC12: =BB12*$E12 -> 669930.24 | BD12: 1107288 | BE12: =BD12*$E12 -> 708664.32 | BF12: =(BD12+BB12+AZ12+AX12+AV12+AT12+AR12+AP12+AN12+AL12+AJ12+AH12)/1 -> 14329847 | BG12: =BF12*$E12 -> 9171102.1 | BH12: 1062432 | BI12: =BH12*$E12 -> 679956.48 | BJ12: 888174 | BK12: =BJ12*$E12 -> 568431.36 | BL12: 985152 | BM12: =BL12*$E12 -> 630497.28 | BN12: 966210 | BO12: =BN12*$E12 -> 618374.4 | BP12: 1008938 | BQ12: =BP12*$E12 -> 645720.32 | BR12: 1108953 | BS12: =BR12*$E12 -> 709729.92 | BT12: 925364 | BU12: =BT12*$E12 -> 592232.96 | BV12: 766892 | BW12: =BV12*$E12 -> 490810.88 | BX12: 730395 | BY12: =BX12*$E12 -> 467452.8 | BZ12: 834624 | CA12: =BZ12*$E12 -> 534159.36 | CB12: 812171 | CC12: =CB12*$E12 -> 519789.44 | CD12: 764567 | CE12: =CD12*$E12 -> 489322.88 | CF12: =(CD12+CB12+BZ12+BX12+BV12+BT12+BR12+BP12+BN12+BL12+BJ12+BH12)/1 -> 10853872 | CG12: =CF12*$E12 -> 6946478.1 | CH12: 694078 | CI12: =CH12*$E12 -> 444209.92 | CJ12: 743873 | CK12: =CJ12*$E12 -> 476078.72 | CL12: 967690 | CM12: =CL12*$E12 -> 619321.6 | CN12: 599298 | CO12: =CN12*$E12 -> 383550.72 | CP12: 696682 | CQ12: =CP12*$E12 -> 445876.48 | CR12: 698141 | CS12: =CR12*$E12 -> 446810.24 | CT12: 682290 | CU12: =CT12*$E12 -> 436665.6 | CV12: 655446 | CW12: =CV12*$E12 -> 419485.44 | CX12: 579448 | CY12: =CX12*$E12 -> 370846.72 | CZ12: 606088 | DA12: =CZ12*$E12 -> 387896.32 | DB12: 571213 | DC12: =DB12*$E12 -> 365576.32 | DD12: 588305 | DE12: =DD12*$E12 -> 376515.2 | DF12: =SUM(CH12,CJ12,CL12,CN12,CP12,CR12,CT12,CV12,CX12,CZ12,DB12,DD12)/1 -> 8082552 | DG12: =DF12*$E12 -> 5172833.3 | DH12: 557228 | DI12: =DH12*$E12 -> 356625.92 | DJ12: 502194 | DK12: =DJ12*$E12 -> 321404.16 | DM12: =DL12*$E12 -> 0 | DO12: =DN12*$E12 -> 0 | DQ12: =DP12*$E12 -> 0 | DS12: =DR12*$E12 -> 0 | DU12: =DT12*$E12 -> 0 | DW12: =DV12*$E12 -> 0 | DY12: =DX12*$E12 -> 0 | EA12: =DZ12*$E12 -> 0 | EC12: =EB12*$E12 -> 0 | EE12: =ED12*$E12 -> 0 | EF12: =SUM(DH12,DJ12,DL12,DN12,DP12,DR12,DT12,DV12,DX12,DZ12,EB12,ED12) -> 1059422 | EG12: =SUM(DI12,DK12,DM12,DO12,DQ12,DS12,DU12,DW12,DY12,EA12,EC12,EE12) -> 678030.08
A13: 9 | B13: "Zay" Vodka - 640ml | C13: ပုလင်း | D13: =RANK(AH13,$AH$4:$AH$147) -> #N/A | E13: 0.64 | F13: 1 * 12 | G13: 1250 | I13: =H13*$E13 -> 0 | K13: =J13*$E13 -> 0 | M13: =L13*$E13 -> 0 | O13: =N13*$E13 -> 0 | Q13: =P13*$E13 -> 0 | S13: =R13*$E13 -> 0 | U13: =T13*$E13 -> 0 | W13: =V13*$E13 -> 0 | Y13: =X13*$E13 -> 0 | AA13: =Z13*$E13 -> 0 | AC13: =AB13*$E13 -> 0 | AE13: =AD13*$E13 -> 0 | AF13: =(AD13+AB13+Z13+X13+V13+T13+R13+P13+N13+L13+J13+H13)/1 -> 0 | AG13: =AF13*$E13 -> 0 | AI13: =AH13*$E13 -> 0 | AK13: =AJ13*$E13 -> 0 | AM13: =AL13*$E13 -> 0 | AO13: =AN13*$E13 -> 0 | AQ13: =AP13*$E13 -> 0 | AS13: =AR13*$E13 -> 0 | AU13: =AT13*$E13 -> 0 | AV13: 3216 | AW13: =AV13*$E13 -> 2058.24 | AY13: =AX13*$E13 -> 0 | AZ13: 1608 | BA13: =AZ13*$E13 -> 1029.12 | BB13: 24 | BC13: =BB13*$E13 -> 15.36 | BD13: 720 | BE13: =BD13*$E13 -> 460.8 | BF13: =(BD13+BB13+AZ13+AX13+AV13+AT13+AR13+AP13+AN13+AL13+AJ13+AH13)/1 -> 5568 | BG13: =BF13*$E13 -> 3563.52 | BH13: 1440 | BI13: =BH13*$E13 -> 921.6 | BJ13: 720 | BK13: =BJ13*$E13 -> 460.8 | BL13: 0 | BM13: =BL13*$E13 -> 0 | BN13: 720 | BO13: =BN13*$E13 -> 460.8 | BP13: 5664 | BQ13: =BP13*$E13 -> 3624.96 | BR13: 708 | BS13: =BR13*$E13 -> 453.12 | BT13: 708 | BU13: =BT13*$E13 -> 453.12 | BV13: 2124 | BW13: =BV13*$E13 -> 1359.36 | BX13: 708 | BY13: =BX13*$E13 -> 453.12 | BZ13: 696 | CA13: =BZ13*$E13 -> 445.44 | CB13: 1158 | CC13: =CB13*$E13 -> 741.12 | CD13: 2496 | CE13: =CD13*$E13 -> 1597.44 | CF13: =(CD13+CB13+BZ13+BX13+BV13+BT13+BR13+BP13+BN13+BL13+BJ13+BH13)/1 -> 17142 | CG13: =CF13*$E13 -> 10970.88 | CI13: =CH13*$E13 -> 0 | CK13: =CJ13*$E13 -> 0 | CL13: 1188 | CM13: =CL13*$E13 -> 760.32 | CN13: 1247 | CO13: =CN13*$E13 -> 798.08 | CP13: 1560 | CQ13: =CP13*$E13 -> 998.4 | CR13: 900 | CS13: =CR13*$E13 -> 576 | CT13: 1824 | CU13: =CT13*$E13 -> 1167.36 | CV13: 1536 | CW13: =CV13*$E13 -> 983.04 | CX13: 1428 | CY13: =CX13*$E13 -> 913.92 | CZ13: 1704 | DA13: =CZ13*$E13 -> 1090.56 | DB13: 1152 | DC13: =DB13*$E13 -> 737.28 | DD13: 1452 | DE13: =DD13*$E13 -> 929.28 | DF13: =SUM(CH13,CJ13,CL13,CN13,CP13,CR13,CT13,CV13,CX13,CZ13,DB13,DD13)/1 -> 13991 | DG13: =DF13*$E13 -> 8954.24 | DH13: 1308 | DI13: =DH13*$E13 -> 837.12 | DJ13: 1368 | DK13: =DJ13*$E13 -> 875.52 | DM13: =DL13*$E13 -> 0 | DO13: =DN13*$E13 -> 0 | DQ13: =DP13*$E13 -> 0 | DS13: =DR13*$E13 -> 0 | DU13: =DT13*$E13 -> 0 | DW13: =DV13*$E13 -> 0 | DY13: =DX13*$E13 -> 0 | EA13: =DZ13*$E13 -> 0 | EC13: =EB13*$E13 -> 0 | EE13: =ED13*$E13 -> 0 | EF13: =SUM(DH13,DJ13,DL13,DN13,DP13,DR13,DT13,DV13,DX13,DZ13,EB13,ED13) -> 2676 | EG13: =SUM(DI13,DK13,DM13,DO13,DQ13,DS13,DU13,DW13,DY13,EA13,EC13,EE13) -> 1712.64
A14: 10 | B14: "Zay" - 640ml | C14: ပုလင်း | D14: =RANK(AH14,$AH$4:$AH$147) -> #N/A | E14: 0.64 | F14: 1 * 14 | I14: =H14*$E14 -> 0 | K14: =J14*$E14 -> 0 | M14: =L14*$E14 -> 0 | O14: =N14*$E14 -> 0 | Q14: =P14*$E14 -> 0 | S14: =R14*$E14 -> 0 | U14: =T14*$E14 -> 0 | W14: =V14*$E14 -> 0 | Y14: =X14*$E14 -> 0 | AA14: =Z14*$E14 -> 0 | AC14: =AB14*$E14 -> 0 | AE14: =AD14*$E14 -> 0 | AF14: =(AD14+AB14+Z14+X14+V14+T14+R14+P14+N14+L14+J14+H14)/1 -> 0 | AG14: =AF14*$E14 -> 0 | AI14: =AH14*$E14 -> 0 | AK14: =AJ14*$E14 -> 0 | AM14: =AL14*$E14 -> 0 | AO14: =AN14*$E14 -> 0 | AQ14: =AP14*$E14 -> 0 | AS14: =AR14*$E14 -> 0 | AU14: =AT14*$E14 -> 0 | AW14: =AV14*$E14 -> 0 | AY14: =AX14*$E14 -> 0 | BA14: =AZ14*$E14 -> 0 | BC14: =BB14*$E14 -> 0 | BE14: =BD14*$E14 -> 0 | BF14: =(BD14+BB14+AZ14+AX14+AV14+AT14+AR14+AP14+AN14+AL14+AJ14+AH14)/1 -> 0 | BG14: =BF14*$E14 -> 0 | BI14: =BH14*$E14 -> 0 | BK14: =BJ14*$E14 -> 0 | BM14: =BL14*$E14 -> 0 | BO14: =BN14*$E14 -> 0 | BQ14: =BP14*$E14 -> 0 | BS14: =BR14*$E14 -> 0 | BU14: =BT14*$E14 -> 0 | BW14: =BV14*$E14 -> 0 | BY14: =BX14*$E14 -> 0 | CA14: =BZ14*$E14 -> 0 | CC14: =CB14*$E14 -> 0 | CE14: =CD14*$E14 -> 0 | CF14: =(CD14+CB14+BZ14+BX14+BV14+BT14+BR14+BP14+BN14+BL14+BJ14+BH14)/1 -> 0 | CG14: =CF14*$E14 -> 0 | CI14: =CH14*$E14 -> 0 | CK14: =CJ14*$E14 -> 0 | CM14: =CL14*$E14 -> 0 | CO14: =CN14*$E14 -> 0 | CQ14: =CP14*$E14 -> 0 | CS14: =CR14*$E14 -> 0 | CU14: =CT14*$E14 -> 0 | CW14: =CV14*$E14 -> 0 | CY14: =CX14*$E14 -> 0 | DA14: =CZ14*$E14 -> 0 | DC14: =DB14*$E14 -> 0 | DE14: =DD14*$E14 -> 0 | DF14: =SUM(CH14,CJ14,CL14,CN14,CP14,CR14,CT14,CV14,CX14,CZ14,DB14,DD14)/1 -> 0 | DG14: =DF14*$E14 -> 0 | DI14: =DH14*$E14 -> 0 | DK14: =DJ14*$E14 -> 0 | DM14: =DL14*$E14 -> 0 | DO14: =DN14*$E14 -> 0 | DQ14: =DP14*$E14 -> 0 | DS14: =DR14*$E14 -> 0 | DU14: =DT14*$E14 -> 0 | DW14: =DV14*$E14 -> 0 | DY14: =DX14*$E14 -> 0 | EA14: =DZ14*$E14 -> 0 | EC14: =EB14*$E14 -> 0 | EE14: =ED14*$E14 -> 0 | EF14: =SUM(DH14,DJ14,DL14,DN14,DP14,DR14,DT14,DV14,DX14,DZ14,EB14,ED14) -> 0 | EG14: =SUM(DI14,DK14,DM14,DO14,DQ14,DS14,DU14,DW14,DY14,EA14,EC14,EE14) -> 0
I15: =H15*$E15 -> 0 | K15: =J15*$E15 -> 0 | M15: =L15*$E15 -> 0 | O15: =N15*$E15 -> 0 | Q15: =P15*$E15 -> 0 | S15: =R15*$E15 -> 0 | U15: =T15*$E15 -> 0 | W15: =V15*$E15 -> 0 | Y15: =X15*$E15 -> 0 | AA15: =Z15*$E15 -> 0 | AC15: =AB15*$E15 -> 0 | AE15: =AD15*$E15 -> 0 | AF15: =(AD15+AB15+Z15+X15+V15+T15+R15+P15+N15+L15+J15+H15)/1 -> 0 | AG15: =AF15*$E15 -> 0 | AI15: =AH15*$E15 -> 0 | AK15: =AJ15*$E15 -> 0 | AM15: =AL15*$E15 -> 0 | AO15: =AN15*$E15 -> 0 | AQ15: =AP15*$E15 -> 0 | AS15: =AR15*$E15 -> 0 | AU15: =AT15*$E15 -> 0 | AW15: =AV15*$E15 -> 0 | AY15: =AX15*$E15 -> 0 | BA15: =AZ15*$E15 -> 0 | BC15: =BB15*$E15 -> 0 | BE15: =BD15*$E15 -> 0 | BF15: =(BD15+BB15+AZ15+AX15+AV15+AT15+AR15+AP15+AN15+AL15+AJ15+AH15)/1 -> 0 | BG15: =BF15*$E15 -> 0 | BI15: =BH15*$E15 -> 0 | BK15: =BJ15*$E15 -> 0 | BM15: =BL15*$E15 -> 0 | BO15: =BN15*$E15 -> 0 | BQ15: =BP15*$E15 -> 0 | BS15: =BR15*$E15 -> 0 | BU15: =BT15*$E15 -> 0 | BW15: =BV15*$E15 -> 0 | BY15: =BX15*$E15 -> 0 | CA15: =BZ15*$E15 -> 0 | CC15: =CB15*$E15 -> 0 | CE15: =CD15*$E15 -> 0 | CF15: =(CD15+CB15+BZ15+BX15+BV15+BT15+BR15+BP15+BN15+BL15+BJ15+BH15)/1 -> 0 | CG15: =CF15*$E15 -> 0 | CI15: =CH15*$E15 -> 0 | CK15: =CJ15*$E15 -> 0 | CM15: =CL15*$E15 -> 0 | CO15: =CN15*$E15 -> 0 | CQ15: =CP15*$E15 -> 0 | CS15: =CR15*$E15 -> 0 | CU15: =CT15*$E15 -> 0 | CW15: =CV15*$E15 -> 0 | CY15: =CX15*$E15 -> 0 | DA15: =CZ15*$E15 -> 0 | DC15: =DB15*$E15 -> 0 | DE15: =DD15*$E15 -> 0 | DF15: =SUM(CH15,CJ15,CL15,CN15,CP15,CR15,CT15,CV15,CX15,CZ15,DB15,DD15)/1 -> 0 | DG15: =DF15*$E15 -> 0
A16: 11 | B16: Kaung Kyi (1 Liter)_25% | C16: ‌ကော်ဘူး | D16: =RANK(DF16,$DF$4:$DF$147) -> 15 | E16: 1 | F16: 1 * 12 | G16: 1500 | H16: 12 | I16: =H16*$E16 -> 12 | K16: =J16*$E16 -> 0 | L16: 48 | M16: =L16*$E16 -> 48 | O16: =N16*$E16 -> 0 | Q16: =P16*$E16 -> 0 | S16: =R16*$E16 -> 0 | T16: 72 | U16: =T16*$E16 -> 72 | V16: 12 | W16: =V16*$E16 -> 12 | X16: 12 | Y16: =X16*$E16 -> 12 | Z16: 72 | AA16: =Z16*$E16 -> 72 | AB16: 48 | AC16: =AB16*$E16 -> 48 | AD16: 36 | AE16: =AD16*$E16 -> 36 | AF16: =(AD16+AB16+Z16+X16+V16+T16+R16+P16+N16+L16+J16+H16)/1 -> 312 | AG16: =AF16*$E16 -> 312 | AH16: 24 | AI16: =AH16*$E16 -> 24 | AJ16: 60 | AK16: =AJ16*$E16 -> 60 | AL16: 12 | AM16: =AL16*$E16 -> 12 | AO16: =AN16*$E16 -> 0 | AQ16: =AP16*$E16 -> 0 | AS16: =AR16*$E16 -> 0 | AU16: =AT16*$E16 -> 0 | AW16: =AV16*$E16 -> 0 | AY16: =AX16*$E16 -> 0 | AZ16: 72 | BA16: =AZ16*$E16 -> 72 | BB16: 60 | BC16: =BB16*$E16 -> 60 | BD16: 132 | BE16: =BD16*$E16 -> 132 | BF16: =(BD16+BB16+AZ16+AX16+AV16+AT16+AR16+AP16+AN16+AL16+AJ16+AH16)/1 -> 360 | BG16: =BF16*$E16 -> 360 | BH16: 260 | BI16: =BH16*$E16 -> 260 | BJ16: 278 | BK16: =BJ16*$E16 -> 278 | BL16: 552 | BM16: =BL16*$E16 -> 552 | BN16: 348 | BO16: =BN16*$E16 -> 348 | BP16: 552 | BQ16: =BP16*$E16 -> 552 | BR16: 312 | BS16: =BR16*$E16 -> 312 | BT16: 698 | BU16: =BT16*$E16 -> 698 | BV16: 1491 | BW16: =BV16*$E16 -> 1491 | BX16: 912 | BY16: =BX16*$E16 -> 912 | BZ16: 672 | CA16: =BZ16*$E16 -> 672 | CB16: 228 | CC16: =CB16*$E16 -> 228 | CD16: 648 | CE16: =CD16*$E16 -> 648 | CF16: =(CD16+CB16+BZ16+BX16+BV16+BT16+BR16+BP16+BN16+BL16+BJ16+BH16)/1 -> 6951 | CG16: =CF16*$E16 -> 6951 | CH16: 351 | CI16: =CH16*$E16 -> 351 | CJ16: 1072 | CK16: =CJ16*$E16 -> 1072 | CL16: 1178 | CM16: =CL16*$E16 -> 1178 | CN16: 168 | CO16: =CN16*$E16 -> 168 | CP16: 432 | CQ16: =CP16*$E16 -> 432 | CR16: 3978 | CS16: =CR16*$E16 -> 3978 | CT16: 4789 | CU16: =CT16*$E16 -> 4789 | CV16: 2672 | CW16: =CV16*$E16 -> 2672 | CX16: 2233 | CY16: =CX16*$E16 -> 2233 | CZ16: 1272 | DA16: =CZ16*$E16 -> 1272 | DB16: 1448 | DC16: =DB16*$E16 -> 1448 | DD16: 1224 | DE16: =DD16*$E16 -> 1224 | DF16: =SUM(CH16,CJ16,CL16,CN16,CP16,CR16,CT16,CV16,CX16,CZ16,DB16,DD16)/1 -> 20817 | DG16: =DF16*$E16 -> 20817 | DH16: 1736 | DI16: =DH16*$E16 -> 1736 | DJ16: 1743 | DK16: =DJ16*$E16 -> 1743 | DM16: =DL16*$E16 -> 0 | DO16: =DN16*$E16 -> 0 | DQ16: =DP16*$E16 -> 0 | DS16: =DR16*$E16 -> 0 | DU16: =DT16*$E16 -> 0 | DW16: =DV16*$E16 -> 0 | DY16: =DX16*$E16 -> 0 | EA16: =DZ16*$E16 -> 0 | EC16: =EB16*$E16 -> 0 | EE16: =ED16*$E16 -> 0 | EF16: =SUM(DH16,DJ16,DL16,DN16,DP16,DR16,DT16,DV16,DX16,DZ16,EB16,ED16) -> 3479 | EG16: =SUM(DI16,DK16,DM16,DO16,DQ16,DS16,DU16,DW16,DY16,EA16,EC16,EE16) -> 3479
A17: 12 | B17: Kaung Kyi (1 Liter)_40% | C17: ‌ကော်ဘူး | D17: =RANK(DF17,$DF$4:$DF$147) -> 25 | E17: 1 | F17: 1 * 12 | G17: 1930 | I17: =H17*$E17 -> 0 | J17: 108 | K17: =J17*$E17 -> 108 | M17: =L17*$E17 -> 0 | O17: =N17*$E17 -> 0 | Q17: =P17*$E17 -> 0 | S17: =R17*$E17 -> 0 | U17: =T17*$E17 -> 0 | W17: =V17*$E17 -> 0 | Y17: =X17*$E17 -> 0 | AA17: =Z17*$E17 -> 0 | AC17: =AB17*$E17 -> 0 | AE17: =AD17*$E17 -> 0 | AF17: =(AD17+AB17+Z17+X17+V17+T17+R17+P17+N17+L17+J17+H17)/1 -> 108 | AG17: =AF17*$E17 -> 108 | AI17: =AH17*$E17 -> 0 | AK17: =AJ17*$E17 -> 0 | AM17: =AL17*$E17 -> 0 | AO17: =AN17*$E17 -> 0 | AQ17: =AP17*$E17 -> 0 | AS17: =AR17*$E17 -> 0 | AT17: 120 | AU17: =AT17*$E17 -> 120 | AW17: =AV17*$E17 -> 0 | AX17: 24 | AY17: =AX17*$E17 -> 24 | AZ17: 60 | BA17: =AZ17*$E17 -> 60 | BB17: 36 | BC17: =BB17*$E17 -> 36 | BD17: 120 | BE17: =BD17*$E17 -> 120 | BF17: =(BD17+BB17+AZ17+AX17+AV17+AT17+AR17+AP17+AN17+AL17+AJ17+AH17)/1 -> 360 | BG17: =BF17*$E17 -> 360 | BH17: 132 | BI17: =BH17*$E17 -> 132 | BJ17: 240 | BK17: =BJ17*$E17 -> 240 | BL17: 204 | BM17: =BL17*$E17 -> 204 | BN17: 300 | BO17: =BN17*$E17 -> 300 | BP17: 504 | BQ17: =BP17*$E17 -> 504 | BR17: 456 | BS17: =BR17*$E17 -> 456 | BT17: 864 | BU17: =BT17*$E17 -> 864 | BV17: 372 | BW17: =BV17*$E17 -> 372 | BX17: 540 | BY17: =BX17*$E17 -> 540 | BZ17: 192 | CA17: =BZ17*$E17 -> 192 | CC17: =CB17*$E17 -> 0 | CD17: 360 | CE17: =CD17*$E17 -> 360 | CF17: =(CD17+CB17+BZ17+BX17+BV17+BT17+BR17+BP17+BN17+BL17+BJ17+BH17)/1 -> 4164 | CG17: =CF17*$E17 -> 4164 | CH17: 180 | CI17: =CH17*$E17 -> 180 | CJ17: 120 | CK17: =CJ17*$E17 -> 120 | CL17: 60 | CM17: =CL17*$E17 -> 60 | CN17: 360 | CO17: =CN17*$E17 -> 360 | CP17: 120 | CQ17: =CP17*$E17 -> 120 | CR17: 403 | CS17: =CR17*$E17 -> 403 | CT17: 528 | CU17: =CT17*$E17 -> 528 | CV17: 252 | CW17: =CV17*$E17 -> 252 | CX17: 165 | CY17: =CX17*$E17 -> 165 | CZ17: 168 | DA17: =CZ17*$E17 -> 168 | DB17: 276 | DC17: =DB17*$E17 -> 276 | DD17: 216 | DE17: =DD17*$E17 -> 216 | DF17: =SUM(CH17,CJ17,CL17,CN17,CP17,CR17,CT17,CV17,CX17,CZ17,DB17,DD17)/1 -> 2848 | DG17: =DF17*$E17 -> 2848 | DH17: 228 | DI17: =DH17*$E17 -> 228 | DJ17: 240 | DK17: =DJ17*$E17 -> 240 | DM17: =DL17*$E17 -> 0 | DO17: =DN17*$E17 -> 0 | DQ17: =DP17*$E17 -> 0 | DS17: =DR17*$E17 -> 0 | DU17: =DT17*$E17 -> 0 | DW17: =DV17*$E17 -> 0 | DY17: =DX17*$E17 -> 0 | EA17: =DZ17*$E17 -> 0 | EC17: =EB17*$E17 -> 0 | EE17: =ED17*$E17 -> 0 | EF17: =SUM(DH17,DJ17,DL17,DN17,DP17,DR17,DT17,DV17,DX17,DZ17,EB17,ED17) -> 468 | EG17: =SUM(DI17,DK17,DM17,DO17,DQ17,DS17,DU17,DW17,DY17,EA17,EC17,EE17) -> 468
A18: 13 | B18: Kaung Kyi (0.6 Liter)_25% | C18: ‌ကော်ဘူး | D18: =RANK(DF18,$DF$4:$DF$147) -> 31 | E18: 0.6 | F18: 1 * 12 | G18: 1060 | I18: =H18*$E18 -> 0 | K18: =J18*$E18 -> 0 | M18: =L18*$E18 -> 0 | O18: =N18*$E18 -> 0 | Q18: =P18*$E18 -> 0 | S18: =R18*$E18 -> 0 | U18: =T18*$E18 -> 0 | W18: =V18*$E18 -> 0 | Y18: =X18*$E18 -> 0 | AA18: =Z18*$E18 -> 0 | AC18: =AB18*$E18 -> 0 | AE18: =AD18*$E18 -> 0 | AF18: =(AD18+AB18+Z18+X18+V18+T18+R18+P18+N18+L18+J18+H18)/1 -> 0 | AG18: =AF18*$E18 -> 0 | AI18: =AH18*$E18 -> 0 | AK18: =AJ18*$E18 -> 0 | AM18: =AL18*$E18 -> 0 | AO18: =AN18*$E18 -> 0 | AQ18: =AP18*$E18 -> 0 | AS18: =AR18*$E18 -> 0 | AU18: =AT18*$E18 -> 0 | AW18: =AV18*$E18 -> 0 | AY18: =AX18*$E18 -> 0 | BA18: =AZ18*$E18 -> 0 | BC18: =BB18*$E18 -> 0 | BE18: =BD18*$E18 -> 0 | BF18: =(BD18+BB18+AZ18+AX18+AV18+AT18+AR18+AP18+AN18+AL18+AJ18+AH18)/1 -> 0 | BG18: =BF18*$E18 -> 0 | BI18: =BH18*$E18 -> 0 | BK18: =BJ18*$E18 -> 0 | BM18: =BL18*$E18 -> 0 | BO18: =BN18*$E18 -> 0 | BQ18: =BP18*$E18 -> 0 | BS18: =BR18*$E18 -> 0 | BU18: =BT18*$E18 -> 0 | BW18: =BV18*$E18 -> 0 | BY18: =BX18*$E18 -> 0 | CA18: =BZ18*$E18 -> 0 | CC18: =CB18*$E18 -> 0 | CE18: =CD18*$E18 -> 0 | CF18: =(CD18+CB18+BZ18+BX18+BV18+BT18+BR18+BP18+BN18+BL18+BJ18+BH18)/1 -> 0 | CG18: =CF18*$E18 -> 0 | CI18: =CH18*$E18 -> 0 | CK18: =CJ18*$E18 -> 0 | CM18: =CL18*$E18 -> 0 | CO18: =CN18*$E18 -> 0 | CQ18: =CP18*$E18 -> 0 | CS18: =CR18*$E18 -> 0 | CU18: =CT18*$E18 -> 0 | CW18: =CV18*$E18 -> 0 | CY18: =CX18*$E18 -> 0 | DA18: =CZ18*$E18 -> 0 | DC18: =DB18*$E18 -> 0 | DE18: =DD18*$E18 -> 0 | DF18: =SUM(CH18,CJ18,CL18,CN18,CP18,CR18,CT18,CV18,CX18,CZ18,DB18,DD18)/1 -> 0 | DG18: =DF18*$E18 -> 0 | DI18: =DH18*$E18 -> 0 | DK18: =DJ18*$E18 -> 0 | DM18: =DL18*$E18 -> 0 | DO18: =DN18*$E18 -> 0 | DQ18: =DP18*$E18 -> 0 | DS18: =DR18*$E18 -> 0 | DU18: =DT18*$E18 -> 0 | DW18: =DV18*$E18 -> 0 | DY18: =DX18*$E18 -> 0 | EA18: =DZ18*$E18 -> 0 | EC18: =EB18*$E18 -> 0 | EE18: =ED18*$E18 -> 0 | EF18: =SUM(DH18,DJ18,DL18,DN18,DP18,DR18,DT18,DV18,DX18,DZ18,EB18,ED18) -> 0 | EG18: =SUM(DI18,DK18,DM18,DO18,DQ18,DS18,DU18,DW18,DY18,EA18,EC18,EE18) -> 0
A19: 14 | B19: Kaung Kyi (0.6 Liter)_40% | C19: ‌ကော်ဘူး | D19: =RANK(DF19,$DF$4:$DF$147) -> 30 | E19: 0.6 | F19: 1 * 12 | G19: 1310 | H19: 12 | I19: =H19*$E19 -> 7.2 | K19: =J19*$E19 -> 0 | M19: =L19*$E19 -> 0 | O19: =N19*$E19 -> 0 | Q19: =P19*$E19 -> 0 | R19: 132 | S19: =R19*$E19 -> 79.2 | U19: =T19*$E19 -> 0 | W19: =V19*$E19 -> 0 | Y19: =X19*$E19 -> 0 | AA19: =Z19*$E19 -> 0 | AC19: =AB19*$E19 -> 0 | AE19: =AD19*$E19 -> 0 | AF19: =(AD19+AB19+Z19+X19+V19+T19+R19+P19+N19+L19+J19+H19)/1 -> 144 | AG19: =AF19*$E19 -> 86.4 | AI19: =AH19*$E19 -> 0 | AK19: =AJ19*$E19 -> 0 | AM19: =AL19*$E19 -> 0 | AO19: =AN19*$E19 -> 0 | AQ19: =AP19*$E19 -> 0 | AS19: =AR19*$E19 -> 0 | AU19: =AT19*$E19 -> 0 | AW19: =AV19*$E19 -> 0 | AY19: =AX19*$E19 -> 0 | BA19: =AZ19*$E19 -> 0 | BC19: =BB19*$E19 -> 0 | BE19: =BD19*$E19 -> 0 | BF19: =(BD19+BB19+AZ19+AX19+AV19+AT19+AR19+AP19+AN19+AL19+AJ19+AH19)/1 -> 0 | BG19: =BF19*$E19 -> 0 | BH19: 12 | BI19: =BH19*$E19 -> 7.2 | BJ19: 0 | BK19: =BJ19*$E19 -> 0 | BL19: 0 | BM19: =BL19*$E19 -> 0 | BN19: 0 | BO19: =BN19*$E19 -> 0 | BP19: 0 | BQ19: =BP19*$E19 -> 0 | BR19: 0 | BS19: =BR19*$E19 -> 0 | BT19: 0 | BU19: =BT19*$E19 -> 0 | BV19: 0 | BW19: =BV19*$E19 -> 0 | BX19: 0 | BY19: =BX19*$E19 -> 0 | CA19: =BZ19*$E19 -> 0 | CC19: =CB19*$E19 -> 0 | CE19: =CD19*$E19 -> 0 | CF19: =(CD19+CB19+BZ19+BX19+BV19+BT19+BR19+BP19+BN19+BL19+BJ19+BH19)/1 -> 12 | CG19: =CF19*$E19 -> 7.2 | CI19: =CH19*$E19 -> 0 | CK19: =CJ19*$E19 -> 0 | CM19: =CL19*$E19 -> 0 | CO19: =CN19*$E19 -> 0 | CQ19: =CP19*$E19 -> 0 | CS19: =CR19*$E19 -> 0 | CU19: =CT19*$E19 -> 0 | CV19: 12 | CW19: =CV19*$E19 -> 7.2 | CY19: =CX19*$E19 -> 0 | DA19: =CZ19*$E19 -> 0 | DC19: =DB19*$E19 -> 0 | DE19: =DD19*$E19 -> 0 | DF19: =SUM(CH19,CJ19,CL19,CN19,CP19,CR19,CT19,CV19,CX19,CZ19,DB19,DD19)/1 -> 12 | DG19: =DF19*$E19 -> 7.2 | DH19: 12 | DI19: =DH19*$E19 -> 7.2 | DK19: =DJ19*$E19 -> 0 | DM19: =DL19*$E19 -> 0 | DO19: =DN19*$E19 -> 0 | DQ19: =DP19*$E19 -> 0 | DS19: =DR19*$E19 -> 0 | DU19: =DT19*$E19 -> 0 | DW19: =DV19*$E19 -> 0 | DY19: =DX19*$E19 -> 0 | EA19: =DZ19*$E19 -> 0 | EC19: =EB19*$E19 -> 0 | EE19: =ED19*$E19 -> 0 | EF19: =SUM(DH19,DJ19,DL19,DN19,DP19,DR19,DT19,DV19,DX19,DZ19,EB19,ED19) -> 12 | EG19: =SUM(DI19,DK19,DM19,DO19,DQ19,DS19,DU19,DW19,DY19,EA19,EC19,EE19) -> 7.2
A20: 15 | B20: Kaung Kyi (0.35 Liter)_25% | C20: ‌ကော်ဘူး | D20: =RANK(DF20,$DF$4:$DF$147) -> 31 | E20: 0.35 | F20: 1 * 40 | G20: 730 | I20: =H20*$E20 -> 0 | K20: =J20*$E20 -> 0 | M20: =L20*$E20 -> 0 | O20: =N20*$E20 -> 0 | Q20: =P20*$E20 -> 0 | S20: =R20*$E20 -> 0 | U20: =T20*$E20 -> 0 | W20: =V20*$E20 -> 0 | Y20: =X20*$E20 -> 0 | AA20: =Z20*$E20 -> 0 | AC20: =AB20*$E20 -> 0 | AE20: =AD20*$E20 -> 0 | AF20: =(AD20+AB20+Z20+X20+V20+T20+R20+P20+N20+L20+J20+H20)/1 -> 0 | AG20: =AF20*$E20 -> 0 | AI20: =AH20*$E20 -> 0 | AK20: =AJ20*$E20 -> 0 | AM20: =AL20*$E20 -> 0 | AO20: =AN20*$E20 -> 0 | AQ20: =AP20*$E20 -> 0 | AS20: =AR20*$E20 -> 0 | AU20: =AT20*$E20 -> 0 | AW20: =AV20*$E20 -> 0 | AY20: =AX20*$E20 -> 0 | BA20: =AZ20*$E20 -> 0 | BC20: =BB20*$E20 -> 0 | BE20: =BD20*$E20 -> 0 | BF20: =(BD20+BB20+AZ20+AX20+AV20+AT20+AR20+AP20+AN20+AL20+AJ20+AH20)/1 -> 0 | BG20: =BF20*$E20 -> 0 | BI20: =BH20*$E20 -> 0 | BK20: =BJ20*$E20 -> 0 | BM20: =BL20*$E20 -> 0 | BO20: =BN20*$E20 -> 0 | BQ20: =BP20*$E20 -> 0 | BS20: =BR20*$E20 -> 0 | BU20: =BT20*$E20 -> 0 | BW20: =BV20*$E20 -> 0 | BY20: =BX20*$E20 -> 0 | CA20: =BZ20*$E20 -> 0 | CC20: =CB20*$E20 -> 0 | CE20: =CD20*$E20 -> 0 | CF20: =(CD20+CB20+BZ20+BX20+BV20+BT20+BR20+BP20+BN20+BL20+BJ20+BH20)/1 -> 0 | CG20: =CF20*$E20 -> 0 | CI20: =CH20*$E20 -> 0 | CK20: =CJ20*$E20 -> 0 | CM20: =CL20*$E20 -> 0 | CO20: =CN20*$E20 -> 0 | CQ20: =CP20*$E20 -> 0 | CS20: =CR20*$E20 -> 0 | CU20: =CT20*$E20 -> 0 | CW20: =CV20*$E20 -> 0 | CY20: =CX20*$E20 -> 0 | DA20: =CZ20*$E20 -> 0 | DC20: =DB20*$E20 -> 0 | DE20: =DD20*$E20 -> 0 | DF20: =SUM(CH20,CJ20,CL20,CN20,CP20,CR20,CT20,CV20,CX20,CZ20,DB20,DD20)/1 -> 0 | DG20: =DF20*$E20 -> 0 | DI20: =DH20*$E20 -> 0 | DK20: =DJ20*$E20 -> 0 | DM20: =DL20*$E20 -> 0 | DO20: =DN20*$E20 -> 0 | DQ20: =DP20*$E20 -> 0 | DS20: =DR20*$E20 -> 0 | DU20: =DT20*$E20 -> 0 | DW20: =DV20*$E20 -> 0 | DY20: =DX20*$E20 -> 0 | EA20: =DZ20*$E20 -> 0 | EC20: =EB20*$E20 -> 0 | EE20: =ED20*$E20 -> 0 | EF20: =SUM(DH20,DJ20,DL20,DN20,DP20,DR20,DT20,DV20,DX20,DZ20,EB20,ED20) -> 0 | EG20: =SUM(DI20,DK20,DM20,DO20,DQ20,DS20,DU20,DW20,DY20,EA20,EC20,EE20) -> 0
A21: 16 | B21: Kaung Kyi ( 0.35 Liter) - 40% | C21: ‌ကော်ဘူး | D21: =RANK(DF21,$DF$4:$DF$147) -> 26 | E21: 0.35 | F21: 1 * 40 | G21: 900 | H21: 187200 | I21: =H21*$E21 -> 65520 | K21: =J21*$E21 -> 0 | M21: =L21*$E21 -> 0 | O21: =N21*$E21 -> 0 | Q21: =P21*$E21 -> 0 | S21: =R21*$E21 -> 0 | U21: =T21*$E21 -> 0 | W21: =V21*$E21 -> 0 | Y21: =X21*$E21 -> 0 | AA21: =Z21*$E21 -> 0 | AC21: =AB21*$E21 -> 0 | AE21: =AD21*$E21 -> 0 | AF21: =(AD21+AB21+Z21+X21+V21+T21+R21+P21+N21+L21+J21+H21)/1 -> 187200 | AG21: =AF21*$E21 -> 65520 | AI21: =AH21*$E21 -> 0 | AK21: =AJ21*$E21 -> 0 | AM21: =AL21*$E21 -> 0 | AO21: =AN21*$E21 -> 0 | AQ21: =AP21*$E21 -> 0 | AS21: =AR21*$E21 -> 0 | AT21: 52 | AU21: =AT21*$E21 -> 18.2 | AW21: =AV21*$E21 -> 0 | AY21: =AX21*$E21 -> 0 | BA21: =AZ21*$E21 -> 0 | BC21: =BB21*$E21 -> 0 | BE21: =BD21*$E21 -> 0 | BF21: =(BD21+BB21+AZ21+AX21+AV21+AT21+AR21+AP21+AN21+AL21+AJ21+AH21)/1 -> 52 | BG21: =BF21*$E21 -> 18.2 | BI21: =BH21*$E21 -> 0 | BK21: =BJ21*$E21 -> 0 | BM21: =BL21*$E21 -> 0 | BO21: =BN21*$E21 -> 0 | BQ21: =BP21*$E21 -> 0 | BS21: =BR21*$E21 -> 0 | BU21: =BT21*$E21 -> 0 | BW21: =BV21*$E21 -> 0 | BY21: =BX21*$E21 -> 0 | CA21: =BZ21*$E21 -> 0 | CC21: =CB21*$E21 -> 0 | CE21: =CD21*$E21 -> 0 | CF21: =(CD21+CB21+BZ21+BX21+BV21+BT21+BR21+BP21+BN21+BL21+BJ21+BH21)/1 -> 0 | CG21: =CF21*$E21 -> 0 | CI21: =CH21*$E21 -> 0 | CK21: =CJ21*$E21 -> 0 | CM21: =CL21*$E21 -> 0 | CO21: =CN21*$E21 -> 0 | CQ21: =CP21*$E21 -> 0 | CS21: =CR21*$E21 -> 0 | CU21: =CT21*$E21 -> 0 | CW21: =CV21*$E21 -> 0 | CY21: =CX21*$E21 -> 0 | CZ21: 80 | DA21: =CZ21*$E21 -> 28 | DB21: 400 | DC21: =DB21*$E21 -> 140 | DE21: =DD21*$E21 -> 0 | DF21: =SUM(CH21,CJ21,CL21,CN21,CP21,CR21,CT21,CV21,CX21,CZ21,DB21,DD21)/1 -> 480 | DG21: =DF21*$E21 -> 168 | DH21: 40 | DI21: =DH21*$E21 -> 14 | DJ21: 160 | DK21: =DJ21*$E21 -> 56 | DM21: =DL21*$E21 -> 0 | DO21: =DN21*$E21 -> 0 | DQ21: =DP21*$E21 -> 0 | DS21: =DR21*$E21 -> 0 | DU21: =DT21*$E21 -> 0 | DW21: =DV21*$E21 -> 0 | DY21: =DX21*$E21 -> 0 | EA21: =DZ21*$E21 -> 0 | EC21: =EB21*$E21 -> 0 | EE21: =ED21*$E21 -> 0 | EF21: =SUM(DH21,DJ21,DL21,DN21,DP21,DR21,DT21,DV21,DX21,DZ21,EB21,ED21) -> 200 | EG21: =SUM(DI21,DK21,DM21,DO21,DQ21,DS21,DU21,DW21,DY21,EA21,EC21,EE21) -> 70
A22: 17 | B22: Kaung Kyi | C22: ပုလင်း | D22: =RANK(DF22,$DF$4:$DF$147) -> 31 | E22: 0.64 | F22: 1 * 14 | G22: 1350 | I22: =H22*$E22 -> 0 | K22: =J22*$E22 -> 0 | M22: =L22*$E22 -> 0 | O22: =N22*$E22 -> 0 | Q22: =P22*$E22 -> 0 | S22: =R22*$E22 -> 0 | U22: =T22*$E22 -> 0 | W22: =V22*$E22 -> 0 | Y22: =X22*$E22 -> 0 | AA22: =Z22*$E22 -> 0 | AC22: =AB22*$E22 -> 0 | AE22: =AD22*$E22 -> 0 | AF22: =(AD22+AB22+Z22+X22+V22+T22+R22+P22+N22+L22+J22+H22)/1 -> 0 | AG22: =AF22*$E22 -> 0 | AI22: =AH22*$E22 -> 0 | AK22: =AJ22*$E22 -> 0 | AM22: =AL22*$E22 -> 0 | AO22: =AN22*$E22 -> 0 | AQ22: =AP22*$E22 -> 0 | AS22: =AR22*$E22 -> 0 | AU22: =AT22*$E22 -> 0 | AW22: =AV22*$E22 -> 0 | AY22: =AX22*$E22 -> 0 | AZ22: 14 | BA22: =AZ22*$E22 -> 8.96 | BC22: =BB22*$E22 -> 0 | BE22: =BD22*$E22 -> 0 | BF22: =(BD22+BB22+AZ22+AX22+AV22+AT22+AR22+AP22+AN22+AL22+AJ22+AH22)/1 -> 14 | BG22: =BF22*$E22 -> 8.96 | BI22: =BH22*$E22 -> 0 | BK22: =BJ22*$E22 -> 0 | BM22: =BL22*$E22 -> 0 | BO22: =BN22*$E22 -> 0 | BQ22: =BP22*$E22 -> 0 | BS22: =BR22*$E22 -> 0 | BU22: =BT22*$E22 -> 0 | BW22: =BV22*$E22 -> 0 | BY22: =BX22*$E22 -> 0 | CA22: =BZ22*$E22 -> 0 | CC22: =CB22*$E22 -> 0 | CE22: =CD22*$E22 -> 0 | CF22: =(CD22+CB22+BZ22+BX22+BV22+BT22+BR22+BP22+BN22+BL22+BJ22+BH22)/1 -> 0 | CG22: =CF22*$E22 -> 0 | CI22: =CH22*$E22 -> 0 | CK22: =CJ22*$E22 -> 0 | CM22: =CL22*$E22 -> 0 | CO22: =CN22*$E22 -> 0 | CQ22: =CP22*$E22 -> 0 | CS22: =CR22*$E22 -> 0 | CU22: =CT22*$E22 -> 0 | CW22: =CV22*$E22 -> 0 | CY22: =CX22*$E22 -> 0 | DA22: =CZ22*$E22 -> 0 | DC22: =DB22*$E22 -> 0 | DE22: =DD22*$E22 -> 0 | DF22: =SUM(CH22,CJ22,CL22,CN22,CP22,CR22,CT22,CV22,CX22,CZ22,DB22,DD22)/1 -> 0 | DG22: =DF22*$E22 -> 0 | DI22: =DH22*$E22 -> 0 | DK22: =DJ22*$E22 -> 0 | DM22: =DL22*$E22 -> 0 | DO22: =DN22*$E22 -> 0 | DQ22: =DP22*$E22 -> 0 | DS22: =DR22*$E22 -> 0 | DU22: =DT22*$E22 -> 0 | DW22: =DV22*$E22 -> 0 | DY22: =DX22*$E22 -> 0 | EA22: =DZ22*$E22 -> 0 | EC22: =EB22*$E22 -> 0 | EE22: =ED22*$E22 -> 0 | EF22: =SUM(DH22,DJ22,DL22,DN22,DP22,DR22,DT22,DV22,DX22,DZ22,EB22,ED22) -> 0 | EG22: =SUM(DI22,DK22,DM22,DO22,DQ22,DS22,DU22,DW22,DY22,EA22,EC22,EE22) -> 0
A23: 18 | B23: Kaung Kyi (40%) | C23: ပုလင်း | D23: =RANK(DF23,$DF$4:$DF$147) -> 31 | E23: 0.64 | F23: 1 * 14 | I23: =H23*$E23 -> 0 | K23: =J23*$E23 -> 0 | M23: =L23*$E23 -> 0 | O23: =N23*$E23 -> 0 | Q23: =P23*$E23 -> 0 | S23: =R23*$E23 -> 0 | U23: =T23*$E23 -> 0 | W23: =V23*$E23 -> 0 | Y23: =X23*$E23 -> 0 | AA23: =Z23*$E23 -> 0 | AC23: =AB23*$E23 -> 0 | AE23: =AD23*$E23 -> 0 | AF23: =(AD23+AB23+Z23+X23+V23+T23+R23+P23+N23+L23+J23+H23)/1 -> 0 | AG23: =AF23*$E23 -> 0 | AI23: =AH23*$E23 -> 0 | AK23: =AJ23*$E23 -> 0 | AM23: =AL23*$E23 -> 0 | AO23: =AN23*$E23 -> 0 | AQ23: =AP23*$E23 -> 0 | AS23: =AR23*$E23 -> 0 | AU23: =AT23*$E23 -> 0 | AW23: =AV23*$E23 -> 0 | AY23: =AX23*$E23 -> 0 | BA23: =AZ23*$E23 -> 0 | BC23: =BB23*$E23 -> 0 | BE23: =BD23*$E23 -> 0 | BF23: =(BD23+BB23+AZ23+AX23+AV23+AT23+AR23+AP23+AN23+AL23+AJ23+AH23)/1 -> 0 | BG23: =BF23*$E23 -> 0 | BI23: =BH23*$E23 -> 0 | BK23: =BJ23*$E23 -> 0 | BM23: =BL23*$E23 -> 0 | BO23: =BN23*$E23 -> 0 | BQ23: =BP23*$E23 -> 0 | BS23: =BR23*$E23 -> 0 | BU23: =BT23*$E23 -> 0 | BW23: =BV23*$E23 -> 0 | BY23: =BX23*$E23 -> 0 | CA23: =BZ23*$E23 -> 0 | CC23: =CB23*$E23 -> 0 | CE23: =CD23*$E23 -> 0 | CF23: =(CD23+CB23+BZ23+BX23+BV23+BT23+BR23+BP23+BN23+BL23+BJ23+BH23)/1 -> 0 | CG23: =CF23*$E23 -> 0 | CI23: =CH23*$E23 -> 0 | CK23: =CJ23*$E23 -> 0 | CM23: =CL23*$E23 -> 0 | CO23: =CN23*$E23 -> 0 | CQ23: =CP23*$E23 -> 0 | CS23: =CR23*$E23 -> 0 | CU23: =CT23*$E23 -> 0 | CW23: =CV23*$E23 -> 0 | CY23: =CX23*$E23 -> 0 | DA23: =CZ23*$E23 -> 0 | DC23: =DB23*$E23 -> 0 | DE23: =DD23*$E23 -> 0 | DF23: =SUM(CH23,CJ23,CL23,CN23,CP23,CR23,CT23,CV23,CX23,CZ23,DB23,DD23)/1 -> 0 | DG23: =DF23*$E23 -> 0 | DI23: =DH23*$E23 -> 0 | DK23: =DJ23*$E23 -> 0 | DM23: =DL23*$E23 -> 0 | DO23: =DN23*$E23 -> 0 | DQ23: =DP23*$E23 -> 0 | DS23: =DR23*$E23 -> 0 | DU23: =DT23*$E23 -> 0 | DW23: =DV23*$E23 -> 0 | DY23: =DX23*$E23 -> 0 | EA23: =DZ23*$E23 -> 0 | EC23: =EB23*$E23 -> 0 | EE23: =ED23*$E23 -> 0 | EF23: =SUM(DH23,DJ23,DL23,DN23,DP23,DR23,DT23,DV23,DX23,DZ23,EB23,ED23) -> 0 | EG23: =SUM(DI23,DK23,DM23,DO23,DQ23,DS23,DU23,DW23,DY23,EA23,EC23,EE23) -> 0
A24: 19 | B24: Kaung Kyi (46%) | C24: ပုလင်း | D24: =RANK(DF24,$DF$4:$DF$147) -> 31 | E24: 0.64 | F24: 1 * 14 | I24: =H24*$E24 -> 0 | K24: =J24*$E24 -> 0 | M24: =L24*$E24 -> 0 | O24: =N24*$E24 -> 0 | Q24: =P24*$E24 -> 0 | S24: =R24*$E24 -> 0 | U24: =T24*$E24 -> 0 | W24: =V24*$E24 -> 0 | Y24: =X24*$E24 -> 0 | AA24: =Z24*$E24 -> 0 | AC24: =AB24*$E24 -> 0 | AE24: =AD24*$E24 -> 0 | AF24: =(AD24+AB24+Z24+X24+V24+T24+R24+P24+N24+L24+J24+H24)/1 -> 0 | AG24: =AF24*$E24 -> 0 | AI24: =AH24*$E24 -> 0 | AK24: =AJ24*$E24 -> 0 | AM24: =AL24*$E24 -> 0 | AO24: =AN24*$E24 -> 0 | AQ24: =AP24*$E24 -> 0 | AS24: =AR24*$E24 -> 0 | AU24: =AT24*$E24 -> 0 | AW24: =AV24*$E24 -> 0 | AY24: =AX24*$E24 -> 0 | BA24: =AZ24*$E24 -> 0 | BC24: =BB24*$E24 -> 0 | BE24: =BD24*$E24 -> 0 | BF24: =(BD24+BB24+AZ24+AX24+AV24+AT24+AR24+AP24+AN24+AL24+AJ24+AH24)/1 -> 0 | BG24: =BF24*$E24 -> 0 | BI24: =BH24*$E24 -> 0 | BK24: =BJ24*$E24 -> 0 | BM24: =BL24*$E24 -> 0 | BO24: =BN24*$E24 -> 0 | BQ24: =BP24*$E24 -> 0 | BS24: =BR24*$E24 -> 0 | BU24: =BT24*$E24 -> 0 | BW24: =BV24*$E24 -> 0 | BY24: =BX24*$E24 -> 0 | CA24: =BZ24*$E24 -> 0 | CC24: =CB24*$E24 -> 0 | CE24: =CD24*$E24 -> 0 | CF24: =(CD24+CB24+BZ24+BX24+BV24+BT24+BR24+BP24+BN24+BL24+BJ24+BH24)/1 -> 0 | CG24: =CF24*$E24 -> 0 | CI24: =CH24*$E24 -> 0 | CK24: =CJ24*$E24 -> 0 | CM24: =CL24*$E24 -> 0 | CO24: =CN24*$E24 -> 0 | CQ24: =CP24*$E24 -> 0 | CS24: =CR24*$E24 -> 0 | CU24: =CT24*$E24 -> 0 | CW24: =CV24*$E24 -> 0 | CY24: =CX24*$E24 -> 0 | DA24: =CZ24*$E24 -> 0 | DC24: =DB24*$E24 -> 0 | DE24: =DD24*$E24 -> 0 | DF24: =SUM(CH24,CJ24,CL24,CN24,CP24,CR24,CT24,CV24,CX24,CZ24,DB24,DD24)/1 -> 0 | DG24: =DF24*$E24 -> 0 | DI24: =DH24*$E24 -> 0 | DK24: =DJ24*$E24 -> 0 | DM24: =DL24*$E24 -> 0 | DO24: =DN24*$E24 -> 0 | DQ24: =DP24*$E24 -> 0 | DS24: =DR24*$E24 -> 0 | DU24: =DT24*$E24 -> 0 | DW24: =DV24*$E24 -> 0 | DY24: =DX24*$E24 -> 0 | EA24: =DZ24*$E24 -> 0 | EC24: =EB24*$E24 -> 0 | EE24: =ED24*$E24 -> 0 | EF24: =SUM(DH24,DJ24,DL24,DN24,DP24,DR24,DT24,DV24,DX24,DZ24,EB24,ED24) -> 0 | EG24: =SUM(DI24,DK24,DM24,DO24,DQ24,DS24,DU24,DW24,DY24,EA24,EC24,EE24) -> 0
I25: =H25*$E25 -> 0 | K25: =J25*$E25 -> 0 | M25: =L25*$E25 -> 0 | O25: =N25*$E25 -> 0 | Q25: =P25*$E25 -> 0 | S25: =R25*$E25 -> 0 | U25: =T25*$E25 -> 0 | W25: =V25*$E25 -> 0 | Y25: =X25*$E25 -> 0 | AA25: =Z25*$E25 -> 0 | AC25: =AB25*$E25 -> 0 | AE25: =AD25*$E25 -> 0 | AF25: =(AD25+AB25+Z25+X25+V25+T25+R25+P25+N25+L25+J25+H25)/1 -> 0 | AG25: =AF25*$E25 -> 0 | AI25: =AH25*$E25 -> 0 | AK25: =AJ25*$E25 -> 0 | AM25: =AL25*$E25 -> 0 | AO25: =AN25*$E25 -> 0 | AQ25: =AP25*$E25 -> 0 | AS25: =AR25*$E25 -> 0 | AU25: =AT25*$E25 -> 0 | AW25: =AV25*$E25 -> 0 | AY25: =AX25*$E25 -> 0 | BA25: =AZ25*$E25 -> 0 | BC25: =BB25*$E25 -> 0 | BE25: =BD25*$E25 -> 0 | BF25: =(BD25+BB25+AZ25+AX25+AV25+AT25+AR25+AP25+AN25+AL25+AJ25+AH25)/1 -> 0 | BG25: =BF25*$E25 -> 0 | BI25: =BH25*$E25 -> 0 | BK25: =BJ25*$E25 -> 0 | BM25: =BL25*$E25 -> 0 | BO25: =BN25*$E25 -> 0 | BQ25: =BP25*$E25 -> 0 | BS25: =BR25*$E25 -> 0 | BU25: =BT25*$E25 -> 0 | BW25: =BV25*$E25 -> 0 | BY25: =BX25*$E25 -> 0 | CA25: =BZ25*$E25 -> 0 | CC25: =CB25*$E25 -> 0 | CE25: =CD25*$E25 -> 0 | CF25: =(CD25+CB25+BZ25+BX25+BV25+BT25+BR25+BP25+BN25+BL25+BJ25+BH25)/1 -> 0 | CG25: =CF25*$E25 -> 0 | CI25: =CH25*$E25 -> 0 | CK25: =CJ25*$E25 -> 0 | CM25: =CL25*$E25 -> 0 | CO25: =CN25*$E25 -> 0 | CQ25: =CP25*$E25 -> 0 | CS25: =CR25*$E25 -> 0 | CU25: =CT25*$E25 -> 0 | CW25: =CV25*$E25 -> 0 | CY25: =CX25*$E25 -> 0 | DA25: =CZ25*$E25 -> 0 | DC25: =DB25*$E25 -> 0 | DE25: =DD25*$E25 -> 0 | DF25: =SUM(CH25,CJ25,CL25,CN25,CP25,CR25,CT25,CV25,CX25,CZ25,DB25,DD25)/1 -> 0 | DG25: =DF25*$E25 -> 0
A26: 20 | B26: မိုးနဲကွန်ကီကော်ဘူး(1 Liter) | C26: ‌ကော်ဘူး | D26: =RANK(DF26,$DF$4:$DF$147) -> 31 | E26: 1 | F26: 1 * 12 | I26: =H26*$E26 -> 0 | K26: =J26*$E26 -> 0 | M26: =L26*$E26 -> 0 | O26: =N26*$E26 -> 0 | Q26: =P26*$E26 -> 0 | S26: =R26*$E26 -> 0 | U26: =T26*$E26 -> 0 | W26: =V26*$E26 -> 0 | Y26: =X26*$E26 -> 0 | AA26: =Z26*$E26 -> 0 | AC26: =AB26*$E26 -> 0 | AE26: =AD26*$E26 -> 0 | AF26: =(AD26+AB26+Z26+X26+V26+T26+R26+P26+N26+L26+J26+H26)/1 -> 0 | AG26: =AF26*$E26 -> 0 | AI26: =AH26*$E26 -> 0 | AK26: =AJ26*$E26 -> 0 | AM26: =AL26*$E26 -> 0 | AO26: =AN26*$E26 -> 0 | AQ26: =AP26*$E26 -> 0 | AS26: =AR26*$E26 -> 0 | AU26: =AT26*$E26 -> 0 | AW26: =AV26*$E26 -> 0 | AY26: =AX26*$E26 -> 0 | BA26: =AZ26*$E26 -> 0 | BC26: =BB26*$E26 -> 0 | BE26: =BD26*$E26 -> 0 | BF26: =(BD26+BB26+AZ26+AX26+AV26+AT26+AR26+AP26+AN26+AL26+AJ26+AH26)/1 -> 0 | BG26: =BF26*$E26 -> 0 | BI26: =BH26*$E26 -> 0 | BK26: =BJ26*$E26 -> 0 | BM26: =BL26*$E26 -> 0 | BO26: =BN26*$E26 -> 0 | BQ26: =BP26*$E26 -> 0 | BS26: =BR26*$E26 -> 0 | BU26: =BT26*$E26 -> 0 | BW26: =BV26*$E26 -> 0 | BY26: =BX26*$E26 -> 0 | CA26: =BZ26*$E26 -> 0 | CC26: =CB26*$E26 -> 0 | CE26: =CD26*$E26 -> 0 | CF26: =(CD26+CB26+BZ26+BX26+BV26+BT26+BR26+BP26+BN26+BL26+BJ26+BH26)/1 -> 0 | CG26: =CF26*$E26 -> 0 | CI26: =CH26*$E26 -> 0 | CK26: =CJ26*$E26 -> 0 | CM26: =CL26*$E26 -> 0 | CO26: =CN26*$E26 -> 0 | CQ26: =CP26*$E26 -> 0 | CS26: =CR26*$E26 -> 0 | CU26: =CT26*$E26 -> 0 | CW26: =CV26*$E26 -> 0 | CY26: =CX26*$E26 -> 0 | DA26: =CZ26*$E26 -> 0 | DC26: =DB26*$E26 -> 0 | DE26: =DD26*$E26 -> 0 | DF26: =SUM(CH26,CJ26,CL26,CN26,CP26,CR26,CT26,CV26,CX26,CZ26,DB26,DD26)/1 -> 0 | DG26: =DF26*$E26 -> 0 | DI26: =DH26*$E26 -> 0 | DK26: =DJ26*$E26 -> 0 | DM26: =DL26*$E26 -> 0 | DO26: =DN26*$E26 -> 0 | DQ26: =DP26*$E26 -> 0 | DS26: =DR26*$E26 -> 0 | DU26: =DT26*$E26 -> 0 | DW26: =DV26*$E26 -> 0 | DY26: =DX26*$E26 -> 0 | EA26: =DZ26*$E26 -> 0 | EC26: =EB26*$E26 -> 0 | EE26: =ED26*$E26 -> 0 | EF26: =SUM(DH26,DJ26,DL26,DN26,DP26,DR26,DT26,DV26,DX26,DZ26,EB26,ED26) -> 0 | EG26: =SUM(DI26,DK26,DM26,DO26,DQ26,DS26,DU26,DW26,DY26,EA26,EC26,EE26) -> 0
A27: 21 | B27: မိုးနဲကွန်ကီကော်ဘူး(0.6 Liter) | C27: ‌ကော်ဘူး | D27: =RANK(DF27,$DF$4:$DF$147) -> 31 | E27: 0.6 | F27: 1*12 | I27: =H27*$E27 -> 0 | K27: =J27*$E27 -> 0 | M27: =L27*$E27 -> 0 | O27: =N27*$E27 -> 0 | Q27: =P27*$E27 -> 0 | S27: =R27*$E27 -> 0 | U27: =T27*$E27 -> 0 | W27: =V27*$E27 -> 0 | Y27: =X27*$E27 -> 0 | AA27: =Z27*$E27 -> 0 | AC27: =AB27*$E27 -> 0 | AE27: =AD27*$E27 -> 0 | AF27: =(AD27+AB27+Z27+X27+V27+T27+R27+P27+N27+L27+J27+H27)/1 -> 0 | AG27: =AF27*$E27 -> 0 | AI27: =AH27*$E27 -> 0 | AK27: =AJ27*$E27 -> 0 | AM27: =AL27*$E27 -> 0 | AO27: =AN27*$E27 -> 0 | AQ27: =AP27*$E27 -> 0 | AS27: =AR27*$E27 -> 0 | AU27: =AT27*$E27 -> 0 | AW27: =AV27*$E27 -> 0 | AY27: =AX27*$E27 -> 0 | BA27: =AZ27*$E27 -> 0 | BC27: =BB27*$E27 -> 0 | BE27: =BD27*$E27 -> 0 | BF27: =(BD27+BB27+AZ27+AX27+AV27+AT27+AR27+AP27+AN27+AL27+AJ27+AH27)/1 -> 0 | BG27: =BF27*$E27 -> 0 | BI27: =BH27*$E27 -> 0 | BK27: =BJ27*$E27 -> 0 | BM27: =BL27*$E27 -> 0 | BO27: =BN27*$E27 -> 0 | BQ27: =BP27*$E27 -> 0 | BS27: =BR27*$E27 -> 0 | BU27: =BT27*$E27 -> 0 | BW27: =BV27*$E27 -> 0 | BY27: =BX27*$E27 -> 0 | CA27: =BZ27*$E27 -> 0 | CC27: =CB27*$E27 -> 0 | CE27: =CD27*$E27 -> 0 | CF27: =(CD27+CB27+BZ27+BX27+BV27+BT27+BR27+BP27+BN27+BL27+BJ27+BH27)/1 -> 0 | CG27: =CF27*$E27 -> 0 | CI27: =CH27*$E27 -> 0 | CK27: =CJ27*$E27 -> 0 | CM27: =CL27*$E27 -> 0 | CO27: =CN27*$E27 -> 0 | CQ27: =CP27*$E27 -> 0 | CS27: =CR27*$E27 -> 0 | CU27: =CT27*$E27 -> 0 | CW27: =CV27*$E27 -> 0 | CY27: =CX27*$E27 -> 0 | DA27: =CZ27*$E27 -> 0 | DC27: =DB27*$E27 -> 0 | DE27: =DD27*$E27 -> 0 | DF27: =SUM(CH27,CJ27,CL27,CN27,CP27,CR27,CT27,CV27,CX27,CZ27,DB27,DD27)/1 -> 0 | DG27: =DF27*$E27 -> 0 | DI27: =DH27*$E27 -> 0 | DK27: =DJ27*$E27 -> 0 | DM27: =DL27*$E27 -> 0 | DO27: =DN27*$E27 -> 0 | DQ27: =DP27*$E27 -> 0 | DS27: =DR27*$E27 -> 0 | DU27: =DT27*$E27 -> 0 | DW27: =DV27*$E27 -> 0 | DY27: =DX27*$E27 -> 0 | EA27: =DZ27*$E27 -> 0 | EC27: =EB27*$E27 -> 0 | EE27: =ED27*$E27 -> 0 | EF27: =SUM(DH27,DJ27,DL27,DN27,DP27,DR27,DT27,DV27,DX27,DZ27,EB27,ED27) -> 0 | EG27: =SUM(DI27,DK27,DM27,DO27,DQ27,DS27,DU27,DW27,DY27,EA27,EC27,EE27) -> 0
A28: 22 | B28: Moe Nae Kon Ki | C28: ပုလင်း | D28: =RANK(DF28,$DF$4:$DF$147) -> 12 | E28: 0.64 | F28: 1 * 14 | G28: 1700 | I28: =H28*$E28 -> 0 | K28: =J28*$E28 -> 0 | M28: =L28*$E28 -> 0 | O28: =N28*$E28 -> 0 | Q28: =P28*$E28 -> 0 | R28: 31 | S28: =R28*$E28 -> 19.84 | T28: 4218 | U28: =T28*$E28 -> 2699.52 | V28: 9571 | W28: =V28*$E28 -> 6125.44 | X28: 8242 | Y28: =X28*$E28 -> 5274.88 | Z28: 8869 | AA28: =Z28*$E28 -> 5676.16 | AB28: 8797 | AC28: =AB28*$E28 -> 5630.08 | AD28: 7237 | AE28: =AD28*$E28 -> 4631.68 | AF28: =(AD28+AB28+Z28+X28+V28+T28+R28+P28+N28+L28+J28+H28)/1 -> 46965 | AG28: =AF28*$E28 -> 30057.6 | AH28: 10530 | AI28: =AH28*$E28 -> 6739.2 | AJ28: 7611 | AK28: =AJ28*$E28 -> 4871.04 | AL28: 11577 | AM28: =AL28*$E28 -> 7409.28 | AN28: 8319 | AO28: =AN28*$E28 -> 5324.16 | AP28: 7921 | AQ28: =AP28*$E28 -> 5069.44 | AR28: 8119 | AS28: =AR28*$E28 -> 5196.16 | AT28: 8247 | AU28: =AT28*$E28 -> 5278.08 | AV28: 9855 | AW28: =AV28*$E28 -> 6307.2 | AX28: 7947 | AY28: =AX28*$E28 -> 5086.08 | AZ28: 8962 | BA28: =AZ28*$E28 -> 5735.68 | BB28: 7946 | BC28: =BB28*$E28 -> 5085.44 | BD28: 9399 | BE28: =BD28*$E28 -> 6015.36 | BF28: =(BD28+BB28+AZ28+AX28+AV28+AT28+AR28+AP28+AN28+AL28+AJ28+AH28)/1 -> 106433 | BG28: =BF28*$E28 -> 68117.12 | BH28: 10490 | BI28: =BH28*$E28 -> 6713.6 | BJ28: 7994 | BK28: =BJ28*$E28 -> 5116.16 | BL28: 9360 | BM28: =BL28*$E28 -> 5990.4 | BN28: 7460 | BO28: =BN28*$E28 -> 4774.4 | BP28: 6923 | BQ28: =BP28*$E28 -> 4430.72 | BR28: 9616 | BS28: =BR28*$E28 -> 6154.24 | BT28: 9208 | BU28: =BT28*$E28 -> 5893.12 | BV28: 9517 | BW28: =BV28*$E28 -> 6090.88 | BX28: 5529 | BY28: =BX28*$E28 -> 3538.56 | BZ28: 7998 | CA28: =BZ28*$E28 -> 5118.72 | CB28: 8479 | CC28: =CB28*$E28 -> 5426.56 | CD28: 5482 | CE28: =CD28*$E28 -> 3508.48 | CF28: =(CD28+CB28+BZ28+BX28+BV28+BT28+BR28+BP28+BN28+BL28+BJ28+BH28)/1 -> 98056 | CG28: =CF28*$E28 -> 62755.84 | CH28: 6017 | CI28: =CH28*$E28 -> 3850.88 | CJ28: 5548 | CK28: =CJ28*$E28 -> 3550.72 | CL28: 7728 | CM28: =CL28*$E28 -> 4945.92 | CN28: 5901 | CO28: =CN28*$E28 -> 3776.64 | CP28: 4198 | CQ28: =CP28*$E28 -> 2686.72 | CR28: 4718 | CS28: =CR28*$E28 -> 3019.52 | CT28: 4284 | CU28: =CT28*$E28 -> 2741.76 | CV28: 3947 | CW28: =CV28*$E28 -> 2526.08 | CX28: 4562 | CY28: =CX28*$E28 -> 2919.68 | CZ28: 3921 | DA28: =CZ28*$E28 -> 2509.44 | DB28: 4004 | DC28: =DB28*$E28 -> 2562.56 | DD28: 4004 | DE28: =DD28*$E28 -> 2562.56 | DF28: =SUM(CH28,CJ28,CL28,CN28,CP28,CR28,CT28,CV28,CX28,CZ28,DB28,DD28)/1 -> 58832 | DG28: =DF28*$E28 -> 37652.48 | DH28: 2898 | DI28: =DH28*$E28 -> 1854.72 | DJ28: 3556 | DK28: =DJ28*$E28 -> 2275.84 | DM28: =DL28*$E28 -> 0 | DO28: =DN28*$E28 -> 0 | DQ28: =DP28*$E28 -> 0 | DS28: =DR28*$E28 -> 0 | DU28: =DT28*$E28 -> 0 | DW28: =DV28*$E28 -> 0 | DY28: =DX28*$E28 -> 0 | EA28: =DZ28*$E28 -> 0 | EC28: =EB28*$E28 -> 0 | EE28: =ED28*$E28 -> 0 | EF28: =SUM(DH28,DJ28,DL28,DN28,DP28,DR28,DT28,DV28,DX28,DZ28,EB28,ED28) -> 6454 | EG28: =SUM(DI28,DK28,DM28,DO28,DQ28,DS28,DU28,DW28,DY28,EA28,EC28,EE28) -> 4130.56
A29: 23 | B29: ‌မျောက်ရှယ် | C29: ပုလင်း | D29: =RANK(DF29,$DF$4:$DF$147) -> 31 | E29: 0.64 | F29: 1 * 14 | I29: =H29*$E29 -> 0 | K29: =J29*$E29 -> 0 | M29: =L29*$E29 -> 0 | O29: =N29*$E29 -> 0 | Q29: =P29*$E29 -> 0 | S29: =R29*$E29 -> 0 | U29: =T29*$E29 -> 0 | W29: =V29*$E29 -> 0 | Y29: =X29*$E29 -> 0 | AA29: =Z29*$E29 -> 0 | AC29: =AB29*$E29 -> 0 | AE29: =AD29*$E29 -> 0 | AF29: =(AD29+AB29+Z29+X29+V29+T29+R29+P29+N29+L29+J29+H29)/1 -> 0 | AG29: =AF29*$E29 -> 0 | AI29: =AH29*$E29 -> 0 | AK29: =AJ29*$E29 -> 0 | AM29: =AL29*$E29 -> 0 | AO29: =AN29*$E29 -> 0 | AQ29: =AP29*$E29 -> 0 | AS29: =AR29*$E29 -> 0 | AU29: =AT29*$E29 -> 0 | AW29: =AV29*$E29 -> 0 | AY29: =AX29*$E29 -> 0 | BA29: =AZ29*$E29 -> 0 | BC29: =BB29*$E29 -> 0 | BE29: =BD29*$E29 -> 0 | BF29: =(BD29+BB29+AZ29+AX29+AV29+AT29+AR29+AP29+AN29+AL29+AJ29+AH29)/1 -> 0 | BG29: =BF29*$E29 -> 0 | BI29: =BH29*$E29 -> 0 | BK29: =BJ29*$E29 -> 0 | BM29: =BL29*$E29 -> 0 | BO29: =BN29*$E29 -> 0 | BQ29: =BP29*$E29 -> 0 | BS29: =BR29*$E29 -> 0 | BU29: =BT29*$E29 -> 0 | BW29: =BV29*$E29 -> 0 | BY29: =BX29*$E29 -> 0 | CA29: =BZ29*$E29 -> 0 | CC29: =CB29*$E29 -> 0 | CE29: =CD29*$E29 -> 0 | CF29: =(CD29+CB29+BZ29+BX29+BV29+BT29+BR29+BP29+BN29+BL29+BJ29+BH29)/1 -> 0 | CG29: =CF29*$E29 -> 0 | CI29: =CH29*$E29 -> 0 | CK29: =CJ29*$E29 -> 0 | CM29: =CL29*$E29 -> 0 | CO29: =CN29*$E29 -> 0 | CQ29: =CP29*$E29 -> 0 | CS29: =CR29*$E29 -> 0 | CU29: =CT29*$E29 -> 0 | CW29: =CV29*$E29 -> 0 | CY29: =CX29*$E29 -> 0 | DA29: =CZ29*$E29 -> 0 | DC29: =DB29*$E29 -> 0 | DE29: =DD29*$E29 -> 0 | DF29: =SUM(CH29,CJ29,CL29,CN29,CP29,CR29,CT29,CV29,CX29,CZ29,DB29,DD29)/1 -> 0 | DG29: =DF29*$E29 -> 0 | DI29: =DH29*$E29 -> 0 | DK29: =DJ29*$E29 -> 0 | DM29: =DL29*$E29 -> 0 | DO29: =DN29*$E29 -> 0 | DQ29: =DP29*$E29 -> 0 | DS29: =DR29*$E29 -> 0 | DU29: =DT29*$E29 -> 0 | DW29: =DV29*$E29 -> 0 | DY29: =DX29*$E29 -> 0 | EA29: =DZ29*$E29 -> 0 | EC29: =EB29*$E29 -> 0 | EE29: =ED29*$E29 -> 0 | EF29: =SUM(DH29,DJ29,DL29,DN29,DP29,DR29,DT29,DV29,DX29,DZ29,EB29,ED29) -> 0 | EG29: =SUM(DI29,DK29,DM29,DO29,DQ29,DS29,DU29,DW29,DY29,EA29,EC29,EE29) -> 0
I30: =H30*$E30 -> 0 | K30: =J30*$E30 -> 0 | M30: =L30*$E30 -> 0 | O30: =N30*$E30 -> 0 | Q30: =P30*$E30 -> 0 | S30: =R30*$E30 -> 0 | U30: =T30*$E30 -> 0 | W30: =V30*$E30 -> 0 | Y30: =X30*$E30 -> 0 | AA30: =Z30*$E30 -> 0 | AC30: =AB30*$E30 -> 0 | AE30: =AD30*$E30 -> 0 | AF30: =(AD30+AB30+Z30+X30+V30+T30+R30+P30+N30+L30+J30+H30)/1 -> 0 | AG30: =AF30*$E30 -> 0 | AI30: =AH30*$E30 -> 0 | AK30: =AJ30*$E30 -> 0 | AM30: =AL30*$E30 -> 0 | AO30: =AN30*$E30 -> 0 | AQ30: =AP30*$E30 -> 0 | AS30: =AR30*$E30 -> 0 | AU30: =AT30*$E30 -> 0 | AW30: =AV30*$E30 -> 0 | AY30: =AX30*$E30 -> 0 | BA30: =AZ30*$E30 -> 0 | BC30: =BB30*$E30 -> 0 | BE30: =BD30*$E30 -> 0 | BF30: =(BD30+BB30+AZ30+AX30+AV30+AT30+AR30+AP30+AN30+AL30+AJ30+AH30)/1 -> 0 | BG30: =BF30*$E30 -> 0 | BI30: =BH30*$E30 -> 0 | BK30: =BJ30*$E30 -> 0 | BM30: =BL30*$E30 -> 0 | BO30: =BN30*$E30 -> 0 | BQ30: =BP30*$E30 -> 0 | BS30: =BR30*$E30 -> 0 | BU30: =BT30*$E30 -> 0 | BW30: =BV30*$E30 -> 0 | BY30: =BX30*$E30 -> 0 | CA30: =BZ30*$E30 -> 0 | CC30: =CB30*$E30 -> 0 | CE30: =CD30*$E30 -> 0 | CF30: =(CD30+CB30+BZ30+BX30+BV30+BT30+BR30+BP30+BN30+BL30+BJ30+BH30)/1 -> 0 | CG30: =CF30*$E30 -> 0 | CI30: =CH30*$E30 -> 0 | CK30: =CJ30*$E30 -> 0 | CM30: =CL30*$E30 -> 0 | CO30: =CN30*$E30 -> 0 | CQ30: =CP30*$E30 -> 0 | CS30: =CR30*$E30 -> 0 | CU30: =CT30*$E30 -> 0 | CW30: =CV30*$E30 -> 0 | CY30: =CX30*$E30 -> 0 | DA30: =CZ30*$E30 -> 0 | DC30: =DB30*$E30 -> 0 | DE30: =DD30*$E30 -> 0 | DF30: =SUM(CH30,CJ30,CL30,CN30,CP30,CR30,CT30,CV30,CX30,CZ30,DB30,DD30)/1 -> 0 | DG30: =DF30*$E30 -> 0
A31: 24 | B31: Zayawaddy Red(1 Liter)30% | C31: ‌ကော်ဘူး | D31: =RANK(DF31,$DF$4:$DF$147) -> 29 | E31: 1 | F31: 1 * 12 | G31: 1680 | H31: 96 | I31: =H31*$E31 -> 96 | J31: 84 | K31: =J31*$E31 -> 84 | L31: 432 | M31: =L31*$E31 -> 432 | N31: 60 | O31: =N31*$E31 -> 60 | P31: 204 | Q31: =P31*$E31 -> 204 | S31: =R31*$E31 -> 0 | T31: 216 | U31: =T31*$E31 -> 216 | W31: =V31*$E31 -> 0 | Y31: =X31*$E31 -> 0 | AA31: =Z31*$E31 -> 0 | AC31: =AB31*$E31 -> 0 | AE31: =AD31*$E31 -> 0 | AF31: =(AD31+AB31+Z31+X31+V31+T31+R31+P31+N31+L31+J31+H31)/1 -> 1092 | AG31: =AF31*$E31 -> 1092 | AI31: =AH31*$E31 -> 0 | AK31: =AJ31*$E31 -> 0 | AM31: =AL31*$E31 -> 0 | AO31: =AN31*$E31 -> 0 | AQ31: =AP31*$E31 -> 0 | AS31: =AR31*$E31 -> 0 | AU31: =AT31*$E31 -> 0 | AW31: =AV31*$E31 -> 0 | AX31: 36 | AY31: =AX31*$E31 -> 36 | BA31: =AZ31*$E31 -> 0 | BB31: 48 | BC31: =BB31*$E31 -> 48 | BE31: =BD31*$E31 -> 0 | BF31: =(BD31+BB31+AZ31+AX31+AV31+AT31+AR31+AP31+AN31+AL31+AJ31+AH31)/1 -> 84 | BG31: =BF31*$E31 -> 84 | BH31: 144 | BI31: =BH31*$E31 -> 144 | BJ31: 72 | BK31: =BJ31*$E31 -> 72 | BL31: 72 | BM31: =BL31*$E31 -> 72 | BN31: 156 | BO31: =BN31*$E31 -> 156 | BP31: 96 | BQ31: =BP31*$E31 -> 96 | BR31: 120 | BS31: =BR31*$E31 -> 120 | BT31: 24 | BU31: =BT31*$E31 -> 24 | BV31: 25 | BW31: =BV31*$E31 -> 25 | BX31: 36 | BY31: =BX31*$E31 -> 36 | BZ31: 84 | CA31: =BZ31*$E31 -> 84 | CB31: 84 | CC31: =CB31*$E31 -> 84 | CD31: 72 | CE31: =CD31*$E31 -> 72 | CF31: =(CD31+CB31+BZ31+BX31+BV31+BT31+BR31+BP31+BN31+BL31+BJ31+BH31)/1 -> 985 | CG31: =CF31*$E31 -> 985 | CI31: =CH31*$E31 -> 0 | CK31: =CJ31*$E31 -> 0 | CM31: =CL31*$E31 -> 0 | CO31: =CN31*$E31 -> 0 | CP31: 72 | CQ31: =CP31*$E31 -> 72 | CS31: =CR31*$E31 -> 0 | CU31: =CT31*$E31 -> 0 | CV31: 12 | CW31: =CV31*$E31 -> 12 | CY31: =CX31*$E31 -> 0 | DA31: =CZ31*$E31 -> 0 | DC31: =DB31*$E31 -> 0 | DE31: =DD31*$E31 -> 0 | DF31: =SUM(CH31,CJ31,CL31,CN31,CP31,CR31,CT31,CV31,CX31,CZ31,DB31,DD31)/1 -> 84 | DG31: =DF31*$E31 -> 84 | DH31: 36 | DI31: =DH31*$E31 -> 36 | DK31: =DJ31*$E31 -> 0 | DM31: =DL31*$E31 -> 0 | DO31: =DN31*$E31 -> 0 | DQ31: =DP31*$E31 -> 0 | DS31: =DR31*$E31 -> 0 | DU31: =DT31*$E31 -> 0 | DW31: =DV31*$E31 -> 0 | DY31: =DX31*$E31 -> 0 | EA31: =DZ31*$E31 -> 0 | EC31: =EB31*$E31 -> 0 | EE31: =ED31*$E31 -> 0 | EF31: =SUM(DH31,DJ31,DL31,DN31,DP31,DR31,DT31,DV31,DX31,DZ31,EB31,ED31) -> 36 | EG31: =SUM(DI31,DK31,DM31,DO31,DQ31,DS31,DU31,DW31,DY31,EA31,EC31,EE31) -> 36
A32: 25 | B32: Zayawaddy Red(1 Liter)40% | C32: ‌ကော်ဘူး | D32: =RANK(DF32,$DF$4:$DF$147) -> 20 | E32: 1 | F32: 1 * 12 | G32: 1930 | H32: 528 | I32: =H32*$E32 -> 528 | J32: 552 | K32: =J32*$E32 -> 552 | L32: 288 | M32: =L32*$E32 -> 288 | N32: 432 | O32: =N32*$E32 -> 432 | P32: 251 | Q32: =P32*$E32 -> 251 | R32: 504 | S32: =R32*$E32 -> 504 | T32: 216 | U32: =T32*$E32 -> 216 | V32: 324 | W32: =V32*$E32 -> 324 | X32: 480 | Y32: =X32*$E32 -> 480 | Z32: 348 | AA32: =Z32*$E32 -> 348 | AB32: 276 | AC32: =AB32*$E32 -> 276 | AD32: 384 | AE32: =AD32*$E32 -> 384 | AF32: =(AD32+AB32+Z32+X32+V32+T32+R32+P32+N32+L32+J32+H32)/1 -> 4583 | AG32: =AF32*$E32 -> 4583 | AH32: 264 | AI32: =AH32*$E32 -> 264 | AJ32: 300 | AK32: =AJ32*$E32 -> 300 | AL32: 396 | AM32: =AL32*$E32 -> 396 | AN32: 324 | AO32: =AN32*$E32 -> 324 | AP32: 420 | AQ32: =AP32*$E32 -> 420 | AR32: 408 | AS32: =AR32*$E32 -> 408 | AT32: 216 | AU32: =AT32*$E32 -> 216 | AV32: 443 | AW32: =AV32*$E32 -> 443 | AX32: 408 | AY32: =AX32*$E32 -> 408 | AZ32: 407 | BA32: =AZ32*$E32 -> 407 | BB32: 480 | BC32: =BB32*$E32 -> 480 | BD32: 348 | BE32: =BD32*$E32 -> 348 | BF32: =(BD32+BB32+AZ32+AX32+AV32+AT32+AR32+AP32+AN32+AL32+AJ32+AH32)/1 -> 4414 | BG32: =BF32*$E32 -> 4414 | BH32: 348 | BI32: =BH32*$E32 -> 348 | BJ32: 372 | BK32: =BJ32*$E32 -> 372 | BL32: 468 | BM32: =BL32*$E32 -> 468 | BN32: 324 | BO32: =BN32*$E32 -> 324 | BP32: 384 | BQ32: =BP32*$E32 -> 384 | BR32: 504 | BS32: =BR32*$E32 -> 504 | BT32: 468 | BU32: =BT32*$E32 -> 468 | BV32: 217 | BW32: =BV32*$E32 -> 217 | BX32: 480 | BY32: =BX32*$E32 -> 480 | BZ32: 264 | CA32: =BZ32*$E32 -> 264 | CB32: 564 | CC32: =CB32*$E32 -> 564 | CD32: 792 | CE32: =CD32*$E32 -> 792 | CF32: =(CD32+CB32+BZ32+BX32+BV32+BT32+BR32+BP32+BN32+BL32+BJ32+BH32)/1 -> 5185 | CG32: =CF32*$E32 -> 5185 | CH32: 744 | CI32: =CH32*$E32 -> 744 | CJ32: 708 | CK32: =CJ32*$E32 -> 708 | CL32: 1164 | CM32: =CL32*$E32 -> 1164 | CN32: 744 | CO32: =CN32*$E32 -> 744 | CP32: 1123 | CQ32: =CP32*$E32 -> 1123 | CR32: 1032 | CS32: =CR32*$E32 -> 1032 | CT32: 924 | CU32: =CT32*$E32 -> 924 | CV32: 984 | CW32: =CV32*$E32 -> 984 | CX32: 720 | CY32: =CX32*$E32 -> 720 | CZ32: 864 | DA32: =CZ32*$E32 -> 864 | DB32: 960 | DC32: =DB32*$E32 -> 960 | DD32: 948 | DE32: =DD32*$E32 -> 948 | DF32: =SUM(CH32,CJ32,CL32,CN32,CP32,CR32,CT32,CV32,CX32,CZ32,DB32,DD32)/1 -> 10915 | DG32: =DF32*$E32 -> 10915 | DH32: 960 | DI32: =DH32*$E32 -> 960 | DJ32: 300 | DK32: =DJ32*$E32 -> 300 | DM32: =DL32*$E32 -> 0 | DO32: =DN32*$E32 -> 0 | DQ32: =DP32*$E32 -> 0 | DS32: =DR32*$E32 -> 0 | DU32: =DT32*$E32 -> 0 | DW32: =DV32*$E32 -> 0 | DY32: =DX32*$E32 -> 0 | EA32: =DZ32*$E32 -> 0 | EC32: =EB32*$E32 -> 0 | EE32: =ED32*$E32 -> 0 | EF32: =SUM(DH32,DJ32,DL32,DN32,DP32,DR32,DT32,DV32,DX32,DZ32,EB32,ED32) -> 1260 | EG32: =SUM(DI32,DK32,DM32,DO32,DQ32,DS32,DU32,DW32,DY32,EA32,EC32,EE32) -> 1260
A33: 26 | B33: Zayawaddy Red(0.6 Liter)30% | C33: ‌ကော်ဘူး | D33: =RANK(DF33,$DF$4:$DF$147) -> 31 | E33: 0.6 | F33: 1 * 12 | G33: 1110 | I33: =H33*$E33 -> 0 | K33: =J33*$E33 -> 0 | M33: =L33*$E33 -> 0 | O33: =N33*$E33 -> 0 | Q33: =P33*$E33 -> 0 | S33: =R33*$E33 -> 0 | U33: =T33*$E33 -> 0 | W33: =V33*$E33 -> 0 | Y33: =X33*$E33 -> 0 | AA33: =Z33*$E33 -> 0 | AC33: =AB33*$E33 -> 0 | AE33: =AD33*$E33 -> 0 | AF33: =(AD33+AB33+Z33+X33+V33+T33+R33+P33+N33+L33+J33+H33)/1 -> 0 | AG33: =AF33*$E33 -> 0 | AI33: =AH33*$E33 -> 0 | AK33: =AJ33*$E33 -> 0 | AM33: =AL33*$E33 -> 0 | AO33: =AN33*$E33 -> 0 | AQ33: =AP33*$E33 -> 0 | AS33: =AR33*$E33 -> 0 | AU33: =AT33*$E33 -> 0 | AW33: =AV33*$E33 -> 0 | AY33: =AX33*$E33 -> 0 | AZ33: 36 | BA33: =AZ33*$E33 -> 21.6 | BB33: 60 | BC33: =BB33*$E33 -> 36 | BE33: =BD33*$E33 -> 0 | BF33: =(BD33+BB33+AZ33+AX33+AV33+AT33+AR33+AP33+AN33+AL33+AJ33+AH33)/1 -> 96 | BG33: =BF33*$E33 -> 57.6 | BH33: 453 | BI33: =BH33*$E33 -> 271.8 | BJ33: 96 | BK33: =BJ33*$E33 -> 57.6 | BL33: 12 | BM33: =BL33*$E33 -> 7.2 | BN33: 0 | BO33: =BN33*$E33 -> 0 | BP33: 0 | BQ33: =BP33*$E33 -> 0 | BR33: 0 | BS33: =BR33*$E33 -> 0 | BT33: 0 | BU33: =BT33*$E33 -> 0 | BV33: 0 | BW33: =BV33*$E33 -> 0 | BX33: 0 | BY33: =BX33*$E33 -> 0 | CA33: =BZ33*$E33 -> 0 | CC33: =CB33*$E33 -> 0 | CE33: =CD33*$E33 -> 0 | CF33: =(CD33+CB33+BZ33+BX33+BV33+BT33+BR33+BP33+BN33+BL33+BJ33+BH33)/1 -> 561 | CG33: =CF33*$E33 -> 336.6 | CI33: =CH33*$E33 -> 0 | CK33: =CJ33*$E33 -> 0 | CM33: =CL33*$E33 -> 0 | CO33: =CN33*$E33 -> 0 | CQ33: =CP33*$E33 -> 0 | CS33: =CR33*$E33 -> 0 | CU33: =CT33*$E33 -> 0 | CW33: =CV33*$E33 -> 0 | CY33: =CX33*$E33 -> 0 | DA33: =CZ33*$E33 -> 0 | DC33: =DB33*$E33 -> 0 | DE33: =DD33*$E33 -> 0 | DF33: =SUM(CH33,CJ33,CL33,CN33,CP33,CR33,CT33,CV33,CX33,CZ33,DB33,DD33)/1 -> 0 | DG33: =DF33*$E33 -> 0 | DI33: =DH33*$E33 -> 0 | DK33: =DJ33*$E33 -> 0 | DM33: =DL33*$E33 -> 0 | DO33: =DN33*$E33 -> 0 | DQ33: =DP33*$E33 -> 0 | DS33: =DR33*$E33 -> 0 | DU33: =DT33*$E33 -> 0 | DW33: =DV33*$E33 -> 0 | DY33: =DX33*$E33 -> 0 | EA33: =DZ33*$E33 -> 0 | EC33: =EB33*$E33 -> 0 | EE33: =ED33*$E33 -> 0 | EF33: =SUM(DH33,DJ33,DL33,DN33,DP33,DR33,DT33,DV33,DX33,DZ33,EB33,ED33) -> 0 | EG33: =SUM(DI33,DK33,DM33,DO33,DQ33,DS33,DU33,DW33,DY33,EA33,EC33,EE33) -> 0
A34: 27 | B34: Zayawaddy Red(0.6 Liter)40% | C34: ‌ကော်ဘူး | D34: =RANK(DF34,$DF$4:$DF$147) -> 31 | E34: 0.6 | F34: 1 * 12 | G34: 1330 | I34: =H34*$E34 -> 0 | K34: =J34*$E34 -> 0 | M34: =L34*$E34 -> 0 | O34: =N34*$E34 -> 0 | Q34: =P34*$E34 -> 0 | S34: =R34*$E34 -> 0 | U34: =T34*$E34 -> 0 | W34: =V34*$E34 -> 0 | Y34: =X34*$E34 -> 0 | AA34: =Z34*$E34 -> 0 | AB34: 132 | AC34: =AB34*$E34 -> 79.2 | AE34: =AD34*$E34 -> 0 | AF34: =(AD34+AB34+Z34+X34+V34+T34+R34+P34+N34+L34+J34+H34)/1 -> 132 | AG34: =AF34*$E34 -> 79.2 | AI34: =AH34*$E34 -> 0 | AK34: =AJ34*$E34 -> 0 | AM34: =AL34*$E34 -> 0 | AO34: =AN34*$E34 -> 0 | AQ34: =AP34*$E34 -> 0 | AS34: =AR34*$E34 -> 0 | AU34: =AT34*$E34 -> 0 | AW34: =AV34*$E34 -> 0 | AY34: =AX34*$E34 -> 0 | BA34: =AZ34*$E34 -> 0 | BC34: =BB34*$E34 -> 0 | BE34: =BD34*$E34 -> 0 | BF34: =(BD34+BB34+AZ34+AX34+AV34+AT34+AR34+AP34+AN34+AL34+AJ34+AH34)/1 -> 0 | BG34: =BF34*$E34 -> 0 | BH34: 0 | BI34: =BH34*$E34 -> 0 | BJ34: 0 | BK34: =BJ34*$E34 -> 0 | BL34: 12 | BM34: =BL34*$E34 -> 7.2 | BN34: 0 | BO34: =BN34*$E34 -> 0 | BP34: 0 | BQ34: =BP34*$E34 -> 0 | BR34: 0 | BS34: =BR34*$E34 -> 0 | BT34: 0 | BU34: =BT34*$E34 -> 0 | BV34: 0 | BW34: =BV34*$E34 -> 0 | BX34: 0 | BY34: =BX34*$E34 -> 0 | CA34: =BZ34*$E34 -> 0 | CC34: =CB34*$E34 -> 0 | CE34: =CD34*$E34 -> 0 | CF34: =(CD34+CB34+BZ34+BX34+BV34+BT34+BR34+BP34+BN34+BL34+BJ34+BH34)/1 -> 12 | CG34: =CF34*$E34 -> 7.2 | CI34: =CH34*$E34 -> 0 | CK34: =CJ34*$E34 -> 0 | CM34: =CL34*$E34 -> 0 | CO34: =CN34*$E34 -> 0 | CQ34: =CP34*$E34 -> 0 | CS34: =CR34*$E34 -> 0 | CU34: =CT34*$E34 -> 0 | CW34: =CV34*$E34 -> 0 | CY34: =CX34*$E34 -> 0 | DA34: =CZ34*$E34 -> 0 | DC34: =DB34*$E34 -> 0 | DE34: =DD34*$E34 -> 0 | DF34: =SUM(CH34,CJ34,CL34,CN34,CP34,CR34,CT34,CV34,CX34,CZ34,DB34,DD34)/1 -> 0 | DG34: =DF34*$E34 -> 0 | DI34: =DH34*$E34 -> 0 | DK34: =DJ34*$E34 -> 0 | DM34: =DL34*$E34 -> 0 | DO34: =DN34*$E34 -> 0 | DQ34: =DP34*$E34 -> 0 | DS34: =DR34*$E34 -> 0 | DU34: =DT34*$E34 -> 0 | DW34: =DV34*$E34 -> 0 | DY34: =DX34*$E34 -> 0 | EA34: =DZ34*$E34 -> 0 | EC34: =EB34*$E34 -> 0 | EE34: =ED34*$E34 -> 0 | EF34: =SUM(DH34,DJ34,DL34,DN34,DP34,DR34,DT34,DV34,DX34,DZ34,EB34,ED34) -> 0 | EG34: =SUM(DI34,DK34,DM34,DO34,DQ34,DS34,DU34,DW34,DY34,EA34,EC34,EE34) -> 0
A35: 28 | B35: Zayawaddy Red(0.35 Liter)40% | C35: ‌ကော်ဘူး | D35: =RANK(DF35,$DF$4:$DF$147) -> 31 | E35: 0.35 | F35: 1 * 40 | G35: 900 | H35: 340 | I35: =H35*$E35 -> 119 | J35: 260 | K35: =J35*$E35 -> 91 | L35: 360 | M35: =L35*$E35 -> 126 | N35: 280 | O35: =N35*$E35 -> 98 | P35: 240 | Q35: =P35*$E35 -> 84 | R35: 200 | S35: =R35*$E35 -> 70 | T35: 240 | U35: =T35*$E35 -> 84 | V35: 160 | W35: =V35*$E35 -> 56 | X35: 200 | Y35: =X35*$E35 -> 70 | Z35: 120 | AA35: =Z35*$E35 -> 42 | AB35: 160 | AC35: =AB35*$E35 -> 56 | AD35: 80 | AE35: =AD35*$E35 -> 28 | AF35: =(AD35+AB35+Z35+X35+V35+T35+R35+P35+N35+L35+J35+H35)/1 -> 2640 | AG35: =AF35*$E35 -> 924 | AH35: 80 | AI35: =AH35*$E35 -> 28 | AJ35: 120 | AK35: =AJ35*$E35 -> 42 | AL35: 240 | AM35: =AL35*$E35 -> 84 | AN35: 40 | AO35: =AN35*$E35 -> 14 | AP35: 160 | AQ35: =AP35*$E35 -> 56 | AR35: 100 | AS35: =AR35*$E35 -> 35 | AT35: 40 | AU35: =AT35*$E35 -> 14 | AV35: 80 | AW35: =AV35*$E35 -> 28 | AX35: 80 | AY35: =AX35*$E35 -> 28 | AZ35: 80 | BA35: =AZ35*$E35 -> 28 | BB35: 120 | BC35: =BB35*$E35 -> 42 | BE35: =BD35*$E35 -> 0 | BF35: =(BD35+BB35+AZ35+AX35+AV35+AT35+AR35+AP35+AN35+AL35+AJ35+AH35)/1 -> 1140 | BG35: =BF35*$E35 -> 399 | BH35: 80 | BI35: =BH35*$E35 -> 28 | BJ35: 80 | BK35: =BJ35*$E35 -> 28 | BL35: 200 | BM35: =BL35*$E35 -> 70 | BN35: 40 | BO35: =BN35*$E35 -> 14 | BP35: 80 | BQ35: =BP35*$E35 -> 28 | BR35: 120 | BS35: =BR35*$E35 -> 42 | BT35: 120 | BU35: =BT35*$E35 -> 42 | BV35: 120 | BW35: =BV35*$E35 -> 42 | BX35: 120 | BY35: =BX35*$E35 -> 42 | BZ35: 160 | CA35: =BZ35*$E35 -> 56 | CB35: 160 | CC35: =CB35*$E35 -> 56 | CE35: =CD35*$E35 -> 0 | CF35: =(CD35+CB35+BZ35+BX35+BV35+BT35+BR35+BP35+BN35+BL35+BJ35+BH35)/1 -> 1280 | CG35: =CF35*$E35 -> 448 | CI35: =CH35*$E35 -> 0 | CK35: =CJ35*$E35 -> 0 | CM35: =CL35*$E35 -> 0 | CO35: =CN35*$E35 -> 0 | CQ35: =CP35*$E35 -> 0 | CS35: =CR35*$E35 -> 0 | CU35: =CT35*$E35 -> 0 | CW35: =CV35*$E35 -> 0 | CY35: =CX35*$E35 -> 0 | DA35: =CZ35*$E35 -> 0 | DC35: =DB35*$E35 -> 0 | DE35: =DD35*$E35 -> 0 | DF35: =SUM(CH35,CJ35,CL35,CN35,CP35,CR35,CT35,CV35,CX35,CZ35,DB35,DD35)/1 -> 0 | DG35: =DF35*$E35 -> 0 | DI35: =DH35*$E35 -> 0 | DK35: =DJ35*$E35 -> 0 | DM35: =DL35*$E35 -> 0 | DO35: =DN35*$E35 -> 0 | DQ35: =DP35*$E35 -> 0 | DS35: =DR35*$E35 -> 0 | DU35: =DT35*$E35 -> 0 | DW35: =DV35*$E35 -> 0 | DY35: =DX35*$E35 -> 0 | EA35: =DZ35*$E35 -> 0 | EC35: =EB35*$E35 -> 0 | EE35: =ED35*$E35 -> 0 | EF35: =SUM(DH35,DJ35,DL35,DN35,DP35,DR35,DT35,DV35,DX35,DZ35,EB35,ED35) -> 0 | EG35: =SUM(DI35,DK35,DM35,DO35,DQ35,DS35,DU35,DW35,DY35,EA35,EC35,EE35) -> 0
A36: 29 | B36: ဇေယျဝတီ Smooth (စိမ်း) | C36: ပုလင်း | D36: =RANK(DF36,$DF$4:$DF$147) -> 31 | E36: 0.7 | F36: 1 * 12 | I36: =H36*$E36 -> 0 | K36: =J36*$E36 -> 0 | M36: =L36*$E36 -> 0 | O36: =N36*$E36 -> 0 | Q36: =P36*$E36 -> 0 | S36: =R36*$E36 -> 0 | U36: =T36*$E36 -> 0 | W36: =V36*$E36 -> 0 | Y36: =X36*$E36 -> 0 | AA36: =Z36*$E36 -> 0 | AC36: =AB36*$E36 -> 0 | AE36: =AD36*$E36 -> 0 | AF36: =(AD36+AB36+Z36+X36+V36+T36+R36+P36+N36+L36+J36+H36)/1 -> 0 | AG36: =AF36*$E36 -> 0 | AI36: =AH36*$E36 -> 0 | AK36: =AJ36*$E36 -> 0 | AM36: =AL36*$E36 -> 0 | AO36: =AN36*$E36 -> 0 | AQ36: =AP36*$E36 -> 0 | AS36: =AR36*$E36 -> 0 | AU36: =AT36*$E36 -> 0 | AW36: =AV36*$E36 -> 0 | AY36: =AX36*$E36 -> 0 | BA36: =AZ36*$E36 -> 0 | BC36: =BB36*$E36 -> 0 | BE36: =BD36*$E36 -> 0 | BF36: =(BD36+BB36+AZ36+AX36+AV36+AT36+AR36+AP36+AN36+AL36+AJ36+AH36)/1 -> 0 | BG36: =BF36*$E36 -> 0 | BI36: =BH36*$E36 -> 0 | BK36: =BJ36*$E36 -> 0 | BM36: =BL36*$E36 -> 0 | BO36: =BN36*$E36 -> 0 | BQ36: =BP36*$E36 -> 0 | BS36: =BR36*$E36 -> 0 | BU36: =BT36*$E36 -> 0 | BW36: =BV36*$E36 -> 0 | BY36: =BX36*$E36 -> 0 | CA36: =BZ36*$E36 -> 0 | CC36: =CB36*$E36 -> 0 | CE36: =CD36*$E36 -> 0 | CF36: =(CD36+CB36+BZ36+BX36+BV36+BT36+BR36+BP36+BN36+BL36+BJ36+BH36)/1 -> 0 | CG36: =CF36*$E36 -> 0 | CI36: =CH36*$E36 -> 0 | CK36: =CJ36*$E36 -> 0 | CM36: =CL36*$E36 -> 0 | CO36: =CN36*$E36 -> 0 | CQ36: =CP36*$E36 -> 0 | CS36: =CR36*$E36 -> 0 | CU36: =CT36*$E36 -> 0 | CW36: =CV36*$E36 -> 0 | CY36: =CX36*$E36 -> 0 | DA36: =CZ36*$E36 -> 0 | DC36: =DB36*$E36 -> 0 | DE36: =DD36*$E36 -> 0 | DF36: =SUM(CH36,CJ36,CL36,CN36,CP36,CR36,CT36,CV36,CX36,CZ36,DB36,DD36)/1 -> 0 | DG36: =DF36*$E36 -> 0 | DI36: =DH36*$E36 -> 0 | DK36: =DJ36*$E36 -> 0 | DM36: =DL36*$E36 -> 0 | DO36: =DN36*$E36 -> 0 | DQ36: =DP36*$E36 -> 0 | DS36: =DR36*$E36 -> 0 | DU36: =DT36*$E36 -> 0 | DW36: =DV36*$E36 -> 0 | DY36: =DX36*$E36 -> 0 | EA36: =DZ36*$E36 -> 0 | EC36: =EB36*$E36 -> 0 | EE36: =ED36*$E36 -> 0 | EF36: =SUM(DH36,DJ36,DL36,DN36,DP36,DR36,DT36,DV36,DX36,DZ36,EB36,ED36) -> 0 | EG36: =SUM(DI36,DK36,DM36,DO36,DQ36,DS36,DU36,DW36,DY36,EA36,EC36,EE36) -> 0
A37: 30 | B37: Zayawaddy Red | C37: ပုလင်း | D37: =RANK(DF37,$DF$4:$DF$147) -> 31 | E37: 0.7 | F37: 1 * 12 | I37: =H37*$E37 -> 0 | K37: =J37*$E37 -> 0 | M37: =L37*$E37 -> 0 | O37: =N37*$E37 -> 0 | Q37: =P37*$E37 -> 0 | S37: =R37*$E37 -> 0 | U37: =T37*$E37 -> 0 | W37: =V37*$E37 -> 0 | Y37: =X37*$E37 -> 0 | AA37: =Z37*$E37 -> 0 | AC37: =AB37*$E37 -> 0 | AE37: =AD37*$E37 -> 0 | AF37: =(AD37+AB37+Z37+X37+V37+T37+R37+P37+N37+L37+J37+H37)/1 -> 0 | AG37: =AF37*$E37 -> 0 | AI37: =AH37*$E37 -> 0 | AK37: =AJ37*$E37 -> 0 | AM37: =AL37*$E37 -> 0 | AO37: =AN37*$E37 -> 0 | AQ37: =AP37*$E37 -> 0 | AS37: =AR37*$E37 -> 0 | AU37: =AT37*$E37 -> 0 | AW37: =AV37*$E37 -> 0 | AY37: =AX37*$E37 -> 0 | BA37: =AZ37*$E37 -> 0 | BC37: =BB37*$E37 -> 0 | BE37: =BD37*$E37 -> 0 | BF37: =(BD37+BB37+AZ37+AX37+AV37+AT37+AR37+AP37+AN37+AL37+AJ37+AH37)/1 -> 0 | BG37: =BF37*$E37 -> 0 | BI37: =BH37*$E37 -> 0 | BK37: =BJ37*$E37 -> 0 | BM37: =BL37*$E37 -> 0 | BO37: =BN37*$E37 -> 0 | BQ37: =BP37*$E37 -> 0 | BS37: =BR37*$E37 -> 0 | BU37: =BT37*$E37 -> 0 | BW37: =BV37*$E37 -> 0 | BY37: =BX37*$E37 -> 0 | CA37: =BZ37*$E37 -> 0 | CC37: =CB37*$E37 -> 0 | CE37: =CD37*$E37 -> 0 | CF37: =(CD37+CB37+BZ37+BX37+BV37+BT37+BR37+BP37+BN37+BL37+BJ37+BH37)/1 -> 0 | CG37: =CF37*$E37 -> 0 | CI37: =CH37*$E37 -> 0 | CK37: =CJ37*$E37 -> 0 | CM37: =CL37*$E37 -> 0 | CO37: =CN37*$E37 -> 0 | CQ37: =CP37*$E37 -> 0 | CS37: =CR37*$E37 -> 0 | CU37: =CT37*$E37 -> 0 | CW37: =CV37*$E37 -> 0 | CY37: =CX37*$E37 -> 0 | DA37: =CZ37*$E37 -> 0 | DC37: =DB37*$E37 -> 0 | DE37: =DD37*$E37 -> 0 | DF37: =SUM(CH37,CJ37,CL37,CN37,CP37,CR37,CT37,CV37,CX37,CZ37,DB37,DD37)/1 -> 0 | DG37: =DF37*$E37 -> 0 | DI37: =DH37*$E37 -> 0 | DK37: =DJ37*$E37 -> 0 | DM37: =DL37*$E37 -> 0 | DO37: =DN37*$E37 -> 0 | DQ37: =DP37*$E37 -> 0 | DS37: =DR37*$E37 -> 0 | DU37: =DT37*$E37 -> 0 | DW37: =DV37*$E37 -> 0 | DY37: =DX37*$E37 -> 0 | EA37: =DZ37*$E37 -> 0 | EC37: =EB37*$E37 -> 0 | EE37: =ED37*$E37 -> 0 | EF37: =SUM(DH37,DJ37,DL37,DN37,DP37,DR37,DT37,DV37,DX37,DZ37,EB37,ED37) -> 0 | EG37: =SUM(DI37,DK37,DM37,DO37,DQ37,DS37,DU37,DW37,DY37,EA37,EC37,EE37) -> 0
A38: 31 | B38: Zeyawaddy Rum (43%) | C38: ပုလင်း | D38: =RANK(DF38,$DF$4:$DF$147) -> 23 | E38: 0.68 | F38: 1 * 12 | G38: 1500 | I38: =H38*$E38 -> 0 | K38: =J38*$E38 -> 0 | M38: =L38*$E38 -> 0 | O38: =N38*$E38 -> 0 | Q38: =P38*$E38 -> 0 | S38: =R38*$E38 -> 0 | U38: =T38*$E38 -> 0 | W38: =V38*$E38 -> 0 | Y38: =X38*$E38 -> 0 | AA38: =Z38*$E38 -> 0 | AC38: =AB38*$E38 -> 0 | AE38: =AD38*$E38 -> 0 | AF38: =(AD38+AB38+Z38+X38+V38+T38+R38+P38+N38+L38+J38+H38)/1 -> 0 | AG38: =AF38*$E38 -> 0 | AI38: =AH38*$E38 -> 0 | AK38: =AJ38*$E38 -> 0 | AL38: 145 | AM38: =AL38*$E38 -> 98.6 | AN38: 4206 | AO38: =AN38*$E38 -> 2860.08 | AP38: 2701 | AQ38: =AP38*$E38 -> 1836.68 | AR38: 2106 | AS38: =AR38*$E38 -> 1432.08 | AT38: 1867 | AU38: =AT38*$E38 -> 1269.56 | AV38: 682 | AW38: =AV38*$E38 -> 463.76 | AX38: 1791 | AY38: =AX38*$E38 -> 1217.88 | AZ38: 570 | BA38: =AZ38*$E38 -> 387.6 | BC38: =BB38*$E38 -> 0 | BD38: 236 | BE38: =BD38*$E38 -> 160.48 | BF38: =(BD38+BB38+AZ38+AX38+AV38+AT38+AR38+AP38+AN38+AL38+AJ38+AH38)/1 -> 14304 | BG38: =BF38*$E38 -> 9726.72 | BH38: 1560 | BI38: =BH38*$E38 -> 1060.8 | BJ38: 1290 | BK38: =BJ38*$E38 -> 877.2 | BL38: 734 | BM38: =BL38*$E38 -> 499.12 | BN38: 924 | BO38: =BN38*$E38 -> 628.32 | BP38: 816 | BQ38: =BP38*$E38 -> 554.88 | BR38: 180 | BS38: =BR38*$E38 -> 122.4 | BT38: 69 | BU38: =BT38*$E38 -> 46.92 | BV38: 756 | BW38: =BV38*$E38 -> 514.08 | BX38: 119 | BY38: =BX38*$E38 -> 80.92 | BZ38: 337 | CA38: =BZ38*$E38 -> 229.16 | CC38: =CB38*$E38 -> 0 | CD38: 168 | CE38: =CD38*$E38 -> 114.24 | CF38: =(CD38+CB38+BZ38+BX38+BV38+BT38+BR38+BP38+BN38+BL38+BJ38+BH38)/1 -> 6953 | CG38: =CF38*$E38 -> 4728.04 | CH38: 252 | CI38: =CH38*$E38 -> 171.36 | CJ38: 444 | CK38: =CJ38*$E38 -> 301.92 | CL38: 636 | CM38: =CL38*$E38 -> 432.48 | CN38: 540 | CO38: =CN38*$E38 -> 367.2 | CP38: 540 | CQ38: =CP38*$E38 -> 367.2 | CR38: 468 | CS38: =CR38*$E38 -> 318.24 | CT38: 528 | CU38: =CT38*$E38 -> 359.04 | CV38: 240 | CW38: =CV38*$E38 -> 163.2 | CX38: 408 | CY38: =CX38*$E38 -> 277.44 | CZ38: 408 | DA38: =CZ38*$E38 -> 277.44 | DB38: 396 | DC38: =DB38*$E38 -> 269.28 | DD38: 504 | DE38: =DD38*$E38 -> 342.72 | DF38: =SUM(CH38,CJ38,CL38,CN38,CP38,CR38,CT38,CV38,CX38,CZ38,DB38,DD38)/1 -> 5364 | DG38: =DF38*$E38 -> 3647.52 | DH38: 360 | DI38: =DH38*$E38 -> 244.8 | DK38: =DJ38*$E38 -> 0 | DM38: =DL38*$E38 -> 0 | DO38: =DN38*$E38 -> 0 | DQ38: =DP38*$E38 -> 0 | DS38: =DR38*$E38 -> 0 | DU38: =DT38*$E38 -> 0 | DW38: =DV38*$E38 -> 0 | DY38: =DX38*$E38 -> 0 | EA38: =DZ38*$E38 -> 0 | EC38: =EB38*$E38 -> 0 | EE38: =ED38*$E38 -> 0 | EF38: =SUM(DH38,DJ38,DL38,DN38,DP38,DR38,DT38,DV38,DX38,DZ38,EB38,ED38) -> 360 | EG38: =SUM(DI38,DK38,DM38,DO38,DQ38,DS38,DU38,DW38,DY38,EA38,EC38,EE38) -> 244.8
A39: 32 | B39: Zeyawaddy Rum (43%) | C39: ပုလင်း | D39: =RANK(DF39,$DF$4:$DF$147) -> 31 | E39: 0.64 | F39: 1 * 12 | G39: 1500 | I39: =H39*$E39 -> 0 | K39: =J39*$E39 -> 0 | M39: =L39*$E39 -> 0 | O39: =N39*$E39 -> 0 | Q39: =P39*$E39 -> 0 | S39: =R39*$E39 -> 0 | U39: =T39*$E39 -> 0 | W39: =V39*$E39 -> 0 | Y39: =X39*$E39 -> 0 | AA39: =Z39*$E39 -> 0 | AC39: =AB39*$E39 -> 0 | AE39: =AD39*$E39 -> 0 | AF39: =(AD39+AB39+Z39+X39+V39+T39+R39+P39+N39+L39+J39+H39)/1 -> 0 | AG39: =AF39*$E39 -> 0 | AI39: =AH39*$E39 -> 0 | AK39: =AJ39*$E39 -> 0 | AM39: =AL39*$E39 -> 0 | AO39: =AN39*$E39 -> 0 | AQ39: =AP39*$E39 -> 0 | AS39: =AR39*$E39 -> 0 | AU39: =AT39*$E39 -> 0 | AW39: =AV39*$E39 -> 0 | AY39: =AX39*$E39 -> 0 | BA39: =AZ39*$E39 -> 0 | BC39: =BB39*$E39 -> 0 | BE39: =BD39*$E39 -> 0 | BF39: =(BD39+BB39+AZ39+AX39+AV39+AT39+AR39+AP39+AN39+AL39+AJ39+AH39)/1 -> 0 | BG39: =BF39*$E39 -> 0 | BI39: =BH39*$E39 -> 0 | BK39: =BJ39*$E39 -> 0 | BM39: =BL39*$E39 -> 0 | BO39: =BN39*$E39 -> 0 | BQ39: =BP39*$E39 -> 0 | BS39: =BR39*$E39 -> 0 | BU39: =BT39*$E39 -> 0 | BW39: =BV39*$E39 -> 0 | BY39: =BX39*$E39 -> 0 | CA39: =BZ39*$E39 -> 0 | CC39: =CB39*$E39 -> 0 | CE39: =CD39*$E39 -> 0 | CF39: =(CD39+CB39+BZ39+BX39+BV39+BT39+BR39+BP39+BN39+BL39+BJ39+BH39)/1 -> 0 | CG39: =CF39*$E39 -> 0 | CI39: =CH39*$E39 -> 0 | CK39: =CJ39*$E39 -> 0 | CM39: =CL39*$E39 -> 0 | CO39: =CN39*$E39 -> 0 | CQ39: =CP39*$E39 -> 0 | CS39: =CR39*$E39 -> 0 | CU39: =CT39*$E39 -> 0 | CW39: =CV39*$E39 -> 0 | CY39: =CX39*$E39 -> 0 | DA39: =CZ39*$E39 -> 0 | DC39: =DB39*$E39 -> 0 | DE39: =DD39*$E39 -> 0 | DF39: =SUM(CH39,CJ39,CL39,CN39,CP39,CR39,CT39,CV39,CX39,CZ39,DB39,DD39)/1 -> 0 | DG39: =DF39*$E39 -> 0 | DI39: =DH39*$E39 -> 0 | DK39: =DJ39*$E39 -> 0 | DM39: =DL39*$E39 -> 0 | DO39: =DN39*$E39 -> 0 | DQ39: =DP39*$E39 -> 0 | DS39: =DR39*$E39 -> 0 | DU39: =DT39*$E39 -> 0 | DW39: =DV39*$E39 -> 0 | DY39: =DX39*$E39 -> 0 | EA39: =DZ39*$E39 -> 0 | EC39: =EB39*$E39 -> 0 | EE39: =ED39*$E39 -> 0 | EF39: =SUM(DH39,DJ39,DL39,DN39,DP39,DR39,DT39,DV39,DX39,DZ39,EB39,ED39) -> 0 | EG39: =SUM(DI39,DK39,DM39,DO39,DQ39,DS39,DU39,DW39,DY39,EA39,EC39,EE39) -> 0
A40: 33 | B40: ဇေယျဝတီ Smooth (နီ) | C40: ပုလင်း | D40: =RANK(DF40,$DF$4:$DF$147) -> 31 | E40: 0.64 | F40: 1 * 14 | I40: =H40*$E40 -> 0 | K40: =J40*$E40 -> 0 | M40: =L40*$E40 -> 0 | O40: =N40*$E40 -> 0 | Q40: =P40*$E40 -> 0 | S40: =R40*$E40 -> 0 | U40: =T40*$E40 -> 0 | W40: =V40*$E40 -> 0 | Y40: =X40*$E40 -> 0 | AA40: =Z40*$E40 -> 0 | AC40: =AB40*$E40 -> 0 | AE40: =AD40*$E40 -> 0 | AF40: =(AD40+AB40+Z40+X40+V40+T40+R40+P40+N40+L40+J40+H40)/1 -> 0 | AG40: =AF40*$E40 -> 0 | AI40: =AH40*$E40 -> 0 | AK40: =AJ40*$E40 -> 0 | AM40: =AL40*$E40 -> 0 | AO40: =AN40*$E40 -> 0 | AQ40: =AP40*$E40 -> 0 | AS40: =AR40*$E40 -> 0 | AU40: =AT40*$E40 -> 0 | AW40: =AV40*$E40 -> 0 | AY40: =AX40*$E40 -> 0 | BA40: =AZ40*$E40 -> 0 | BC40: =BB40*$E40 -> 0 | BE40: =BD40*$E40 -> 0 | BF40: =(BD40+BB40+AZ40+AX40+AV40+AT40+AR40+AP40+AN40+AL40+AJ40+AH40)/1 -> 0 | BG40: =BF40*$E40 -> 0 | BI40: =BH40*$E40 -> 0 | BK40: =BJ40*$E40 -> 0 | BM40: =BL40*$E40 -> 0 | BO40: =BN40*$E40 -> 0 | BQ40: =BP40*$E40 -> 0 | BS40: =BR40*$E40 -> 0 | BU40: =BT40*$E40 -> 0 | BW40: =BV40*$E40 -> 0 | BY40: =BX40*$E40 -> 0 | CA40: =BZ40*$E40 -> 0 | CC40: =CB40*$E40 -> 0 | CE40: =CD40*$E40 -> 0 | CF40: =(CD40+CB40+BZ40+BX40+BV40+BT40+BR40+BP40+BN40+BL40+BJ40+BH40)/1 -> 0 | CG40: =CF40*$E40 -> 0 | CI40: =CH40*$E40 -> 0 | CK40: =CJ40*$E40 -> 0 | CM40: =CL40*$E40 -> 0 | CO40: =CN40*$E40 -> 0 | CQ40: =CP40*$E40 -> 0 | CS40: =CR40*$E40 -> 0 | CU40: =CT40*$E40 -> 0 | CW40: =CV40*$E40 -> 0 | CY40: =CX40*$E40 -> 0 | DA40: =CZ40*$E40 -> 0 | DC40: =DB40*$E40 -> 0 | DE40: =DD40*$E40 -> 0 | DF40: =SUM(CH40,CJ40,CL40,CN40,CP40,CR40,CT40,CV40,CX40,CZ40,DB40,DD40)/1 -> 0 | DG40: =DF40*$E40 -> 0 | DI40: =DH40*$E40 -> 0 | DK40: =DJ40*$E40 -> 0 | DM40: =DL40*$E40 -> 0 | DO40: =DN40*$E40 -> 0 | DQ40: =DP40*$E40 -> 0 | DS40: =DR40*$E40 -> 0 | DU40: =DT40*$E40 -> 0 | DW40: =DV40*$E40 -> 0 | DY40: =DX40*$E40 -> 0 | EA40: =DZ40*$E40 -> 0 | EC40: =EB40*$E40 -> 0 | EE40: =ED40*$E40 -> 0 | EF40: =SUM(DH40,DJ40,DL40,DN40,DP40,DR40,DT40,DV40,DX40,DZ40,EB40,ED40) -> 0 | EG40: =SUM(DI40,DK40,DM40,DO40,DQ40,DS40,DU40,DW40,DY40,EA40,EC40,EE40) -> 0
A41: 34 | B41: Zayawaddy Red | C41: ပုလင်း | D41: =RANK(DF41,$DF$4:$DF$147) -> 27 | E41: 0.64 | F41: 1 * 14 | G41: 1350 | H41: 70 | I41: =H41*$E41 -> 44.8 | K41: =J41*$E41 -> 0 | L41: 210 | M41: =L41*$E41 -> 134.4 | N41: 140 | O41: =N41*$E41 -> 89.6 | Q41: =P41*$E41 -> 0 | R41: 70 | S41: =R41*$E41 -> 44.8 | T41: 140 | U41: =T41*$E41 -> 89.6 | V41: 140 | W41: =V41*$E41 -> 89.6 | X41: 280 | Y41: =X41*$E41 -> 179.2 | Z41: 70 | AA41: =Z41*$E41 -> 44.8 | AB41: 70 | AC41: =AB41*$E41 -> 44.8 | AD41: 182 | AE41: =AD41*$E41 -> 116.48 | AF41: =(AD41+AB41+Z41+X41+V41+T41+R41+P41+N41+L41+J41+H41)/1 -> 1372 | AG41: =AF41*$E41 -> 878.08 | AH41: 112 | AI41: =AH41*$E41 -> 71.68 | AJ41: 210 | AK41: =AJ41*$E41 -> 134.4 | AL41: 140 | AM41: =AL41*$E41 -> 89.6 | AN41: 70 | AO41: =AN41*$E41 -> 44.8 | AP41: 210 | AQ41: =AP41*$E41 -> 134.4 | AR41: 210 | AS41: =AR41*$E41 -> 134.4 | AT41: 140 | AU41: =AT41*$E41 -> 89.6 | AV41: 28 | AW41: =AV41*$E41 -> 17.92 | AX41: 140 | AY41: =AX41*$E41 -> 89.6 | AZ41: 140 | BA41: =AZ41*$E41 -> 89.6 | BB41: 1853 | BC41: =BB41*$E41 -> 1185.92 | BD41: 2283 | BE41: =BD41*$E41 -> 1461.12 | BF41: =(BD41+BB41+AZ41+AX41+AV41+AT41+AR41+AP41+AN41+AL41+AJ41+AH41)/1 -> 5536 | BG41: =BF41*$E41 -> 3543.04 | BH41: 70 | BI41: =BH41*$E41 -> 44.8 | BJ41: 70 | BK41: =BJ41*$E41 -> 44.8 | BL41: 98 | BM41: =BL41*$E41 -> 62.72 | BN41: 168 | BO41: =BN41*$E41 -> 107.52 | BP41: 0 | BQ41: =BP41*$E41 -> 0 | BR41: 56 | BS41: =BR41*$E41 -> 35.84 | BT41: 154 | BU41: =BT41*$E41 -> 98.56 | BV41: 224 | BW41: =BV41*$E41 -> 143.36 | BX41: 0 | BY41: =BX41*$E41 -> 0 | BZ41: 140 | CA41: =BZ41*$E41 -> 89.6 | CB41: 252 | CC41: =CB41*$E41 -> 161.28 | CD41: 140 | CE41: =CD41*$E41 -> 89.6 | CF41: =(CD41+CB41+BZ41+BX41+BV41+BT41+BR41+BP41+BN41+BL41+BJ41+BH41)/1 -> 1372 | CG41: =CF41*$E41 -> 878.08 | CH41: 70 | CI41: =CH41*$E41 -> 44.8 | CK41: =CJ41*$E41 -> 0 | CL41: 70 | CM41: =CL41*$E41 -> 44.8 | CN41: 70 | CO41: =CN41*$E41 -> 44.8 | CQ41: =CP41*$E41 -> 0 | CS41: =CR41*$E41 -> 0 | CT41: 28 | CU41: =CT41*$E41 -> 17.92 | CV41: 28 | CW41: =CV41*$E41 -> 17.92 | CX41: 28 | CY41: =CX41*$E41 -> 17.92 | DA41: =CZ41*$E41 -> 0 | DB41: 28 | DC41: =DB41*$E41 -> 17.92 | DE41: =DD41*$E41 -> 0 | DF41: =SUM(CH41,CJ41,CL41,CN41,CP41,CR41,CT41,CV41,CX41,CZ41,DB41,DD41)/1 -> 322 | DG41: =DF41*$E41 -> 206.08 | DH41: 84 | DI41: =DH41*$E41 -> 53.76 | DK41: =DJ41*$E41 -> 0 | DM41: =DL41*$E41 -> 0 | DO41: =DN41*$E41 -> 0 | DQ41: =DP41*$E41 -> 0 | DS41: =DR41*$E41 -> 0 | DU41: =DT41*$E41 -> 0 | DW41: =DV41*$E41 -> 0 | DY41: =DX41*$E41 -> 0 | EA41: =DZ41*$E41 -> 0 | EC41: =EB41*$E41 -> 0 | EE41: =ED41*$E41 -> 0 | EF41: =SUM(DH41,DJ41,DL41,DN41,DP41,DR41,DT41,DV41,DX41,DZ41,EB41,ED41) -> 84 | EG41: =SUM(DI41,DK41,DM41,DO41,DQ41,DS41,DU41,DW41,DY41,EA41,EC41,EE41) -> 53.76
A42: 35 | B42: Zayawaddy Red | C42: ပုလင်း | D42: =RANK(DF42,$DF$4:$DF$147) -> 31 | E42: 0.64 | F42: 1 * 24 | I42: =H42*$E42 -> 0 | K42: =J42*$E42 -> 0 | M42: =L42*$E42 -> 0 | O42: =N42*$E42 -> 0 | Q42: =P42*$E42 -> 0 | S42: =R42*$E42 -> 0 | U42: =T42*$E42 -> 0 | W42: =V42*$E42 -> 0 | Y42: =X42*$E42 -> 0 | AA42: =Z42*$E42 -> 0 | AC42: =AB42*$E42 -> 0 | AE42: =AD42*$E42 -> 0 | AF42: =(AD42+AB42+Z42+X42+V42+T42+R42+P42+N42+L42+J42+H42)/1 -> 0 | AG42: =AF42*$E42 -> 0 | AI42: =AH42*$E42 -> 0 | AK42: =AJ42*$E42 -> 0 | AM42: =AL42*$E42 -> 0 | AO42: =AN42*$E42 -> 0 | AQ42: =AP42*$E42 -> 0 | AS42: =AR42*$E42 -> 0 | AU42: =AT42*$E42 -> 0 | AW42: =AV42*$E42 -> 0 | AY42: =AX42*$E42 -> 0 | BA42: =AZ42*$E42 -> 0 | BC42: =BB42*$E42 -> 0 | BE42: =BD42*$E42 -> 0 | BF42: =(BD42+BB42+AZ42+AX42+AV42+AT42+AR42+AP42+AN42+AL42+AJ42+AH42)/1 -> 0 | BG42: =BF42*$E42 -> 0 | BI42: =BH42*$E42 -> 0 | BK42: =BJ42*$E42 -> 0 | BM42: =BL42*$E42 -> 0 | BO42: =BN42*$E42 -> 0 | BQ42: =BP42*$E42 -> 0 | BS42: =BR42*$E42 -> 0 | BU42: =BT42*$E42 -> 0 | BW42: =BV42*$E42 -> 0 | BY42: =BX42*$E42 -> 0 | CA42: =BZ42*$E42 -> 0 | CC42: =CB42*$E42 -> 0 | CE42: =CD42*$E42 -> 0 | CF42: =(CD42+CB42+BZ42+BX42+BV42+BT42+BR42+BP42+BN42+BL42+BJ42+BH42)/1 -> 0 | CG42: =CF42*$E42 -> 0 | CI42: =CH42*$E42 -> 0 | CK42: =CJ42*$E42 -> 0 | CM42: =CL42*$E42 -> 0 | CO42: =CN42*$E42 -> 0 | CQ42: =CP42*$E42 -> 0 | CS42: =CR42*$E42 -> 0 | CU42: =CT42*$E42 -> 0 | CW42: =CV42*$E42 -> 0 | CY42: =CX42*$E42 -> 0 | DA42: =CZ42*$E42 -> 0 | DC42: =DB42*$E42 -> 0 | DE42: =DD42*$E42 -> 0 | DF42: =SUM(CH42,CJ42,CL42,CN42,CP42,CR42,CT42,CV42,CX42,CZ42,DB42,DD42)/1 -> 0 | DG42: =DF42*$E42 -> 0 | DI42: =DH42*$E42 -> 0 | DK42: =DJ42*$E42 -> 0 | DM42: =DL42*$E42 -> 0 | DO42: =DN42*$E42 -> 0 | DQ42: =DP42*$E42 -> 0 | DS42: =DR42*$E42 -> 0 | DU42: =DT42*$E42 -> 0 | DW42: =DV42*$E42 -> 0 | DY42: =DX42*$E42 -> 0 | EA42: =DZ42*$E42 -> 0 | EC42: =EB42*$E42 -> 0 | EE42: =ED42*$E42 -> 0 | EF42: =SUM(DH42,DJ42,DL42,DN42,DP42,DR42,DT42,DV42,DX42,DZ42,EB42,ED42) -> 0 | EG42: =SUM(DI42,DK42,DM42,DO42,DQ42,DS42,DU42,DW42,DY42,EA42,EC42,EE42) -> 0
A43: 36 | B43: ဇေယျဝတီ Red (ပု) | C43: ပုလင်း | D43: =RANK(DF43,$DF$4:$DF$147) -> 31 | E43: 0.68 | F43: 1* 14 | I43: =H43*$E43 -> 0 | K43: =J43*$E43 -> 0 | M43: =L43*$E43 -> 0 | O43: =N43*$E43 -> 0 | Q43: =P43*$E43 -> 0 | S43: =R43*$E43 -> 0 | U43: =T43*$E43 -> 0 | W43: =V43*$E43 -> 0 | Y43: =X43*$E43 -> 0 | AA43: =Z43*$E43 -> 0 | AC43: =AB43*$E43 -> 0 | AE43: =AD43*$E43 -> 0 | AF43: =(AD43+AB43+Z43+X43+V43+T43+R43+P43+N43+L43+J43+H43)/1 -> 0 | AG43: =AF43*$E43 -> 0 | AI43: =AH43*$E43 -> 0 | AK43: =AJ43*$E43 -> 0 | AM43: =AL43*$E43 -> 0 | AO43: =AN43*$E43 -> 0 | AQ43: =AP43*$E43 -> 0 | AS43: =AR43*$E43 -> 0 | AU43: =AT43*$E43 -> 0 | AW43: =AV43*$E43 -> 0 | AY43: =AX43*$E43 -> 0 | BA43: =AZ43*$E43 -> 0 | BC43: =BB43*$E43 -> 0 | BE43: =BD43*$E43 -> 0 | BF43: =(BD43+BB43+AZ43+AX43+AV43+AT43+AR43+AP43+AN43+AL43+AJ43+AH43)/1 -> 0 | BG43: =BF43*$E43 -> 0 | BI43: =BH43*$E43 -> 0 | BK43: =BJ43*$E43 -> 0 | BM43: =BL43*$E43 -> 0 | BO43: =BN43*$E43 -> 0 | BQ43: =BP43*$E43 -> 0 | BS43: =BR43*$E43 -> 0 | BU43: =BT43*$E43 -> 0 | BW43: =BV43*$E43 -> 0 | BY43: =BX43*$E43 -> 0 | CA43: =BZ43*$E43 -> 0 | CC43: =CB43*$E43 -> 0 | CE43: =CD43*$E43 -> 0 | CF43: =(CD43+CB43+BZ43+BX43+BV43+BT43+BR43+BP43+BN43+BL43+BJ43+BH43)/1 -> 0 | CG43: =CF43*$E43 -> 0 | CI43: =CH43*$E43 -> 0 | CK43: =CJ43*$E43 -> 0 | CM43: =CL43*$E43 -> 0 | CO43: =CN43*$E43 -> 0 | CQ43: =CP43*$E43 -> 0 | CS43: =CR43*$E43 -> 0 | CU43: =CT43*$E43 -> 0 | CW43: =CV43*$E43 -> 0 | CY43: =CX43*$E43 -> 0 | DA43: =CZ43*$E43 -> 0 | DC43: =DB43*$E43 -> 0 | DE43: =DD43*$E43 -> 0 | DF43: =SUM(CH43,CJ43,CL43,CN43,CP43,CR43,CT43,CV43,CX43,CZ43,DB43,DD43)/1 -> 0 | DG43: =DF43*$E43 -> 0 | DI43: =DH43*$E43 -> 0 | DK43: =DJ43*$E43 -> 0 | DM43: =DL43*$E43 -> 0 | DO43: =DN43*$E43 -> 0 | DQ43: =DP43*$E43 -> 0 | DS43: =DR43*$E43 -> 0 | DU43: =DT43*$E43 -> 0 | DW43: =DV43*$E43 -> 0 | DY43: =DX43*$E43 -> 0 | EA43: =DZ43*$E43 -> 0 | EC43: =EB43*$E43 -> 0 | EE43: =ED43*$E43 -> 0 | EF43: =SUM(DH43,DJ43,DL43,DN43,DP43,DR43,DT43,DV43,DX43,DZ43,EB43,ED43) -> 0 | EG43: =SUM(DI43,DK43,DM43,DO43,DQ43,DS43,DU43,DW43,DY43,EA43,EC43,EE43) -> 0
A44: 37 | B44: ဇေယျဝတီ Red (ပု) | C44: ပုလင်း | D44: =RANK(DF44,$DF$4:$DF$147) -> 31 | E44: 0.64 | F44: 1 * 14 | I44: =H44*$E44 -> 0 | K44: =J44*$E44 -> 0 | M44: =L44*$E44 -> 0 | O44: =N44*$E44 -> 0 | Q44: =P44*$E44 -> 0 | S44: =R44*$E44 -> 0 | U44: =T44*$E44 -> 0 | W44: =V44*$E44 -> 0 | Y44: =X44*$E44 -> 0 | AA44: =Z44*$E44 -> 0 | AC44: =AB44*$E44 -> 0 | AE44: =AD44*$E44 -> 0 | AF44: =(AD44+AB44+Z44+X44+V44+T44+R44+P44+N44+L44+J44+H44)/1 -> 0 | AG44: =AF44*$E44 -> 0 | AI44: =AH44*$E44 -> 0 | AK44: =AJ44*$E44 -> 0 | AM44: =AL44*$E44 -> 0 | AO44: =AN44*$E44 -> 0 | AQ44: =AP44*$E44 -> 0 | AS44: =AR44*$E44 -> 0 | AU44: =AT44*$E44 -> 0 | AW44: =AV44*$E44 -> 0 | AY44: =AX44*$E44 -> 0 | BA44: =AZ44*$E44 -> 0 | BC44: =BB44*$E44 -> 0 | BE44: =BD44*$E44 -> 0 | BF44: =(BD44+BB44+AZ44+AX44+AV44+AT44+AR44+AP44+AN44+AL44+AJ44+AH44)/1 -> 0 | BG44: =BF44*$E44 -> 0 | BI44: =BH44*$E44 -> 0 | BK44: =BJ44*$E44 -> 0 | BM44: =BL44*$E44 -> 0 | BO44: =BN44*$E44 -> 0 | BQ44: =BP44*$E44 -> 0 | BS44: =BR44*$E44 -> 0 | BU44: =BT44*$E44 -> 0 | BW44: =BV44*$E44 -> 0 | BY44: =BX44*$E44 -> 0 | CA44: =BZ44*$E44 -> 0 | CC44: =CB44*$E44 -> 0 | CE44: =CD44*$E44 -> 0 | CF44: =(CD44+CB44+BZ44+BX44+BV44+BT44+BR44+BP44+BN44+BL44+BJ44+BH44)/1 -> 0 | CG44: =CF44*$E44 -> 0 | CI44: =CH44*$E44 -> 0 | CK44: =CJ44*$E44 -> 0 | CM44: =CL44*$E44 -> 0 | CO44: =CN44*$E44 -> 0 | CQ44: =CP44*$E44 -> 0 | CS44: =CR44*$E44 -> 0 | CU44: =CT44*$E44 -> 0 | CW44: =CV44*$E44 -> 0 | CY44: =CX44*$E44 -> 0 | DA44: =CZ44*$E44 -> 0 | DC44: =DB44*$E44 -> 0 | DE44: =DD44*$E44 -> 0 | DF44: =SUM(CH44,CJ44,CL44,CN44,CP44,CR44,CT44,CV44,CX44,CZ44,DB44,DD44)/1 -> 0 | DG44: =DF44*$E44 -> 0 | DI44: =DH44*$E44 -> 0 | DK44: =DJ44*$E44 -> 0 | DM44: =DL44*$E44 -> 0 | DO44: =DN44*$E44 -> 0 | DQ44: =DP44*$E44 -> 0 | DS44: =DR44*$E44 -> 0 | DU44: =DT44*$E44 -> 0 | DW44: =DV44*$E44 -> 0 | DY44: =DX44*$E44 -> 0 | EA44: =DZ44*$E44 -> 0 | EC44: =EB44*$E44 -> 0 | EE44: =ED44*$E44 -> 0 | EF44: =SUM(DH44,DJ44,DL44,DN44,DP44,DR44,DT44,DV44,DX44,DZ44,EB44,ED44) -> 0 | EG44: =SUM(DI44,DK44,DM44,DO44,DQ44,DS44,DU44,DW44,DY44,EA44,EC44,EE44) -> 0
A45: 38 | B45: ‌ဇေယျဝတီ Red (ice) | C45: ပုလင်း | D45: =RANK(DF45,$DF$4:$DF$147) -> 31 | E45: 0.64 | F45: 1 * 14 | I45: =H45*$E45 -> 0 | K45: =J45*$E45 -> 0 | M45: =L45*$E45 -> 0 | O45: =N45*$E45 -> 0 | Q45: =P45*$E45 -> 0 | S45: =R45*$E45 -> 0 | U45: =T45*$E45 -> 0 | W45: =V45*$E45 -> 0 | Y45: =X45*$E45 -> 0 | AA45: =Z45*$E45 -> 0 | AC45: =AB45*$E45 -> 0 | AE45: =AD45*$E45 -> 0 | AF45: =(AD45+AB45+Z45+X45+V45+T45+R45+P45+N45+L45+J45+H45)/1 -> 0 | AG45: =AF45*$E45 -> 0 | AI45: =AH45*$E45 -> 0 | AK45: =AJ45*$E45 -> 0 | AM45: =AL45*$E45 -> 0 | AO45: =AN45*$E45 -> 0 | AQ45: =AP45*$E45 -> 0 | AS45: =AR45*$E45 -> 0 | AU45: =AT45*$E45 -> 0 | AW45: =AV45*$E45 -> 0 | AY45: =AX45*$E45 -> 0 | BA45: =AZ45*$E45 -> 0 | BC45: =BB45*$E45 -> 0 | BE45: =BD45*$E45 -> 0 | BF45: =(BD45+BB45+AZ45+AX45+AV45+AT45+AR45+AP45+AN45+AL45+AJ45+AH45)/1 -> 0 | BG45: =BF45*$E45 -> 0 | BI45: =BH45*$E45 -> 0 | BK45: =BJ45*$E45 -> 0 | BM45: =BL45*$E45 -> 0 | BO45: =BN45*$E45 -> 0 | BQ45: =BP45*$E45 -> 0 | BS45: =BR45*$E45 -> 0 | BU45: =BT45*$E45 -> 0 | BW45: =BV45*$E45 -> 0 | BY45: =BX45*$E45 -> 0 | CA45: =BZ45*$E45 -> 0 | CC45: =CB45*$E45 -> 0 | CE45: =CD45*$E45 -> 0 | CF45: =(CD45+CB45+BZ45+BX45+BV45+BT45+BR45+BP45+BN45+BL45+BJ45+BH45)/1 -> 0 | CG45: =CF45*$E45 -> 0 | CI45: =CH45*$E45 -> 0 | CK45: =CJ45*$E45 -> 0 | CM45: =CL45*$E45 -> 0 | CO45: =CN45*$E45 -> 0 | CQ45: =CP45*$E45 -> 0 | CS45: =CR45*$E45 -> 0 | CU45: =CT45*$E45 -> 0 | CW45: =CV45*$E45 -> 0 | CY45: =CX45*$E45 -> 0 | DA45: =CZ45*$E45 -> 0 | DC45: =DB45*$E45 -> 0 | DE45: =DD45*$E45 -> 0 | DF45: =SUM(CH45,CJ45,CL45,CN45,CP45,CR45,CT45,CV45,CX45,CZ45,DB45,DD45)/1 -> 0 | DG45: =DF45*$E45 -> 0 | DI45: =DH45*$E45 -> 0 | DK45: =DJ45*$E45 -> 0 | DM45: =DL45*$E45 -> 0 | DO45: =DN45*$E45 -> 0 | DQ45: =DP45*$E45 -> 0 | DS45: =DR45*$E45 -> 0 | DU45: =DT45*$E45 -> 0 | DW45: =DV45*$E45 -> 0 | DY45: =DX45*$E45 -> 0 | EA45: =DZ45*$E45 -> 0 | EC45: =EB45*$E45 -> 0 | EE45: =ED45*$E45 -> 0 | EF45: =SUM(DH45,DJ45,DL45,DN45,DP45,DR45,DT45,DV45,DX45,DZ45,EB45,ED45) -> 0 | EG45: =SUM(DI45,DK45,DM45,DO45,DQ45,DS45,DU45,DW45,DY45,EA45,EC45,EE45) -> 0
A46: 39 | B46: ‌ဇေယျဝတီ Red (ice) | C46: ပုလင်း | D46: =RANK(DF46,$DF$4:$DF$147) -> 31 | E46: 0.64 | F46: 1 * 14 | I46: =H46*$E46 -> 0 | K46: =J46*$E46 -> 0 | M46: =L46*$E46 -> 0 | O46: =N46*$E46 -> 0 | Q46: =P46*$E46 -> 0 | S46: =R46*$E46 -> 0 | U46: =T46*$E46 -> 0 | W46: =V46*$E46 -> 0 | Y46: =X46*$E46 -> 0 | AA46: =Z46*$E46 -> 0 | AC46: =AB46*$E46 -> 0 | AE46: =AD46*$E46 -> 0 | AF46: =(AD46+AB46+Z46+X46+V46+T46+R46+P46+N46+L46+J46+H46)/1 -> 0 | AG46: =AF46*$E46 -> 0 | AI46: =AH46*$E46 -> 0 | AK46: =AJ46*$E46 -> 0 | AM46: =AL46*$E46 -> 0 | AO46: =AN46*$E46 -> 0 | AQ46: =AP46*$E46 -> 0 | AS46: =AR46*$E46 -> 0 | AU46: =AT46*$E46 -> 0 | AW46: =AV46*$E46 -> 0 | AY46: =AX46*$E46 -> 0 | BA46: =AZ46*$E46 -> 0 | BC46: =BB46*$E46 -> 0 | BE46: =BD46*$E46 -> 0 | BF46: =(BD46+BB46+AZ46+AX46+AV46+AT46+AR46+AP46+AN46+AL46+AJ46+AH46)/1 -> 0 | BG46: =BF46*$E46 -> 0 | BI46: =BH46*$E46 -> 0 | BK46: =BJ46*$E46 -> 0 | BM46: =BL46*$E46 -> 0 | BO46: =BN46*$E46 -> 0 | BQ46: =BP46*$E46 -> 0 | BS46: =BR46*$E46 -> 0 | BU46: =BT46*$E46 -> 0 | BW46: =BV46*$E46 -> 0 | BY46: =BX46*$E46 -> 0 | CA46: =BZ46*$E46 -> 0 | CC46: =CB46*$E46 -> 0 | CE46: =CD46*$E46 -> 0 | CF46: =(CD46+CB46+BZ46+BX46+BV46+BT46+BR46+BP46+BN46+BL46+BJ46+BH46)/1 -> 0 | CG46: =CF46*$E46 -> 0 | CI46: =CH46*$E46 -> 0 | CK46: =CJ46*$E46 -> 0 | CM46: =CL46*$E46 -> 0 | CO46: =CN46*$E46 -> 0 | CQ46: =CP46*$E46 -> 0 | CS46: =CR46*$E46 -> 0 | CU46: =CT46*$E46 -> 0 | CW46: =CV46*$E46 -> 0 | CY46: =CX46*$E46 -> 0 | DA46: =CZ46*$E46 -> 0 | DC46: =DB46*$E46 -> 0 | DE46: =DD46*$E46 -> 0 | DF46: =SUM(CH46,CJ46,CL46,CN46,CP46,CR46,CT46,CV46,CX46,CZ46,DB46,DD46)/1 -> 0 | DG46: =DF46*$E46 -> 0 | DI46: =DH46*$E46 -> 0 | DK46: =DJ46*$E46 -> 0 | DM46: =DL46*$E46 -> 0 | DO46: =DN46*$E46 -> 0 | DQ46: =DP46*$E46 -> 0 | DS46: =DR46*$E46 -> 0 | DU46: =DT46*$E46 -> 0 | DW46: =DV46*$E46 -> 0 | DY46: =DX46*$E46 -> 0 | EA46: =DZ46*$E46 -> 0 | EC46: =EB46*$E46 -> 0 | EE46: =ED46*$E46 -> 0 | EF46: =SUM(DH46,DJ46,DL46,DN46,DP46,DR46,DT46,DV46,DX46,DZ46,EB46,ED46) -> 0 | EG46: =SUM(DI46,DK46,DM46,DO46,DQ46,DS46,DU46,DW46,DY46,EA46,EC46,EE46) -> 0
A47: 40 | B47: ‌ဇေယျဝတီ Red (ice) | C47: ပုလင်း | D47: =RANK(DF47,$DF$4:$DF$147) -> 31 | E47: 0.64 | F47: 1 * 14 | I47: =H47*$E47 -> 0 | K47: =J47*$E47 -> 0 | M47: =L47*$E47 -> 0 | O47: =N47*$E47 -> 0 | Q47: =P47*$E47 -> 0 | S47: =R47*$E47 -> 0 | U47: =T47*$E47 -> 0 | W47: =V47*$E47 -> 0 | Y47: =X47*$E47 -> 0 | AA47: =Z47*$E47 -> 0 | AC47: =AB47*$E47 -> 0 | AE47: =AD47*$E47 -> 0 | AF47: =(AD47+AB47+Z47+X47+V47+T47+R47+P47+N47+L47+J47+H47)/1 -> 0 | AG47: =AF47*$E47 -> 0 | AI47: =AH47*$E47 -> 0 | AK47: =AJ47*$E47 -> 0 | AM47: =AL47*$E47 -> 0 | AO47: =AN47*$E47 -> 0 | AQ47: =AP47*$E47 -> 0 | AS47: =AR47*$E47 -> 0 | AU47: =AT47*$E47 -> 0 | AW47: =AV47*$E47 -> 0 | AY47: =AX47*$E47 -> 0 | BA47: =AZ47*$E47 -> 0 | BC47: =BB47*$E47 -> 0 | BE47: =BD47*$E47 -> 0 | BF47: =(BD47+BB47+AZ47+AX47+AV47+AT47+AR47+AP47+AN47+AL47+AJ47+AH47)/1 -> 0 | BG47: =BF47*$E47 -> 0 | BI47: =BH47*$E47 -> 0 | BK47: =BJ47*$E47 -> 0 | BM47: =BL47*$E47 -> 0 | BO47: =BN47*$E47 -> 0 | BQ47: =BP47*$E47 -> 0 | BS47: =BR47*$E47 -> 0 | BU47: =BT47*$E47 -> 0 | BW47: =BV47*$E47 -> 0 | BY47: =BX47*$E47 -> 0 | CA47: =BZ47*$E47 -> 0 | CC47: =CB47*$E47 -> 0 | CE47: =CD47*$E47 -> 0 | CF47: =(CD47+CB47+BZ47+BX47+BV47+BT47+BR47+BP47+BN47+BL47+BJ47+BH47)/1 -> 0 | CG47: =CF47*$E47 -> 0 | CI47: =CH47*$E47 -> 0 | CK47: =CJ47*$E47 -> 0 | CM47: =CL47*$E47 -> 0 | CO47: =CN47*$E47 -> 0 | CQ47: =CP47*$E47 -> 0 | CS47: =CR47*$E47 -> 0 | CU47: =CT47*$E47 -> 0 | CW47: =CV47*$E47 -> 0 | CY47: =CX47*$E47 -> 0 | DA47: =CZ47*$E47 -> 0 | DC47: =DB47*$E47 -> 0 | DE47: =DD47*$E47 -> 0 | DF47: =SUM(CH47,CJ47,CL47,CN47,CP47,CR47,CT47,CV47,CX47,CZ47,DB47,DD47)/1 -> 0 | DG47: =DF47*$E47 -> 0 | DI47: =DH47*$E47 -> 0 | DK47: =DJ47*$E47 -> 0 | DM47: =DL47*$E47 -> 0 | DO47: =DN47*$E47 -> 0 | DQ47: =DP47*$E47 -> 0 | DS47: =DR47*$E47 -> 0 | DU47: =DT47*$E47 -> 0 | DW47: =DV47*$E47 -> 0 | DY47: =DX47*$E47 -> 0 | EA47: =DZ47*$E47 -> 0 | EC47: =EB47*$E47 -> 0 | EE47: =ED47*$E47 -> 0 | EF47: =SUM(DH47,DJ47,DL47,DN47,DP47,DR47,DT47,DV47,DX47,DZ47,EB47,ED47) -> 0 | EG47: =SUM(DI47,DK47,DM47,DO47,DQ47,DS47,DU47,DW47,DY47,EA47,EC47,EE47) -> 0
I48: =H48*$E48 -> 0 | K48: =J48*$E48 -> 0 | M48: =L48*$E48 -> 0 | O48: =N48*$E48 -> 0 | Q48: =P48*$E48 -> 0 | S48: =R48*$E48 -> 0 | U48: =T48*$E48 -> 0 | W48: =V48*$E48 -> 0 | Y48: =X48*$E48 -> 0 | AA48: =Z48*$E48 -> 0 | AC48: =AB48*$E48 -> 0 | AE48: =AD48*$E48 -> 0 | AF48: =(AD48+AB48+Z48+X48+V48+T48+R48+P48+N48+L48+J48+H48)/1 -> 0 | AG48: =AF48*$E48 -> 0 | AI48: =AH48*$E48 -> 0 | AK48: =AJ48*$E48 -> 0 | AM48: =AL48*$E48 -> 0 | AO48: =AN48*$E48 -> 0 | AQ48: =AP48*$E48 -> 0 | AS48: =AR48*$E48 -> 0 | AU48: =AT48*$E48 -> 0 | AW48: =AV48*$E48 -> 0 | AY48: =AX48*$E48 -> 0 | BA48: =AZ48*$E48 -> 0 | BC48: =BB48*$E48 -> 0 | BE48: =BD48*$E48 -> 0 | BF48: =(BD48+BB48+AZ48+AX48+AV48+AT48+AR48+AP48+AN48+AL48+AJ48+AH48)/1 -> 0 | BG48: =BF48*$E48 -> 0 | BI48: =BH48*$E48 -> 0 | BK48: =BJ48*$E48 -> 0 | BM48: =BL48*$E48 -> 0 | BO48: =BN48*$E48 -> 0 | BQ48: =BP48*$E48 -> 0 | BS48: =BR48*$E48 -> 0 | BU48: =BT48*$E48 -> 0 | BW48: =BV48*$E48 -> 0 | BY48: =BX48*$E48 -> 0 | CA48: =BZ48*$E48 -> 0 | CC48: =CB48*$E48 -> 0 | CE48: =CD48*$E48 -> 0 | CF48: =(CD48+CB48+BZ48+BX48+BV48+BT48+BR48+BP48+BN48+BL48+BJ48+BH48)/1 -> 0 | CG48: =CF48*$E48 -> 0 | CI48: =CH48*$E48 -> 0 | CK48: =CJ48*$E48 -> 0 | CM48: =CL48*$E48 -> 0 | CO48: =CN48*$E48 -> 0 | CQ48: =CP48*$E48 -> 0 | CS48: =CR48*$E48 -> 0 | CU48: =CT48*$E48 -> 0 | CW48: =CV48*$E48 -> 0 | CY48: =CX48*$E48 -> 0 | DA48: =CZ48*$E48 -> 0 | DC48: =DB48*$E48 -> 0 | DE48: =DD48*$E48 -> 0 | DF48: =SUM(CH48,CJ48,CL48,CN48,CP48,CR48,CT48,CV48,CX48,CZ48,DB48,DD48)/1 -> 0 | DG48: =DF48*$E48 -> 0
A49: 41 | B49: မြန်မာရှောက်ပျား(1 Liter) | C49: ‌ကော်ဘူး | D49: =RANK(DF49,$DF$4:$DF$147) -> 31 | E49: 1 | F49: 1 * 12 | I49: =H49*$E49 -> 0 | K49: =J49*$E49 -> 0 | M49: =L49*$E49 -> 0 | O49: =N49*$E49 -> 0 | Q49: =P49*$E49 -> 0 | S49: =R49*$E49 -> 0 | U49: =T49*$E49 -> 0 | W49: =V49*$E49 -> 0 | Y49: =X49*$E49 -> 0 | AA49: =Z49*$E49 -> 0 | AC49: =AB49*$E49 -> 0 | AE49: =AD49*$E49 -> 0 | AF49: =(AD49+AB49+Z49+X49+V49+T49+R49+P49+N49+L49+J49+H49)/1 -> 0 | AG49: =AF49*$E49 -> 0 | AI49: =AH49*$E49 -> 0 | AK49: =AJ49*$E49 -> 0 | AM49: =AL49*$E49 -> 0 | AO49: =AN49*$E49 -> 0 | AQ49: =AP49*$E49 -> 0 | AS49: =AR49*$E49 -> 0 | AU49: =AT49*$E49 -> 0 | AW49: =AV49*$E49 -> 0 | AY49: =AX49*$E49 -> 0 | BA49: =AZ49*$E49 -> 0 | BC49: =BB49*$E49 -> 0 | BE49: =BD49*$E49 -> 0 | BF49: =(BD49+BB49+AZ49+AX49+AV49+AT49+AR49+AP49+AN49+AL49+AJ49+AH49)/1 -> 0 | BG49: =BF49*$E49 -> 0 | BI49: =BH49*$E49 -> 0 | BK49: =BJ49*$E49 -> 0 | BM49: =BL49*$E49 -> 0 | BO49: =BN49*$E49 -> 0 | BQ49: =BP49*$E49 -> 0 | BS49: =BR49*$E49 -> 0 | BU49: =BT49*$E49 -> 0 | BW49: =BV49*$E49 -> 0 | BY49: =BX49*$E49 -> 0 | CA49: =BZ49*$E49 -> 0 | CC49: =CB49*$E49 -> 0 | CE49: =CD49*$E49 -> 0 | CF49: =(CD49+CB49+BZ49+BX49+BV49+BT49+BR49+BP49+BN49+BL49+BJ49+BH49)/1 -> 0 | CG49: =CF49*$E49 -> 0 | CI49: =CH49*$E49 -> 0 | CK49: =CJ49*$E49 -> 0 | CM49: =CL49*$E49 -> 0 | CO49: =CN49*$E49 -> 0 | CQ49: =CP49*$E49 -> 0 | CS49: =CR49*$E49 -> 0 | CU49: =CT49*$E49 -> 0 | CW49: =CV49*$E49 -> 0 | CY49: =CX49*$E49 -> 0 | DA49: =CZ49*$E49 -> 0 | DC49: =DB49*$E49 -> 0 | DE49: =DD49*$E49 -> 0 | DF49: =SUM(CH49,CJ49,CL49,CN49,CP49,CR49,CT49,CV49,CX49,CZ49,DB49,DD49)/1 -> 0 | DG49: =DF49*$E49 -> 0 | DI49: =DH49*$E49 -> 0 | DK49: =DJ49*$E49 -> 0 | DM49: =DL49*$E49 -> 0 | DO49: =DN49*$E49 -> 0 | DQ49: =DP49*$E49 -> 0 | DS49: =DR49*$E49 -> 0 | DU49: =DT49*$E49 -> 0 | DW49: =DV49*$E49 -> 0 | DY49: =DX49*$E49 -> 0 | EA49: =DZ49*$E49 -> 0 | EC49: =EB49*$E49 -> 0 | EE49: =ED49*$E49 -> 0 | EF49: =SUM(DH49,DJ49,DL49,DN49,DP49,DR49,DT49,DV49,DX49,DZ49,EB49,ED49) -> 0 | EG49: =SUM(DI49,DK49,DM49,DO49,DQ49,DS49,DU49,DW49,DY49,EA49,EC49,EE49) -> 0
A50: 42 | B50: မြန်မာရှောက်ပျား(1 Liter) | C50: ‌ကော်ဘူး | D50: =RANK(DF50,$DF$4:$DF$147) -> 31 | E50: 1 | F50: 1 * 24 | I50: =H50*$E50 -> 0 | K50: =J50*$E50 -> 0 | M50: =L50*$E50 -> 0 | O50: =N50*$E50 -> 0 | Q50: =P50*$E50 -> 0 | S50: =R50*$E50 -> 0 | U50: =T50*$E50 -> 0 | W50: =V50*$E50 -> 0 | Y50: =X50*$E50 -> 0 | AA50: =Z50*$E50 -> 0 | AC50: =AB50*$E50 -> 0 | AE50: =AD50*$E50 -> 0 | AF50: =(AD50+AB50+Z50+X50+V50+T50+R50+P50+N50+L50+J50+H50)/1 -> 0 | AG50: =AF50*$E50 -> 0 | AI50: =AH50*$E50 -> 0 | AK50: =AJ50*$E50 -> 0 | AM50: =AL50*$E50 -> 0 | AO50: =AN50*$E50 -> 0 | AQ50: =AP50*$E50 -> 0 | AS50: =AR50*$E50 -> 0 | AU50: =AT50*$E50 -> 0 | AW50: =AV50*$E50 -> 0 | AY50: =AX50*$E50 -> 0 | BA50: =AZ50*$E50 -> 0 | BC50: =BB50*$E50 -> 0 | BE50: =BD50*$E50 -> 0 | BF50: =(BD50+BB50+AZ50+AX50+AV50+AT50+AR50+AP50+AN50+AL50+AJ50+AH50)/1 -> 0 | BG50: =BF50*$E50 -> 0 | BI50: =BH50*$E50 -> 0 | BK50: =BJ50*$E50 -> 0 | BM50: =BL50*$E50 -> 0 | BO50: =BN50*$E50 -> 0 | BQ50: =BP50*$E50 -> 0 | BS50: =BR50*$E50 -> 0 | BU50: =BT50*$E50 -> 0 | BW50: =BV50*$E50 -> 0 | BY50: =BX50*$E50 -> 0 | CA50: =BZ50*$E50 -> 0 | CC50: =CB50*$E50 -> 0 | CE50: =CD50*$E50 -> 0 | CF50: =(CD50+CB50+BZ50+BX50+BV50+BT50+BR50+BP50+BN50+BL50+BJ50+BH50)/1 -> 0 | CG50: =CF50*$E50 -> 0 | CI50: =CH50*$E50 -> 0 | CK50: =CJ50*$E50 -> 0 | CM50: =CL50*$E50 -> 0 | CO50: =CN50*$E50 -> 0 | CQ50: =CP50*$E50 -> 0 | CS50: =CR50*$E50 -> 0 | CU50: =CT50*$E50 -> 0 | CW50: =CV50*$E50 -> 0 | CY50: =CX50*$E50 -> 0 | DA50: =CZ50*$E50 -> 0 | DC50: =DB50*$E50 -> 0 | DE50: =DD50*$E50 -> 0 | DF50: =SUM(CH50,CJ50,CL50,CN50,CP50,CR50,CT50,CV50,CX50,CZ50,DB50,DD50)/1 -> 0 | DG50: =DF50*$E50 -> 0 | DI50: =DH50*$E50 -> 0 | DK50: =DJ50*$E50 -> 0 | DM50: =DL50*$E50 -> 0 | DO50: =DN50*$E50 -> 0 | DQ50: =DP50*$E50 -> 0 | DS50: =DR50*$E50 -> 0 | DU50: =DT50*$E50 -> 0 | DW50: =DV50*$E50 -> 0 | DY50: =DX50*$E50 -> 0 | EA50: =DZ50*$E50 -> 0 | EC50: =EB50*$E50 -> 0 | EE50: =ED50*$E50 -> 0 | EF50: =SUM(DH50,DJ50,DL50,DN50,DP50,DR50,DT50,DV50,DX50,DZ50,EB50,ED50) -> 0 | EG50: =SUM(DI50,DK50,DM50,DO50,DQ50,DS50,DU50,DW50,DY50,EA50,EC50,EE50) -> 0
A51: 43 | B51: မြန်မာရှောက်ပျား | C51: ပုလင်း | D51: =RANK(DF51,$DF$4:$DF$147) -> 31 | E51: 0.64 | F51: 1 * 14 | I51: =H51*$E51 -> 0 | K51: =J51*$E51 -> 0 | M51: =L51*$E51 -> 0 | O51: =N51*$E51 -> 0 | Q51: =P51*$E51 -> 0 | S51: =R51*$E51 -> 0 | U51: =T51*$E51 -> 0 | W51: =V51*$E51 -> 0 | Y51: =X51*$E51 -> 0 | AA51: =Z51*$E51 -> 0 | AC51: =AB51*$E51 -> 0 | AE51: =AD51*$E51 -> 0 | AF51: =(AD51+AB51+Z51+X51+V51+T51+R51+P51+N51+L51+J51+H51)/1 -> 0 | AG51: =AF51*$E51 -> 0 | AI51: =AH51*$E51 -> 0 | AK51: =AJ51*$E51 -> 0 | AM51: =AL51*$E51 -> 0 | AO51: =AN51*$E51 -> 0 | AQ51: =AP51*$E51 -> 0 | AS51: =AR51*$E51 -> 0 | AU51: =AT51*$E51 -> 0 | AW51: =AV51*$E51 -> 0 | AY51: =AX51*$E51 -> 0 | BA51: =AZ51*$E51 -> 0 | BC51: =BB51*$E51 -> 0 | BE51: =BD51*$E51 -> 0 | BF51: =(BD51+BB51+AZ51+AX51+AV51+AT51+AR51+AP51+AN51+AL51+AJ51+AH51)/1 -> 0 | BG51: =BF51*$E51 -> 0 | BI51: =BH51*$E51 -> 0 | BK51: =BJ51*$E51 -> 0 | BM51: =BL51*$E51 -> 0 | BO51: =BN51*$E51 -> 0 | BQ51: =BP51*$E51 -> 0 | BS51: =BR51*$E51 -> 0 | BU51: =BT51*$E51 -> 0 | BW51: =BV51*$E51 -> 0 | BY51: =BX51*$E51 -> 0 | CA51: =BZ51*$E51 -> 0 | CC51: =CB51*$E51 -> 0 | CE51: =CD51*$E51 -> 0 | CF51: =(CD51+CB51+BZ51+BX51+BV51+BT51+BR51+BP51+BN51+BL51+BJ51+BH51)/1 -> 0 | CG51: =CF51*$E51 -> 0 | CI51: =CH51*$E51 -> 0 | CK51: =CJ51*$E51 -> 0 | CM51: =CL51*$E51 -> 0 | CO51: =CN51*$E51 -> 0 | CQ51: =CP51*$E51 -> 0 | CS51: =CR51*$E51 -> 0 | CU51: =CT51*$E51 -> 0 | CW51: =CV51*$E51 -> 0 | CY51: =CX51*$E51 -> 0 | DA51: =CZ51*$E51 -> 0 | DC51: =DB51*$E51 -> 0 | DE51: =DD51*$E51 -> 0 | DF51: =SUM(CH51,CJ51,CL51,CN51,CP51,CR51,CT51,CV51,CX51,CZ51,DB51,DD51)/1 -> 0 | DG51: =DF51*$E51 -> 0 | DI51: =DH51*$E51 -> 0 | DK51: =DJ51*$E51 -> 0 | DM51: =DL51*$E51 -> 0 | DO51: =DN51*$E51 -> 0 | DQ51: =DP51*$E51 -> 0 | DS51: =DR51*$E51 -> 0 | DU51: =DT51*$E51 -> 0 | DW51: =DV51*$E51 -> 0 | DY51: =DX51*$E51 -> 0 | EA51: =DZ51*$E51 -> 0 | EC51: =EB51*$E51 -> 0 | EE51: =ED51*$E51 -> 0 | EF51: =SUM(DH51,DJ51,DL51,DN51,DP51,DR51,DT51,DV51,DX51,DZ51,EB51,ED51) -> 0 | EG51: =SUM(DI51,DK51,DM51,DO51,DQ51,DS51,DU51,DW51,DY51,EA51,EC51,EE51) -> 0
A52: 44 | B52: မြန်မာရှောက်ပျား | C52: ပုလင်း | D52: =RANK(DF52,$DF$4:$DF$147) -> 31 | E52: 0.64 | F52: 1 * 24 | I52: =H52*$E52 -> 0 | K52: =J52*$E52 -> 0 | M52: =L52*$E52 -> 0 | O52: =N52*$E52 -> 0 | Q52: =P52*$E52 -> 0 | S52: =R52*$E52 -> 0 | U52: =T52*$E52 -> 0 | W52: =V52*$E52 -> 0 | Y52: =X52*$E52 -> 0 | AA52: =Z52*$E52 -> 0 | AC52: =AB52*$E52 -> 0 | AE52: =AD52*$E52 -> 0 | AF52: =(AD52+AB52+Z52+X52+V52+T52+R52+P52+N52+L52+J52+H52)/1 -> 0 | AG52: =AF52*$E52 -> 0 | AI52: =AH52*$E52 -> 0 | AK52: =AJ52*$E52 -> 0 | AM52: =AL52*$E52 -> 0 | AO52: =AN52*$E52 -> 0 | AQ52: =AP52*$E52 -> 0 | AS52: =AR52*$E52 -> 0 | AU52: =AT52*$E52 -> 0 | AW52: =AV52*$E52 -> 0 | AY52: =AX52*$E52 -> 0 | BA52: =AZ52*$E52 -> 0 | BC52: =BB52*$E52 -> 0 | BE52: =BD52*$E52 -> 0 | BF52: =(BD52+BB52+AZ52+AX52+AV52+AT52+AR52+AP52+AN52+AL52+AJ52+AH52)/1 -> 0 | BG52: =BF52*$E52 -> 0 | BI52: =BH52*$E52 -> 0 | BK52: =BJ52*$E52 -> 0 | BM52: =BL52*$E52 -> 0 | BO52: =BN52*$E52 -> 0 | BQ52: =BP52*$E52 -> 0 | BS52: =BR52*$E52 -> 0 | BU52: =BT52*$E52 -> 0 | BW52: =BV52*$E52 -> 0 | BY52: =BX52*$E52 -> 0 | CA52: =BZ52*$E52 -> 0 | CC52: =CB52*$E52 -> 0 | CE52: =CD52*$E52 -> 0 | CF52: =(CD52+CB52+BZ52+BX52+BV52+BT52+BR52+BP52+BN52+BL52+BJ52+BH52)/1 -> 0 | CG52: =CF52*$E52 -> 0 | CI52: =CH52*$E52 -> 0 | CK52: =CJ52*$E52 -> 0 | CM52: =CL52*$E52 -> 0 | CO52: =CN52*$E52 -> 0 | CQ52: =CP52*$E52 -> 0 | CS52: =CR52*$E52 -> 0 | CU52: =CT52*$E52 -> 0 | CW52: =CV52*$E52 -> 0 | CY52: =CX52*$E52 -> 0 | DA52: =CZ52*$E52 -> 0 | DC52: =DB52*$E52 -> 0 | DE52: =DD52*$E52 -> 0 | DF52: =SUM(CH52,CJ52,CL52,CN52,CP52,CR52,CT52,CV52,CX52,CZ52,DB52,DD52)/1 -> 0 | DG52: =DF52*$E52 -> 0 | DI52: =DH52*$E52 -> 0 | DK52: =DJ52*$E52 -> 0 | DM52: =DL52*$E52 -> 0 | DO52: =DN52*$E52 -> 0 | DQ52: =DP52*$E52 -> 0 | DS52: =DR52*$E52 -> 0 | DU52: =DT52*$E52 -> 0 | DW52: =DV52*$E52 -> 0 | DY52: =DX52*$E52 -> 0 | EA52: =DZ52*$E52 -> 0 | EC52: =EB52*$E52 -> 0 | EE52: =ED52*$E52 -> 0 | EF52: =SUM(DH52,DJ52,DL52,DN52,DP52,DR52,DT52,DV52,DX52,DZ52,EB52,ED52) -> 0 | EG52: =SUM(DI52,DK52,DM52,DO52,DQ52,DS52,DU52,DW52,DY52,EA52,EC52,EE52) -> 0
I53: =H53*$E53 -> 0 | K53: =J53*$E53 -> 0 | M53: =L53*$E53 -> 0 | O53: =N53*$E53 -> 0 | Q53: =P53*$E53 -> 0 | S53: =R53*$E53 -> 0 | U53: =T53*$E53 -> 0 | W53: =V53*$E53 -> 0 | Y53: =X53*$E53 -> 0 | AA53: =Z53*$E53 -> 0 | AC53: =AB53*$E53 -> 0 | AE53: =AD53*$E53 -> 0 | AF53: =(AD53+AB53+Z53+X53+V53+T53+R53+P53+N53+L53+J53+H53)/1 -> 0 | AG53: =AF53*$E53 -> 0 | AI53: =AH53*$E53 -> 0 | AK53: =AJ53*$E53 -> 0 | AM53: =AL53*$E53 -> 0 | AO53: =AN53*$E53 -> 0 | AQ53: =AP53*$E53 -> 0 | AS53: =AR53*$E53 -> 0 | AU53: =AT53*$E53 -> 0 | AW53: =AV53*$E53 -> 0 | AY53: =AX53*$E53 -> 0 | BA53: =AZ53*$E53 -> 0 | BC53: =BB53*$E53 -> 0 | BE53: =BD53*$E53 -> 0 | BF53: =(BD53+BB53+AZ53+AX53+AV53+AT53+AR53+AP53+AN53+AL53+AJ53+AH53)/1 -> 0 | BG53: =BF53*$E53 -> 0 | BI53: =BH53*$E53 -> 0 | BK53: =BJ53*$E53 -> 0 | BM53: =BL53*$E53 -> 0 | BO53: =BN53*$E53 -> 0 | BQ53: =BP53*$E53 -> 0 | BS53: =BR53*$E53 -> 0 | BU53: =BT53*$E53 -> 0 | BW53: =BV53*$E53 -> 0 | BY53: =BX53*$E53 -> 0 | CA53: =BZ53*$E53 -> 0 | CC53: =CB53*$E53 -> 0 | CE53: =CD53*$E53 -> 0 | CF53: =(CD53+CB53+BZ53+BX53+BV53+BT53+BR53+BP53+BN53+BL53+BJ53+BH53)/1 -> 0 | CG53: =CF53*$E53 -> 0 | CI53: =CH53*$E53 -> 0 | CK53: =CJ53*$E53 -> 0 | CM53: =CL53*$E53 -> 0 | CO53: =CN53*$E53 -> 0 | CQ53: =CP53*$E53 -> 0 | CS53: =CR53*$E53 -> 0 | CU53: =CT53*$E53 -> 0 | CW53: =CV53*$E53 -> 0 | CY53: =CX53*$E53 -> 0 | DA53: =CZ53*$E53 -> 0 | DC53: =DB53*$E53 -> 0 | DE53: =DD53*$E53 -> 0 | DF53: =SUM(CH53,CJ53,CL53,CN53,CP53,CR53,CT53,CV53,CX53,CZ53,DB53,DD53)/1 -> 0 | DG53: =DF53*$E53 -> 0
I54: =H54*$E54 -> 0 | K54: =J54*$E54 -> 0 | M54: =L54*$E54 -> 0 | O54: =N54*$E54 -> 0 | Q54: =P54*$E54 -> 0 | S54: =R54*$E54 -> 0 | U54: =T54*$E54 -> 0 | W54: =V54*$E54 -> 0 | Y54: =X54*$E54 -> 0 | AA54: =Z54*$E54 -> 0 | AC54: =AB54*$E54 -> 0 | AE54: =AD54*$E54 -> 0 | AF54: =(AD54+AB54+Z54+X54+V54+T54+R54+P54+N54+L54+J54+H54)/1 -> 0 | AG54: =AF54*$E54 -> 0 | AI54: =AH54*$E54 -> 0 | AK54: =AJ54*$E54 -> 0 | AM54: =AL54*$E54 -> 0 | AO54: =AN54*$E54 -> 0 | AQ54: =AP54*$E54 -> 0 | AS54: =AR54*$E54 -> 0 | AU54: =AT54*$E54 -> 0 | AW54: =AV54*$E54 -> 0 | AY54: =AX54*$E54 -> 0 | BA54: =AZ54*$E54 -> 0 | BC54: =BB54*$E54 -> 0 | BE54: =BD54*$E54 -> 0 | BF54: =(BD54+BB54+AZ54+AX54+AV54+AT54+AR54+AP54+AN54+AL54+AJ54+AH54)/1 -> 0 | BG54: =BF54*$E54 -> 0 | BI54: =BH54*$E54 -> 0 | BK54: =BJ54*$E54 -> 0 | BM54: =BL54*$E54 -> 0 | BO54: =BN54*$E54 -> 0 | BQ54: =BP54*$E54 -> 0 | BS54: =BR54*$E54 -> 0 | BU54: =BT54*$E54 -> 0 | BW54: =BV54*$E54 -> 0 | BY54: =BX54*$E54 -> 0 | CA54: =BZ54*$E54 -> 0 | CC54: =CB54*$E54 -> 0 | CE54: =CD54*$E54 -> 0 | CF54: =(CD54+CB54+BZ54+BX54+BV54+BT54+BR54+BP54+BN54+BL54+BJ54+BH54)/1 -> 0 | CG54: =CF54*$E54 -> 0 | CI54: =CH54*$E54 -> 0 | CK54: =CJ54*$E54 -> 0 | CM54: =CL54*$E54 -> 0 | CO54: =CN54*$E54 -> 0 | CQ54: =CP54*$E54 -> 0 | CS54: =CR54*$E54 -> 0 | CU54: =CT54*$E54 -> 0 | CW54: =CV54*$E54 -> 0 | CY54: =CX54*$E54 -> 0 | DA54: =CZ54*$E54 -> 0 | DC54: =DB54*$E54 -> 0 | DE54: =DD54*$E54 -> 0 | DF54: =SUM(CH54,CJ54,CL54,CN54,CP54,CR54,CT54,CV54,CX54,CZ54,DB54,DD54)/1 -> 0 | DG54: =DF54*$E54 -> 0
A55: 45 | B55: သံပုရာအရက်(1 Liter) | C55: ‌ကော်ဘူး | D55: =RANK(DF55,$DF$4:$DF$147) -> 31 | E55: 1 | F55: 1 * 12 | I55: =H55*$E55 -> 0 | K55: =J55*$E55 -> 0 | M55: =L55*$E55 -> 0 | O55: =N55*$E55 -> 0 | Q55: =P55*$E55 -> 0 | S55: =R55*$E55 -> 0 | U55: =T55*$E55 -> 0 | W55: =V55*$E55 -> 0 | Y55: =X55*$E55 -> 0 | AA55: =Z55*$E55 -> 0 | AC55: =AB55*$E55 -> 0 | AE55: =AD55*$E55 -> 0 | AF55: =(AD55+AB55+Z55+X55+V55+T55+R55+P55+N55+L55+J55+H55)/1 -> 0 | AG55: =AF55*$E55 -> 0 | AI55: =AH55*$E55 -> 0 | AK55: =AJ55*$E55 -> 0 | AM55: =AL55*$E55 -> 0 | AO55: =AN55*$E55 -> 0 | AQ55: =AP55*$E55 -> 0 | AS55: =AR55*$E55 -> 0 | AU55: =AT55*$E55 -> 0 | AW55: =AV55*$E55 -> 0 | AY55: =AX55*$E55 -> 0 | BA55: =AZ55*$E55 -> 0 | BC55: =BB55*$E55 -> 0 | BE55: =BD55*$E55 -> 0 | BF55: =(BD55+BB55+AZ55+AX55+AV55+AT55+AR55+AP55+AN55+AL55+AJ55+AH55)/1 -> 0 | BG55: =BF55*$E55 -> 0 | BI55: =BH55*$E55 -> 0 | BK55: =BJ55*$E55 -> 0 | BM55: =BL55*$E55 -> 0 | BO55: =BN55*$E55 -> 0 | BQ55: =BP55*$E55 -> 0 | BS55: =BR55*$E55 -> 0 | BU55: =BT55*$E55 -> 0 | BW55: =BV55*$E55 -> 0 | BY55: =BX55*$E55 -> 0 | CA55: =BZ55*$E55 -> 0 | CC55: =CB55*$E55 -> 0 | CE55: =CD55*$E55 -> 0 | CF55: =(CD55+CB55+BZ55+BX55+BV55+BT55+BR55+BP55+BN55+BL55+BJ55+BH55)/1 -> 0 | CG55: =CF55*$E55 -> 0 | CI55: =CH55*$E55 -> 0 | CK55: =CJ55*$E55 -> 0 | CM55: =CL55*$E55 -> 0 | CO55: =CN55*$E55 -> 0 | CQ55: =CP55*$E55 -> 0 | CS55: =CR55*$E55 -> 0 | CU55: =CT55*$E55 -> 0 | CW55: =CV55*$E55 -> 0 | CY55: =CX55*$E55 -> 0 | DA55: =CZ55*$E55 -> 0 | DC55: =DB55*$E55 -> 0 | DE55: =DD55*$E55 -> 0 | DF55: =SUM(CH55,CJ55,CL55,CN55,CP55,CR55,CT55,CV55,CX55,CZ55,DB55,DD55)/1 -> 0 | DG55: =DF55*$E55 -> 0 | DI55: =DH55*$E55 -> 0 | DK55: =DJ55*$E55 -> 0 | DM55: =DL55*$E55 -> 0 | DO55: =DN55*$E55 -> 0 | DQ55: =DP55*$E55 -> 0 | DS55: =DR55*$E55 -> 0 | DU55: =DT55*$E55 -> 0 | DW55: =DV55*$E55 -> 0 | DY55: =DX55*$E55 -> 0 | EA55: =DZ55*$E55 -> 0 | EC55: =EB55*$E55 -> 0 | EE55: =ED55*$E55 -> 0 | EF55: =SUM(DH55,DJ55,DL55,DN55,DP55,DR55,DT55,DV55,DX55,DZ55,EB55,ED55) -> 0 | EG55: =SUM(DI55,DK55,DM55,DO55,DQ55,DS55,DU55,DW55,DY55,EA55,EC55,EE55) -> 0
A56: 46 | B56: သံပုရာအရက်(0.6 Liter) | C56: ‌ကော်ဘူး | D56: =RANK(DF56,$DF$4:$DF$147) -> 31 | E56: 0.6 | F56: 1 * 12 | I56: =H56*$E56 -> 0 | K56: =J56*$E56 -> 0 | M56: =L56*$E56 -> 0 | O56: =N56*$E56 -> 0 | Q56: =P56*$E56 -> 0 | S56: =R56*$E56 -> 0 | U56: =T56*$E56 -> 0 | W56: =V56*$E56 -> 0 | Y56: =X56*$E56 -> 0 | AA56: =Z56*$E56 -> 0 | AC56: =AB56*$E56 -> 0 | AE56: =AD56*$E56 -> 0 | AF56: =(AD56+AB56+Z56+X56+V56+T56+R56+P56+N56+L56+J56+H56)/1 -> 0 | AG56: =AF56*$E56 -> 0 | AI56: =AH56*$E56 -> 0 | AK56: =AJ56*$E56 -> 0 | AM56: =AL56*$E56 -> 0 | AO56: =AN56*$E56 -> 0 | AQ56: =AP56*$E56 -> 0 | AS56: =AR56*$E56 -> 0 | AU56: =AT56*$E56 -> 0 | AW56: =AV56*$E56 -> 0 | AY56: =AX56*$E56 -> 0 | BA56: =AZ56*$E56 -> 0 | BC56: =BB56*$E56 -> 0 | BE56: =BD56*$E56 -> 0 | BF56: =(BD56+BB56+AZ56+AX56+AV56+AT56+AR56+AP56+AN56+AL56+AJ56+AH56)/1 -> 0 | BG56: =BF56*$E56 -> 0 | BI56: =BH56*$E56 -> 0 | BK56: =BJ56*$E56 -> 0 | BM56: =BL56*$E56 -> 0 | BO56: =BN56*$E56 -> 0 | BQ56: =BP56*$E56 -> 0 | BS56: =BR56*$E56 -> 0 | BU56: =BT56*$E56 -> 0 | BW56: =BV56*$E56 -> 0 | BY56: =BX56*$E56 -> 0 | CA56: =BZ56*$E56 -> 0 | CC56: =CB56*$E56 -> 0 | CE56: =CD56*$E56 -> 0 | CF56: =(CD56+CB56+BZ56+BX56+BV56+BT56+BR56+BP56+BN56+BL56+BJ56+BH56)/1 -> 0 | CG56: =CF56*$E56 -> 0 | CI56: =CH56*$E56 -> 0 | CK56: =CJ56*$E56 -> 0 | CM56: =CL56*$E56 -> 0 | CO56: =CN56*$E56 -> 0 | CQ56: =CP56*$E56 -> 0 | CS56: =CR56*$E56 -> 0 | CU56: =CT56*$E56 -> 0 | CW56: =CV56*$E56 -> 0 | CY56: =CX56*$E56 -> 0 | DA56: =CZ56*$E56 -> 0 | DC56: =DB56*$E56 -> 0 | DE56: =DD56*$E56 -> 0 | DF56: =SUM(CH56,CJ56,CL56,CN56,CP56,CR56,CT56,CV56,CX56,CZ56,DB56,DD56)/1 -> 0 | DG56: =DF56*$E56 -> 0 | DI56: =DH56*$E56 -> 0 | DK56: =DJ56*$E56 -> 0 | DM56: =DL56*$E56 -> 0 | DO56: =DN56*$E56 -> 0 | DQ56: =DP56*$E56 -> 0 | DS56: =DR56*$E56 -> 0 | DU56: =DT56*$E56 -> 0 | DW56: =DV56*$E56 -> 0 | DY56: =DX56*$E56 -> 0 | EA56: =DZ56*$E56 -> 0 | EC56: =EB56*$E56 -> 0 | EE56: =ED56*$E56 -> 0 | EF56: =SUM(DH56,DJ56,DL56,DN56,DP56,DR56,DT56,DV56,DX56,DZ56,EB56,ED56) -> 0 | EG56: =SUM(DI56,DK56,DM56,DO56,DQ56,DS56,DU56,DW56,DY56,EA56,EC56,EE56) -> 0
A57: 47 | B57: သံပုရာအရက် | C57: ပုလင်း | D57: =RANK(DF57,$DF$4:$DF$147) -> 31 | E57: 0.64 | F57: 1 * 14 | G57: 1350 | H57: 1414 | I57: =H57*$E57 -> 904.96 | J57: 1358 | K57: =J57*$E57 -> 869.12 | L57: 1638 | M57: =L57*$E57 -> 1048.32 | N57: 2170 | O57: =N57*$E57 -> 1388.8 | P57: 658 | Q57: =P57*$E57 -> 421.12 | R57: 364 | S57: =R57*$E57 -> 232.96 | T57: 490 | U57: =T57*$E57 -> 313.6 | V57: 700 | W57: =V57*$E57 -> 448 | X57: 1162 | Y57: =X57*$E57 -> 743.68 | Z57: 882 | AA57: =Z57*$E57 -> 564.48 | AB57: 882 | AC57: =AB57*$E57 -> 564.48 | AE57: =AD57*$E57 -> 0 | AF57: =(AD57+AB57+Z57+X57+V57+T57+R57+P57+N57+L57+J57+H57)/1 -> 11718 | AG57: =AF57*$E57 -> 7499.52 | AH57: 532 | AI57: =AH57*$E57 -> 340.48 | AJ57: 700 | AK57: =AJ57*$E57 -> 448 | AL57: 140 | AM57: =AL57*$E57 -> 89.6 | AN57: 938 | AO57: =AN57*$E57 -> 600.32 | AP57: 840 | AQ57: =AP57*$E57 -> 537.6 | AR57: 910 | AS57: =AR57*$E57 -> 582.4 | AT57: 140 | AU57: =AT57*$E57 -> 89.6 | AV57: 70 | AW57: =AV57*$E57 -> 44.8 | AY57: =AX57*$E57 -> 0 | BA57: =AZ57*$E57 -> 0 | BC57: =BB57*$E57 -> 0 | BD57: 70 | BE57: =BD57*$E57 -> 44.8 | BF57: =(BD57+BB57+AZ57+AX57+AV57+AT57+AR57+AP57+AN57+AL57+AJ57+AH57)/1 -> 4340 | BG57: =BF57*$E57 -> 2777.6 | BH57: 420 | BI57: =BH57*$E57 -> 268.8 | BJ57: 70 | BK57: =BJ57*$E57 -> 44.8 | BL57: 0 | BM57: =BL57*$E57 -> 0 | BN57: 70 | BO57: =BN57*$E57 -> 44.8 | BP57: 0 | BQ57: =BP57*$E57 -> 0 | BR57: 70 | BS57: =BR57*$E57 -> 44.8 | BT57: 70 | BU57: =BT57*$E57 -> 44.8 | BV57: 70 | BW57: =BV57*$E57 -> 44.8 | BX57: 70 | BY57: =BX57*$E57 -> 44.8 | BZ57: 70 | CA57: =BZ57*$E57 -> 44.8 | CB57: 168 | CC57: =CB57*$E57 -> 107.52 | CE57: =CD57*$E57 -> 0 | CF57: =(CD57+CB57+BZ57+BX57+BV57+BT57+BR57+BP57+BN57+BL57+BJ57+BH57)/1 -> 1078 | CG57: =CF57*$E57 -> 689.92 | CI57: =CH57*$E57 -> 0 | CK57: =CJ57*$E57 -> 0 | CM57: =CL57*$E57 -> 0 | CO57: =CN57*$E57 -> 0 | CQ57: =CP57*$E57 -> 0 | CS57: =CR57*$E57 -> 0 | CU57: =CT57*$E57 -> 0 | CW57: =CV57*$E57 -> 0 | CY57: =CX57*$E57 -> 0 | DA57: =CZ57*$E57 -> 0 | DC57: =DB57*$E57 -> 0 | DE57: =DD57*$E57 -> 0 | DF57: =SUM(CH57,CJ57,CL57,CN57,CP57,CR57,CT57,CV57,CX57,CZ57,DB57,DD57)/1 -> 0 | DG57: =DF57*$E57 -> 0 | DI57: =DH57*$E57 -> 0 | DK57: =DJ57*$E57 -> 0 | DM57: =DL57*$E57 -> 0 | DO57: =DN57*$E57 -> 0 | DQ57: =DP57*$E57 -> 0 | DS57: =DR57*$E57 -> 0 | DU57: =DT57*$E57 -> 0 | DW57: =DV57*$E57 -> 0 | DY57: =DX57*$E57 -> 0 | EA57: =DZ57*$E57 -> 0 | EC57: =EB57*$E57 -> 0 | EE57: =ED57*$E57 -> 0 | EF57: =SUM(DH57,DJ57,DL57,DN57,DP57,DR57,DT57,DV57,DX57,DZ57,EB57,ED57) -> 0 | EG57: =SUM(DI57,DK57,DM57,DO57,DQ57,DS57,DU57,DW57,DY57,EA57,EC57,EE57) -> 0
A58: 48 | B58: သံပုရာအရက် | C58: ပုလင်း | D58: =RANK(DF58,$DF$4:$DF$147) -> 31 | E58: 0.64 | F58: 1 * 24 | I58: =H58*$E58 -> 0 | K58: =J58*$E58 -> 0 | M58: =L58*$E58 -> 0 | O58: =N58*$E58 -> 0 | Q58: =P58*$E58 -> 0 | S58: =R58*$E58 -> 0 | U58: =T58*$E58 -> 0 | W58: =V58*$E58 -> 0 | Y58: =X58*$E58 -> 0 | AA58: =Z58*$E58 -> 0 | AC58: =AB58*$E58 -> 0 | AE58: =AD58*$E58 -> 0 | AF58: =(AD58+AB58+Z58+X58+V58+T58+R58+P58+N58+L58+J58+H58)/1 -> 0 | AG58: =AF58*$E58 -> 0 | AI58: =AH58*$E58 -> 0 | AK58: =AJ58*$E58 -> 0 | AM58: =AL58*$E58 -> 0 | AO58: =AN58*$E58 -> 0 | AQ58: =AP58*$E58 -> 0 | AS58: =AR58*$E58 -> 0 | AU58: =AT58*$E58 -> 0 | AW58: =AV58*$E58 -> 0 | AY58: =AX58*$E58 -> 0 | BA58: =AZ58*$E58 -> 0 | BC58: =BB58*$E58 -> 0 | BE58: =BD58*$E58 -> 0 | BF58: =(BD58+BB58+AZ58+AX58+AV58+AT58+AR58+AP58+AN58+AL58+AJ58+AH58)/1 -> 0 | BG58: =BF58*$E58 -> 0 | BI58: =BH58*$E58 -> 0 | BK58: =BJ58*$E58 -> 0 | BM58: =BL58*$E58 -> 0 | BO58: =BN58*$E58 -> 0 | BQ58: =BP58*$E58 -> 0 | BS58: =BR58*$E58 -> 0 | BU58: =BT58*$E58 -> 0 | BW58: =BV58*$E58 -> 0 | BY58: =BX58*$E58 -> 0 | CA58: =BZ58*$E58 -> 0 | CC58: =CB58*$E58 -> 0 | CE58: =CD58*$E58 -> 0 | CF58: =(CD58+CB58+BZ58+BX58+BV58+BT58+BR58+BP58+BN58+BL58+BJ58+BH58)/1 -> 0 | CG58: =CF58*$E58 -> 0 | CI58: =CH58*$E58 -> 0 | CK58: =CJ58*$E58 -> 0 | CM58: =CL58*$E58 -> 0 | CO58: =CN58*$E58 -> 0 | CQ58: =CP58*$E58 -> 0 | CS58: =CR58*$E58 -> 0 | CU58: =CT58*$E58 -> 0 | CW58: =CV58*$E58 -> 0 | CY58: =CX58*$E58 -> 0 | DA58: =CZ58*$E58 -> 0 | DC58: =DB58*$E58 -> 0 | DE58: =DD58*$E58 -> 0 | DF58: =SUM(CH58,CJ58,CL58,CN58,CP58,CR58,CT58,CV58,CX58,CZ58,DB58,DD58)/1 -> 0 | DG58: =DF58*$E58 -> 0 | DI58: =DH58*$E58 -> 0 | DK58: =DJ58*$E58 -> 0 | DM58: =DL58*$E58 -> 0 | DO58: =DN58*$E58 -> 0 | DQ58: =DP58*$E58 -> 0 | DS58: =DR58*$E58 -> 0 | DU58: =DT58*$E58 -> 0 | DW58: =DV58*$E58 -> 0 | DY58: =DX58*$E58 -> 0 | EA58: =DZ58*$E58 -> 0 | EC58: =EB58*$E58 -> 0 | EE58: =ED58*$E58 -> 0 | EF58: =SUM(DH58,DJ58,DL58,DN58,DP58,DR58,DT58,DV58,DX58,DZ58,EB58,ED58) -> 0 | EG58: =SUM(DI58,DK58,DM58,DO58,DQ58,DS58,DU58,DW58,DY58,EA58,EC58,EE58) -> 0
I59: =H59*$E59 -> 0 | K59: =J59*$E59 -> 0 | M59: =L59*$E59 -> 0 | O59: =N59*$E59 -> 0 | Q59: =P59*$E59 -> 0 | S59: =R59*$E59 -> 0 | U59: =T59*$E59 -> 0 | W59: =V59*$E59 -> 0 | Y59: =X59*$E59 -> 0 | AA59: =Z59*$E59 -> 0 | AC59: =AB59*$E59 -> 0 | AE59: =AD59*$E59 -> 0 | AF59: =(AD59+AB59+Z59+X59+V59+T59+R59+P59+N59+L59+J59+H59)/1 -> 0 | AG59: =AF59*$E59 -> 0 | AI59: =AH59*$E59 -> 0 | AK59: =AJ59*$E59 -> 0 | AM59: =AL59*$E59 -> 0 | AO59: =AN59*$E59 -> 0 | AQ59: =AP59*$E59 -> 0 | AS59: =AR59*$E59 -> 0 | AU59: =AT59*$E59 -> 0 | AW59: =AV59*$E59 -> 0 | AY59: =AX59*$E59 -> 0 | BA59: =AZ59*$E59 -> 0 | BC59: =BB59*$E59 -> 0 | BE59: =BD59*$E59 -> 0 | BF59: =(BD59+BB59+AZ59+AX59+AV59+AT59+AR59+AP59+AN59+AL59+AJ59+AH59)/1 -> 0 | BG59: =BF59*$E59 -> 0 | BI59: =BH59*$E59 -> 0 | BK59: =BJ59*$E59 -> 0 | BM59: =BL59*$E59 -> 0 | BO59: =BN59*$E59 -> 0 | BQ59: =BP59*$E59 -> 0 | BS59: =BR59*$E59 -> 0 | BU59: =BT59*$E59 -> 0 | BW59: =BV59*$E59 -> 0 | BY59: =BX59*$E59 -> 0 | CA59: =BZ59*$E59 -> 0 | CC59: =CB59*$E59 -> 0 | CE59: =CD59*$E59 -> 0 | CF59: =(CD59+CB59+BZ59+BX59+BV59+BT59+BR59+BP59+BN59+BL59+BJ59+BH59)/1 -> 0 | CG59: =CF59*$E59 -> 0 | CI59: =CH59*$E59 -> 0 | CK59: =CJ59*$E59 -> 0 | CM59: =CL59*$E59 -> 0 | CO59: =CN59*$E59 -> 0 | CQ59: =CP59*$E59 -> 0 | CS59: =CR59*$E59 -> 0 | CU59: =CT59*$E59 -> 0 | CW59: =CV59*$E59 -> 0 | CY59: =CX59*$E59 -> 0 | DA59: =CZ59*$E59 -> 0 | DC59: =DB59*$E59 -> 0 | DE59: =DD59*$E59 -> 0 | DF59: =SUM(CH59,CJ59,CL59,CN59,CP59,CR59,CT59,CV59,CX59,CZ59,DB59,DD59)/1 -> 0 | DG59: =DF59*$E59 -> 0
A60: 49 | B60: Dagon Tamarind (1 Liter) | C60: ‌ကော်ဘူး | D60: =RANK(DF60,$DF$4:$DF$147) -> 5 | E60: 1 | F60: 1 * 12 | G60: 1550 | H60: 101124 | I60: =H60*$E60 -> 101124 | J60: 86940 | K60: =J60*$E60 -> 86940 | L60: 127787 | M60: =L60*$E60 -> 127787 | N60: 143969 | O60: =N60*$E60 -> 143969 | P60: 145128 | Q60: =P60*$E60 -> 145128 | R60: 155568 | S60: =R60*$E60 -> 155568 | T60: 77882 | U60: =T60*$E60 -> 77882 | V60: 160728 | W60: =V60*$E60 -> 160728 | X60: 138852 | Y60: =X60*$E60 -> 138852 | Z60: 136908 | AA60: =Z60*$E60 -> 136908 | AB60: 136680 | AC60: =AB60*$E60 -> 136680 | AD60: 152110 | AE60: =AD60*$E60 -> 152110 | AF60: =(AD60+AB60+Z60+X60+V60+T60+R60+P60+N60+L60+J60+H60)/1 -> 1563676 | AG60: =AF60*$E60 -> 1563676 | AH60: 166078 | AI60: =AH60*$E60 -> 166078 | AJ60: 150696 | AK60: =AJ60*$E60 -> 150696 | AL60: 187716 | AM60: =AL60*$E60 -> 187716 | AN60: 166056 | AO60: =AN60*$E60 -> 166056 | AP60: 218136 | AQ60: =AP60*$E60 -> 218136 | AR60: 184836 | AS60: =AR60*$E60 -> 184836 | AT60: 194098 | AU60: =AT60*$E60 -> 194098 | AV60: 223103 | AW60: =AV60*$E60 -> 223103 | AX60: 162348 | AY60: =AX60*$E60 -> 162348 | AZ60: 174576 | BA60: =AZ60*$E60 -> 174576 | BB60: 177420 | BC60: =BB60*$E60 -> 177420 | BD60: 194253 | BE60: =BD60*$E60 -> 194253 | BF60: =(BD60+BB60+AZ60+AX60+AV60+AT60+AR60+AP60+AN60+AL60+AJ60+AH60)/1 -> 2199316 | BG60: =BF60*$E60 -> 2199316 | BH60: 198435 | BI60: =BH60*$E60 -> 198435 | BJ60: 183036 | BK60: =BJ60*$E60 -> 183036 | BL60: 205571 | BM60: =BL60*$E60 -> 205571 | BN60: 200031 | BO60: =BN60*$E60 -> 200031 | BP60: 228443 | BQ60: =BP60*$E60 -> 228443 | BR60: 253787 | BS60: =BR60*$E60 -> 253787 | BT60: 252140 | BU60: =BT60*$E60 -> 252140 | BV60: 243502 | BW60: =BV60*$E60 -> 243502 | BX60: 249191 | BY60: =BX60*$E60 -> 249191 | BZ60: 262468 | CA60: =BZ60*$E60 -> 262468 | CB60: 205915 | CC60: =CB60*$E60 -> 205915 | CD60: 215415 | CE60: =CD60*$E60 -> 215415 | CF60: =(CD60+CB60+BZ60+BX60+BV60+BT60+BR60+BP60+BN60+BL60+BJ60+BH60)/1 -> 2697934 | CG60: =CF60*$E60 -> 2697934 | CH60: 197344 | CI60: =CH60*$E60 -> 197344 | CJ60: 192155 | CK60: =CJ60*$E60 -> 192155 | CL60: 292789 | CM60: =CL60*$E60 -> 292789 | CN60: 152519 | CO60: =CN60*$E60 -> 152519 | CP60: 220709 | CQ60: =CP60*$E60 -> 220709 | CR60: 227132 | CS60: =CR60*$E60 -> 227132 | CT60: 228371 | CU60: =CT60*$E60 -> 228371 | CV60: 221024 | CW60: =CV60*$E60 -> 221024 | CX60: 207343 | CY60: =CX60*$E60 -> 207343 | CZ60: 219687 | DA60: =CZ60*$E60 -> 219687 | DB60: 187324 | DC60: =DB60*$E60 -> 187324 | DD60: 217864 | DE60: =DD60*$E60 -> 217864 | DF60: =SUM(CH60,CJ60,CL60,CN60,CP60,CR60,CT60,CV60,CX60,CZ60,DB60,DD60)/1 -> 2564261 | DG60: =DF60*$E60 -> 2564261 | DH60: 197347 | DI60: =DH60*$E60 -> 197347 | DJ60: 182860 | DK60: =DJ60*$E60 -> 182860 | DM60: =DL60*$E60 -> 0 | DO60: =DN60*$E60 -> 0 | DQ60: =DP60*$E60 -> 0 | DS60: =DR60*$E60 -> 0 | DU60: =DT60*$E60 -> 0 | DW60: =DV60*$E60 -> 0 | DY60: =DX60*$E60 -> 0 | EA60: =DZ60*$E60 -> 0 | EC60: =EB60*$E60 -> 0 | EE60: =ED60*$E60 -> 0 | EF60: =SUM(DH60,DJ60,DL60,DN60,DP60,DR60,DT60,DV60,DX60,DZ60,EB60,ED60) -> 380207 | EG60: =SUM(DI60,DK60,DM60,DO60,DQ60,DS60,DU60,DW60,DY60,EA60,EC60,EE60) -> 380207
A61: 50 | B61: Dagon Tamarind - 600ml | C61: ‌ကော်ဘူး | D61: =RANK(DF61,$DF$4:$DF$147) -> 31 | E61: 0.6 | F61: 1*12 | G61: 1060 | I61: =H61*$E61 -> 0 | K61: =J61*$E61 -> 0 | M61: =L61*$E61 -> 0 | O61: =N61*$E61 -> 0 | P61: 3372 | Q61: =P61*$E61 -> 2023.2 | R61: 1032 | S61: =R61*$E61 -> 619.2 | T61: 70476 | U61: =T61*$E61 -> 42285.6 | V61: 1356 | W61: =V61*$E61 -> 813.6 | X61: 984 | Y61: =X61*$E61 -> 590.4 | Z61: 372 | AA61: =Z61*$E61 -> 223.2 | AB61: 756 | AC61: =AB61*$E61 -> 453.6 | AD61: 672 | AE61: =AD61*$E61 -> 403.2 | AF61: =(AD61+AB61+Z61+X61+V61+T61+R61+P61+N61+L61+J61+H61)/1 -> 79020 | AG61: =AF61*$E61 -> 47412 | AH61: 1392 | AI61: =AH61*$E61 -> 835.2 | AJ61: 1380 | AK61: =AJ61*$E61 -> 828 | AL61: 1284 | AM61: =AL61*$E61 -> 770.4 | AN61: 1356 | AO61: =AN61*$E61 -> 813.6 | AP61: 2748 | AQ61: =AP61*$E61 -> 1648.8 | AR61: 1668 | AS61: =AR61*$E61 -> 1000.8 | AU61: =AT61*$E61 -> 0 | AW61: =AV61*$E61 -> 0 | AY61: =AX61*$E61 -> 0 | BA61: =AZ61*$E61 -> 0 | BC61: =BB61*$E61 -> 0 | BE61: =BD61*$E61 -> 0 | BF61: =(BD61+BB61+AZ61+AX61+AV61+AT61+AR61+AP61+AN61+AL61+AJ61+AH61)/1 -> 9828 | BG61: =BF61*$E61 -> 5896.8 | BI61: =BH61*$E61 -> 0 | BK61: =BJ61*$E61 -> 0 | BM61: =BL61*$E61 -> 0 | BO61: =BN61*$E61 -> 0 | BQ61: =BP61*$E61 -> 0 | BS61: =BR61*$E61 -> 0 | BU61: =BT61*$E61 -> 0 | BW61: =BV61*$E61 -> 0 | BY61: =BX61*$E61 -> 0 | CA61: =BZ61*$E61 -> 0 | CC61: =CB61*$E61 -> 0 | CE61: =CD61*$E61 -> 0 | CF61: =(CD61+CB61+BZ61+BX61+BV61+BT61+BR61+BP61+BN61+BL61+BJ61+BH61)/1 -> 0 | CG61: =CF61*$E61 -> 0 | CI61: =CH61*$E61 -> 0 | CK61: =CJ61*$E61 -> 0 | CM61: =CL61*$E61 -> 0 | CO61: =CN61*$E61 -> 0 | CQ61: =CP61*$E61 -> 0 | CS61: =CR61*$E61 -> 0 | CU61: =CT61*$E61 -> 0 | CW61: =CV61*$E61 -> 0 | CY61: =CX61*$E61 -> 0 | DA61: =CZ61*$E61 -> 0 | DC61: =DB61*$E61 -> 0 | DE61: =DD61*$E61 -> 0 | DF61: =SUM(CH61,CJ61,CL61,CN61,CP61,CR61,CT61,CV61,CX61,CZ61,DB61,DD61)/1 -> 0 | DG61: =DF61*$E61 -> 0
A62: 51 | B62: Dagon Tamarind (0.35 Liter) | C62: ‌ကော်ဘူး | D62: =RANK(DF62,$DF$4:$DF$147) -> 7 | E62: 0.35 | F62: 1 * 40 | G62: 700 | I62: =H62*$E62 -> 0 | K62: =J62*$E62 -> 0 | M62: =L62*$E62 -> 0 | O62: =N62*$E62 -> 0 | Q62: =P62*$E62 -> 0 | S62: =R62*$E62 -> 0 | U62: =T62*$E62 -> 0 | W62: =V62*$E62 -> 0 | Y62: =X62*$E62 -> 0 | AA62: =Z62*$E62 -> 0 | AC62: =AB62*$E62 -> 0 | AE62: =AD62*$E62 -> 0 | AF62: =(AD62+AB62+Z62+X62+V62+T62+R62+P62+N62+L62+J62+H62)/1 -> 0 | AG62: =AF62*$E62 -> 0 | AI62: =AH62*$E62 -> 0 | AK62: =AJ62*$E62 -> 0 | AM62: =AL62*$E62 -> 0 | AO62: =AN62*$E62 -> 0 | AQ62: =AP62*$E62 -> 0 | AS62: =AR62*$E62 -> 0 | AU62: =AT62*$E62 -> 0 | AW62: =AV62*$E62 -> 0 | AY62: =AX62*$E62 -> 0 | AZ62: 18340 | BA62: =AZ62*$E62 -> 6419 | BC62: =BB62*$E62 -> 0 | BD62: 10412 | BE62: =BD62*$E62 -> 3644.2 | BF62: =(BD62+BB62+AZ62+AX62+AV62+AT62+AR62+AP62+AN62+AL62+AJ62+AH62)/1 -> 28752 | BG62: =BF62*$E62 -> 10063.2 | BH62: 15447 | BI62: =BH62*$E62 -> 5406.45 | BJ62: 14872 | BK62: =BJ62*$E62 -> 5205.2 | BL62: 14299 | BM62: =BL62*$E62 -> 5004.65 | BN62: 13955 | BO62: =BN62*$E62 -> 4884.25 | BP62: 17783 | BQ62: =BP62*$E62 -> 6224.05 | BR62: 22392 | BS62: =BR62*$E62 -> 7837.2 | BT62: 29940 | BU62: =BT62*$E62 -> 10479 | BV62: 30400 | BW62: =BV62*$E62 -> 10640 | BX62: 35586 | BY62: =BX62*$E62 -> 12455.1 | BZ62: 37744 | CA62: =BZ62*$E62 -> 13210.4 | CB62: 44055 | CC62: =CB62*$E62 -> 15419.25 | CD62: 50985 | CE62: =CD62*$E62 -> 17844.75 | CF62: =(CD62+CB62+BZ62+BX62+BV62+BT62+BR62+BP62+BN62+BL62+BJ62+BH62)/1 -> 327458 | CG62: =CF62*$E62 -> 114610.3 | CH62: 42471 | CI62: =CH62*$E62 -> 14864.85 | CJ62: 37902 | CK62: =CJ62*$E62 -> 13265.7 | CL62: 81994 | CM62: =CL62*$E62 -> 28697.9 | CN62: 46904 | CO62: =CN62*$E62 -> 16416.4 | CP62: 75480 | CQ62: =CP62*$E62 -> 26418 | CR62: 60684 | CS62: =CR62*$E62 -> 21239.4 | CT62: 73325 | CU62: =CT62*$E62 -> 25663.75 | CV62: 81734 | CW62: =CV62*$E62 -> 28606.9 | CX62: 78746 | CY62: =CX62*$E62 -> 27561.1 | CZ62: 88290 | DA62: =CZ62*$E62 -> 30901.5 | DB62: 78920 | DC62: =DB62*$E62 -> 27622 | DD62: 89860 | DE62: =DD62*$E62 -> 31451 | DF62: =SUM(CH62,CJ62,CL62,CN62,CP62,CR62,CT62,CV62,CX62,CZ62,DB62,DD62)/1 -> 836310 | DG62: =DF62*$E62 -> 292708.5 | DH62: 90240 | DI62: =DH62*$E62 -> 31584 | DJ62: 73200 | DK62: =DJ62*$E62 -> 25620 | DM62: =DL62*$E62 -> 0 | DO62: =DN62*$E62 -> 0 | DQ62: =DP62*$E62 -> 0 | DS62: =DR62*$E62 -> 0 | DU62: =DT62*$E62 -> 0 | DW62: =DV62*$E62 -> 0 | DY62: =DX62*$E62 -> 0 | EA62: =DZ62*$E62 -> 0 | EC62: =EB62*$E62 -> 0 | EE62: =ED62*$E62 -> 0 | EF62: =SUM(DH62,DJ62,DL62,DN62,DP62,DR62,DT62,DV62,DX62,DZ62,EB62,ED62) -> 163440 | EG62: =SUM(DI62,DK62,DM62,DO62,DQ62,DS62,DU62,DW62,DY62,EA62,EC62,EE62) -> 57204
A63: 52 | B63: 2 in 1 မန်ကျည်း | C63: ပုလင်း | D63: =RANK(DF63,$DF$4:$DF$147) -> 31 | E63: 0.64 | F63: 1 * 14 | I63: =H63*$E63 -> 0 | K63: =J63*$E63 -> 0 | M63: =L63*$E63 -> 0 | O63: =N63*$E63 -> 0 | Q63: =P63*$E63 -> 0 | S63: =R63*$E63 -> 0 | U63: =T63*$E63 -> 0 | W63: =V63*$E63 -> 0 | Y63: =X63*$E63 -> 0 | AA63: =Z63*$E63 -> 0 | AC63: =AB63*$E63 -> 0 | AE63: =AD63*$E63 -> 0 | AF63: =(AD63+AB63+Z63+X63+V63+T63+R63+P63+N63+L63+J63+H63)/1 -> 0 | AG63: =AF63*$E63 -> 0 | AI63: =AH63*$E63 -> 0 | AK63: =AJ63*$E63 -> 0 | AM63: =AL63*$E63 -> 0 | AO63: =AN63*$E63 -> 0 | AQ63: =AP63*$E63 -> 0 | AS63: =AR63*$E63 -> 0 | AU63: =AT63*$E63 -> 0 | AW63: =AV63*$E63 -> 0 | AY63: =AX63*$E63 -> 0 | BA63: =AZ63*$E63 -> 0 | BC63: =BB63*$E63 -> 0 | BE63: =BD63*$E63 -> 0 | BF63: =(BD63+BB63+AZ63+AX63+AV63+AT63+AR63+AP63+AN63+AL63+AJ63+AH63)/1 -> 0 | BG63: =BF63*$E63 -> 0 | BI63: =BH63*$E63 -> 0 | BK63: =BJ63*$E63 -> 0 | BM63: =BL63*$E63 -> 0 | BO63: =BN63*$E63 -> 0 | BQ63: =BP63*$E63 -> 0 | BS63: =BR63*$E63 -> 0 | BU63: =BT63*$E63 -> 0 | BW63: =BV63*$E63 -> 0 | BY63: =BX63*$E63 -> 0 | CA63: =BZ63*$E63 -> 0 | CC63: =CB63*$E63 -> 0 | CE63: =CD63*$E63 -> 0 | CF63: =(CD63+CB63+BZ63+BX63+BV63+BT63+BR63+BP63+BN63+BL63+BJ63+BH63)/1 -> 0 | CG63: =CF63*$E63 -> 0 | CI63: =CH63*$E63 -> 0 | CK63: =CJ63*$E63 -> 0 | CM63: =CL63*$E63 -> 0 | CO63: =CN63*$E63 -> 0 | CQ63: =CP63*$E63 -> 0 | CS63: =CR63*$E63 -> 0 | CU63: =CT63*$E63 -> 0 | CW63: =CV63*$E63 -> 0 | CY63: =CX63*$E63 -> 0 | DA63: =CZ63*$E63 -> 0 | DC63: =DB63*$E63 -> 0 | DE63: =DD63*$E63 -> 0 | DF63: =SUM(CH63,CJ63,CL63,CN63,CP63,CR63,CT63,CV63,CX63,CZ63,DB63,DD63)/1 -> 0 | DG63: =DF63*$E63 -> 0 | DI63: =DH63*$E63 -> 0 | DK63: =DJ63*$E63 -> 0 | DM63: =DL63*$E63 -> 0 | DO63: =DN63*$E63 -> 0 | DQ63: =DP63*$E63 -> 0 | DS63: =DR63*$E63 -> 0 | DU63: =DT63*$E63 -> 0 | DW63: =DV63*$E63 -> 0 | DY63: =DX63*$E63 -> 0 | EA63: =DZ63*$E63 -> 0 | EC63: =EB63*$E63 -> 0 | EE63: =ED63*$E63 -> 0 | EF63: =SUM(DH63,DJ63,DL63,DN63,DP63,DR63,DT63,DV63,DX63,DZ63,EB63,ED63) -> 0 | EG63: =SUM(DI63,DK63,DM63,DO63,DQ63,DS63,DU63,DW63,DY63,EA63,EC63,EE63) -> 0
A64: 53 | B64: Dagon Tamarind | C64: ပုလင်း | D64: =RANK(DF64,$DF$4:$DF$147) -> 16 | E64: 0.64 | F64: 1 * 14 | G64: 1350 | H64: 5488 | I64: =H64*$E64 -> 3512.32 | J64: 5082 | K64: =J64*$E64 -> 3252.48 | L64: 7970 | M64: =L64*$E64 -> 5100.8 | N64: 5152 | O64: =N64*$E64 -> 3297.28 | P64: 5614 | Q64: =P64*$E64 -> 3592.96 | R64: 5334 | S64: =R64*$E64 -> 3413.76 | T64: 5899 | U64: =T64*$E64 -> 3775.36 | V64: 4564 | W64: =V64*$E64 -> 2920.96 | X64: 4830 | Y64: =X64*$E64 -> 3091.2 | Z64: 6062 | AA64: =Z64*$E64 -> 3879.68 | AB64: 4074 | AC64: =AB64*$E64 -> 2607.36 | AD64: 5376 | AE64: =AD64*$E64 -> 3440.64 | AF64: =(AD64+AB64+Z64+X64+V64+T64+R64+P64+N64+L64+J64+H64)/1 -> 65445 | AG64: =AF64*$E64 -> 41884.8 | AH64: 5936 | AI64: =AH64*$E64 -> 3799.04 | AJ64: 2478 | AK64: =AJ64*$E64 -> 1585.92 | AL64: 4396 | AM64: =AL64*$E64 -> 2813.44 | AN64: 1932 | AO64: =AN64*$E64 -> 1236.48 | AP64: 3542 | AQ64: =AP64*$E64 -> 2266.88 | AR64: 4718 | AS64: =AR64*$E64 -> 3019.52 | AT64: 2366 | AU64: =AT64*$E64 -> 1514.24 | AV64: 5698 | AW64: =AV64*$E64 -> 3646.72 | AX64: 2520 | AY64: =AX64*$E64 -> 1612.8 | AZ64: 2758 | BA64: =AZ64*$E64 -> 1765.12 | BB64: 1554 | BC64: =BB64*$E64 -> 994.56 | BD64: 2492 | BE64: =BD64*$E64 -> 1594.88 | BF64: =(BD64+BB64+AZ64+AX64+AV64+AT64+AR64+AP64+AN64+AL64+AJ64+AH64)/1 -> 40390 | BG64: =BF64*$E64 -> 25849.6 | BH64: 2940 | BI64: =BH64*$E64 -> 1881.6 | BJ64: 1932 | BK64: =BJ64*$E64 -> 1236.48 | BL64: 3192 | BM64: =BL64*$E64 -> 2042.88 | BN64: 2240 | BO64: =BN64*$E64 -> 1433.6 | BP64: 2660 | BQ64: =BP64*$E64 -> 1702.4 | BR64: 3865 | BS64: =BR64*$E64 -> 2473.6 | BT64: 1919 | BU64: =BT64*$E64 -> 1228.16 | BV64: 2507 | BW64: =BV64*$E64 -> 1604.48 | BX64: 840 | BY64: =BX64*$E64 -> 537.6 | BZ64: 974 | CA64: =BZ64*$E64 -> 623.36 | CC64: =CB64*$E64 -> 0 | CD64: 98 | CE64: =CD64*$E64 -> 62.72 | CF64: =(CD64+CB64+BZ64+BX64+BV64+BT64+BR64+BP64+BN64+BL64+BJ64+BH64)/1 -> 23167 | CG64: =CF64*$E64 -> 14826.88 | CH64: 770 | CI64: =CH64*$E64 -> 492.8 | CJ64: 1344 | CK64: =CJ64*$E64 -> 860.16 | CL64: 2828 | CM64: =CL64*$E64 -> 1809.92 | CN64: 630 | CO64: =CN64*$E64 -> 403.2 | CP64: 1666 | CQ64: =CP64*$E64 -> 1066.24 | CR64: 1246 | CS64: =CR64*$E64 -> 797.44 | CT64: 2982 | CU64: =CT64*$E64 -> 1908.48 | CV64: 2044 | CW64: =CV64*$E64 -> 1308.16 | CX64: 2576 | CY64: =CX64*$E64 -> 1648.64 | CZ64: 2044 | DA64: =CZ64*$E64 -> 1308.16 | DB64: 980 | DC64: =DB64*$E64 -> 627.2 | DD64: 1414 | DE64: =DD64*$E64 -> 904.96 | DF64: =SUM(CH64,CJ64,CL64,CN64,CP64,CR64,CT64,CV64,CX64,CZ64,DB64,DD64)/1 -> 20524 | DG64: =DF64*$E64 -> 13135.36 | DH64: 1610 | DI64: =DH64*$E64 -> 1030.4 | DJ64: 1330 | DK64: =DJ64*$E64 -> 851.2 | DM64: =DL64*$E64 -> 0 | DO64: =DN64*$E64 -> 0 | DQ64: =DP64*$E64 -> 0 | DS64: =DR64*$E64 -> 0 | DU64: =DT64*$E64 -> 0 | DW64: =DV64*$E64 -> 0 | DY64: =DX64*$E64 -> 0 | EA64: =DZ64*$E64 -> 0 | EC64: =EB64*$E64 -> 0 | EE64: =ED64*$E64 -> 0 | EF64: =SUM(DH64,DJ64,DL64,DN64,DP64,DR64,DT64,DV64,DX64,DZ64,EB64,ED64) -> 2940 | EG64: =SUM(DI64,DK64,DM64,DO64,DQ64,DS64,DU64,DW64,DY64,EA64,EC64,EE64) -> 1881.6
S65: =R65*$E65 -> 0 | AF65: =(AD65+AB65+Z65+X65+V65+T65+R65+P65+N65+L65+J65+H65)/1 -> 0 | AG65: =AF65*$E65 -> 0 | BF65: =(BD65+BB65+AZ65+AX65+AV65+AT65+AR65+AP65+AN65+AL65+AJ65+AH65)/1 -> 0 | BG65: =BF65*$E65 -> 0 | CF65: =(CD65+CB65+BZ65+BX65+BV65+BT65+BR65+BP65+BN65+BL65+BJ65+BH65)/1 -> 0 | CG65: =CF65*$E65 -> 0 | CI65: =CH65*$E65 -> 0 | CK65: =CJ65*$E65 -> 0 | CM65: =CL65*$E65 -> 0 | CO65: =CN65*$E65 -> 0 | CQ65: =CP65*$E65 -> 0 | CS65: =CR65*$E65 -> 0 | CU65: =CT65*$E65 -> 0 | CW65: =CV65*$E65 -> 0 | CY65: =CX65*$E65 -> 0 | DA65: =CZ65*$E65 -> 0 | DC65: =DB65*$E65 -> 0 | DE65: =DD65*$E65 -> 0 | DF65: =SUM(CH65,CJ65,CL65,CN65,CP65,CR65,CT65,CV65,CX65,CZ65,DB65,DD65)/1 -> 0 | DG65: =DF65*$E65 -> 0
A66: 54 | B66: Rice ကောက်ညှင်းစပါး(1 Liter) | C66: ‌ကော်ဘူး | D66: =RANK(DF66,$DF$4:$DF$147) -> 31 | E66: 1 | F66: 1 * 12 | I66: =H66*$E66 -> 0 | K66: =J66*$E66 -> 0 | M66: =L66*$E66 -> 0 | O66: =N66*$E66 -> 0 | Q66: =P66*$E66 -> 0 | S66: =R66*$E66 -> 0 | U66: =T66*$E66 -> 0 | W66: =V66*$E66 -> 0 | Y66: =X66*$E66 -> 0 | AA66: =Z66*$E66 -> 0 | AC66: =AB66*$E66 -> 0 | AE66: =AD66*$E66 -> 0 | AF66: =(AD66+AB66+Z66+X66+V66+T66+R66+P66+N66+L66+J66+H66)/1 -> 0 | AG66: =AF66*$E66 -> 0 | AI66: =AH66*$E66 -> 0 | AK66: =AJ66*$E66 -> 0 | AM66: =AL66*$E66 -> 0 | AO66: =AN66*$E66 -> 0 | AQ66: =AP66*$E66 -> 0 | AS66: =AR66*$E66 -> 0 | AU66: =AT66*$E66 -> 0 | AW66: =AV66*$E66 -> 0 | AY66: =AX66*$E66 -> 0 | BA66: =AZ66*$E66 -> 0 | BC66: =BB66*$E66 -> 0 | BE66: =BD66*$E66 -> 0 | BF66: =(BD66+BB66+AZ66+AX66+AV66+AT66+AR66+AP66+AN66+AL66+AJ66+AH66)/1 -> 0 | BG66: =BF66*$E66 -> 0 | BI66: =BH66*$E66 -> 0 | BK66: =BJ66*$E66 -> 0 | BM66: =BL66*$E66 -> 0 | BO66: =BN66*$E66 -> 0 | BQ66: =BP66*$E66 -> 0 | BS66: =BR66*$E66 -> 0 | BU66: =BT66*$E66 -> 0 | BW66: =BV66*$E66 -> 0 | BY66: =BX66*$E66 -> 0 | CA66: =BZ66*$E66 -> 0 | CC66: =CB66*$E66 -> 0 | CE66: =CD66*$E66 -> 0 | CF66: =(CD66+CB66+BZ66+BX66+BV66+BT66+BR66+BP66+BN66+BL66+BJ66+BH66)/1 -> 0 | CG66: =CF66*$E66 -> 0 | CI66: =CH66*$E66 -> 0 | CK66: =CJ66*$E66 -> 0 | CM66: =CL66*$E66 -> 0 | CO66: =CN66*$E66 -> 0 | CQ66: =CP66*$E66 -> 0 | CS66: =CR66*$E66 -> 0 | CU66: =CT66*$E66 -> 0 | CW66: =CV66*$E66 -> 0 | CY66: =CX66*$E66 -> 0 | DA66: =CZ66*$E66 -> 0 | DC66: =DB66*$E66 -> 0 | DE66: =DD66*$E66 -> 0 | DF66: =SUM(CH66,CJ66,CL66,CN66,CP66,CR66,CT66,CV66,CX66,CZ66,DB66,DD66)/1 -> 0 | DG66: =DF66*$E66 -> 0 | DI66: =DH66*$E66 -> 0 | DK66: =DJ66*$E66 -> 0 | DM66: =DL66*$E66 -> 0 | DO66: =DN66*$E66 -> 0 | DQ66: =DP66*$E66 -> 0 | DS66: =DR66*$E66 -> 0 | DU66: =DT66*$E66 -> 0 | DW66: =DV66*$E66 -> 0 | DY66: =DX66*$E66 -> 0 | EA66: =DZ66*$E66 -> 0 | EC66: =EB66*$E66 -> 0 | EE66: =ED66*$E66 -> 0 | EF66: =SUM(DH66,DJ66,DL66,DN66,DP66,DR66,DT66,DV66,DX66,DZ66,EB66,ED66) -> 0 | EG66: =SUM(DI66,DK66,DM66,DO66,DQ66,DS66,DU66,DW66,DY66,EA66,EC66,EE66) -> 0
A67: 55 | B67: Rice ကောက်ညှင်းစပါး(0.6 Liter) | C67: ‌ကော်ဘူး | D67: =RANK(DF67,$DF$4:$DF$147) -> 31 | E67: 0.6 | F67: 1 * 12 | I67: =H67*$E67 -> 0 | K67: =J67*$E67 -> 0 | M67: =L67*$E67 -> 0 | O67: =N67*$E67 -> 0 | Q67: =P67*$E67 -> 0 | S67: =R67*$E67 -> 0 | U67: =T67*$E67 -> 0 | W67: =V67*$E67 -> 0 | Y67: =X67*$E67 -> 0 | AA67: =Z67*$E67 -> 0 | AC67: =AB67*$E67 -> 0 | AE67: =AD67*$E67 -> 0 | AF67: =(AD67+AB67+Z67+X67+V67+T67+R67+P67+N67+L67+J67+H67)/1 -> 0 | AG67: =AF67*$E67 -> 0 | AI67: =AH67*$E67 -> 0 | AK67: =AJ67*$E67 -> 0 | AM67: =AL67*$E67 -> 0 | AO67: =AN67*$E67 -> 0 | AQ67: =AP67*$E67 -> 0 | AS67: =AR67*$E67 -> 0 | AU67: =AT67*$E67 -> 0 | AW67: =AV67*$E67 -> 0 | AY67: =AX67*$E67 -> 0 | BA67: =AZ67*$E67 -> 0 | BC67: =BB67*$E67 -> 0 | BE67: =BD67*$E67 -> 0 | BF67: =(BD67+BB67+AZ67+AX67+AV67+AT67+AR67+AP67+AN67+AL67+AJ67+AH67)/1 -> 0 | BG67: =BF67*$E67 -> 0 | BI67: =BH67*$E67 -> 0 | BK67: =BJ67*$E67 -> 0 | BM67: =BL67*$E67 -> 0 | BO67: =BN67*$E67 -> 0 | BQ67: =BP67*$E67 -> 0 | BS67: =BR67*$E67 -> 0 | BU67: =BT67*$E67 -> 0 | BW67: =BV67*$E67 -> 0 | BY67: =BX67*$E67 -> 0 | CA67: =BZ67*$E67 -> 0 | CC67: =CB67*$E67 -> 0 | CE67: =CD67*$E67 -> 0 | CF67: =(CD67+CB67+BZ67+BX67+BV67+BT67+BR67+BP67+BN67+BL67+BJ67+BH67)/1 -> 0 | CG67: =CF67*$E67 -> 0 | CI67: =CH67*$E67 -> 0 | CK67: =CJ67*$E67 -> 0 | CM67: =CL67*$E67 -> 0 | CO67: =CN67*$E67 -> 0 | CQ67: =CP67*$E67 -> 0 | CS67: =CR67*$E67 -> 0 | CU67: =CT67*$E67 -> 0 | CW67: =CV67*$E67 -> 0 | CY67: =CX67*$E67 -> 0 | DA67: =CZ67*$E67 -> 0 | DC67: =DB67*$E67 -> 0 | DE67: =DD67*$E67 -> 0 | DF67: =SUM(CH67,CJ67,CL67,CN67,CP67,CR67,CT67,CV67,CX67,CZ67,DB67,DD67)/1 -> 0 | DG67: =DF67*$E67 -> 0 | DI67: =DH67*$E67 -> 0 | DK67: =DJ67*$E67 -> 0 | DM67: =DL67*$E67 -> 0 | DO67: =DN67*$E67 -> 0 | DQ67: =DP67*$E67 -> 0 | DS67: =DR67*$E67 -> 0 | DU67: =DT67*$E67 -> 0 | DW67: =DV67*$E67 -> 0 | DY67: =DX67*$E67 -> 0 | EA67: =DZ67*$E67 -> 0 | EC67: =EB67*$E67 -> 0 | EE67: =ED67*$E67 -> 0 | EF67: =SUM(DH67,DJ67,DL67,DN67,DP67,DR67,DT67,DV67,DX67,DZ67,EB67,ED67) -> 0 | EG67: =SUM(DI67,DK67,DM67,DO67,DQ67,DS67,DU67,DW67,DY67,EA67,EC67,EE67) -> 0
A68: 56 | B68: Rice ကောက်ညှင်းစပါး | C68: ပုလင်း | D68: =RANK(DF68,$DF$4:$DF$147) -> 31 | E68: 0.64 | F68: 1 * 14 | I68: =H68*$E68 -> 0 | K68: =J68*$E68 -> 0 | M68: =L68*$E68 -> 0 | O68: =N68*$E68 -> 0 | Q68: =P68*$E68 -> 0 | S68: =R68*$E68 -> 0 | U68: =T68*$E68 -> 0 | W68: =V68*$E68 -> 0 | Y68: =X68*$E68 -> 0 | AA68: =Z68*$E68 -> 0 | AC68: =AB68*$E68 -> 0 | AE68: =AD68*$E68 -> 0 | AF68: =(AD68+AB68+Z68+X68+V68+T68+R68+P68+N68+L68+J68+H68)/1 -> 0 | AG68: =AF68*$E68 -> 0 | AI68: =AH68*$E68 -> 0 | AK68: =AJ68*$E68 -> 0 | AM68: =AL68*$E68 -> 0 | AO68: =AN68*$E68 -> 0 | AQ68: =AP68*$E68 -> 0 | AS68: =AR68*$E68 -> 0 | AU68: =AT68*$E68 -> 0 | AW68: =AV68*$E68 -> 0 | AY68: =AX68*$E68 -> 0 | BA68: =AZ68*$E68 -> 0 | BC68: =BB68*$E68 -> 0 | BE68: =BD68*$E68 -> 0 | BF68: =(BD68+BB68+AZ68+AX68+AV68+AT68+AR68+AP68+AN68+AL68+AJ68+AH68)/1 -> 0 | BG68: =BF68*$E68 -> 0 | BI68: =BH68*$E68 -> 0 | BK68: =BJ68*$E68 -> 0 | BM68: =BL68*$E68 -> 0 | BO68: =BN68*$E68 -> 0 | BQ68: =BP68*$E68 -> 0 | BS68: =BR68*$E68 -> 0 | BU68: =BT68*$E68 -> 0 | BW68: =BV68*$E68 -> 0 | BY68: =BX68*$E68 -> 0 | CA68: =BZ68*$E68 -> 0 | CC68: =CB68*$E68 -> 0 | CE68: =CD68*$E68 -> 0 | CF68: =(CD68+CB68+BZ68+BX68+BV68+BT68+BR68+BP68+BN68+BL68+BJ68+BH68)/1 -> 0 | CG68: =CF68*$E68 -> 0 | CI68: =CH68*$E68 -> 0 | CK68: =CJ68*$E68 -> 0 | CM68: =CL68*$E68 -> 0 | CO68: =CN68*$E68 -> 0 | CQ68: =CP68*$E68 -> 0 | CS68: =CR68*$E68 -> 0 | CU68: =CT68*$E68 -> 0 | CW68: =CV68*$E68 -> 0 | CY68: =CX68*$E68 -> 0 | DA68: =CZ68*$E68 -> 0 | DC68: =DB68*$E68 -> 0 | DE68: =DD68*$E68 -> 0 | DF68: =SUM(CH68,CJ68,CL68,CN68,CP68,CR68,CT68,CV68,CX68,CZ68,DB68,DD68)/1 -> 0 | DG68: =DF68*$E68 -> 0 | DI68: =DH68*$E68 -> 0 | DK68: =DJ68*$E68 -> 0 | DM68: =DL68*$E68 -> 0 | DO68: =DN68*$E68 -> 0 | DQ68: =DP68*$E68 -> 0 | DS68: =DR68*$E68 -> 0 | DU68: =DT68*$E68 -> 0 | DW68: =DV68*$E68 -> 0 | DY68: =DX68*$E68 -> 0 | EA68: =DZ68*$E68 -> 0 | EC68: =EB68*$E68 -> 0 | EE68: =ED68*$E68 -> 0 | EF68: =SUM(DH68,DJ68,DL68,DN68,DP68,DR68,DT68,DV68,DX68,DZ68,EB68,ED68) -> 0 | EG68: =SUM(DI68,DK68,DM68,DO68,DQ68,DS68,DU68,DW68,DY68,EA68,EC68,EE68) -> 0
I69: =H69*$E69 -> 0 | K69: =J69*$E69 -> 0 | M69: =L69*$E69 -> 0 | O69: =N69*$E69 -> 0 | Q69: =P69*$E69 -> 0 | S69: =R69*$E69 -> 0 | U69: =T69*$E69 -> 0 | W69: =V69*$E69 -> 0 | Y69: =X69*$E69 -> 0 | AA69: =Z69*$E69 -> 0 | AC69: =AB69*$E69 -> 0 | AE69: =AD69*$E69 -> 0 | AF69: =(AD69+AB69+Z69+X69+V69+T69+R69+P69+N69+L69+J69+H69)/1 -> 0 | AG69: =AF69*$E69 -> 0 | AI69: =AH69*$E69 -> 0 | AK69: =AJ69*$E69 -> 0 | AM69: =AL69*$E69 -> 0 | AO69: =AN69*$E69 -> 0 | AQ69: =AP69*$E69 -> 0 | AS69: =AR69*$E69 -> 0 | AU69: =AT69*$E69 -> 0 | AW69: =AV69*$E69 -> 0 | AY69: =AX69*$E69 -> 0 | BA69: =AZ69*$E69 -> 0 | BC69: =BB69*$E69 -> 0 | BE69: =BD69*$E69 -> 0 | BF69: =(BD69+BB69+AZ69+AX69+AV69+AT69+AR69+AP69+AN69+AL69+AJ69+AH69)/1 -> 0 | BG69: =BF69*$E69 -> 0 | BI69: =BH69*$E69 -> 0 | BK69: =BJ69*$E69 -> 0 | BM69: =BL69*$E69 -> 0 | BO69: =BN69*$E69 -> 0 | BQ69: =BP69*$E69 -> 0 | BS69: =BR69*$E69 -> 0 | BU69: =BT69*$E69 -> 0 | BW69: =BV69*$E69 -> 0 | BY69: =BX69*$E69 -> 0 | CA69: =BZ69*$E69 -> 0 | CC69: =CB69*$E69 -> 0 | CE69: =CD69*$E69 -> 0 | CF69: =(CD69+CB69+BZ69+BX69+BV69+BT69+BR69+BP69+BN69+BL69+BJ69+BH69)/1 -> 0 | CG69: =CF69*$E69 -> 0 | CI69: =CH69*$E69 -> 0 | CK69: =CJ69*$E69 -> 0 | CM69: =CL69*$E69 -> 0 | CO69: =CN69*$E69 -> 0 | CQ69: =CP69*$E69 -> 0 | CS69: =CR69*$E69 -> 0 | CU69: =CT69*$E69 -> 0 | CW69: =CV69*$E69 -> 0 | CY69: =CX69*$E69 -> 0 | DA69: =CZ69*$E69 -> 0 | DC69: =DB69*$E69 -> 0 | DE69: =DD69*$E69 -> 0 | DF69: =SUM(CH69,CJ69,CL69,CN69,CP69,CR69,CT69,CV69,CX69,CZ69,DB69,DD69)/1 -> 0 | DG69: =DF69*$E69 -> 0
A70: 57 | B70: ကချင်ရိုးရာဆန်အရက်(1 Liter) | C70: ‌ကော်ဘူး | D70: =RANK(DF70,$DF$4:$DF$147) -> 31 | E70: 1 | F70: 1 * 12 | I70: =H70*$E70 -> 0 | K70: =J70*$E70 -> 0 | M70: =L70*$E70 -> 0 | O70: =N70*$E70 -> 0 | Q70: =P70*$E70 -> 0 | S70: =R70*$E70 -> 0 | U70: =T70*$E70 -> 0 | W70: =V70*$E70 -> 0 | Y70: =X70*$E70 -> 0 | AA70: =Z70*$E70 -> 0 | AC70: =AB70*$E70 -> 0 | AE70: =AD70*$E70 -> 0 | AF70: =(AD70+AB70+Z70+X70+V70+T70+R70+P70+N70+L70+J70+H70)/1 -> 0 | AG70: =AF70*$E70 -> 0 | AI70: =AH70*$E70 -> 0 | AK70: =AJ70*$E70 -> 0 | AM70: =AL70*$E70 -> 0 | AO70: =AN70*$E70 -> 0 | AQ70: =AP70*$E70 -> 0 | AS70: =AR70*$E70 -> 0 | AU70: =AT70*$E70 -> 0 | AW70: =AV70*$E70 -> 0 | AY70: =AX70*$E70 -> 0 | BA70: =AZ70*$E70 -> 0 | BC70: =BB70*$E70 -> 0 | BE70: =BD70*$E70 -> 0 | BF70: =(BD70+BB70+AZ70+AX70+AV70+AT70+AR70+AP70+AN70+AL70+AJ70+AH70)/1 -> 0 | BG70: =BF70*$E70 -> 0 | BI70: =BH70*$E70 -> 0 | BK70: =BJ70*$E70 -> 0 | BM70: =BL70*$E70 -> 0 | BO70: =BN70*$E70 -> 0 | BQ70: =BP70*$E70 -> 0 | BS70: =BR70*$E70 -> 0 | BU70: =BT70*$E70 -> 0 | BW70: =BV70*$E70 -> 0 | BY70: =BX70*$E70 -> 0 | CA70: =BZ70*$E70 -> 0 | CC70: =CB70*$E70 -> 0 | CE70: =CD70*$E70 -> 0 | CF70: =(CD70+CB70+BZ70+BX70+BV70+BT70+BR70+BP70+BN70+BL70+BJ70+BH70)/1 -> 0 | CG70: =CF70*$E70 -> 0 | CI70: =CH70*$E70 -> 0 | CK70: =CJ70*$E70 -> 0 | CM70: =CL70*$E70 -> 0 | CO70: =CN70*$E70 -> 0 | CQ70: =CP70*$E70 -> 0 | CS70: =CR70*$E70 -> 0 | CU70: =CT70*$E70 -> 0 | CW70: =CV70*$E70 -> 0 | CY70: =CX70*$E70 -> 0 | DA70: =CZ70*$E70 -> 0 | DC70: =DB70*$E70 -> 0 | DE70: =DD70*$E70 -> 0 | DF70: =SUM(CH70,CJ70,CL70,CN70,CP70,CR70,CT70,CV70,CX70,CZ70,DB70,DD70)/1 -> 0 | DG70: =DF70*$E70 -> 0 | DI70: =DH70*$E70 -> 0 | DK70: =DJ70*$E70 -> 0 | DM70: =DL70*$E70 -> 0 | DO70: =DN70*$E70 -> 0 | DQ70: =DP70*$E70 -> 0 | DS70: =DR70*$E70 -> 0 | DU70: =DT70*$E70 -> 0 | DW70: =DV70*$E70 -> 0 | DY70: =DX70*$E70 -> 0 | EA70: =DZ70*$E70 -> 0 | EC70: =EB70*$E70 -> 0 | EE70: =ED70*$E70 -> 0 | EF70: =SUM(DH70,DJ70,DL70,DN70,DP70,DR70,DT70,DV70,DX70,DZ70,EB70,ED70) -> 0 | EG70: =SUM(DI70,DK70,DM70,DO70,DQ70,DS70,DU70,DW70,DY70,EA70,EC70,EE70) -> 0
A71: 58 | B71: ကချင်ရိုးရာဆန်အရက်(0.6 Liter) | C71: ‌ကော်ဘူး | D71: =RANK(DF71,$DF$4:$DF$147) -> 31 | E71: 0.6 | F71: 1 * 12 | I71: =H71*$E71 -> 0 | K71: =J71*$E71 -> 0 | M71: =L71*$E71 -> 0 | O71: =N71*$E71 -> 0 | Q71: =P71*$E71 -> 0 | S71: =R71*$E71 -> 0 | U71: =T71*$E71 -> 0 | W71: =V71*$E71 -> 0 | Y71: =X71*$E71 -> 0 | AA71: =Z71*$E71 -> 0 | AC71: =AB71*$E71 -> 0 | AE71: =AD71*$E71 -> 0 | AF71: =(AD71+AB71+Z71+X71+V71+T71+R71+P71+N71+L71+J71+H71)/1 -> 0 | AG71: =AF71*$E71 -> 0 | AI71: =AH71*$E71 -> 0 | AK71: =AJ71*$E71 -> 0 | AM71: =AL71*$E71 -> 0 | AO71: =AN71*$E71 -> 0 | AQ71: =AP71*$E71 -> 0 | AS71: =AR71*$E71 -> 0 | AU71: =AT71*$E71 -> 0 | AW71: =AV71*$E71 -> 0 | AY71: =AX71*$E71 -> 0 | BA71: =AZ71*$E71 -> 0 | BC71: =BB71*$E71 -> 0 | BE71: =BD71*$E71 -> 0 | BF71: =(BD71+BB71+AZ71+AX71+AV71+AT71+AR71+AP71+AN71+AL71+AJ71+AH71)/1 -> 0 | BG71: =BF71*$E71 -> 0 | BI71: =BH71*$E71 -> 0 | BK71: =BJ71*$E71 -> 0 | BM71: =BL71*$E71 -> 0 | BO71: =BN71*$E71 -> 0 | BQ71: =BP71*$E71 -> 0 | BS71: =BR71*$E71 -> 0 | BU71: =BT71*$E71 -> 0 | BW71: =BV71*$E71 -> 0 | BY71: =BX71*$E71 -> 0 | CA71: =BZ71*$E71 -> 0 | CC71: =CB71*$E71 -> 0 | CE71: =CD71*$E71 -> 0 | CF71: =(CD71+CB71+BZ71+BX71+BV71+BT71+BR71+BP71+BN71+BL71+BJ71+BH71)/1 -> 0 | CG71: =CF71*$E71 -> 0 | CI71: =CH71*$E71 -> 0 | CK71: =CJ71*$E71 -> 0 | CM71: =CL71*$E71 -> 0 | CO71: =CN71*$E71 -> 0 | CQ71: =CP71*$E71 -> 0 | CS71: =CR71*$E71 -> 0 | CU71: =CT71*$E71 -> 0 | CW71: =CV71*$E71 -> 0 | CY71: =CX71*$E71 -> 0 | DA71: =CZ71*$E71 -> 0 | DC71: =DB71*$E71 -> 0 | DE71: =DD71*$E71 -> 0 | DF71: =SUM(CH71,CJ71,CL71,CN71,CP71,CR71,CT71,CV71,CX71,CZ71,DB71,DD71)/1 -> 0 | DG71: =DF71*$E71 -> 0 | DI71: =DH71*$E71 -> 0 | DK71: =DJ71*$E71 -> 0 | DM71: =DL71*$E71 -> 0 | DO71: =DN71*$E71 -> 0 | DQ71: =DP71*$E71 -> 0 | DS71: =DR71*$E71 -> 0 | DU71: =DT71*$E71 -> 0 | DW71: =DV71*$E71 -> 0 | DY71: =DX71*$E71 -> 0 | EA71: =DZ71*$E71 -> 0 | EC71: =EB71*$E71 -> 0 | EE71: =ED71*$E71 -> 0 | EF71: =SUM(DH71,DJ71,DL71,DN71,DP71,DR71,DT71,DV71,DX71,DZ71,EB71,ED71) -> 0 | EG71: =SUM(DI71,DK71,DM71,DO71,DQ71,DS71,DU71,DW71,DY71,EA71,EC71,EE71) -> 0
A72: 59 | B72: ကချင်ရိုးရာဆန်အရက် | C72: ပုလင်း | D72: =RANK(DF72,$DF$4:$DF$147) -> 31 | E72: 0.64 | F72: 1 * 14 | I72: =H72*$E72 -> 0 | K72: =J72*$E72 -> 0 | M72: =L72*$E72 -> 0 | O72: =N72*$E72 -> 0 | Q72: =P72*$E72 -> 0 | S72: =R72*$E72 -> 0 | U72: =T72*$E72 -> 0 | W72: =V72*$E72 -> 0 | Y72: =X72*$E72 -> 0 | AA72: =Z72*$E72 -> 0 | AC72: =AB72*$E72 -> 0 | AE72: =AD72*$E72 -> 0 | AF72: =(AD72+AB72+Z72+X72+V72+T72+R72+P72+N72+L72+J72+H72)/1 -> 0 | AG72: =AF72*$E72 -> 0 | AI72: =AH72*$E72 -> 0 | AK72: =AJ72*$E72 -> 0 | AM72: =AL72*$E72 -> 0 | AO72: =AN72*$E72 -> 0 | AQ72: =AP72*$E72 -> 0 | AS72: =AR72*$E72 -> 0 | AU72: =AT72*$E72 -> 0 | AW72: =AV72*$E72 -> 0 | AY72: =AX72*$E72 -> 0 | BA72: =AZ72*$E72 -> 0 | BC72: =BB72*$E72 -> 0 | BE72: =BD72*$E72 -> 0 | BF72: =(BD72+BB72+AZ72+AX72+AV72+AT72+AR72+AP72+AN72+AL72+AJ72+AH72)/1 -> 0 | BG72: =BF72*$E72 -> 0 | BI72: =BH72*$E72 -> 0 | BK72: =BJ72*$E72 -> 0 | BM72: =BL72*$E72 -> 0 | BO72: =BN72*$E72 -> 0 | BQ72: =BP72*$E72 -> 0 | BS72: =BR72*$E72 -> 0 | BU72: =BT72*$E72 -> 0 | BW72: =BV72*$E72 -> 0 | BY72: =BX72*$E72 -> 0 | CA72: =BZ72*$E72 -> 0 | CC72: =CB72*$E72 -> 0 | CE72: =CD72*$E72 -> 0 | CF72: =(CD72+CB72+BZ72+BX72+BV72+BT72+BR72+BP72+BN72+BL72+BJ72+BH72)/1 -> 0 | CG72: =CF72*$E72 -> 0 | CI72: =CH72*$E72 -> 0 | CK72: =CJ72*$E72 -> 0 | CM72: =CL72*$E72 -> 0 | CO72: =CN72*$E72 -> 0 | CQ72: =CP72*$E72 -> 0 | CS72: =CR72*$E72 -> 0 | CU72: =CT72*$E72 -> 0 | CW72: =CV72*$E72 -> 0 | CY72: =CX72*$E72 -> 0 | DA72: =CZ72*$E72 -> 0 | DC72: =DB72*$E72 -> 0 | DE72: =DD72*$E72 -> 0 | DF72: =SUM(CH72,CJ72,CL72,CN72,CP72,CR72,CT72,CV72,CX72,CZ72,DB72,DD72)/1 -> 0 | DG72: =DF72*$E72 -> 0 | DI72: =DH72*$E72 -> 0 | DK72: =DJ72*$E72 -> 0 | DM72: =DL72*$E72 -> 0 | DO72: =DN72*$E72 -> 0 | DQ72: =DP72*$E72 -> 0 | DS72: =DR72*$E72 -> 0 | DU72: =DT72*$E72 -> 0 | DW72: =DV72*$E72 -> 0 | DY72: =DX72*$E72 -> 0 | EA72: =DZ72*$E72 -> 0 | EC72: =EB72*$E72 -> 0 | EE72: =ED72*$E72 -> 0 | EF72: =SUM(DH72,DJ72,DL72,DN72,DP72,DR72,DT72,DV72,DX72,DZ72,EB72,ED72) -> 0 | EG72: =SUM(DI72,DK72,DM72,DO72,DQ72,DS72,DU72,DW72,DY72,EA72,EC72,EE72) -> 0
I73: =H73*$E73 -> 0 | K73: =J73*$E73 -> 0 | M73: =L73*$E73 -> 0 | O73: =N73*$E73 -> 0 | Q73: =P73*$E73 -> 0 | S73: =R73*$E73 -> 0 | U73: =T73*$E73 -> 0 | W73: =V73*$E73 -> 0 | Y73: =X73*$E73 -> 0 | AA73: =Z73*$E73 -> 0 | AC73: =AB73*$E73 -> 0 | AE73: =AD73*$E73 -> 0 | AF73: =(AD73+AB73+Z73+X73+V73+T73+R73+P73+N73+L73+J73+H73)/1 -> 0 | AG73: =AF73*$E73 -> 0 | AI73: =AH73*$E73 -> 0 | AK73: =AJ73*$E73 -> 0 | AM73: =AL73*$E73 -> 0 | AO73: =AN73*$E73 -> 0 | AQ73: =AP73*$E73 -> 0 | AS73: =AR73*$E73 -> 0 | AU73: =AT73*$E73 -> 0 | AW73: =AV73*$E73 -> 0 | AY73: =AX73*$E73 -> 0 | BA73: =AZ73*$E73 -> 0 | BC73: =BB73*$E73 -> 0 | BE73: =BD73*$E73 -> 0 | BF73: =(BD73+BB73+AZ73+AX73+AV73+AT73+AR73+AP73+AN73+AL73+AJ73+AH73)/1 -> 0 | BG73: =BF73*$E73 -> 0 | BI73: =BH73*$E73 -> 0 | BK73: =BJ73*$E73 -> 0 | BM73: =BL73*$E73 -> 0 | BO73: =BN73*$E73 -> 0 | BQ73: =BP73*$E73 -> 0 | BS73: =BR73*$E73 -> 0 | BU73: =BT73*$E73 -> 0 | BW73: =BV73*$E73 -> 0 | BY73: =BX73*$E73 -> 0 | CA73: =BZ73*$E73 -> 0 | CC73: =CB73*$E73 -> 0 | CE73: =CD73*$E73 -> 0 | CF73: =(CD73+CB73+BZ73+BX73+BV73+BT73+BR73+BP73+BN73+BL73+BJ73+BH73)/1 -> 0 | CG73: =CF73*$E73 -> 0 | CI73: =CH73*$E73 -> 0 | CK73: =CJ73*$E73 -> 0 | CM73: =CL73*$E73 -> 0 | CO73: =CN73*$E73 -> 0 | CQ73: =CP73*$E73 -> 0 | CS73: =CR73*$E73 -> 0 | CU73: =CT73*$E73 -> 0 | CW73: =CV73*$E73 -> 0 | CY73: =CX73*$E73 -> 0 | DA73: =CZ73*$E73 -> 0 | DC73: =DB73*$E73 -> 0 | DE73: =DD73*$E73 -> 0 | DF73: =SUM(CH73,CJ73,CL73,CN73,CP73,CR73,CT73,CV73,CX73,CZ73,DB73,DD73)/1 -> 0 | DG73: =DF73*$E73 -> 0
A74: 60 | B74: Dagon Pineapple | C74: ပုလင်း | D74: =RANK(DF74,$DF$4:$DF$147) -> 10 | E74: 0.64 | F74: 1 * 14 | G74: 1350 | H74: 57302 | I74: =H74*$E74 -> 36673.28 | J74: 54600 | K74: =J74*$E74 -> 34944 | L74: 71554 | M74: =L74*$E74 -> 45794.56 | N74: 66080 | O74: =N74*$E74 -> 42291.2 | P74: 50946 | Q74: =P74*$E74 -> 32605.44 | R74: 54348 | S74: =R74*$E74 -> 34782.72 | T74: 23548 | U74: =T74*$E74 -> 15070.72 | V74: 53312 | W74: =V74*$E74 -> 34119.68 | X74: 48664 | Y74: =X74*$E74 -> 31144.96 | Z74: 46704 | AA74: =Z74*$E74 -> 29890.56 | AB74: 43736 | AC74: =AB74*$E74 -> 27991.04 | AD74: 47320 | AE74: =AD74*$E74 -> 30284.8 | AF74: =(AD74+AB74+Z74+X74+V74+T74+R74+P74+N74+L74+J74+H74)/1 -> 618114 | AG74: =AF74*$E74 -> 395592.96 | AH74: 38318 | AI74: =AH74*$E74 -> 24523.52 | AJ74: 42616 | AK74: =AJ74*$E74 -> 27274.24 | AL74: 46298 | AM74: =AL74*$E74 -> 29630.72 | AN74: 40642 | AO74: =AN74*$E74 -> 26010.88 | AP74: 38808 | AQ74: =AP74*$E74 -> 24837.12 | AR74: 33852 | AS74: =AR74*$E74 -> 21665.28 | AT74: 38374 | AU74: =AT74*$E74 -> 24559.36 | AV74: 38934 | AW74: =AV74*$E74 -> 24917.76 | AX74: 31178 | AY74: =AX74*$E74 -> 19953.92 | AZ74: 33096 | BA74: =AZ74*$E74 -> 21181.44 | BB74: 31150 | BC74: =BB74*$E74 -> 19936 | BD74: 33782 | BE74: =BD74*$E74 -> 21620.48 | BF74: =(BD74+BB74+AZ74+AX74+AV74+AT74+AR74+AP74+AN74+AL74+AJ74+AH74)/1 -> 447048 | BG74: =BF74*$E74 -> 286110.72 | BH74: 37632 | BI74: =BH74*$E74 -> 24084.48 | BJ74: 28126 | BK74: =BJ74*$E74 -> 18000.64 | BL74: 33992 | BM74: =BL74*$E74 -> 21754.88 | BN74: 33390 | BO74: =BN74*$E74 -> 21369.6 | BP74: 26824 | BQ74: =BP74*$E74 -> 17167.36 | BS74: =BR74*$E74 -> 0 | BT74: 33883 | BU74: =BT74*$E74 -> 21685.12 | BV74: 27385 | BW74: =BV74*$E74 -> 17526.4 | BX74: 25313 | BY74: =BX74*$E74 -> 16200.32 | BZ74: 29820 | CA74: =BZ74*$E74 -> 19084.8 | CB74: 21307 | CC74: =CB74*$E74 -> 13636.48 | CD74: 27160 | CE74: =CD74*$E74 -> 17382.4 | CF74: =(CD74+CB74+BZ74+BX74+BV74+BT74+BR74+BP74+BN74+BL74+BJ74+BH74)/1 -> 324832 | CG74: =CF74*$E74 -> 207892.48 | CH74: 26222 | CI74: =CH74*$E74 -> 16782.08 | CJ74: 21545 | CK74: =CJ74*$E74 -> 13788.8 | CL74: 22904 | CM74: =CL74*$E74 -> 14658.56 | CN74: 30198 | CO74: =CN74*$E74 -> 19326.72 | CP74: 23562 | CQ74: =CP74*$E74 -> 15079.68 | CR74: 20916 | CS74: =CR74*$E74 -> 13386.24 | CT74: 22456 | CU74: =CT74*$E74 -> 14371.84 | CV74: 21700 | CW74: =CV74*$E74 -> 13888 | CX74: 18340 | CY74: =CX74*$E74 -> 11737.6 | CZ74: 23226 | DA74: =CZ74*$E74 -> 14864.64 | DB74: 20328 | DC74: =DB74*$E74 -> 13009.92 | DD74: 20160 | DE74: =DD74*$E74 -> 12902.4 | DF74: =SUM(CH74,CJ74,CL74,CN74,CP74,CR74,CT74,CV74,CX74,CZ74,DB74,DD74)/1 -> 271557 | DG74: =DF74*$E74 -> 173796.48 | DH74: 22302 | DI74: =DH74*$E74 -> 14273.28 | DJ74: 18522 | DK74: =DJ74*$E74 -> 11854.08 | DM74: =DL74*$E74 -> 0 | DO74: =DN74*$E74 -> 0 | DQ74: =DP74*$E74 -> 0 | DS74: =DR74*$E74 -> 0 | DU74: =DT74*$E74 -> 0 | DW74: =DV74*$E74 -> 0 | DY74: =DX74*$E74 -> 0 | EA74: =DZ74*$E74 -> 0 | EC74: =EB74*$E74 -> 0 | EE74: =ED74*$E74 -> 0 | EF74: =SUM(DH74,DJ74,DL74,DN74,DP74,DR74,DT74,DV74,DX74,DZ74,EB74,ED74) -> 40824 | EG74: =SUM(DI74,DK74,DM74,DO74,DQ74,DS74,DU74,DW74,DY74,EA74,EC74,EE74) -> 26127.36
A75: 61 | B75: Dagon Pineapple | C75: ပုလင်း | D75: =RANK(DF75,$DF$4:$DF$147) -> 31 | E75: 0.64 | F75: 1 * 24 | I75: =H75*$E75 -> 0 | K75: =J75*$E75 -> 0 | M75: =L75*$E75 -> 0 | O75: =N75*$E75 -> 0 | Q75: =P75*$E75 -> 0 | S75: =R75*$E75 -> 0 | U75: =T75*$E75 -> 0 | W75: =V75*$E75 -> 0 | Y75: =X75*$E75 -> 0 | AA75: =Z75*$E75 -> 0 | AC75: =AB75*$E75 -> 0 | AE75: =AD75*$E75 -> 0 | AF75: =(AD75+AB75+Z75+X75+V75+T75+R75+P75+N75+L75+J75+H75)/1 -> 0 | AG75: =AF75*$E75 -> 0 | AI75: =AH75*$E75 -> 0 | AK75: =AJ75*$E75 -> 0 | AM75: =AL75*$E75 -> 0 | AO75: =AN75*$E75 -> 0 | AQ75: =AP75*$E75 -> 0 | AS75: =AR75*$E75 -> 0 | AU75: =AT75*$E75 -> 0 | AW75: =AV75*$E75 -> 0 | AY75: =AX75*$E75 -> 0 | BA75: =AZ75*$E75 -> 0 | BC75: =BB75*$E75 -> 0 | BE75: =BD75*$E75 -> 0 | BF75: =(BD75+BB75+AZ75+AX75+AV75+AT75+AR75+AP75+AN75+AL75+AJ75+AH75)/1 -> 0 | BG75: =BF75*$E75 -> 0 | BI75: =BH75*$E75 -> 0 | BK75: =BJ75*$E75 -> 0 | BM75: =BL75*$E75 -> 0 | BO75: =BN75*$E75 -> 0 | BQ75: =BP75*$E75 -> 0 | BS75: =BR75*$E75 -> 0 | BU75: =BT75*$E75 -> 0 | BW75: =BV75*$E75 -> 0 | BY75: =BX75*$E75 -> 0 | CA75: =BZ75*$E75 -> 0 | CC75: =CB75*$E75 -> 0 | CE75: =CD75*$E75 -> 0 | CF75: =(CD75+CB75+BZ75+BX75+BV75+BT75+BR75+BP75+BN75+BL75+BJ75+BH75)/1 -> 0 | CG75: =CF75*$E75 -> 0 | CI75: =CH75*$E75 -> 0 | CK75: =CJ75*$E75 -> 0 | CM75: =CL75*$E75 -> 0 | CO75: =CN75*$E75 -> 0 | CQ75: =CP75*$E75 -> 0 | CS75: =CR75*$E75 -> 0 | CU75: =CT75*$E75 -> 0 | CW75: =CV75*$E75 -> 0 | CY75: =CX75*$E75 -> 0 | DA75: =CZ75*$E75 -> 0 | DC75: =DB75*$E75 -> 0 | DE75: =DD75*$E75 -> 0 | DF75: =SUM(CH75,CJ75,CL75,CN75,CP75,CR75,CT75,CV75,CX75,CZ75,DB75,DD75)/1 -> 0 | DG75: =DF75*$E75 -> 0 | DI75: =DH75*$E75 -> 0 | DK75: =DJ75*$E75 -> 0 | DM75: =DL75*$E75 -> 0 | DO75: =DN75*$E75 -> 0 | DQ75: =DP75*$E75 -> 0 | DS75: =DR75*$E75 -> 0 | DU75: =DT75*$E75 -> 0 | DW75: =DV75*$E75 -> 0 | DY75: =DX75*$E75 -> 0 | EA75: =DZ75*$E75 -> 0 | EC75: =EB75*$E75 -> 0 | EE75: =ED75*$E75 -> 0 | EF75: =SUM(DH75,DJ75,DL75,DN75,DP75,DR75,DT75,DV75,DX75,DZ75,EB75,ED75) -> 0 | EG75: =SUM(DI75,DK75,DM75,DO75,DQ75,DS75,DU75,DW75,DY75,EA75,EC75,EE75) -> 0
I76: =H76*$E76 -> 0 | K76: =J76*$E76 -> 0 | M76: =L76*$E76 -> 0 | O76: =N76*$E76 -> 0 | Q76: =P76*$E76 -> 0 | S76: =R76*$E76 -> 0 | U76: =T76*$E76 -> 0 | W76: =V76*$E76 -> 0 | Y76: =X76*$E76 -> 0 | AA76: =Z76*$E76 -> 0 | AC76: =AB76*$E76 -> 0 | AE76: =AD76*$E76 -> 0 | AF76: =(AD76+AB76+Z76+X76+V76+T76+R76+P76+N76+L76+J76+H76)/1 -> 0 | AG76: =AF76*$E76 -> 0 | AI76: =AH76*$E76 -> 0 | AK76: =AJ76*$E76 -> 0 | AM76: =AL76*$E76 -> 0 | AO76: =AN76*$E76 -> 0 | AQ76: =AP76*$E76 -> 0 | AS76: =AR76*$E76 -> 0 | AU76: =AT76*$E76 -> 0 | AW76: =AV76*$E76 -> 0 | AY76: =AX76*$E76 -> 0 | BA76: =AZ76*$E76 -> 0 | BC76: =BB76*$E76 -> 0 | BE76: =BD76*$E76 -> 0 | BF76: =(BD76+BB76+AZ76+AX76+AV76+AT76+AR76+AP76+AN76+AL76+AJ76+AH76)/1 -> 0 | BG76: =BF76*$E76 -> 0 | BI76: =BH76*$E76 -> 0 | BK76: =BJ76*$E76 -> 0 | BM76: =BL76*$E76 -> 0 | BO76: =BN76*$E76 -> 0 | BQ76: =BP76*$E76 -> 0 | BS76: =BR76*$E76 -> 0 | BU76: =BT76*$E76 -> 0 | BW76: =BV76*$E76 -> 0 | BY76: =BX76*$E76 -> 0 | CA76: =BZ76*$E76 -> 0 | CC76: =CB76*$E76 -> 0 | CE76: =CD76*$E76 -> 0 | CF76: =(CD76+CB76+BZ76+BX76+BV76+BT76+BR76+BP76+BN76+BL76+BJ76+BH76)/1 -> 0 | CG76: =CF76*$E76 -> 0 | CI76: =CH76*$E76 -> 0 | CK76: =CJ76*$E76 -> 0 | CM76: =CL76*$E76 -> 0 | CO76: =CN76*$E76 -> 0 | CQ76: =CP76*$E76 -> 0 | CS76: =CR76*$E76 -> 0 | CU76: =CT76*$E76 -> 0 | CW76: =CV76*$E76 -> 0 | CY76: =CX76*$E76 -> 0 | DA76: =CZ76*$E76 -> 0 | DC76: =DB76*$E76 -> 0 | DE76: =DD76*$E76 -> 0 | DF76: =SUM(CH76,CJ76,CL76,CN76,CP76,CR76,CT76,CV76,CX76,CZ76,DB76,DD76)/1 -> 0 | DG76: =DF76*$E76 -> 0
A77: 62 | B77: Cj-5 | C77: ပုလင်း | D77: =RANK(DF77,$DF$4:$DF$147) -> 6 | E77: 0.64 | F77: 1 * 14 | G77: 1350 | H77: 90650 | I77: =H77*$E77 -> 58016 | J77: 74998 | K77: =J77*$E77 -> 47998.72 | L77: 140658 | M77: =L77*$E77 -> 90021.12 | N77: 104580 | O77: =N77*$E77 -> 66931.2 | P77: 97034 | Q77: =P77*$E77 -> 62101.76 | R77: 86618 | S77: =R77*$E77 -> 55435.52 | T77: 87990 | U77: =T77*$E77 -> 56313.6 | V77: 96250 | W77: =V77*$E77 -> 61600 | X77: 74480 | Y77: =X77*$E77 -> 47667.2 | Z77: 77910 | AA77: =Z77*$E77 -> 49862.4 | AB77: 88550 | AC77: =AB77*$E77 -> 56672 | AD77: 93866 | AE77: =AD77*$E77 -> 60074.24 | AF77: =(AD77+AB77+Z77+X77+V77+T77+R77+P77+N77+L77+J77+H77)/1 -> 1113584 | AG77: =AF77*$E77 -> 712693.76 | AH77: 84168 | AI77: =AH77*$E77 -> 53867.52 | AJ77: 107520 | AK77: =AJ77*$E77 -> 68812.8 | AL77: 112126 | AM77: =AL77*$E77 -> 71760.64 | AN77: 69020 | AO77: =AN77*$E77 -> 44172.8 | AP77: 103810 | AQ77: =AP77*$E77 -> 66438.4 | AR77: 73710 | AS77: =AR77*$E77 -> 47174.4 | AT77: 98560 | AU77: =AT77*$E77 -> 63078.4 | AV77: 82334 | AW77: =AV77*$E77 -> 52693.76 | AX77: 66710 | AY77: =AX77*$E77 -> 42694.4 | AZ77: 76930 | BA77: =AZ77*$E77 -> 49235.2 | BB77: 81690 | BC77: =BB77*$E77 -> 52281.6 | BD77: 89040 | BE77: =BD77*$E77 -> 56985.6 | BF77: =(BD77+BB77+AZ77+AX77+AV77+AT77+AR77+AP77+AN77+AL77+AJ77+AH77)/1 -> 1045618 | BG77: =BF77*$E77 -> 669195.52 | BH77: 107044 | BI77: =BH77*$E77 -> 68508.16 | BJ77: 66780 | BK77: =BJ77*$E77 -> 42739.2 | BL77: 81508 | BM77: =BL77*$E77 -> 52165.12 | BN77: 90160 | BO77: =BN77*$E77 -> 57702.4 | BP77: 86366 | BQ77: =BP77*$E77 -> 55274.24 | BR77: 94080 | BS77: =BR77*$E77 -> 60211.2 | BT77: 75067 | BU77: =BT77*$E77 -> 48042.88 | BV77: 74872 | BW77: =BV77*$E77 -> 47918.08 | BX77: 63378 | BY77: =BX77*$E77 -> 40561.92 | BZ77: 82180 | CA77: =BZ77*$E77 -> 52595.2 | CB77: 85008 | CC77: =CB77*$E77 -> 54405.12 | CD77: 66178 | CE77: =CD77*$E77 -> 42353.92 | CF77: =(CD77+CB77+BZ77+BX77+BV77+BT77+BR77+BP77+BN77+BL77+BJ77+BH77)/1 -> 972621 | CG77: =CF77*$E77 -> 622477.44 | CH77: 67074 | CI77: =CH77*$E77 -> 42927.36 | CJ77: 77838 | CK77: =CJ77*$E77 -> 49816.32 | CL77: 91182 | CM77: =CL77*$E77 -> 58356.48 | CN77: 88578 | CO77: =CN77*$E77 -> 56689.92 | CP77: 79590 | CQ77: =CP77*$E77 -> 50937.6 | CR77: 88200 | CS77: =CR77*$E77 -> 56448 | CT77: 78218 | CU77: =CT77*$E77 -> 50059.52 | CV77: 73304 | CW77: =CV77*$E77 -> 46914.56 | CX77: 70753 | CY77: =CX77*$E77 -> 45281.92 | CZ77: 74200 | DA77: =CZ77*$E77 -> 47488 | DB77: 73948 | DC77: =DB77*$E77 -> 47326.72 | DD77: 90440 | DE77: =DD77*$E77 -> 57881.6 | DF77: =SUM(CH77,CJ77,CL77,CN77,CP77,CR77,CT77,CV77,CX77,CZ77,DB77,DD77)/1 -> 953325 | DG77: =DF77*$E77 -> 610128 | DH77: 83272 | DI77: =DH77*$E77 -> 53294.08 | DJ77: 76986 | DK77: =DJ77*$E77 -> 49271.04 | DM77: =DL77*$E77 -> 0 | DO77: =DN77*$E77 -> 0 | DQ77: =DP77*$E77 -> 0 | DS77: =DR77*$E77 -> 0 | DU77: =DT77*$E77 -> 0 | DW77: =DV77*$E77 -> 0 | DY77: =DX77*$E77 -> 0 | EA77: =DZ77*$E77 -> 0 | EC77: =EB77*$E77 -> 0 | EE77: =ED77*$E77 -> 0 | EF77: =SUM(DH77,DJ77,DL77,DN77,DP77,DR77,DT77,DV77,DX77,DZ77,EB77,ED77) -> 160258 | EG77: =SUM(DI77,DK77,DM77,DO77,DQ77,DS77,DU77,DW77,DY77,EA77,EC77,EE77) -> 102565.12
A78: 63 | B78: Cj-5 | C78: ပုလင်း | D78: =RANK(DF78,$DF$4:$DF$147) -> 31 | E78: 0.64 | F78: 1 * 24 | G78: 1250 | H78: 240 | I78: =H78*$E78 -> 153.6 | K78: =J78*$E78 -> 0 | M78: =L78*$E78 -> 0 | O78: =N78*$E78 -> 0 | P78: 480 | Q78: =P78*$E78 -> 307.2 | S78: =R78*$E78 -> 0 | U78: =T78*$E78 -> 0 | W78: =V78*$E78 -> 0 | Y78: =X78*$E78 -> 0 | AA78: =Z78*$E78 -> 0 | AC78: =AB78*$E78 -> 0 | AE78: =AD78*$E78 -> 0 | AF78: =(AD78+AB78+Z78+X78+V78+T78+R78+P78+N78+L78+J78+H78)/1 -> 720 | AG78: =AF78*$E78 -> 460.8 | AI78: =AH78*$E78 -> 0 | AJ78: 720 | AK78: =AJ78*$E78 -> 460.8 | AL78: 720 | AM78: =AL78*$E78 -> 460.8 | AO78: =AN78*$E78 -> 0 | AP78: 480 | AQ78: =AP78*$E78 -> 307.2 | AS78: =AR78*$E78 -> 0 | AU78: =AT78*$E78 -> 0 | AW78: =AV78*$E78 -> 0 | AX78: 480 | AY78: =AX78*$E78 -> 307.2 | BA78: =AZ78*$E78 -> 0 | BC78: =BB78*$E78 -> 0 | BD78: 480 | BE78: =BD78*$E78 -> 307.2 | BF78: =(BD78+BB78+AZ78+AX78+AV78+AT78+AR78+AP78+AN78+AL78+AJ78+AH78)/1 -> 2880 | BG78: =BF78*$E78 -> 1843.2 | BI78: =BH78*$E78 -> 0 | BK78: =BJ78*$E78 -> 0 | BM78: =BL78*$E78 -> 0 | BO78: =BN78*$E78 -> 0 | BQ78: =BP78*$E78 -> 0 | BS78: =BR78*$E78 -> 0 | BU78: =BT78*$E78 -> 0 | BW78: =BV78*$E78 -> 0 | BY78: =BX78*$E78 -> 0 | CA78: =BZ78*$E78 -> 0 | CC78: =CB78*$E78 -> 0 | CE78: =CD78*$E78 -> 0 | CF78: =(CD78+CB78+BZ78+BX78+BV78+BT78+BR78+BP78+BN78+BL78+BJ78+BH78)/1 -> 0 | CG78: =CF78*$E78 -> 0 | CI78: =CH78*$E78 -> 0 | CK78: =CJ78*$E78 -> 0 | CM78: =CL78*$E78 -> 0 | CO78: =CN78*$E78 -> 0 | CQ78: =CP78*$E78 -> 0 | CS78: =CR78*$E78 -> 0 | CU78: =CT78*$E78 -> 0 | CW78: =CV78*$E78 -> 0 | CY78: =CX78*$E78 -> 0 | DA78: =CZ78*$E78 -> 0 | DC78: =DB78*$E78 -> 0 | DE78: =DD78*$E78 -> 0 | DF78: =SUM(CH78,CJ78,CL78,CN78,CP78,CR78,CT78,CV78,CX78,CZ78,DB78,DD78)/1 -> 0 | DG78: =DF78*$E78 -> 0 | DI78: =DH78*$E78 -> 0 | DK78: =DJ78*$E78 -> 0 | DM78: =DL78*$E78 -> 0 | DO78: =DN78*$E78 -> 0 | DQ78: =DP78*$E78 -> 0 | DS78: =DR78*$E78 -> 0 | DU78: =DT78*$E78 -> 0 | DW78: =DV78*$E78 -> 0 | DY78: =DX78*$E78 -> 0 | EA78: =DZ78*$E78 -> 0 | EC78: =EB78*$E78 -> 0 | EE78: =ED78*$E78 -> 0 | EF78: =SUM(DH78,DJ78,DL78,DN78,DP78,DR78,DT78,DV78,DX78,DZ78,EB78,ED78) -> 0 | EG78: =SUM(DI78,DK78,DM78,DO78,DQ78,DS78,DU78,DW78,DY78,EA78,EC78,EE78) -> 0
I79: =H79*$E79 -> 0 | K79: =J79*$E79 -> 0 | M79: =L79*$E79 -> 0 | O79: =N79*$E79 -> 0 | Q79: =P79*$E79 -> 0 | S79: =R79*$E79 -> 0 | U79: =T79*$E79 -> 0 | W79: =V79*$E79 -> 0 | Y79: =X79*$E79 -> 0 | AA79: =Z79*$E79 -> 0 | AC79: =AB79*$E79 -> 0 | AE79: =AD79*$E79 -> 0 | AF79: =(AD79+AB79+Z79+X79+V79+T79+R79+P79+N79+L79+J79+H79)/1 -> 0 | AG79: =AF79*$E79 -> 0 | AI79: =AH79*$E79 -> 0 | AK79: =AJ79*$E79 -> 0 | AM79: =AL79*$E79 -> 0 | AO79: =AN79*$E79 -> 0 | AQ79: =AP79*$E79 -> 0 | AS79: =AR79*$E79 -> 0 | AU79: =AT79*$E79 -> 0 | AW79: =AV79*$E79 -> 0 | AY79: =AX79*$E79 -> 0 | BA79: =AZ79*$E79 -> 0 | BC79: =BB79*$E79 -> 0 | BE79: =BD79*$E79 -> 0 | BF79: =(BD79+BB79+AZ79+AX79+AV79+AT79+AR79+AP79+AN79+AL79+AJ79+AH79)/1 -> 0 | BG79: =BF79*$E79 -> 0 | BI79: =BH79*$E79 -> 0 | BK79: =BJ79*$E79 -> 0 | BM79: =BL79*$E79 -> 0 | BO79: =BN79*$E79 -> 0 | BQ79: =BP79*$E79 -> 0 | BS79: =BR79*$E79 -> 0 | BU79: =BT79*$E79 -> 0 | BW79: =BV79*$E79 -> 0 | BY79: =BX79*$E79 -> 0 | CA79: =BZ79*$E79 -> 0 | CC79: =CB79*$E79 -> 0 | CE79: =CD79*$E79 -> 0 | CF79: =(CD79+CB79+BZ79+BX79+BV79+BT79+BR79+BP79+BN79+BL79+BJ79+BH79)/1 -> 0 | CG79: =CF79*$E79 -> 0 | CI79: =CH79*$E79 -> 0 | CK79: =CJ79*$E79 -> 0 | CM79: =CL79*$E79 -> 0 | CO79: =CN79*$E79 -> 0 | CQ79: =CP79*$E79 -> 0 | CS79: =CR79*$E79 -> 0 | CU79: =CT79*$E79 -> 0 | CW79: =CV79*$E79 -> 0 | CY79: =CX79*$E79 -> 0 | DA79: =CZ79*$E79 -> 0 | DC79: =DB79*$E79 -> 0 | DE79: =DD79*$E79 -> 0 | DF79: =SUM(CH79,CJ79,CL79,CN79,CP79,CR79,CT79,CV79,CX79,CZ79,DB79,DD79)/1 -> 0 | DG79: =DF79*$E79 -> 0
A80: 64 | B80: Super Red | C80: ပုလင်း | D80: =RANK(DF80,$DF$4:$DF$147) -> 31 | E80: 0.64 | F80: 1 * 24 | I80: =H80*$E80 -> 0 | K80: =J80*$E80 -> 0 | M80: =L80*$E80 -> 0 | O80: =N80*$E80 -> 0 | Q80: =P80*$E80 -> 0 | S80: =R80*$E80 -> 0 | U80: =T80*$E80 -> 0 | W80: =V80*$E80 -> 0 | Y80: =X80*$E80 -> 0 | AA80: =Z80*$E80 -> 0 | AC80: =AB80*$E80 -> 0 | AE80: =AD80*$E80 -> 0 | AF80: =(AD80+AB80+Z80+X80+V80+T80+R80+P80+N80+L80+J80+H80)/1 -> 0 | AG80: =AF80*$E80 -> 0 | AI80: =AH80*$E80 -> 0 | AK80: =AJ80*$E80 -> 0 | AM80: =AL80*$E80 -> 0 | AO80: =AN80*$E80 -> 0 | AQ80: =AP80*$E80 -> 0 | AS80: =AR80*$E80 -> 0 | AU80: =AT80*$E80 -> 0 | AW80: =AV80*$E80 -> 0 | AY80: =AX80*$E80 -> 0 | BA80: =AZ80*$E80 -> 0 | BC80: =BB80*$E80 -> 0 | BE80: =BD80*$E80 -> 0 | BF80: =(BD80+BB80+AZ80+AX80+AV80+AT80+AR80+AP80+AN80+AL80+AJ80+AH80)/1 -> 0 | BG80: =BF80*$E80 -> 0 | BI80: =BH80*$E80 -> 0 | BK80: =BJ80*$E80 -> 0 | BM80: =BL80*$E80 -> 0 | BO80: =BN80*$E80 -> 0 | BQ80: =BP80*$E80 -> 0 | BS80: =BR80*$E80 -> 0 | BU80: =BT80*$E80 -> 0 | BW80: =BV80*$E80 -> 0 | BY80: =BX80*$E80 -> 0 | CA80: =BZ80*$E80 -> 0 | CC80: =CB80*$E80 -> 0 | CE80: =CD80*$E80 -> 0 | CF80: =(CD80+CB80+BZ80+BX80+BV80+BT80+BR80+BP80+BN80+BL80+BJ80+BH80)/1 -> 0 | CG80: =CF80*$E80 -> 0 | CI80: =CH80*$E80 -> 0 | CK80: =CJ80*$E80 -> 0 | CM80: =CL80*$E80 -> 0 | CO80: =CN80*$E80 -> 0 | CQ80: =CP80*$E80 -> 0 | CS80: =CR80*$E80 -> 0 | CU80: =CT80*$E80 -> 0 | CW80: =CV80*$E80 -> 0 | CY80: =CX80*$E80 -> 0 | DA80: =CZ80*$E80 -> 0 | DC80: =DB80*$E80 -> 0 | DE80: =DD80*$E80 -> 0 | DF80: =SUM(CH80,CJ80,CL80,CN80,CP80,CR80,CT80,CV80,CX80,CZ80,DB80,DD80)/1 -> 0 | DG80: =DF80*$E80 -> 0 | DI80: =DH80*$E80 -> 0 | DK80: =DJ80*$E80 -> 0 | DM80: =DL80*$E80 -> 0 | DO80: =DN80*$E80 -> 0 | DQ80: =DP80*$E80 -> 0 | DS80: =DR80*$E80 -> 0 | DU80: =DT80*$E80 -> 0 | DW80: =DV80*$E80 -> 0 | DY80: =DX80*$E80 -> 0 | EA80: =DZ80*$E80 -> 0 | EC80: =EB80*$E80 -> 0 | EE80: =ED80*$E80 -> 0 | EF80: =SUM(DH80,DJ80,DL80,DN80,DP80,DR80,DT80,DV80,DX80,DZ80,EB80,ED80) -> 0 | EG80: =SUM(DI80,DK80,DM80,DO80,DQ80,DS80,DU80,DW80,DY80,EA80,EC80,EE80) -> 0
A81: 65 | B81: Super Red (ပု) | C81: ပုလင်း | D81: =RANK(DF81,$DF$4:$DF$147) -> 31 | E81: 0.64 | F81: 1 * 12 | I81: =H81*$E81 -> 0 | K81: =J81*$E81 -> 0 | M81: =L81*$E81 -> 0 | O81: =N81*$E81 -> 0 | Q81: =P81*$E81 -> 0 | S81: =R81*$E81 -> 0 | U81: =T81*$E81 -> 0 | W81: =V81*$E81 -> 0 | Y81: =X81*$E81 -> 0 | AA81: =Z81*$E81 -> 0 | AC81: =AB81*$E81 -> 0 | AE81: =AD81*$E81 -> 0 | AF81: =(AD81+AB81+Z81+X81+V81+T81+R81+P81+N81+L81+J81+H81)/1 -> 0 | AG81: =AF81*$E81 -> 0 | AI81: =AH81*$E81 -> 0 | AK81: =AJ81*$E81 -> 0 | AM81: =AL81*$E81 -> 0 | AO81: =AN81*$E81 -> 0 | AQ81: =AP81*$E81 -> 0 | AS81: =AR81*$E81 -> 0 | AU81: =AT81*$E81 -> 0 | AW81: =AV81*$E81 -> 0 | AY81: =AX81*$E81 -> 0 | BA81: =AZ81*$E81 -> 0 | BC81: =BB81*$E81 -> 0 | BE81: =BD81*$E81 -> 0 | BF81: =(BD81+BB81+AZ81+AX81+AV81+AT81+AR81+AP81+AN81+AL81+AJ81+AH81)/1 -> 0 | BG81: =BF81*$E81 -> 0 | BI81: =BH81*$E81 -> 0 | BK81: =BJ81*$E81 -> 0 | BM81: =BL81*$E81 -> 0 | BO81: =BN81*$E81 -> 0 | BQ81: =BP81*$E81 -> 0 | BS81: =BR81*$E81 -> 0 | BU81: =BT81*$E81 -> 0 | BW81: =BV81*$E81 -> 0 | BY81: =BX81*$E81 -> 0 | CA81: =BZ81*$E81 -> 0 | CC81: =CB81*$E81 -> 0 | CE81: =CD81*$E81 -> 0 | CF81: =(CD81+CB81+BZ81+BX81+BV81+BT81+BR81+BP81+BN81+BL81+BJ81+BH81)/1 -> 0 | CG81: =CF81*$E81 -> 0 | CI81: =CH81*$E81 -> 0 | CK81: =CJ81*$E81 -> 0 | CM81: =CL81*$E81 -> 0 | CO81: =CN81*$E81 -> 0 | CQ81: =CP81*$E81 -> 0 | CS81: =CR81*$E81 -> 0 | CU81: =CT81*$E81 -> 0 | CW81: =CV81*$E81 -> 0 | CY81: =CX81*$E81 -> 0 | DA81: =CZ81*$E81 -> 0 | DC81: =DB81*$E81 -> 0 | DE81: =DD81*$E81 -> 0 | DF81: =SUM(CH81,CJ81,CL81,CN81,CP81,CR81,CT81,CV81,CX81,CZ81,DB81,DD81)/1 -> 0 | DG81: =DF81*$E81 -> 0 | DI81: =DH81*$E81 -> 0 | DK81: =DJ81*$E81 -> 0 | DM81: =DL81*$E81 -> 0 | DO81: =DN81*$E81 -> 0 | DQ81: =DP81*$E81 -> 0 | DS81: =DR81*$E81 -> 0 | DU81: =DT81*$E81 -> 0 | DW81: =DV81*$E81 -> 0 | DY81: =DX81*$E81 -> 0 | EA81: =DZ81*$E81 -> 0 | EC81: =EB81*$E81 -> 0 | EE81: =ED81*$E81 -> 0 | EF81: =SUM(DH81,DJ81,DL81,DN81,DP81,DR81,DT81,DV81,DX81,DZ81,EB81,ED81) -> 0 | EG81: =SUM(DI81,DK81,DM81,DO81,DQ81,DS81,DU81,DW81,DY81,EA81,EC81,EE81) -> 0
A82: 66 | B82: Super Liquor | C82: ပုလင်း | D82: =RANK(DF82,$DF$4:$DF$147) -> 31 | E82: 0.64 | F82: 1 * 14 | AF82: =(AD82+AB82+Z82+X82+V82+T82+R82+P82+N82+L82+J82+H82)/1 -> 0 | AG82: =AF82*$E82 -> 0 | BF82: =(BD82+BB82+AZ82+AX82+AV82+AT82+AR82+AP82+AN82+AL82+AJ82+AH82)/1 -> 0 | BG82: =BF82*$E82 -> 0 | CF82: =(CD82+CB82+BZ82+BX82+BV82+BT82+BR82+BP82+BN82+BL82+BJ82+BH82)/1 -> 0 | CG82: =CF82*$E82 -> 0 | CI82: =CH82*$E82 -> 0 | CK82: =CJ82*$E82 -> 0 | CM82: =CL82*$E82 -> 0 | CO82: =CN82*$E82 -> 0 | CQ82: =CP82*$E82 -> 0 | CS82: =CR82*$E82 -> 0 | CU82: =CT82*$E82 -> 0 | CW82: =CV82*$E82 -> 0 | CY82: =CX82*$E82 -> 0 | DA82: =CZ82*$E82 -> 0 | DC82: =DB82*$E82 -> 0 | DE82: =DD82*$E82 -> 0 | DF82: =SUM(CH82,CJ82,CL82,CN82,CP82,CR82,CT82,CV82,CX82,CZ82,DB82,DD82)/1 -> 0 | DG82: =DF82*$E82 -> 0
A83: 67 | B83: Super Liquor | C83: ‌ကော်ဘူး | D83: =RANK(DF83,$DF$4:$DF$147) -> 31 | E83: 1 | F83: 1 * 12 | AF83: =(AD83+AB83+Z83+X83+V83+T83+R83+P83+N83+L83+J83+H83)/1 -> 0 | AG83: =AF83*$E83 -> 0 | BF83: =(BD83+BB83+AZ83+AX83+AV83+AT83+AR83+AP83+AN83+AL83+AJ83+AH83)/1 -> 0 | BG83: =BF83*$E83 -> 0 | CF83: =(CD83+CB83+BZ83+BX83+BV83+BT83+BR83+BP83+BN83+BL83+BJ83+BH83)/1 -> 0 | CG83: =CF83*$E83 -> 0 | CI83: =CH83*$E83 -> 0 | CK83: =CJ83*$E83 -> 0 | CM83: =CL83*$E83 -> 0 | CO83: =CN83*$E83 -> 0 | CQ83: =CP83*$E83 -> 0 | CS83: =CR83*$E83 -> 0 | CU83: =CT83*$E83 -> 0 | CW83: =CV83*$E83 -> 0 | CY83: =CX83*$E83 -> 0 | DA83: =CZ83*$E83 -> 0 | DC83: =DB83*$E83 -> 0 | DE83: =DD83*$E83 -> 0 | DF83: =SUM(CH83,CJ83,CL83,CN83,CP83,CR83,CT83,CV83,CX83,CZ83,DB83,DD83)/1 -> 0 | DG83: =DF83*$E83 -> 0
A84: 68 | B84: Super Vodka (1 Liter) - 38% | C84: ‌ကော်ဘူး | D84: =RANK(DF84,$DF$4:$DF$147) -> 14 | E84: 1 | F84: 1 * 12 | G84: 2200 | I84: =H84*$E84 -> 0 | K84: =J84*$E84 -> 0 | M84: =L84*$E84 -> 0 | O84: =N84*$E84 -> 0 | Q84: =P84*$E84 -> 0 | S84: =R84*$E84 -> 0 | U84: =T84*$E84 -> 0 | W84: =V84*$E84 -> 0 | Y84: =X84*$E84 -> 0 | AA84: =Z84*$E84 -> 0 | AC84: =AB84*$E84 -> 0 | AE84: =AD84*$E84 -> 0 | AF84: =(AD84+AB84+Z84+X84+V84+T84+R84+P84+N84+L84+J84+H84)/1 -> 0 | AG84: =AF84*$E84 -> 0 | AI84: =AH84*$E84 -> 0 | AK84: =AJ84*$E84 -> 0 | AM84: =AL84*$E84 -> 0 | AO84: =AN84*$E84 -> 0 | AQ84: =AP84*$E84 -> 0 | AS84: =AR84*$E84 -> 0 | AU84: =AT84*$E84 -> 0 | AW84: =AV84*$E84 -> 0 | AY84: =AX84*$E84 -> 0 | BA84: =AZ84*$E84 -> 0 | BC84: =BB84*$E84 -> 0 | BE84: =BD84*$E84 -> 0 | BF84: =(BD84+BB84+AZ84+AX84+AV84+AT84+AR84+AP84+AN84+AL84+AJ84+AH84)/1 -> 0 | BG84: =BF84*$E84 -> 0 | BH84: 0 | BI84: =BH84*$E84 -> 0 | BK84: =BJ84*$E84 -> 0 | BL84: 1440 | BM84: =BL84*$E84 -> 1440 | BN84: 3372 | BO84: =BN84*$E84 -> 3372 | BP84: 1176 | BQ84: =BP84*$E84 -> 1176 | BR84: 2150 | BS84: =BR84*$E84 -> 2150 | BT84: 3774 | BU84: =BT84*$E84 -> 3774 | BV84: 2550 | BW84: =BV84*$E84 -> 2550 | BX84: 3341 | BY84: =BX84*$E84 -> 3341 | BZ84: 4800 | CA84: =BZ84*$E84 -> 4800 | CB84: 1080 | CC84: =CB84*$E84 -> 1080 | CD84: 2460 | CE84: =CD84*$E84 -> 2460 | CF84: =(CD84+CB84+BZ84+BX84+BV84+BT84+BR84+BP84+BN84+BL84+BJ84+BH84)/1 -> 26143 | CG84: =CF84*$E84 -> 26143 | CH84: 2304 | CI84: =CH84*$E84 -> 2304 | CJ84: 2592 | CK84: =CJ84*$E84 -> 2592 | CL84: 3492 | CM84: =CL84*$E84 -> 3492 | CN84: 1356 | CO84: =CN84*$E84 -> 1356 | CP84: 1560 | CQ84: =CP84*$E84 -> 1560 | CR84: 3012 | CS84: =CR84*$E84 -> 3012 | CT84: 2592 | CU84: =CT84*$E84 -> 2592 | CV84: 2880 | CW84: =CV84*$E84 -> 2880 | CX84: 2196 | CY84: =CX84*$E84 -> 2196 | CZ84: 2808 | DA84: =CZ84*$E84 -> 2808 | DB84: 1919 | DC84: =DB84*$E84 -> 1919 | DD84: 2016 | DE84: =DD84*$E84 -> 2016 | DF84: =SUM(CH84,CJ84,CL84,CN84,CP84,CR84,CT84,CV84,CX84,CZ84,DB84,DD84)/1 -> 28727 | DG84: =DF84*$E84 -> 28727 | DH84: 2736 | DI84: =DH84*$E84 -> 2736 | DJ84: 2568 | DK84: =DJ84*$E84 -> 2568 | DM84: =DL84*$E84 -> 0 | DO84: =DN84*$E84 -> 0 | DQ84: =DP84*$E84 -> 0 | DS84: =DR84*$E84 -> 0 | DU84: =DT84*$E84 -> 0 | DW84: =DV84*$E84 -> 0 | DY84: =DX84*$E84 -> 0 | EA84: =DZ84*$E84 -> 0 | EC84: =EB84*$E84 -> 0 | EE84: =ED84*$E84 -> 0 | EF84: =SUM(DH84,DJ84,DL84,DN84,DP84,DR84,DT84,DV84,DX84,DZ84,EB84,ED84) -> 5304 | EG84: =SUM(DI84,DK84,DM84,DO84,DQ84,DS84,DU84,DW84,DY84,EA84,EC84,EE84) -> 5304
I85: =H85*$E85 -> 0 | K85: =J85*$E85 -> 0 | M85: =L85*$E85 -> 0 | O85: =N85*$E85 -> 0 | Q85: =P85*$E85 -> 0 | S85: =R85*$E85 -> 0 | U85: =T85*$E85 -> 0 | W85: =V85*$E85 -> 0 | Y85: =X85*$E85 -> 0 | AA85: =Z85*$E85 -> 0 | AC85: =AB85*$E85 -> 0 | AE85: =AD85*$E85 -> 0 | AF85: =(AD85+AB85+Z85+X85+V85+T85+R85+P85+N85+L85+J85+H85)/1 -> 0 | AG85: =AF85*$E85 -> 0 | AI85: =AH85*$E85 -> 0 | AK85: =AJ85*$E85 -> 0 | AM85: =AL85*$E85 -> 0 | AO85: =AN85*$E85 -> 0 | AQ85: =AP85*$E85 -> 0 | AS85: =AR85*$E85 -> 0 | AU85: =AT85*$E85 -> 0 | AW85: =AV85*$E85 -> 0 | AY85: =AX85*$E85 -> 0 | BA85: =AZ85*$E85 -> 0 | BC85: =BB85*$E85 -> 0 | BE85: =BD85*$E85 -> 0 | BF85: =(BD85+BB85+AZ85+AX85+AV85+AT85+AR85+AP85+AN85+AL85+AJ85+AH85)/1 -> 0 | BG85: =BF85*$E85 -> 0 | BI85: =BH85*$E85 -> 0 | BK85: =BJ85*$E85 -> 0 | BM85: =BL85*$E85 -> 0 | BO85: =BN85*$E85 -> 0 | BQ85: =BP85*$E85 -> 0 | BS85: =BR85*$E85 -> 0 | BU85: =BT85*$E85 -> 0 | BW85: =BV85*$E85 -> 0 | BY85: =BX85*$E85 -> 0 | CA85: =BZ85*$E85 -> 0 | CC85: =CB85*$E85 -> 0 | CE85: =CD85*$E85 -> 0 | CF85: =(CD85+CB85+BZ85+BX85+BV85+BT85+BR85+BP85+BN85+BL85+BJ85+BH85)/1 -> 0 | CG85: =CF85*$E85 -> 0 | CI85: =CH85*$E85 -> 0 | CK85: =CJ85*$E85 -> 0 | CM85: =CL85*$E85 -> 0 | CO85: =CN85*$E85 -> 0 | CQ85: =CP85*$E85 -> 0 | CS85: =CR85*$E85 -> 0 | CU85: =CT85*$E85 -> 0 | CW85: =CV85*$E85 -> 0 | CY85: =CX85*$E85 -> 0 | DA85: =CZ85*$E85 -> 0 | DC85: =DB85*$E85 -> 0 | DE85: =DD85*$E85 -> 0 | DF85: =SUM(CH85,CJ85,CL85,CN85,CP85,CR85,CT85,CV85,CX85,CZ85,DB85,DD85)/1 -> 0 | DG85: =DF85*$E85 -> 0
A86: 69 | B86: ချယ်ရီ (Special)(1 Liter)မြန်မာ | C86: ‌ကော်ဘူး | D86: =RANK(DF86,$DF$4:$DF$147) -> 31 | E86: 1 | F86: 1 * 24 | I86: =H86*$E86 -> 0 | K86: =J86*$E86 -> 0 | M86: =L86*$E86 -> 0 | O86: =N86*$E86 -> 0 | Q86: =P86*$E86 -> 0 | S86: =R86*$E86 -> 0 | U86: =T86*$E86 -> 0 | W86: =V86*$E86 -> 0 | Y86: =X86*$E86 -> 0 | AA86: =Z86*$E86 -> 0 | AC86: =AB86*$E86 -> 0 | AE86: =AD86*$E86 -> 0 | AF86: =(AD86+AB86+Z86+X86+V86+T86+R86+P86+N86+L86+J86+H86)/1 -> 0 | AG86: =AF86*$E86 -> 0 | AI86: =AH86*$E86 -> 0 | AK86: =AJ86*$E86 -> 0 | AM86: =AL86*$E86 -> 0 | AO86: =AN86*$E86 -> 0 | AQ86: =AP86*$E86 -> 0 | AS86: =AR86*$E86 -> 0 | AU86: =AT86*$E86 -> 0 | AW86: =AV86*$E86 -> 0 | AY86: =AX86*$E86 -> 0 | BA86: =AZ86*$E86 -> 0 | BC86: =BB86*$E86 -> 0 | BE86: =BD86*$E86 -> 0 | BF86: =(BD86+BB86+AZ86+AX86+AV86+AT86+AR86+AP86+AN86+AL86+AJ86+AH86)/1 -> 0 | BG86: =BF86*$E86 -> 0 | BI86: =BH86*$E86 -> 0 | BK86: =BJ86*$E86 -> 0 | BM86: =BL86*$E86 -> 0 | BO86: =BN86*$E86 -> 0 | BQ86: =BP86*$E86 -> 0 | BS86: =BR86*$E86 -> 0 | BU86: =BT86*$E86 -> 0 | BW86: =BV86*$E86 -> 0 | BY86: =BX86*$E86 -> 0 | CA86: =BZ86*$E86 -> 0 | CC86: =CB86*$E86 -> 0 | CE86: =CD86*$E86 -> 0 | CF86: =(CD86+CB86+BZ86+BX86+BV86+BT86+BR86+BP86+BN86+BL86+BJ86+BH86)/1 -> 0 | CG86: =CF86*$E86 -> 0 | CI86: =CH86*$E86 -> 0 | CK86: =CJ86*$E86 -> 0 | CM86: =CL86*$E86 -> 0 | CO86: =CN86*$E86 -> 0 | CQ86: =CP86*$E86 -> 0 | CS86: =CR86*$E86 -> 0 | CU86: =CT86*$E86 -> 0 | CW86: =CV86*$E86 -> 0 | CY86: =CX86*$E86 -> 0 | DA86: =CZ86*$E86 -> 0 | DC86: =DB86*$E86 -> 0 | DE86: =DD86*$E86 -> 0 | DF86: =SUM(CH86,CJ86,CL86,CN86,CP86,CR86,CT86,CV86,CX86,CZ86,DB86,DD86)/1 -> 0 | DG86: =DF86*$E86 -> 0 | DI86: =DH86*$E86 -> 0 | DK86: =DJ86*$E86 -> 0 | DM86: =DL86*$E86 -> 0 | DO86: =DN86*$E86 -> 0 | DQ86: =DP86*$E86 -> 0 | DS86: =DR86*$E86 -> 0 | DU86: =DT86*$E86 -> 0 | DW86: =DV86*$E86 -> 0 | DY86: =DX86*$E86 -> 0 | EA86: =DZ86*$E86 -> 0 | EC86: =EB86*$E86 -> 0 | EE86: =ED86*$E86 -> 0 | EF86: =SUM(DH86,DJ86,DL86,DN86,DP86,DR86,DT86,DV86,DX86,DZ86,EB86,ED86) -> 0 | EG86: =SUM(DI86,DK86,DM86,DO86,DQ86,DS86,DU86,DW86,DY86,EA86,EC86,EE86) -> 0
A87: 70 | B87: ချယ်ရီ (Special)(1 Liter)Eng | C87: ‌ကော်ဘူး | D87: =RANK(DF87,$DF$4:$DF$147) -> 31 | E87: 1 | F87: 1 * 24 | I87: =H87*$E87 -> 0 | K87: =J87*$E87 -> 0 | M87: =L87*$E87 -> 0 | O87: =N87*$E87 -> 0 | Q87: =P87*$E87 -> 0 | S87: =R87*$E87 -> 0 | U87: =T87*$E87 -> 0 | W87: =V87*$E87 -> 0 | Y87: =X87*$E87 -> 0 | AA87: =Z87*$E87 -> 0 | AC87: =AB87*$E87 -> 0 | AE87: =AD87*$E87 -> 0 | AF87: =(AD87+AB87+Z87+X87+V87+T87+R87+P87+N87+L87+J87+H87)/1 -> 0 | AG87: =AF87*$E87 -> 0 | AI87: =AH87*$E87 -> 0 | AK87: =AJ87*$E87 -> 0 | AM87: =AL87*$E87 -> 0 | AO87: =AN87*$E87 -> 0 | AQ87: =AP87*$E87 -> 0 | AS87: =AR87*$E87 -> 0 | AU87: =AT87*$E87 -> 0 | AW87: =AV87*$E87 -> 0 | AY87: =AX87*$E87 -> 0 | BA87: =AZ87*$E87 -> 0 | BC87: =BB87*$E87 -> 0 | BE87: =BD87*$E87 -> 0 | BF87: =(BD87+BB87+AZ87+AX87+AV87+AT87+AR87+AP87+AN87+AL87+AJ87+AH87)/1 -> 0 | BG87: =BF87*$E87 -> 0 | BI87: =BH87*$E87 -> 0 | BK87: =BJ87*$E87 -> 0 | BM87: =BL87*$E87 -> 0 | BO87: =BN87*$E87 -> 0 | BQ87: =BP87*$E87 -> 0 | BS87: =BR87*$E87 -> 0 | BU87: =BT87*$E87 -> 0 | BW87: =BV87*$E87 -> 0 | BY87: =BX87*$E87 -> 0 | CA87: =BZ87*$E87 -> 0 | CC87: =CB87*$E87 -> 0 | CE87: =CD87*$E87 -> 0 | CF87: =(CD87+CB87+BZ87+BX87+BV87+BT87+BR87+BP87+BN87+BL87+BJ87+BH87)/1 -> 0 | CG87: =CF87*$E87 -> 0 | CI87: =CH87*$E87 -> 0 | CK87: =CJ87*$E87 -> 0 | CM87: =CL87*$E87 -> 0 | CO87: =CN87*$E87 -> 0 | CQ87: =CP87*$E87 -> 0 | CS87: =CR87*$E87 -> 0 | CU87: =CT87*$E87 -> 0 | CW87: =CV87*$E87 -> 0 | CY87: =CX87*$E87 -> 0 | DA87: =CZ87*$E87 -> 0 | DC87: =DB87*$E87 -> 0 | DE87: =DD87*$E87 -> 0 | DF87: =SUM(CH87,CJ87,CL87,CN87,CP87,CR87,CT87,CV87,CX87,CZ87,DB87,DD87)/1 -> 0 | DG87: =DF87*$E87 -> 0 | DI87: =DH87*$E87 -> 0 | DK87: =DJ87*$E87 -> 0 | DM87: =DL87*$E87 -> 0 | DO87: =DN87*$E87 -> 0 | DQ87: =DP87*$E87 -> 0 | DS87: =DR87*$E87 -> 0 | DU87: =DT87*$E87 -> 0 | DW87: =DV87*$E87 -> 0 | DY87: =DX87*$E87 -> 0 | EA87: =DZ87*$E87 -> 0 | EC87: =EB87*$E87 -> 0 | EE87: =ED87*$E87 -> 0 | EF87: =SUM(DH87,DJ87,DL87,DN87,DP87,DR87,DT87,DV87,DX87,DZ87,EB87,ED87) -> 0 | EG87: =SUM(DI87,DK87,DM87,DO87,DQ87,DS87,DU87,DW87,DY87,EA87,EC87,EE87) -> 0
