Workbook
Name aa: #REF!
Name aaa: #REF!
Name atr: #REF!
Name b: #REF!
Name bb: #REF!
Name Beg_Bal: #REF!
Name Cash_Cr: #REF!
Name Cash_Dr: #REF!
Name cc: #REF!
Name ccc: #REF!
Name cr: #REF!
Name crs: #REF!
Name Data: #REF!
Name dd: #REF!
Name ddd: #REF!
Name dr: #REF!
Name drs: #REF!
Name End_Bal: #REF!
Name Extra_Pay: #REF!
Name fgf: #REF!
Name fgjhj: #REF!
Name Full_Print: #REF!
Name Header_Row: ROW(#REF!)
Name hjj: #REF!
Name hjkjk: #REF!
Name hmjhj: #REF!
Name Int: #REF!
Name Interest_Rate: #REF!
Name jbkjkl: #REF!
Name kdt: #REF!
Name Last_Row: IF('PG Table'!Values_Entered,Header_Row+'PG Table'!Number_of_Payments,Header_Row)
Name Last_Row: IF(PGSales!Values_Entered,Header_Row+PGSales!Number_of_Payments,Header_Row)
Name Last_Row: IF(Values_Entered,Header_Row+Number_of_Payments,Header_Row)
Name Loan_Amount: #REF!
Name Loan_Start: #REF!
Name Loan_Years: #REF!
Name LSO: #REF!
Name lsoq: #REF!
Name mms: #REF!
Name neew: #REF!
Name New: #REF!
Name Num_Pmt_Per_Year: #REF!
Name Number_of_Payments: MATCH(0.01,End_Bal,-1)+1
Name Number_of_Payments: MATCH(0.01,End_Bal,-1)+1
Name Number_of_Payments: MATCH(0.01,End_Bal,-1)+1
Name Opening_Cr: #REF!
Name Opening_Dr: #REF!
Name Pay_Date: #REF!
Name Pay_Num: #REF!
Name Payment_Date: DATE(YEAR(Loan_Start),MONTH(Loan_Start)+Payment_Number,DAY(Loan_Start))
Name Payment_Date: DATE(YEAR(Loan_Start),MONTH(Loan_Start)+Payment_Number,DAY(Loan_Start))
Name Payment_Date: DATE(YEAR(Loan_Start),MONTH(Loan_Start)+Payment_Number,DAY(Loan_Start))
Name Princ: #REF!
Name Print_Area_Reset: OFFSET(Full_Print,0,0,'PG Table'!Last_Row)
Name Print_Area_Reset: OFFSET(Full_Print,0,0,PGSales!Last_Row)
Name Print_Area_Reset: OFFSET(Full_Print,0,0,Last_Row)
Name s: #REF!
Name Sched_Pay: #REF!
Name Scheduled_Extra_Payments: #REF!
Name Scheduled_Interest_Rate: #REF!

Sheet PG Table
A1: PG Name | B1: Mobile No. | D1: Stock ID | E1: Particular | F1: ml | G1: Qty | H1: Column1 | I1: Bonus | K1: s | L1: Shop Name | M1: လိပ်စာ | N1: Route Name
A2: Ma Thuzar Aung | B2: 09-898146525 | D2: 700-Col | E2: Columbus Whisky 700 Ml | F2: 0.7 | G2: 12 | H2: Whisky | I2: 150 | K2: 23 | L2: 23 | M2: Madalay Rd | N2: Hlaing Thar Yar
A3: Ma Jue Jue Hlaing | B3: 09-986169990 | D3: 350-Col | E3: Columbus Whisky 350 Ml | F3: 0.35 | G3: 24 | H3: Whisky | I3: 100 | K3: 29 | L3: 29 | M3: Lan Thit Lan | N3: Htauk kyant
A4: Ma Nway Hnin Moe | B4: 09-983002374 | D4: 175-Col | E4: Columbus Whisky 175 Ml | F4: 0.175 | G4: 48 | H4: Whisky | I4: 50 | K4: 99 | L4: 99 Store | M4: Bogo Rd | N4: Hlegu
A5: Ma Hnin Pwint Phyu | B5: 09-773993352 | D5: 700-SRS | E5: Columbus Super Red Smooth 700 Ml | F5: 0.7 | G5: 12 | H5: Whisky | I5: 200 | K5: 124 | L5: 124 Store | M5: Padamyar Rd | N5: Hlaing Thar Yar
A6: Ma Su Su Naing | B6: 09-954795340 | D6: 350-SRS | E6: Columbus Super Red Smooth 350 Ml | F6: 0.35 | G6: 24 | H6: Whisky | I6: 150 | K6: 161 | L6: 16 G (1) | M6: Innwa Rd | N6: S Paukkan N/Oakkala
A7: Ma Phyo Phyo Wai | B7: 09-774485332 | D7: 175-SRS | E7: Columbus Super Red Smooth 175 Ml | F7: 0.175 | G7: 48 | H7: Whisky | I7: 100 | K7: 162 | L7: 16 G(2) | M7: Taungnu Rd | N7: S Paukkan N/Oakkala
A8: Ma Sandar Hlaing | B8: 09-660417209 | D8: 700-FR | E8: Formula Rum 700ml | F8: 0.7 | G8: 12 | H8: Formula | I8: 200 | K8: 163 | L8: 16 G3 | M8: Kyout Lan Rd | N8: S Paukkan N/Oakkala
A9: Lae Lae Tun | B9: 09 677196046 | D9: 350-FR | E9: Formula Rum 350ml | F9: 0.35 | G9: 24 | H9: Formula | I9: 150 | K9: 494 | L9: 494 Store | M9: Ah Linn young nRd | N9: Tharkaytha
A10: Yee Mon Aung | B10: 09 953844858 | D10: DTP 12 | E10: ဒဂုံမန်ကျည်း ကော်ဗူး (1 Liter) | F10: 1 | G10: 12 | H10: BE | I10: 100 | K10: 901 | L10: 90(1) | M10: Bogo Rd | N10: Hlegu
A11: Shwe Sin Win | B11: 09 697220669 | D11: 680-SM | E11: Shwe Man 680ml | F11: 0.68 | G11: 12 | H11: Rum | I11: 100 | K11: 902 | L11: 90(2) | M11: Bogo Rd | N11: Hlegu
A12: Naw Kyi Phyu Thein | B12: 09-751050544 | D12: 1Liter-SM | E12: Shwe Man ကော်ဗူး (1 Liter) | F12: 1 | G12: 12 | H12: Rum | I12: 100 | K12: 124s | L12: 124 Store | M12: Yoe Lay | N12: Hlaing Thar Yar
A13: Ei May Thu | B13: 09 987339189 | K13: A | L13: A&T | M13: Pa 50 Lan Baho | N13: Hlaing
A14: Zin Mar Phyo | B14: 09 404979290 | K14: A.T | L14: AhTwae Thit | M14: Chit Kyi Yae Rd | N14: Hlaing Thar Yar
A15: Htet Htet Hlaing | B15: 09-675163225 | K15: A1 | L15: A One | M15: Joune Phyu Rd | N15: Htauk kyant
A16: Ei Thuzar Oo | B16: 09-668929420 | K16: A2 | L16: A2 | M16: Bogo Rd | N16: Hlaing Thar Yar
A17: Moe Thandar Oo | B17: 09-894618967 | K17: aat1 | L17: AATT 1 | M17: Sittwe RD | N17: Hlaing Thar Yar
A18: Shwe Yee Win | B18: 099-51659610 | K18: aat2 | L18: AATT | M18: Mandalay Rd | N18: Hlaing Thar Yar
A19: Thaw Thaw Win | B19: 09-66554047 | K19: AAT2 | L19: AATT | M19: Mandalay Rd | N19: Hlaing Thar Yar
A20: Htet Ei Ei Khaing | B20: 09-972309027 | K20: ABC | L20: ABC Store | M20: Badai Rd | N20: Hlaing Thar Yar
A21: Kaythi Aung | B21: 09-258599042 | K21: AF | L21: Aung Family | M21: SakeSan (9) Lan | N21: Mangalar T/N
A22: Nilar Shwe | B22: 09-400291313 | K22: AG | L22: Aung Gyi | M22: Bago Rd | N22: Htauk kyant
A23: Ei Zin Wai | B23: 09-773387161 | K23: AKE | L23: Akeri | M23: 20 Zay | N23: Hlaing Thar Yar
A24: Ei Ei Thu | B24: 09-403000048 | K24: AKK | L24: Aung Kyaw Kyar | M24: Ka Naung Minthargyi Rd | N24: South Dagon
... A30: Ma Aye Aye Thwe | B30: 09-694771264 | K30: ALY | L30: Ah linn Young | M30: West Yangon University Rd | N30: Htan Ta Pin
A31: Su Lae Lae Htwe | K31: AM1 | L31: Arrmann(1) | M31: Bo Aung Kyaw Rd | N31: Hlaing Thar Yar
K32: AM2 | L32: Arrmann(2) | M32: Banyar Dala Rd | N32: Hlaing Thar Yar
K33: Ama | L33: Amazing | M33: Shwe Yin Aye Zay Rd | N33: Hlaing Thar Yar
K34: AMGL | L34: Aung Mingalar | M34: Lan Thit Lan | N34: Htauk kyant
K35: ANT | L35: ANT Store | M35: Sake kan Thar Rd | N35: Hlaing Thar Yar
K36: AP | L36: April | M36: Bayin Naung St | N36: Htan Ta Pin
K37: APK | L37: APK | M37: Sittwe RD | N37: Hlaing Thar Yar
K38: AST | L38: Aswe Taw | M38: Moe maka Rd | N38: Mangalardon
K39: AT | L39: Aung Thayaphu | M39: Bogyoke Rd | N39: Hlaing Thar Yar
K40: AT2 | L40: AATT 2 | M40: Madalay Rd | N40: Hlaing Thar Yar
K41: Au | L41: Aung | M41: Pi Moe Hinn Sd | N41: Hlaing Thar Yar
K42: AY | L42: Aye Yeik | M42: School RD | N42: Hlaing Thar Yar
K43: AZ | L43: Aung Zaya | M43: Bogyoke Rd | N43: Hlaing Thar Yar
... K361: ZY | L361: Zwel yatanar | M361: Badai Rd | N361: Hlaing Thar Yar
Q380: g

Sheet 6-PG Sales
A1: Yangon PG sale report (01-12-2024) to (15-12-2024)
A2: 1 | B2: Shop name | C2: Shop Address | D2: Township | E2: PG Name | F2: Ph.no | G2: Columbus Super red smooth | J2: Columbus Original | M2: Formula Rum | O2: ဒဂုံမန်ကျည်း | P2: Total
G3: 700ml | H3: 350ml | I3: 175ml | J3: 700ml | K3: 350ml | L3: 175ml | M3: 700ml | N3: 350ml
A5: 1 | B5: Chit Paing | C5: Bo Aung Kyaw Rd | D5: Hlaing Thar Yar Route (1) | E5: Ma Thuzar Aung | F5: 09-898146525 | H5: 3 | I5: 3 | M5: 2 | N5: 4 | P5: =SUM(G5:O5) -> 12
B6: Boss | C6: Maher Badula Rd | D6: Shwepyithar | G6: 1 | H6: 12 | N6: 5 | P6: =SUM(G6:O6) -> 18
A7: 2 | B7: Soon Pyan | C7: Bo Aung Kyaw Rd | D7: Hlaing Thar Yar Route (1) | E7: Ma Jue Jue Hlaing | F7: 09-986169990 | H7: 26 | M7: 3 | N7: 13 | P7: =SUM(G7:O7) -> 42
B8: ShweSiSain | C8: Maher Badula Rd | D8: Shwepyithar | G8: 6 | H8: 41 | M8: 8 | N8: 13 | P8: =SUM(G8:O8) -> 68
A9: 3 | B9: Shwe Payi(1) | C9: Mandalay Rd | D9: Hlaing Thar Yar Route (1) | E9: Ma Nway Hnin Moe | F9: 09-983002374 | H9: 7 | I9: 16 | N9: 2 | P9: =SUM(G9:O9) -> 25
B10: Lamin | C10: No (4) Rd | D10: Shwepyithar | H10: 33 | M10: 6 | N10: 30 | P10: =SUM(G10:O10) -> 69
A11: 4 | B11: Thaka Kyi | C11: Mandalay Rd | D11: Hlaing Thar Yar Route (1) | E11: Ma Hnin Pwint Phyu | F11: 09-773993352 | H11: 2 | I11: 2 | P11: =SUM(G11:O11) -> 4
B12: Chit Paing | C12: Bo Aung Kyaw Rd | D12: Hlaing Thar Yar Route (1) | H12: 1 | N12: 1 | P12: =SUM(G12:O12) -> 2
B13: Dana Toe(1) | C13: Bogyoke Aung San Rd | D13: Hlaing Thar Yar Route (1) | H13: 8 | I13: 1 | N13: 4 | P13: =SUM(G13:O13) -> 13
B14: NI Ni Poe poe | C14: Ye Yanaing Rd | D14: Shwepyithar | G14: 3 | H14: 83 | I14: 2 | M14: 14 | N14: 26 | O14: 25 | P14: =SUM(G14:O14) -> 153
A15: 5 | B15: Su | C15: Aung Sinkhoe Rd | D15: Mangalardon | E15: Ma Phyo Phyo Wai | F15: 09-774485332 | G15: 2 | H15: 24 | M15: 9 | N15: 32 | P15: =SUM(G15:O15) -> 67
A16: 6 | B16: Linn Latt Ktaw | C16: Pamoe Hinn Rd | D16: Hlaing Thar Yar Route (1) | E16: Ma Sandar Hlaing | F16: 09-660417209 | H16: 7 | M16: 2 | N16: 15 | P16: =SUM(G16:O16) -> 24
B17: Ko Gyi Yo | C17: Maher Badula Rd | D17: Shwepyithar | H17: 13 | M17: 4 | N17: 6 | P17: =SUM(G17:O17) -> 23
A18: 7 | B18: Linn | C18: Bo Aung Kyaw Rd | D18: Hlaing Thar Yar Route (1) | E18: Ma Lae Lae Tun | F18: 09 677196046 | G18: 3 | H18: 2 | N18: 22 | O18: 24 | P18: =SUM(G18:O18) -> 51
B19: Mon lay | C19: Padamyar Rd | D19: Shwepyithar | G19: 2 | H19: 6 | I19: 4 | N19: 4 | P19: =SUM(G19:O19) -> 16
A20: 8 | B20: Soon Pyan | C20: Bo Aung Kyaw Rd | D20: Hlaing Thar Yar Route (1) | E20: Ma Yee Mon Aung | F20: 09 953844858 | H20: 1 | I20: 3 | P20: =SUM(G20:O20) -> 4
B21: GoodWaill | C21: Taungnu Rd | D21: Hlaing Thar Yar Route (1) | H21: 5 | I21: 3 | M21: 2 | N21: 11 | P21: =SUM(G21:O21) -> 21
B22: Kaung | C22: Sin Phyu Shin Rd | D22: Hlaing Thar Yar | G22: 5 | H22: 19 | I22: 6 | M22: 3 | N22: 10 | P22: =SUM(G22:O22) -> 43
A23: 9 | B23: Yazar | C23: Mandalay Rd | D23: Hlaing Thar Yar Route (1) | E23: Ma Shwe Sin Win | F23: 09 697220669 | G23: 1 | H23: 5 | N23: 15 | P23: =SUM(G23:O23) -> 21
B24: Swe Thahar | C24: Mandalay Rd | D24: Hlaing Thar Yar Route (1) | G24: 1 | H24: 7 | I24: 3 | M24: 1 | N24: 23 | P24: =SUM(G24:O24) -> 35
A25: 10 | B25: Kaung Kin Think | C25: Joephyu Rd | D25: Mangalardon | E25: Naw Kyi Phyu Thein | F25: 09-751050544 | G25: 1 | H25: 32 | N25: 19 | P25: =SUM(G25:O25) -> 52
A26: 11 | B26: Swe Thahar | C26: Mandalay Rd | D26: Hlaing Thar Yar Route (1) | E26: Ma Ei May Thu | F26: 09 987339189 | G26: 6 | H26: 29 | M26: 5 | N26: 8 | P26: =SUM(G26:O26) -> 48
B27: Lamin | C27: No (4) Rd | D27: Shwepyithar | N27: 6 | P27: =SUM(G27:O27) -> 6
B28: Lapyae | C28: Sin Phyu Shin Rd | D28: Hlaing Thar Yar | G28: 2 | H28: 12 | I28: 15 | M28: 3 | N28: 18 | P28: =SUM(G28:O28) -> 50
A29: 12 | B29: Po Po | C29: Mandalay Rd | D29: Hlaing Thar Yar Route (1) | E29: Ma Zin Mar Phyo | F29: 09 404979290 | H29: 16 | N29: 18 | P29: =SUM(G29:O29) -> 34
B30: Pyae Tawtar | C30: Chit Kyi Yae Rd | D30: Hlaing Thar Yar | H30: 14 | I30: 5 | M30: 2 | N30: 9 | P30: =SUM(G30:O30) -> 30
A31: 13 | B31: Thaka Kyi | C31: Mandalay Rd | D31: Hlaing Thar Yar Route (1) | E31: Ma Htet Htet Hlaing | F31: 09-675163225 | H31: 3 | I31: 4 | J31: 1 | N31: 2 | P31: =SUM(G31:O31) -> 10
B32: AATT | C32: Mandalay Rd | D32: Hlaing Thar Yar | H32: 4 | I32: 13 | N32: 5 | P32: =SUM(G32:O32) -> 22
A33: 14 | B33: Nadai | C33: Bogyoke Aung San Rd | D33: Hlaing Thar Yar Route (1) | E33: Ma Ei Thuzar Oo | F33: 09-668929420 | H33: 7 | N33: 5 | P33: =SUM(G33:O33) -> 12
B34: San Thit | C34: Joephyu Rd | D34: Mangalardon | H34: 31 | M34: 4 | N34: 6 | P34: =SUM(G34:O34) -> 41
A35: 15 | B35: Shwe Payi(1) | C35: Mandalay Rd | D35: Hlaing Thar Yar Route (1) | E35: Ma Moe Thandar Oo | F35: 09-894618967 | G35: 1 | H35: 8 | N35: 3 | P35: =SUM(G35:O35) -> 12
B36: Soon Pyan | C36: Bo Aung Kyaw Rd | D36: Hlaing Thar Yar Route (1) | H36: 9 | M36: 2 | N36: 18 | P36: =SUM(G36:O36) -> 29
A37: 16 | B37: Dana Toe(1) | C37: Bogyoke Aung San Rd | D37: Hlaing Thar Yar Route (1) | E37: Ma Shwe Yee Win | F37: 099-51659610 | G37: 1 | H37: 5 | I37: 2 | M37: 1 | N37: 7 | P37: =SUM(G37:O37) -> 16
B38: Shin Shin | C38: Joephyu Rd | D38: Mangalardon | H38: 7 | I38: 3 | M38: 1 | N38: 6 | P38: =SUM(G38:O38) -> 17
A39: 17 | B39: Dana Toe(2) | C39: Pamoe Hinn Rd | D39: Hlaing Thar Yar Route (1) | E39: Ma Thaw Thaw Win | F39: 09-66554047 | H39: 7 | M39: 1 | N39: 4 | P39: =SUM(G39:O39) -> 12
B40: Sein Shwe Phyo | C40: Thuka Rd | D40: Mangalardon | H40: 29 | I40: 12 | N40: 11 | P40: =SUM(G40:O40) -> 52
A41: 18 | B41: Shwe Yi Khatt | C41: Taungnu Rd | D41: Hlaing Thar Yar Route (1) | E41: Ma Htet Ei Ei Khaing | F41: 09-972309027 | H41: 17 | I41: 5 | N41: 15 | P41: =SUM(G41:O41) -> 37
B42: Smile Moon | C42: Joephyu Rd | D42: Mangalardon | H42: 11 | M42: 2 | N42: 9 | P42: =SUM(G42:O42) -> 22
A43: 19 | B43: Linn | C43: Bo Aung Kyaw Rd | D43: Hlaing Thar Yar Route (1) | E43: Ma Kaythi Aung | F43: 09-258599042 | H43: 12 | N43: 26 | P43: =SUM(G43:O43) -> 38
G46: =SUM(G4:G45) -> 35 | H46: =SUM(H4:H45) -> 558 | I46: =SUM(I4:I45) -> 102 | J46: =SUM(J4:J45) -> 1 | K46: =SUM(K4:K45) -> 0 | L46: =SUM(L4:L45) -> 0 | M46: =SUM(M4:M45) -> 75 | N46: =SUM(N4:N45) -> 431 | ... P46: =SUM(P4:P45) -> 1251

Sheet 16.12 31.12
A1: Yangon PG sale report (16-12-2024) to (31-12-2024)
A2: 1 | B2: Shop name | C2: Shop Address | D2: Township | E2: PG Name | F2: Ph.no | G2: Columbus Super red smooth | J2: Columbus Original | M2: Formula Rum | O2: ဒဂုံမန်ကျည်း | P2: Total
G3: 700ml | H3: 350ml | I3: 175ml | J3: 700ml | K3: 350ml | L3: 175ml | M3: 700ml | N3: 350ml
A5: 1 | B5: Kyi Thar Oo(2) | C5: Bayin Naung St | D5: Htan Ta Pin | E5: Ma Thuzar Aung | F5: 09-898146525 | H5: 5 | I5: 5 | N5: 3 | P5: =SUM(G5:O5) -> 13
B6: ShweSiSain | C6: Maher Badula Rd | D6: Shwepyithar | H6: 44 | M6: 4 | N6: 16 | P6: =SUM(G6:O6) -> 64
B7: Lapyae Wunn | C7: West Yangon University Rd | D7: Htan Ta Pin | G7: 2 | H7: 21 | I7: 2 | M7: 5 | N7: 30 | P7: =SUM(G7:O7) -> 60
A8: 2 | B8: Kaung Star | C8: West Yangon University Rd | D8: Htan Ta Pin | E8: Ma Jue Jue Hlaing | F8: 09-986169990 | G8: 2 | H8: 10 | I8: 4 | M8: 17 | N8: 29 | P8: =SUM(G8:O8) -> 62
B9: Nate Thint | C9: Bayin Naung St | D9: Htan Ta Pin | H9: 10 | I9: 3 | M9: 5 | N9: 7 | P9: =SUM(G9:O9) -> 25
B10: Myintmo | C10: Bayin Naung Rd | D10: Shwepyithar | G10: 3 | H10: 37 | M10: 6 | N10: 24 | P10: =SUM(G10:O10) -> 70
A11: 3 | B11: April | C11: Bayin Naung St | D11: Htan Ta Pin | E11: Ma Nway Hnin Moe | F11: 09-983002374 | G11: 4 | H11: 25 | M11: 5 | N11: 62 | P11: =SUM(G11:O11) -> 96
B12: Lamin | C12: No (4) Rd | D12: Shwepyithar | G12: 2 | H12: 14 | I12: 9 | N12: 43 | P12: =SUM(G12:O12) -> 68
A13: 4 | B13: KMG | C13: Min Yea Kyawswar Rd | D13: Shwepyithar | E13: Ma Hnin Pwint Phyu | F13: 09-773993352 | H13: 1 | N13: 4 | P13: =SUM(G13:O13) -> 5
B14: KZ | C14: kantharyar Rd | D14: Shwepyithar | G14: 2 | H14: 22 | N14: 20 | P14: =SUM(G14:O14) -> 44
B15: Lapyae Wunn | C15: West Yangon University Rd | D15: Htan Ta Pin | G15: 2 | H15: 78 | I15: 30 | M15: 6 | N15: 82 | P15: =SUM(G15:O15) -> 198
B16: Ni Ni Lin | C16: Myoma Zay Rd | D16: Htan Ta Pin | G16: 3 | H16: 12 | N16: 19 | P16: =SUM(G16:O16) -> 34
A17: 5 | B17: Kaung Star | C17: West Yangon University Rd | D17: Htan Ta Pin | E17: Ma Phyo Phyo Wai | F17: 09-774485332 | H17: 12 | M17: 2 | N17: 9 | P17: =SUM(G17:O17) -> 23
B18: Nate Thint | C18: Bayin Naung St | D18: Htan Ta Pin | H18: 10 | I18: 6 | N18: 16 | P18: =SUM(G18:O18) -> 32
B19: Shwe Eain Si | C19: Banyar Dala Rd | D19: Hlaing Thar Yar | H19: 22 | M19: 1 | N19: 12 | P19: =SUM(G19:O19) -> 35
A20: 6 | B20: Kyi Thar Oo(1) | C20: Poe San Aye St | D20: Htan Ta Pin | E20: Ma Sandar Hlaing | F20: 09-660417209 | G20: 5 | H20: 11 | I20: 3 | N20: 3 | P20: =SUM(G20:O20) -> 22
B21: Kyi Thar Oo(2) | C21: Bayin Naung St | D21: Htan Ta Pin | G21: 1 | H21: 6 | N21: 1 | P21: =SUM(G21:O21) -> 8
B22: NI Ni Poe poe | C22: Ye Yanaing Rd | D22: Shwepyithar | G22: 2 | H22: 58 | I22: 1 | M22: 5 | N22: 25 | P22: =SUM(G22:O22) -> 91
A23: 7 | B23: KMG | C23: Min Yea Kyawswar Rd | D23: Shwepyithar | E23: Ma Lae Lae Tun | F23: 09 677196046 | H23: 3 | N23: 12 | P23: =SUM(G23:O23) -> 15
B24: Kyi Thar Oo(1) | C24: Poe San Aye St | D24: Htan Ta Pin | G24: 1 | H24: 2 | I24: 2 | M24: 2 | N24: 2 | P24: =SUM(G24:O24) -> 9
B25: Ni Ni Lin | C25: Myoma Zay Rd | D25: Htan Ta Pin | G25: 5 | H25: 16 | I25: 16 | M25: 2 | N25: 27 | P25: =SUM(G25:O25) -> 66
A26: 8 | B26: Arrmann(1) | C26: Bo Aung Kyaw Rd | D26: Hlaing Thar Yar | E26: Ma Yee Mon Aung | F26: 09 953844858 | G26: 1 | H26: 17 | M26: 3 | N26: 21 | P26: =SUM(G26:O26) -> 42
B27: Kyaw Myatter | C27: Pamoe Hinn Rd | D27: Hlaing Thar Yar | G27: 1 | H27: 13 | N27: 11 | P27: =SUM(G27:O27) -> 25
A28: 9 | B28: Arrmann(1) | C28: Bo Aung Kyaw Rd | D28: Hlaing Thar Yar | E28: Ma Shwe Sin Win | F28: 09 697220669 | H28: 19 | I28: 5 | M28: 1 | N28: 13 | P28: =SUM(G28:O28) -> 38
B29: Arrmann(2) | C29: Banyar Dala Rd | D29: Hlaing Thar Yar | H29: 24 | I29: 5 | N29: 3 | P29: =SUM(G29:O29) -> 32
B30: KoKoe Myaing | C30: Bo Aung Kyaw Rd | D30: Hlaing Thar Yar | G30: 1 | H30: 6 | P30: =SUM(G30:O30) -> 7
A31: 10 | B31: Smile Moon | C31: Joephyu Rd | D31: Mangalardon | E31: Naw Kyi Phyu Thein | F31: 09-751050544 | G31: 2 | H31: 25 | I31: 2 | M31: 1 | N31: 22 | P31: =SUM(G31:O31) -> 52
A32: 11 | B32: pyaeSone | C32: Htay Auyinn St | D32: Hlaing Thar Yar | E32: Ma Ei May Thu | F32: 09 987339189 | H32: 30 | M32: 1 | N32: 39 | P32: =SUM(G32:O32) -> 70
B33: Phoe Thar Htoo | C33: Khaing Shwe War Rd | D33: Hlaing Thar Yar | G33: 3 | H33: 11 | M33: 1 | N33: 36 | P33: =SUM(G33:O33) -> 51
B34: Shwe Pyae(2) | C34: LanThwe | D34: Hlaing Thar Yar | H34: 19 | N34: 26 | P34: =SUM(G34:O34) -> 45
A35: 12 | B35: Lapyae | C35: Sin Phyu Shin Rd | D35: Hlaing Thar Yar | E35: Ma Zin Mar Phyo | F35: 09 404979290 | H35: 9 | M35: 2 | N35: 19 | P35: =SUM(G35:O35) -> 30
B36: Phoe Thar Htoo | C36: Khaing Shwe War Rd | D36: Hlaing Thar Yar | H36: 12 | N36: 11 | P36: =SUM(G36:O36) -> 23
B37: Shwe Pyae(1) | C37: Bogyoke Rd | D37: Hlaing Thar Yar | H37: 13 | N37: 10 | P37: =SUM(G37:O37) -> 23
A38: 13 | B38: Lucky9 | C38: Htay Auyinn St | D38: Hlaing Thar Yar | E38: Ma Htet Htet Hlaing | F38: 09-675163225 | G38: 1 | H38: 7 | N38: 25 | P38: =SUM(G38:O38) -> 33
B39: Pyae Tawtar | C39: Chit Kyi Yae Rd | D39: Hlaing Thar Yar | G39: 1 | H39: 22 | I39: 14 | N39: 8 | P39: =SUM(G39:O39) -> 45
B40: Shwe Eain Si | C40: Banyar Dala Rd | D40: Hlaing Thar Yar | G40: 1 | H40: 8 | M40: 2 | N40: 8 | P40: =SUM(G40:O40) -> 19
A41: 14 | B41: KZ | C41: kantharyar Rd | D41: Shwepyithar | E41: Ma Ei Thuzar Oo | F41: 09-668929420 | H41: 29 | N41: 22 | P41: =SUM(G41:O41) -> 51
B42: Shin Shin | C42: Joephyu Rd | D42: Mangalardon | H42: 7 | I42: 4 | N42: 7 | P42: =SUM(G42:O42) -> 18
B43: Toe Twat Wai | C43: Badamar St | D43: Shwepyithar | H43: 19 | N43: 15 | P43: =SUM(G43:O43) -> 34
A44: 15 | B44: Aung Thayaphu | C44: Bogyoke Rd | D44: Hlaing Thar Yar | E44: Ma Moe Thandar Oo | F44: 09-894618967 | H44: 2 | M44: 1 | N44: 1 | P44: =SUM(G44:O44) -> 4
B45: Kaung | C45: Sin Phyu Shin Rd | D45: Hlaing Thar Yar | G45: 7 | H45: 6 | I45: 4 | M45: 6 | N45: 13 | P45: =SUM(G45:O45) -> 36
B46: Lucky9 | C46: Htay Auyinn St | D46: Hlaing Thar Yar | H46: 8 | N46: 11 | P46: =SUM(G46:O46) -> 19
A47: 16 | B47: KMG | C47: Min Yea Kyawswar Rd | D47: Shwepyithar | E47: Ma Shwe Yee Win | F47: 099-51659610 | H47: 6 | N47: 18 | P47: =SUM(G47:O47) -> 24
B48: San Thit | C48: Joephyu Rd | D48: Mangalardon | H48: 20 | M48: 1 | N48: 24 | P48: =SUM(G48:O48) -> 45
B49: Zaw Hein Kaber | C49: ThanDin Zay Rd | D49: Shwepyithar | G49: 1 | H49: 16 | M49: 2 | N49: 20 | P49: =SUM(G49:O49) -> 39
A50: 17 | B50: Kaung Thant | C50: ThanDin Zay Rd | D50: Shwepyithar | E50: Ma Thaw Thaw Win | F50: 09-66554047 | H50: 18 | I50: 4 | M50: 1 | N50: 9 | P50: =SUM(G50:O50) -> 32
B51: NI Ni Poe poe | C51: Ye Yanaing Rd | D51: Shwepyithar | H51: 35 | M51: 6 | N51: 16 | P51: =SUM(G51:O51) -> 57
B52: Satkyar Shweyee | C52: Joephyu Lanthaw Rd | D52: Mangalardon | H52: 20 | M52: 1 | N52: 34 | P52: =SUM(G52:O52) -> 55
A53: 18 | B53: Cheer | C53: ThanDin Zay Rd | D53: Shwepyithar | E53: Ma Htet Ei Ei Khaing | F53: 09-972309027 | H53: 6 | N53: 10 | P53: =SUM(G53:O53) -> 16
B54: Sein Shwe Phyo | C54: Thuka Rd | D54: Mangalardon | G54: 1 | H54: 11 | I54: 14 | M54: 1 | N54: 15 | P54: =SUM(G54:O54) -> 42
B55: Zaw Hein Kaber | C55: ThanDin Zay Rd | D55: Shwepyithar | G55: 1 | H55: 28 | I55: 1 | M55: 4 | N55: 36 | P55: =SUM(G55:O55) -> 70
A56: 19 | B56: Arrmann(2) | C56: Banyar Dala Rd | D56: Hlaing Thar Yar | E56: Ma Kaythi Aung | F56: 09-258599042 | G56: 1 | H56: 41 | I56: 4 | M56: 1 | N56: 10 | P56: =SUM(G56:O56) -> 57
B57: KoKoe Myaing | C57: Bo Aung Kyaw Rd | D57: Hlaing Thar Yar | G57: 1 | H57: 31 | I57: 4 | N57: 17 | P57: =SUM(G57:O57) -> 53
B58: pyaeSone | C58: Htay Auyinn St | D58: Hlaing Thar Yar | H58: 15 | N58: 6 | P58: =SUM(G58:O58) -> 21
A59: 20 | B59: Kaung Thant | C59: ThanDin Zay Rd | D59: Shwepyithar | E59: Nilar Shwe | F59: 09-400291313 | G59: 1 | H59: 60 | I59: 8 | M59: 2 | N59: 29 | P59: =SUM(G59:O59) -> 100
B60: KZ | C60: kantharyar Rd | D60: Shwepyithar | H60: 5 | N60: 3 | P60: =SUM(G60:O60) -> 8
B61: Su | C61: Aung Sinkhoe Rd | D61: Mangalardon | H61: 22 | M61: 4 | N61: 23 | P61: =SUM(G61:O61) -> 49
A62: 21 | B62: Cheer | C62: ThanDin Zay Rd | D62: Shwepyithar | E62: Ei Zin Wai | F62: 09-773387161 | G62: 2 | H62: 29 | I62: 1 | N62: 14 | P62: =SUM(G62:O62) -> 46
B63: Kaung Kin Think | C63: Joephyu Rd | D63: Mangalardon | G63: 2 | H63: 23 | N63: 4 | P63: =SUM(G63:O63) -> 29
G64: 1 | H64: 16 | M64: 1 | N64: 1 | P64: =SUM(G64:O64) -> 19
G65: =SUM(G4:G64) -> 63 | H65: =SUM(H4:H64) -> 1127 | I65: =SUM(I4:I64) -> 151 | J65: =SUM(J4:J64) -> 0 | K65: =SUM(K4:K64) -> 0 | L65: =SUM(L4:L64) -> 0 | M65: =SUM(M4:M64) -> 102 | N65: =SUM(N4:N64) -> 1056 | ... P65: =SUM(P4:P64) -> 2499

Sheet 1.1.25 15.1.25
A1: Yangon PG sale report (1-1-2025) to (15-1-2025)
A2: 1 | B2: Shop name | C2: Shop Address | D2: Township | E2: PG Name | F2: Ph.no | G2: Columbus Super red smooth | J2: Columbus Original | M2: Formula Rum | O2: ဒဂုံမန်ကျည်း | P2: Total
G3: 700ml | H3: 350ml | I3: 175ml | J3: 700ml | K3: 350ml | L3: 175ml | M3: 700ml | N3: 350ml
A5: 1 | B5: Lapyae Wunn | C5: West Yangon University Rd | D5: Htan Ta Pin | E5: Ma Thuzar Aung | F5: 09-898146525 | H5: 22 | M5: 3 | N5: 39 | P5: =SUM(G5:O5) -> 64
B6: Myintmo | C6: Bayin Naung Rd | D6: Shwepyithar | H6: 10 | M6: 3 | N6: 24 | P6: =SUM(G6:O6) -> 37
B7: Than Yaw Zin | C7: Rose Rd | D7: YanKin | H7: 5 | I7: 4 | N7: 5 | P7: =SUM(G7:O7) -> 14
A8: 2 | B8: Nate Thint | C8: Bayin Naung St | D8: Htan Ta Pin | E8: Ma Jue Jue Hlaing | F8: 09-986169990 | H8: 14 | I8: 8 | M8: 6 | N8: 14 | P8: =SUM(G8:O8) -> 42
B9: Wine | C9: Hlawaga Rd | D9: Shwepyithar | G9: 11 | H9: 69 | I9: 9 | M9: 4 | N9: 42 | P9: =SUM(G9:O9) -> 135
B10: Naung Yoe | C10: Thamain Bamyan Rd | D10: Mangalar T/N | H10: 27 | M10: 6 | N10: 27 | P10: =SUM(G10:O10) -> 60
A11: 3 | B11: April | C11: Bayin Naung St | D11: Htan Ta Pin | E11: Ma Nway Hnin Moe | F11: 09-983002374 | G11: 2 | H11: 8 | N11: 22 | P11: =SUM(G11:O11) -> 32
B12: Toe Twat Wai | C12: Badamar St | D12: Shwepyithar | G12: 2 | H12: 46 | M12: 1 | N12: 58 | P12: =SUM(G12:O12) -> 107
B13: Nan Htet | C13: Sitkaind Rd | D13: S Paukkan N/Oakkala | G13: 1 | H13: 29 | M13: 3 | N13: 40 | P13: =SUM(G13:O13) -> 73
A14: 4 | B14: Ni Ni Lin | C14: Myoma Zay Rd | D14: Htan Ta Pin | E14: Ma Hnin Pwint Phyu | F14: 09-773993352 | G14: 2 | H14: 14 | M14: 6 | N14: 14 | P14: =SUM(G14:O14) -> 36
B15: Kaung Thant | C15: ThanDin Zay Rd | D15: Shwepyithar | H15: 49 | I15: 5 | M15: 9 | N15: 34 | P15: =SUM(G15:O15) -> 97
B16: Demo | C16: Thamain Bamyan Rd | D16: Mangalar T/N | G16: 1 | H16: 35 | M16: 1 | N16: 7 | P16: =SUM(G16:O16) -> 44
A17: 5 | B17: Kaung Star | C17: West Yangon University Rd | D17: Htan Ta Pin | E17: Ma Phyo Phyo Wai | F17: 09-774485332 | G17: 3 | H17: 8 | M17: 3 | N17: 12 | P17: =SUM(G17:O17) -> 26
B18: Sein Si Tun | C18: Yazar Deright Rd | D18: S Paukkan N/Oakkala | H18: 12 | I18: 16 | N18: 6 | P18: =SUM(G18:O18) -> 34
B19: Ah Linn Nike | C19: ThitSar Rd | D19: YanKin | H19: 8 | I19: 18 | N19: 3 | P19: =SUM(G19:O19) -> 29
A20: 6 | B20: Kyi Thar Oo(2) | C20: Bayin Naung St | D20: Htan Ta Pin | E20: Ma Sandar Hlaing | F20: 09-660417209 | H20: 1 | I20: 2 | N20: 3 | P20: =SUM(G20:O20) -> 6
B21: Cheer | C21: ThanDin Zay Rd | D21: Shwepyithar | G21: 1 | H21: 28 | M21: 6 | N21: 16 | P21: =SUM(G21:O21) -> 51
B22: Ka Dai Hein | C22: Kan Bae Botar Zay Rd | D22: YanKin | G22: 3 | H22: 16 | I22: 4 | M22: 1 | N22: 15 | O22: 13 | P22: =SUM(G22:O22) -> 52
A23: 7 | B23: Kyi Thar Oo(1) | C23: Poe San Aye St | D23: Htan Ta Pin | E23: Ma Lae Lae Tun | F23: 09 677196046 | N23: 4 | P23: =SUM(G23:O23) -> 4
B24: Zaw Hein Kaber | C24: ThanDin Zay Rd | D24: Shwepyithar | H24: 10 | M24: 1 | N24: 46 | P24: =SUM(G24:O24) -> 57
B25: Paint Taime Thaung | C25: Aye Yake Nyein Rd | D25: Hlaing Thar Yar | H25: 4 | M25: 2 | N25: 11 | P25: =SUM(G25:O25) -> 17
A26: 8 | B26: Kyaw Myatter | C26: Pamoe Hinn Rd | D26: Hlaing Thar Yar | E26: Ma Yee Mon Aung | F26: 09 953844858 | H26: 12 | M26: 2 | N26: 15 | P26: =SUM(G26:O26) -> 29
B27: Shwe Pyae(1) | C27: Bogyoke Rd | D27: Hlaing Thar Yar | H27: 30 | M27: 4 | N27: 40 | O27: 30 | P27: =SUM(G27:O27) -> 104
A28: 9 | B28: KoKoe Myaing | C28: Bo Aung Kyaw Rd | D28: Hlaing Thar Yar | E28: Ma Shwe Sin Win | F28: 09 697220669 | H28: 15 | M28: 1 | N28: 13 | P28: =SUM(G28:O28) -> 29
B29: Mya Badathar 1 | C29: Bogyoke Rd | D29: Hlaing Thar Yar | H29: 8 | I29: 3 | M29: 1 | N29: 10 | P29: =SUM(G29:O29) -> 22
B30: Hlaing Bwar | C30: Paddue Rd | D30: Hlaing Thar Yar | G30: 1 | H30: 25 | M30: 1 | N30: 6 | O30: 4 | P30: =SUM(G30:O30) -> 37
A31: 10 | B31: Kyaw | C31: Bagan Rd | D31: S Paukkan N/Oakkala | E31: Naw Kyi Phyu Thein | F31: 09-751050544 | G31: 4 | H31: 69 | M31: 6 | N31: 50 | P31: =SUM(G31:O31) -> 129
B32: Style 2 | C32: Thamain Bamyan Rd | D32: Mangalar T/N | G32: 2 | H32: 35 | N32: 22 | P32: =SUM(G32:O32) -> 59
A33: 11 | B33: Shwe Pyae(2) | C33: LanThwe | D33: Hlaing Thar Yar | E33: Ma Ei May Thu | F33: 09 987339189 | H33: 16 | M33: 2 | N33: 33 | P33: =SUM(G33:O33) -> 51
B34: Aung Zaya | C34: Bogyoke Rd | D34: Hlaing Thar Yar | G34: 2 | H34: 47 | M34: 2 | N34: 41 | O34: 24 | P34: =SUM(G34:O34) -> 116
B35: Htate Tan | C35: Sattmu Zone (1) Zay Rd | D35: Hlaing Thar Yar | G35: 1 | H35: 15 | M35: 1 | N35: 20 | P35: =SUM(G35:O35) -> 37
A36: 12 | B36: Shwe Pyae(1) | C36: Bogyoke Rd | D36: Hlaing Thar Yar | E36: Ma Zin Mar Phyo | F36: 09 404979290 | H36: 9 | N36: 24 | P36: =SUM(G36:O36) -> 33
B37: Kyaw Myatter | C37: Pamoe Hinn Rd | D37: Hlaing Thar Yar | H37: 21 | M37: 5 | N37: 31 | O37: 12 | P37: =SUM(G37:O37) -> 69
B38: Min Thar Gyi | C38: Aye Yake Nyein Rd | D38: Hlaing Thar Yar | H38: 17 | M38: 7 | N38: 11 | P38: =SUM(G38:O38) -> 35
A39: 13 | B39: Lucky9 | C39: Htay Auyinn St | D39: Hlaing Thar Yar | E39: Ma Htet Htet Hlaing | F39: 09-675163225 | H39: 11 | N39: 7 | P39: =SUM(G39:O39) -> 18
B40: Aung Thayaphu | C40: Bogyoke Rd | D40: Hlaing Thar Yar | H40: 4 | N40: 3 | P40: =SUM(G40:O40) -> 7
B41: Shwe Dinker | C41: Paung Kan Gd | D41: S Paukkan N/Oakkala | H41: 8 | N41: 14 | P41: =SUM(G41:O41) -> 22
A42: 14 | B42: Toe Twat Wai | C42: Badamar St | D42: Shwepyithar | E42: Ma Ei Thuzar Oo | F42: 09-668929420 | H42: 17 | N42: 15 | P42: =SUM(G42:O42) -> 32
B43: 16 G(2) | C43: Taungnu Rd | D43: S Paukkan N/Oakkala | G43: 3 | H43: 5 | I43: 17 | M43: 4 | N43: 6 | P43: =SUM(G43:O43) -> 35
B44: Htet Lwin | C44: Bagan Rd | D44: S Paukkan N/Oakkala | H44: 8 | M44: 3 | N44: 12 | P44: =SUM(G44:O44) -> 23
A45: 15 | B45: Aung Thayaphu | C45: Bogyoke Rd | D45: Hlaing Thar Yar | E45: Ma Moe Thandar Oo | F45: 09-894618967 | H45: 3 | N45: 2 | P45: =SUM(G45:O45) -> 5
B46: Swantaw | C46: Bogyoke Rd | D46: Hlaing Thar Yar | H46: 8 | M46: 2 | N46: 15 | O46: 16 | P46: =SUM(G46:O46) -> 41
B47: 16 G(2) | C47: Taungnu Rd | D47: S Paukkan N/Oakkala | H47: 4 | I47: 21 | N47: 11 | P47: =SUM(G47:O47) -> 36
A48: 16 | B48: Zaw Hein Kaber | C48: ThanDin Zay Rd | D48: Shwepyithar | E48: Ma Shwe Yee Win | F48: 099-51659610 | G48: 2 | H48: 18 | I48: 1 | M48: 2 | N48: 20 | P48: =SUM(G48:O48) -> 43
B49: Htet Lwin | C49: Bagan Rd | D49: S Paukkan N/Oakkala | H49: 30 | I49: 4 | N49: 38 | P49: =SUM(G49:O49) -> 72
B50: 16 G (1) | C50: Innwa Rd | D50: S Paukkan N/Oakkala | H50: 7 | I50: 9 | N50: 23 | P50: =SUM(G50:O50) -> 39
A51: 17 | B51: Kaung Thant | C51: ThanDin Zay Rd | D51: Shwepyithar | E51: Ma Thaw Thaw Win | F51: 09-66554047 | H51: 10 | I51: 2 | N51: 4 | P51: =SUM(G51:O51) -> 16
B52: 16 G (1) | C52: Innwa Rd | D52: S Paukkan N/Oakkala | G52: 4 | H52: 31 | I52: 4 | N52: 26 | P52: =SUM(G52:O52) -> 65
B53: Kyaw | C53: Bagan Rd | D53: S Paukkan N/Oakkala | G53: 2 | H53: 26 | M53: 5 | N53: 15 | P53: =SUM(G53:O53) -> 48
A54: 18 | B54: Cheer | C54: ThanDin Zay Rd | D54: Shwepyithar | E54: Ma Htet Ei Ei Khaing | F54: 09-972309027 | G54: 2 | H54: 16 | N54: 13 | P54: =SUM(G54:O54) -> 31
B55: Kaung | C55: Nuaung Yann Rd | D55: S Paukkan N/Oakkala | G55: 3 | H55: 49 | N55: 44 | O55: 13 | P55: =SUM(G55:O55) -> 109
B56: Sein Si Tun | C56: Yazar Deright Rd | D56: S Paukkan N/Oakkala | H56: 8 | I56: 9 | N56: 14 | P56: =SUM(G56:O56) -> 31
A57: 19 | B57: pyaeSone | C57: Htay Auyinn St | D57: Hlaing Thar Yar | E57: Ma Kaythi Aung | F57: 09-258599042 | H57: 15 | N57: 13 | P57: =SUM(G57:O57) -> 28
B58: Shwe Pyae(2) | C58: LanThwe | D58: Hlaing Thar Yar | G58: 2 | H58: 25 | N58: 30 | O58: 31 | P58: =SUM(G58:O58) -> 88
B59: Arkar Tha | C59: Thapyae Rd | D59: Hlaing Thar Yar | H59: 6 | N59: 12 | O59: 5 | P59: =SUM(G59:O59) -> 23
A60: 20 | B60: KZ | C60: kantharyar Rd | D60: Shwepyithar | E60: Nilar Shwe | F60: 09-400291313 | G60: 4 | H60: 11 | M60: 4 | N60: 17 | P60: =SUM(G60:O60) -> 36
B61: Nan Htet | C61: Sitkaind Rd | D61: S Paukkan N/Oakkala | G61: 4 | H61: 41 | M61: 1 | N61: 23 | P61: =SUM(G61:O61) -> 69
B62: Phyu | C62: Yan Shin Rd | D62: YanKin | H62: 26 | I62: 10 | N62: 2 | O62: 2 | P62: =SUM(G62:O62) -> 40
A63: 21 | B63: Myintmo | C63: Bayin Naung Rd | D63: Shwepyithar | E63: Ei Zin Wai | F63: 09-773387161 | G63: 6 | H63: 8 | M63: 7 | N63: 18 | P63: =SUM(G63:O63) -> 39
B64: Shwe Dinker | C64: Paung Kan Gd | D64: S Paukkan N/Oakkala | H64: 22 | I64: 8 | M64: 1 | N64: 11 | P64: =SUM(G64:O64) -> 42
B65: Kaung | C65: Nuaung Yann Rd | D65: S Paukkan N/Oakkala | G65: 1 | H65: 23 | N65: 18 | P65: =SUM(G65:O65) -> 42
A66: 22 | B66: Aung Zaya | C66: Bogyoke Rd | D66: Hlaing Thar Yar | E66: Ei Ei Thu | F66: 09-403000048 | G66: 2 | H66: 13 | M66: 3 | N66: 15 | O66: 8 | P66: =SUM(G66:O66) -> 41
A67: 23 | B67: Shwe Pyae(2) | C67: LanThwe | D67: Hlaing Thar Yar | E67: Aye Chan Moe | F67: 09-425669739 | H67: 8 | N67: 12 | O67: 9 | P67: =SUM(G67:O67) -> 29
P68: =SUM(G68:O68) -> 0
P69: =SUM(G69:O69) -> 0
G70: =SUM(G4:G69) -> 71 | H70: =SUM(H4:H69) -> 1195 | I70: =SUM(I4:I69) -> 154 | J70: =SUM(J4:J69) -> 0 | K70: =SUM(K4:K69) -> 0 | L70: =SUM(L4:L69) -> 0 | M70: =SUM(M4:M69) -> 119 | N70: =SUM(N4:N69) -> 1211 | ... P70: =SUM(P4:P69) -> 2917

Sheet 16.1.25 31.1.25
A1: Yangon PG sale report (16-1-2025) to (31-1-2025)
A2: 1 | B2: Shop name | C2: Shop Address | D2: Township | E2: PG Name | F2: Ph.no | G2: Columbus Super red smooth | J2: Columbus Original | M2: Formula Rum | O2: ဒဂုံမန်ကျည်း | P2: Total
G3: 700ml | H3: 350ml | I3: 175ml | J3: 700ml | K3: 350ml | L3: 175ml | M3: 700ml | N3: 350ml
A5: 1 | B5: Than Yaw Zin | C5: Rose Rd | D5: YanKin | E5: Ma Thuzar Aung | F5: 09-898146525 | H5: 5 | I5: 2 | N5: 5 | P5: =SUM(G5:O5) -> 12
B6: Naung Yoe | C6: Thamain Bamyan Rd | D6: Mangalar T/N | H6: 48 | N6: 39 | P6: =SUM(G6:O6) -> 87
B7: Plantinum | C7: Thamain Bamyan Rd | D7: Mangalar T/N | H7: 17 | M7: 1 | N7: 3 | O7: 13 | P7: =SUM(G7:O7) -> 34
A8: 2 | B8: Naung Yoe | C8: Thamain Bamyan Rd | D8: Mangalar T/N | E8: Ma Jue Jue Hlaing | F8: 09-986169990 | G8: 1 | H8: 28 | M8: 2 | N8: 33 | P8: =SUM(G8:O8) -> 64
B9: Demo | C9: Thamain Bamyan Rd | D9: Mangalar T/N | G9: 2 | H9: 73 | P9: =SUM(G9:O9) -> 75
B10: KK Store | C10: Bo Min Young Rd | D10: Mangalar T/N | H10: 33 | I10: 22 | M10: 7 | N10: 26 | P10: =SUM(G10:O10) -> 88
A11: 3 | B11: Nan Htet | C11: Sitkaind Rd | D11: S Paukkan N/Oakkala | E11: Ma Nway Hnin Moe | F11: 09-983002374 | G11: 1 | H11: 20 | M11: 3 | N11: 50 | P11: =SUM(G11:O11) -> 74
B12: Paddue War | C12: Bayane naung Rd | D12: N/Oakkala | G12: 6 | H12: 35 | M12: 8 | N12: 83 | P12: =SUM(G12:O12) -> 132
B13: Paddue War | C13: Bayane naung Rd | D13: N/Oakkala | G13: 3 | H13: 21 | M13: 10 | N13: 44 | P13: =SUM(G13:O13) -> 78
A14: 4 | B14: Demo | C14: Thamain Bamyan Rd | D14: Mangalar T/N | E14: Ma Hnin Pwint Phyu | F14: 09-773993352 | G14: 1 | H14: 29 | M14: 3 | N14: 2 | P14: =SUM(G14:O14) -> 35
B15: Ah Linn Nike | C15: ThitSar Rd | D15: YanKin | G15: 2 | H15: 37 | I15: 3 | N15: 6 | P15: =SUM(G15:O15) -> 48
B16: Style 2 | C16: Thamain Bamyan Rd | D16: Mangalar T/N | G16: 1 | H16: 50 | M16: 8 | N16: 38 | P16: =SUM(G16:O16) -> 97
A17: 5 | B17: Ah Linn Nike | C17: ThitSar Rd | D17: YanKin | E17: Ma Phyo Phyo Wai | F17: 09-774485332 | H17: 17 | N17: 4 | P17: =SUM(G17:O17) -> 21
B18: Ka Dai Hein | C18: Kan Bae Botar Zay Rd | D18: YanKin | G18: 2 | H18: 26 | I18: 18 | M18: 1 | N18: 43 | P18: =SUM(G18:O18) -> 90
B19: Aung Family | C19: SakeSan (9) Lan | D19: Mangalar T/N | H19: 21 | M19: 10 | N19: 22 | P19: =SUM(G19:O19) -> 53
A20: 6 | B20: Ka Dai Hein | C20: Kan Bae Botar Zay Rd | D20: YanKin | E20: Ma Sandar Hlaing | F20: 09-660417209 | G20: 2 | H20: 12 | I20: 1 | N20: 17 | O20: 5 | P20: =SUM(G20:O20) -> 37
B21: Style 2 | C21: Thamain Bamyan Rd | D21: Mangalar T/N | H21: 30 | M21: 1 | N21: 56 | P21: =SUM(G21:O21) -> 87
B22: Demo | C22: Thamain Bamyan Rd | D22: Mangalar T/N | H22: 43 | N22: 12 | P22: =SUM(G22:O22) -> 55
A23: 7 | B23: Paint Taime Thaung | C23: Aye Yake Nyein Rd | D23: Hlaing Thar Yar | E23: Ma Lae Lae Tun | F23: 09 677196046 | H23: 1 | M23: 1 | N23: 5 | P23: =SUM(G23:O23) -> 7
B24: Min Thar Gyi | C24: Aye Yake Nyein Rd | D24: Hlaing Thar Yar | H24: 3 | M24: 6 | N24: 12 | P24: =SUM(G24:O24) -> 21
B25: Yar Pyae San | C25: Zay Rd | D25: Hlaing Thar Yar | G25: 2 | H25: 7 | M25: 4 | N25: 5 | P25: =SUM(G25:O25) -> 18
A26: 8 | B26: Shwe Pyae(1) | C26: Bogyoke Rd | D26: Hlaing Thar Yar | E26: Ma Yee Mon Aung | F26: 09 953844858 | H26: 9 | N26: 16 | O26: 29 | P26: =SUM(G26:O26) -> 54
B27: Paint Taime Thaung | C27: Aye Yake Nyein Rd | D27: Hlaing Thar Yar | G27: 1 | H27: 2 | M27: 7 | N27: 21 | O27: 4 | P27: =SUM(G27:O27) -> 35
B28: ANT Store | C28: Sake kan Thar Rd | D28: Hlaing Thar Yar | H28: 6 | M28: 1 | N28: 11 | O28: 14 | P28: =SUM(G28:O28) -> 32
A29: 9 | B29: Hlaing Bwar 1 | C29: Paddue Rd | D29: Hlaing Thar Yar | E29: Ma Shwe Sin Win | F29: 09 697220669 | H29: 10 | M29: 1 | N29: 11 | O29: 1 | P29: =SUM(G29:O29) -> 23
B30: Lucky | C30: Malar Rd | D30: Hlaing Thar Yar | G30: 1 | H30: 17 | M30: 3 | N30: 14 | O30: 6 | P30: =SUM(G30:O30) -> 41
B31: Arkar Tha 2 | C31: Sake kan Thar Rd | D31: Hlaing Thar Yar | G31: 2 | H31: 13 | M31: 1 | N31: 16 | O31: 3 | P31: =SUM(G31:O31) -> 35
A32: 10 | B32: Style 2 | C32: Thamain Bamyan Rd | D32: Mangalar T/N | E32: Naw Kyi Phyu Thein | F32: 09-751050544 | H32: 30 | M32: 2 | N32: 23 | P32: =SUM(G32:O32) -> 55
B33: Than Yaw Zin | C33: Rose Rd | D33: YanKin | H33: 17 | M33: 2 | N33: 26 | P33: =SUM(G33:O33) -> 45
B34: Family | C34: Mandalay Lan Tawe | D34: Mangalar T/N | H34: 19 | I34: 10 | N34: 4 | P34: =SUM(G34:O34) -> 33
A35: 11 | B35: Htate Tan | C35: Sattmu Zone (1) Zay Rd | D35: Hlaing Thar Yar | E35: Ma Ei May Thu | F35: 09 987339189 | G35: 5 | H35: 27 | M35: 9 | N35: 47 | P35: =SUM(G35:O35) -> 88
B36: Zaw | C36: Kyan Sitt Thar Rd | D36: Hlaing Thar Yar | G36: 4 | H36: 3 | N36: 7 | P36: =SUM(G36:O36) -> 14
A37: 12 | B37: Min Thar Gyi | C37: Aye Yake Nyein Rd | D37: Hlaing Thar Yar | E37: Ma Zin Mar Phyo | F37: 09 404979290 | H37: 13 | I37: 6 | M37: 1 | N37: 18 | P37: =SUM(G37:O37) -> 38
B38: Hlaing Bwar 1 | C38: Paddue Rd | D38: Hlaing Thar Yar | H38: 8 | M38: 1 | N38: 19 | O38: 12 | P38: =SUM(G38:O38) -> 40
B39: Hlaing Bwar 2 | C39: Sake kan Thar Rd | D39: Hlaing Thar Yar | H39: 10 | N39: 15 | P39: =SUM(G39:O39) -> 25
A40: 13 | B40: Shwe Dinker | C40: Paung Kan Gd | D40: S Paukkan N/Oakkala | E40: Ma Htet Htet Hlaing | F40: 09-675163225 | G40: 1 | H40: 4 | I40: 8 | M40: 2 | N40: 5 | P40: =SUM(G40:O40) -> 20
B41: Kyout Lan Htate | C41: Bagan Rd | D41: S Paukkan N/Oakkala | G41: 1 | H41: 13 | N41: 6 | P41: =SUM(G41:O41) -> 20
B42: Aung zay | C42: Nawe Thar Gi Rd | D42: N/Oakkala | H42: 6 | N42: 11 | P42: =SUM(G42:O42) -> 17
A43: 14 | B43: Htet Lwin | C43: Bagan Rd | D43: S Paukkan N/Oakkala | E43: Ma Ei Thuzar Oo | F43: 09-668929420 | G43: 4 | H43: 5 | M43: 1 | N43: 27 | P43: =SUM(G43:O43) -> 37
B44: Htar Ware htat | C44: Ae Ta ka (1) Rd | D44: N/Oakkala | H44: 10 | N44: 8 | P44: =SUM(G44:O44) -> 18
B45: Sare Muke | C45: Ka Mar Thi Rd | D45: N/Oakkala | G45: 1 | H45: 15 | M45: 1 | N45: 20 | P45: =SUM(G45:O45) -> 37
A46: 15 | B46: 16 G(2) | C46: Taungnu Rd | D46: S Paukkan N/Oakkala | E46: Ma Moe Thandar Oo | F46: 09-894618967 | H46: 4 | I46: 13 | N46: 4 | P46: =SUM(G46:O46) -> 21
B47: Sakarwar 2 | C47: Nawe Ni Rd | D47: N/Oakkala | H47: 30 | I47: 4 | N47: 45 | P47: =SUM(G47:O47) -> 79
B48: Htar Ware htat | C48: Ae Ta ka (1) Rd | D48: N/Oakkala | H48: 3 | M48: 2 | N48: 3 | P48: =SUM(G48:O48) -> 8
A49: 16 | B49: 16 G (1) | C49: Innwa Rd | D49: S Paukkan N/Oakkala | E49: Ma Shwe Yee Win | F49: 099-51659610 | G49: 2 | H49: 7 | I49: 30 | M49: 2 | N49: 18 | P49: =SUM(G49:O49) -> 59
B50: Sakarwar 1 | C50: Lan Wa Rd | D50: N/Oakkala | G50: 1 | H50: 16 | I50: 1 | M50: 4 | N50: 36 | P50: =SUM(G50:O50) -> 58
B51: Khun Myant | C51: Nuaung Yann Rd | D51: S Paukkan N/Oakkala | H51: 3 | I51: 10 | M51: 1 | N51: 14 | O51: 2 | P51: =SUM(G51:O51) -> 30
A52: 17 | B52: Kyaw | C52: Bagan Rd | D52: S Paukkan N/Oakkala | E52: Ma Thaw Thaw Win | F52: 09-66554047 | G52: 1 | H52: 27 | M52: 1 | N52: 13 | P52: =SUM(G52:O52) -> 42
B53: Sare Muke | C53: Ka Mar Thi Rd | D53: N/Oakkala | H53: 17 | M53: 3 | N53: 14 | P53: =SUM(G53:O53) -> 34
B54: Sakarwar 2 | C54: Nawe Ni Rd | D54: N/Oakkala | H54: 18 | N54: 28 | P54: =SUM(G54:O54) -> 46
A55: 18 | B55: Sein Si Tun | C55: Yazar Deright Rd | D55: S Paukkan N/Oakkala | E55: Ma Htet Ei Ei Khaing | F55: 09-972309027 | H55: 9 | N55: 6 | P55: =SUM(G55:O55) -> 15
B56: Khun Myant | C56: Nuaung Yann Rd | D56: S Paukkan N/Oakkala | H56: 18 | I56: 21 | N56: 12 | O56: 38 | P56: =SUM(G56:O56) -> 89
B57: Sakarwar 1 | C57: Lan Wa Rd | D57: N/Oakkala | G57: 5 | H57: 34 | M57: 3 | N57: 17 | P57: =SUM(G57:O57) -> 59
A58: 19 | B58: Arkar Tha1 | C58: Thapyae Rd | D58: Hlaing Thar Yar | E58: Ma Kaythi Aung | F58: 09-258599042 | H58: 28 | M58: 1 | N58: 42 | O58: 19 | P58: =SUM(G58:O58) -> 90
B59: Nay La | C59: Kyan Sitt Thar Rd | D59: Hlaing Thar Yar | H59: 26 | I59: 1 | N59: 29 | O59: 22 | P59: =SUM(G59:O59) -> 78
A60: 20 | B60: Phyu | C60: Yan Shin Rd | D60: YanKin | E60: Nilar Shwe | F60: 09-400291313 | G60: 1 | H60: 69 | I60: 26 | O60: 54 | P60: =SUM(G60:O60) -> 150
B61: Ka Dai Hein | C61: Kan Bae Botar Zay Rd | D61: YanKin | H61: 31 | I61: 10 | M61: 1 | N61: 32 | P61: =SUM(G61:O61) -> 74
A62: 21 | B62: Kaung | C62: Nuaung Yann Rd | D62: S Paukkan N/Oakkala | E62: Ei Zin Wai | F62: 09-773387161 | G62: 3 | H62: 27 | M62: 3 | N62: 31 | P62: =SUM(G62:O62) -> 64
B63: Aung zay | C63: Nawe Thar Gi Rd | D63: N/Oakkala | H63: 5 | N63: 2 | P63: =SUM(G63:O63) -> 7
B64: Kyout Lan Htate | C64: Bagan Rd | D64: S Paukkan N/Oakkala | G64: 1 | H64: 15 | M64: 1 | N64: 4 | P64: =SUM(G64:O64) -> 21
A65: 22 | B65: Aung Zaya | C65: Bogyoke Rd | D65: Hlaing Thar Yar | E65: Ei Ei Thu | F65: 09-403000048 | H65: 18 | M65: 1 | N65: 21 | O65: 4 | P65: =SUM(G65:O65) -> 44
B66: Arkar Tha 2 | C66: Sake kan Thar Rd | D66: Hlaing Thar Yar | H66: 17 | N66: 21 | O66: 14 | P66: =SUM(G66:O66) -> 52
B67: Lucky | C67: Malar Rd | D67: Hlaing Thar Yar | H67: 17 | M67: 6 | N67: 22 | O67: 9 | P67: =SUM(G67:O67) -> 54
A68: 23 | B68: Shwe Pyae(2) | C68: LanThwe | D68: Hlaing Thar Yar | E68: Aye Chan Moe | F68: 09-425669739 | G68: 2 | H68: 5 | N68: 15 | O68: 7 | P68: =SUM(G68:O68) -> 29
B69: Hlaing Bwar 2 | C69: Sake kan Thar Rd | D69: Hlaing Thar Yar | H69: 18 | N69: 16 | O69: 2 | P69: =SUM(G69:O69) -> 36
B70: 124 Store | C70: Padamyar Rd | D70: Hlaing Thar Yar | H70: 8 | N70: 21 | O70: 11 | P70: =SUM(G70:O70) -> 40
G71: =SUM(G4:G70) -> 59 | H71: =SUM(H4:H70) -> 1263 | I71: =SUM(I4:I70) -> 186 | J71: =SUM(J4:J70) -> 0 | K71: =SUM(K4:K70) -> 0 | L71: =SUM(L4:L70) -> 0 | M71: =SUM(M4:M70) -> 126 | N71: =SUM(N4:N70) -> 1296 | ... P71: =SUM(P4:P70) -> 3199

Sheet Jan-monthly
A1: Yangon PG sale report January monthly
A2: 1 | B2: Shop name | C2: Shop Address | D2: Township | E2: PG Name | F2: Ph.no | G2: Columbus Super red smooth | J2: Columbus Original | M2: Formula Rum | O2: ဒဂုံမန်ကျည်း | P2: Total
G3: 700ml | H3: 350ml | I3: 175ml | J3: 700ml | K3: 350ml | L3: 175ml | M3: 700ml | N3: 350ml
A5: 1 | B5: Lapyae Wunn | C5: West Yangon University Rd | D5: Htan Ta Pin | E5: Ma Thuzar Aung | F5: 09-898146525 | H5: 22 | M5: 3 | N5: 39 | P5: =SUM(G5:O5) -> 64
B6: Myintmo | C6: Bayin Naung Rd | D6: Shwepyithar | H6: 10 | M6: 3 | N6: 24 | P6: =SUM(G6:O6) -> 37
B7: Than Yaw Zin | C7: Rose Rd | D7: YanKin | H7: 10 | I7: 6 | N7: 10 | P7: =SUM(G7:O7) -> 26
B8: Naung Yoe | C8: Thamain Bamyan Rd | D8: Mangalar T/N | H8: 48 | N8: 39 | P8: =SUM(G8:O8) -> 87
B9: Plantinum | C9: Thamain Bamyan Rd | D9: Mangalar T/N | H9: 17 | M9: 1 | N9: 3 | O9: 13 | P9: =SUM(G9:O9) -> 34
A10: 2 | B10: Nate Thint | C10: Bayin Naung St | D10: Htan Ta Pin | E10: Ma Jue Jue Hlaing | F10: 09-986169990 | H10: 14 | I10: 8 | M10: 6 | N10: 14 | P10: =SUM(G10:O10) -> 42
B11: Wine | C11: Hlawaga Rd | D11: Shwepyithar | G11: 11 | H11: 69 | I11: 9 | M11: 4 | N11: 42 | P11: =SUM(G11:O11) -> 135
B12: Naung Yoe | C12: Thamain Bamyan Rd | D12: Mangalar T/N | G12: 1 | H12: 55 | M12: 8 | N12: 60 | P12: =SUM(G12:O12) -> 124
B13: Demo | C13: Thamain Bamyan Rd | D13: Mangalar T/N | G13: 2 | H13: 73 | P13: =SUM(G13:O13) -> 75
B14: KK Store | C14: Bo Min Young Rd | D14: Mangalar T/N | H14: 33 | I14: 22 | M14: 7 | N14: 26 | P14: =SUM(G14:O14) -> 88
A15: 3 | B15: April | C15: Bayin Naung St | D15: Htan Ta Pin | E15: Ma Nway Hnin Moe | F15: 09-983002374 | G15: 2 | H15: 8 | N15: 22 | P15: =SUM(G15:O15) -> 32
B16: Toe Twat Wai | C16: Badamar St | D16: Shwepyithar | G16: 2 | H16: 46 | M16: 1 | N16: 58 | P16: =SUM(G16:O16) -> 107
B17: Nan Htet | C17: Sitkaind Rd | D17: S Paukkan N/Oakkala | G17: 2 | H17: 49 | M17: 6 | N17: 90 | P17: =SUM(G17:O17) -> 147
B18: Paddue War | C18: Bayane naung Rd | D18: N/Oakkala | G18: 6 | H18: 35 | M18: 8 | N18: 83 | P18: =SUM(G18:O18) -> 132
B19: Paddue War | C19: Bayane naung Rd | D19: N/Oakkala | G19: 3 | H19: 21 | M19: 10 | N19: 44 | P19: =SUM(G19:O19) -> 78
A20: 4 | B20: Ni Ni Lin | C20: Myoma Zay Rd | D20: Htan Ta Pin | E20: Ma Hnin Pwint Phyu | F20: 09-773993352 | G20: 2 | H20: 14 | M20: 6 | N20: 14 | P20: =SUM(G20:O20) -> 36
B21: Kaung Thant | C21: ThanDin Zay Rd | D21: Shwepyithar | H21: 49 | I21: 5 | M21: 9 | N21: 34 | P21: =SUM(G21:O21) -> 97
B22: Demo | C22: Thamain Bamyan Rd | D22: Mangalar T/N | G22: 2 | H22: 64 | M22: 4 | N22: 9 | P22: =SUM(G22:O22) -> 79
B23: Ah Linn Nike | C23: ThitSar Rd | D23: YanKin | G23: 2 | H23: 37 | I23: 3 | N23: 6 | P23: =SUM(G23:O23) -> 48
B24: Style 2 | C24: Thamain Bamyan Rd | D24: Mangalar T/N | G24: 1 | H24: 50 | M24: 8 | N24: 38 | P24: =SUM(G24:O24) -> 97
A25: 5 | B25: Kaung Star | C25: West Yangon University Rd | D25: Htan Ta Pin | E25: Ma Phyo Phyo Wai | F25: 09-774485332 | G25: 3 | H25: 8 | M25: 3 | N25: 12 | P25: =SUM(G25:O25) -> 26
B26: Sein Si Tun | C26: Yazar Deright Rd | D26: S Paukkan N/Oakkala | H26: 12 | I26: 16 | N26: 6 | P26: =SUM(G26:O26) -> 34
B27: Ah Linn Nike | C27: ThitSar Rd | D27: YanKin | H27: 25 | I27: 18 | N27: 7 | P27: =SUM(G27:O27) -> 50
B28: Ka Dai Hein | C28: Kan Bae Botar Zay Rd | D28: YanKin | G28: 2 | H28: 26 | I28: 18 | M28: 1 | N28: 43 | P28: =SUM(G28:O28) -> 90
B29: Aung Family | C29: SakeSan (9) Lan | D29: Mangalar T/N | H29: 21 | M29: 10 | N29: 22 | P29: =SUM(G29:O29) -> 53
A30: 6 | B30: Kyi Thar Oo(2) | C30: Bayin Naung St | D30: Htan Ta Pin | E30: Ma Sandar Hlaing | F30: 09-660417209 | H30: 1 | I30: 2 | N30: 3 | P30: =SUM(G30:O30) -> 6
B31: Cheer | C31: ThanDin Zay Rd | D31: Shwepyithar | G31: 1 | H31: 28 | M31: 6 | N31: 16 | P31: =SUM(G31:O31) -> 51
B32: Ka Dai Hein | C32: Kan Bae Botar Zay Rd | D32: YanKin | G32: 5 | H32: 28 | I32: 5 | M32: 1 | N32: 32 | O32: 18 | P32: =SUM(G32:O32) -> 89
B33: Style 2 | C33: Thamain Bamyan Rd | D33: Mangalar T/N | H33: 30 | M33: 1 | N33: 56 | P33: =SUM(G33:O33) -> 87
B34: Demo | C34: Thamain Bamyan Rd | D34: Mangalar T/N | H34: 43 | N34: 12 | P34: =SUM(G34:O34) -> 55
A35: 7 | B35: Kyi Thar Oo(1) | C35: Poe San Aye St | D35: Htan Ta Pin | E35: Ma Lae Lae Tun | F35: 09 677196046 | N35: 4 | P35: =SUM(G35:O35) -> 4
B36: Zaw Hein Kaber | C36: ThanDin Zay Rd | D36: Shwepyithar | H36: 10 | M36: 1 | N36: 46 | P36: =SUM(G36:O36) -> 57
B37: Paint Taime Thaung | C37: Aye Yake Nyein Rd | D37: Hlaing Thar Yar | H37: 5 | M37: 3 | N37: 16 | P37: =SUM(G37:O37) -> 24
B38: Min Thar Gyi | C38: Aye Yake Nyein Rd | D38: Hlaing Thar Yar | H38: 3 | M38: 6 | N38: 12 | P38: =SUM(G38:O38) -> 21
B39: Yar Pyae San | C39: Zay Rd | D39: Hlaing Thar Yar | G39: 2 | H39: 7 | M39: 4 | N39: 5 | P39: =SUM(G39:O39) -> 18
A40: 8 | B40: Kyaw Myatter | C40: Pamoe Hinn Rd | D40: Hlaing Thar Yar | E40: Ma Yee Mon Aung | F40: 09 953844858 | H40: 12 | M40: 2 | N40: 15 | P40: =SUM(G40:O40) -> 29
B41: Shwe Pyae(1) | C41: Bogyoke Rd | D41: Hlaing Thar Yar | H41: 39 | M41: 4 | N41: 56 | O41: 59 | P41: =SUM(G41:O41) -> 158
B42: Paint Taime Thaung | C42: Aye Yake Nyein Rd | D42: Hlaing Thar Yar | G42: 1 | H42: 2 | M42: 7 | N42: 21 | O42: 4 | P42: =SUM(G42:O42) -> 35
B43: ANT Store | C43: Sake kan Thar Rd | D43: Hlaing Thar Yar | H43: 6 | M43: 1 | N43: 11 | O43: 14 | P43: =SUM(G43:O43) -> 32
A44: 9 | B44: KoKoe Myaing | C44: Bo Aung Kyaw Rd | D44: Hlaing Thar Yar | E44: Ma Shwe Sin Win | F44: 09 697220669 | H44: 15 | M44: 1 | N44: 13 | P44: =SUM(G44:O44) -> 29
B45: Mya Badathar 1 | C45: Bogyoke Rd | D45: Hlaing Thar Yar | G45: 1 | H45: 8 | I45: 3 | M45: 1 | N45: 10 | P45: =SUM(G45:O45) -> 23
B46: Hlaing Bwar 1 | C46: Paddue Rd | D46: Hlaing Thar Yar | G46: 1 | H46: 35 | M46: 1 | N46: 17 | O46: 5 | P46: =SUM(G46:O46) -> 59
B47: Lucky | C47: Malar Rd | D47: Hlaing Thar Yar | G47: 1 | H47: 17 | M47: 3 | N47: 14 | O47: 6 | P47: =SUM(G47:O47) -> 41
B48: Arkar Tha 2 | C48: Sake kan Thar Rd | D48: Hlaing Thar Yar | G48: 2 | H48: 13 | M48: 1 | N48: 16 | O48: 3 | P48: =SUM(G48:O48) -> 35
A49: 10 | B49: Kyaw | C49: Bagan Rd | D49: S Paukkan N/Oakkala | E49: Naw Kyi Phyu Thein | F49: 09-751050544 | G49: 4 | H49: 69 | M49: 6 | N49: 50 | P49: =SUM(G49:O49) -> 129
B50: Style 2 | C50: Thamain Bamyan Rd | D50: Mangalar T/N | G50: 2 | H50: 65 | M50: 2 | N50: 45 | P50: =SUM(G50:O50) -> 114
B51: Than Yaw Zin | C51: Rose Rd | D51: YanKin | H51: 17 | M51: 2 | N51: 26 | P51: =SUM(G51:O51) -> 45
B52: Family | C52: Mandalay Lan Tawe | D52: Mangalar T/N | H52: 19 | I52: 10 | N52: 4 | P52: =SUM(G52:O52) -> 33
A53: 11 | B53: Shwe Pyae(2) | C53: LanThwe | D53: Hlaing Thar Yar | E53: Ma Ei May Thu | F53: 09 987339189 | H53: 16 | M53: 2 | N53: 33 | P53: =SUM(G53:O53) -> 51
B54: Aung Zaya | C54: Bogyoke Rd | D54: Hlaing Thar Yar | G54: 2 | H54: 47 | M54: 2 | N54: 41 | O54: 24 | P54: =SUM(G54:O54) -> 116
B55: Htate Tan | C55: Sattmu Zone (1) Zay Rd | D55: Hlaing Thar Yar | G55: 6 | H55: 42 | M55: 10 | N55: 67 | P55: =SUM(G55:O55) -> 125
B56: Zaw | C56: Kyan Sitt Thar Rd | D56: Hlaing Thar Yar | G56: 4 | H56: 3 | N56: 7 | P56: =SUM(G56:O56) -> 14
A57: 12 | B57: Shwe Pyae(1) | C57: Bogyoke Rd | D57: Hlaing Thar Yar | E57: Ma Zin Mar Phyo | F57: 09 404979290 | H57: 9 | N57: 24 | P57: =SUM(G57:O57) -> 33
B58: Kyaw Myatter | C58: Pamoe Hinn Rd | D58: Hlaing Thar Yar | H58: 21 | M58: 5 | N58: 31 | O58: 12 | P58: =SUM(G58:O58) -> 69
B59: Min Thar Gyi | C59: Aye Yake Nyein Rd | D59: Hlaing Thar Yar | H59: 30 | I59: 6 | M59: 8 | N59: 29 | P59: =SUM(G59:O59) -> 73
B60: Hlaing Bwar | C60: Paddue Rd | D60: Hlaing Thar Yar | H60: 8 | M60: 1 | N60: 19 | O60: 12 | P60: =SUM(G60:O60) -> 40
B61: Hlaing Bwar 2 | C61: Sake kan Thar Rd | D61: Hlaing Thar Yar | H61: 10 | N61: 15 | P61: =SUM(G61:O61) -> 25
A62: 13 | B62: Lucky9 | C62: Htay Auyinn St | D62: Hlaing Thar Yar | E62: Ma Htet Htet Hlaing | F62: 09-675163225 | H62: 11 | N62: 7 | P62: =SUM(G62:O62) -> 18
B63: Aung Thayaphu | C63: Bogyoke Rd | D63: Hlaing Thar Yar | H63: 4 | N63: 3 | P63: =SUM(G63:O63) -> 7
B64: Shwe Dinker | C64: Paung Kan Gd | D64: S Paukkan N/Oakkala | G64: 1 | H64: 12 | I64: 8 | M64: 2 | N64: 19 | P64: =SUM(G64:O64) -> 42
B65: Kyout Lan Htate | C65: Bagan Rd | D65: S Paukkan N/Oakkala | G65: 1 | H65: 13 | N65: 6 | P65: =SUM(G65:O65) -> 20
B66: Aung zay | C66: Nawe Thar Gi Rd | D66: N/Oakkala | H66: 6 | N66: 11 | P66: =SUM(G66:O66) -> 17
A67: 14 | B67: Toe Twat Wai | C67: Badamar St | D67: Shwepyithar | E67: Ma Ei Thuzar Oo | F67: 09-668929420 | H67: 17 | N67: 15 | P67: =SUM(G67:O67) -> 32
B68: 16 G(2) | C68: Taungnu Rd | D68: S Paukkan N/Oakkala | G68: 3 | H68: 5 | I68: 17 | M68: 4 | N68: 6 | P68: =SUM(G68:O68) -> 35
B69: Htet Lwin | C69: Bagan Rd | D69: S Paukkan N/Oakkala | G69: 4 | H69: 13 | M69: 4 | N69: 39 | P69: =SUM(G69:O69) -> 60
B70: Htar Ware htat | C70: Ae Ta ka (1) Rd | D70: N/Oakkala | H70: 10 | N70: 8 | P70: =SUM(G70:O70) -> 18
B71: Sare Muke | C71: Ka Mar Thi Rd | D71: N/Oakkala | G71: 1 | H71: 15 | M71: 1 | N71: 20 | P71: =SUM(G71:O71) -> 37
A72: 15 | B72: Aung Thayaphu | C72: Bogyoke Rd | D72: Hlaing Thar Yar | E72: Ma Moe Thandar Oo | F72: 09-894618967 | H72: 3 | N72: 2 | P72: =SUM(G72:O72) -> 5
B73: Swantaw | C73: Bogyoke Rd | D73: Hlaing Thar Yar | H73: 8 | M73: 2 | N73: 15 | O73: 16 | P73: =SUM(G73:O73) -> 41
B74: 16 G(2) | C74: Taungnu Rd | D74: S Paukkan N/Oakkala | H74: 8 | I74: 34 | N74: 15 | P74: =SUM(G74:O74) -> 57
B75: Sakarwar 2 | C75: Nawe Ni Rd | D75: N/Oakkala | H75: 30 | I75: 4 | N75: 45 | P75: =SUM(G75:O75) -> 79
B76: Htar Ware htat | C76: Ae Ta ka (1) Rd | D76: N/Oakkala | H76: 3 | M76: 2 | N76: 3 | P76: =SUM(G76:O76) -> 8
A77: 16 | B77: Zaw Hein Kaber | C77: ThanDin Zay Rd | D77: Shwepyithar | E77: Ma Shwe Yee Win | F77: 099-51659610 | G77: 2 | H77: 18 | I77: 1 | M77: 2 | N77: 20 | P77: =SUM(G77:O77) -> 43
B78: Htet Lwin | C78: Bagan Rd | D78: S Paukkan N/Oakkala | H78: 30 | I78: 4 | N78: 38 | P78: =SUM(G78:O78) -> 72
B79: 16 G (1) | C79: Innwa Rd | D79: S Paukkan N/Oakkala | G79: 2 | H79: 14 | I79: 39 | M79: 2 | N79: 41 | P79: =SUM(G79:O79) -> 98
B80: Sakarwar 1 | C80: Lan Wa Rd | D80: N/Oakkala | G80: 1 | H80: 16 | I80: 1 | M80: 4 | N80: 36 | P80: =SUM(G80:O80) -> 58
B81: Khun Myant | C81: Nuaung Yann Rd | D81: S Paukkan N/Oakkala | H81: 3 | I81: 10 | M81: 1 | N81: 14 | O81: 2 | P81: =SUM(G81:O81) -> 30
A82: 17 | B82: Kaung Thant | C82: ThanDin Zay Rd | D82: Shwepyithar | E82: Ma Thaw Thaw Win | F82: 09-66554047 | H82: 10 | I82: 2 | N82: 4 | P82: =SUM(G82:O82) -> 16
B83: 16 G (1) | C83: Innwa Rd | D83: S Paukkan N/Oakkala | G83: 4 | H83: 31 | I83: 4 | N83: 26 | P83: =SUM(G83:O83) -> 65
B84: Kyaw | C84: Bagan Rd | D84: S Paukkan N/Oakkala | G84: 3 | H84: 53 | M84: 6 | N84: 28 | P84: =SUM(G84:O84) -> 90
B85: Sare Muke | C85: Ka Mar Thi Rd | D85: N/Oakkala | H85: 17 | M85: 3 | N85: 14 | P85: =SUM(G85:O85) -> 34
B86: Sakarwar 2 | C86: Nawe Ni Rd | D86: N/Oakkala | H86: 18 | N86: 28 | P86: =SUM(G86:O86) -> 46
A87: 18 | B87: Cheer | C87: ThanDin Zay Rd | D87: Shwepyithar | E87: Ma Htet Ei Ei Khaing | F87: 09-972309027 | G87: 2 | H87: 16 | M87: 1 | N87: 13 | P87: =SUM(G87:O87) -> 32
B88: Kaung | C88: Nuaung Yann Rd | D88: S Paukkan N/Oakkala | G88: 3 | H88: 49 | N88: 44 | O88: 13 | P88: =SUM(G88:O88) -> 109
B89: Sein Si Tun | C89: Yazar Deright Rd | D89: S Paukkan N/Oakkala | H89: 17 | I89: 9 | N89: 20 | P89: =SUM(G89:O89) -> 46
B90: Khun Myant | C90: Nuaung Yann Rd | D90: S Paukkan N/Oakkala | H90: 18 | I90: 21 | N90: 12 | O90: 38 | P90: =SUM(G90:O90) -> 89
B91: Sakarwar 1 | C91: Lan Wa Rd | D91: N/Oakkala | G91: 5 | H91: 34 | M91: 3 | N91: 17 | P91: =SUM(G91:O91) -> 59
A92: 19 | B92: pyaeSone | C92: Htay Auyinn St | D92: Hlaing Thar Yar | E92: Ma Kaythi Aung | F92: 09-258599042 | H92: 15 | N92: 13 | P92: =SUM(G92:O92) -> 28
B93: Shwe Pyae(2) | C93: LanThwe | D93: Hlaing Thar Yar | G93: 1 | H93: 25 | N93: 30 | O93: 31 | P93: =SUM(G93:O93) -> 87
B94: Arkar Tha1 | C94: Thapyae Rd | D94: Hlaing Thar Yar | H94: 34 | M94: 1 | N94: 54 | O94: 24 | P94: =SUM(G94:O94) -> 113
B95: Nay La | C95: Kyan Sitt Thar Rd | D95: Hlaing Thar Yar | H95: 26 | I95: 1 | N95: 29 | O95: 22 | P95: =SUM(G95:O95) -> 78
A96: 20 | B96: KZ | C96: kantharyar Rd | D96: Shwepyithar | E96: Nilar Shwe | F96: 09-400291313 | G96: 4 | H96: 11 | M96: 4 | N96: 17 | P96: =SUM(G96:O96) -> 36
B97: Nan Htet | C97: Sitkaind Rd | D97: S Paukkan N/Oakkala | G97: 4 | H97: 41 | M97: 1 | N97: 23 | P97: =SUM(G97:O97) -> 69
B98: Phyu | C98: Yan Shin Rd | D98: YanKin | G98: 1 | H98: 95 | I98: 36 | N98: 2 | O98: 56 | P98: =SUM(G98:O98) -> 190
B99: Ka Dai Hein | C99: Kan Bae Botar Zay Rd | D99: YanKin | H99: 31 | I99: 10 | M99: 1 | N99: 32 | P99: =SUM(G99:O99) -> 74
A100: 21 | B100: Myintmo | C100: Bayin Naung Rd | D100: Shwepyithar | E100: Ei Zin Wai | F100: 09-773387161 | G100: 6 | H100: 8 | M100: 7 | N100: 18 | P100: =SUM(G100:O100) -> 39
B101: Shwe Dinker | C101: Paung Kan Gd | D101: S Paukkan N/Oakkala | H101: 22 | I101: 8 | M101: 1 | N101: 11 | P101: =SUM(G101:O101) -> 42
...

Sheet 1.2.25 15.2.25
A1: Yangon PG sale report (1-2-2025) to (15-2-2025)
A2: 1 | B2: Shop name | C2: Shop Address | D2: Township | E2: PG Name | F2: Ph.no | G2: Columbus Super red smooth | J2: Columbus Original | M2: Formula Rum | O2: ဒဂုံမန်ကျည်း | P2: Total
G3: 700ml | H3: 350ml | I3: 175ml | J3: 700ml | K3: 350ml | L3: 175ml | M3: 700ml | N3: 350ml
A5: 1 | B5: Plantinum | C5: Thamain Bamyan Rd | D5: Mangalar T/N | E5: Ma Thuzar Aung | F5: 09-898146525 | G5: 1 | H5: 2 | P5: =SUM(G5:O5) -> 3
B6: Hlaing Min | C6: Tan Day Pin Sd | D6: Htauk kyant | H6: 15 | I6: 12 | M6: 2 | N6: 11 | P6: =SUM(G6:O6) -> 40
B7: 29 | C7: Lan Thit Lan | D7: Htauk kyant | G7: 2 | H7: 25 | I7: 14 | M7: 3 | N7: 16 | P7: =SUM(G7:O7) -> 60
A8: 2 | B8: KK Store | C8: Bo Min Young Rd | D8: Mangalar T/N | E8: Ma Jue Jue Hlaing | F8: 09-986169990 | H8: 5 | I8: 4 | M8: 4 | N8: 6 | P8: =SUM(G8:O8) -> 19
B9: La Ware Thant | C9: Kar ya Sd | D9: Htauk kyant | G9: 1 | H9: 27 | I9: 14 | M9: 7 | N9: 56 | P9: =SUM(G9:O9) -> 105
B10: KK | C10: Oae Yin Sd | D10: Htauk kyant | G10: 7 | H10: 37 | I10: 4 | M10: 5 | N10: 25 | P10: =SUM(G10:O10) -> 78
A11: 3 | B11: Paddue War | C11: Bayane naung Rd | D11: N/Oakkala | E11: Ma Nway Hnin Moe | F11: 09-983002374 | G11: 2 | H11: 7 | M11: 5 | N11: 8 | P11: =SUM(G11:O11) -> 22
B12: 29 | C12: Lan Thit Lan | D12: Htauk kyant | G12: 1 | H12: 28 | I12: 9 | M12: 4 | N12: 27 | P12: =SUM(G12:O12) -> 69
B13: La Ware Thant | C13: Kar ya Sd | D13: Htauk kyant | G13: 2 | H13: 32 | I13: 12 | M13: 1 | N13: 46 | P13: =SUM(G13:O13) -> 93
A14: 4 | B14: Style 2 | C14: Thamain Bamyan Rd | D14: Mangalar T/N | E14: Ma Hnin Pwint Phyu | F14: 09-773993352 | H14: 9 | M14: 1 | N14: 10 | P14: =SUM(G14:O14) -> 20
B15: Lue Gyi Min | C15: Bounk Gyi Sd | D15: Htauk kyant | G15: 6 | H15: 87 | I15: 38 | M15: 12 | N15: 114 | P15: =SUM(G15:O15) -> 257
B16: Y47 | C16: Tan Day Pin Sd | D16: Htauk kyant | G16: 1 | H16: 24 | M16: 2 | N16: 20 | P16: =SUM(G16:O16) -> 47
A17: 5 | B17: Aung Family | C17: SakeSan (9) Lan | D17: Mangalar T/N | E17: Ma Phyo Phyo Wai | F17: 09-774485332 | H17: 3 | M17: 2 | N17: 2 | P17: =SUM(G17:O17) -> 7
B18: Moe Thounk Pan | C18: Mya Yatu Sd | D18: Htauk kyant | G18: 1 | H18: 24 | I18: 16 | M18: 1 | N18: 20 | P18: =SUM(G18:O18) -> 62
B19: Hlaing Min | C19: Tan Day Pin Sd | D19: Htauk kyant | H19: 29 | I19: 10 | M19: 1 | N19: 11 | P19: =SUM(G19:O19) -> 51
A20: 6 | B20: Demo | C20: Thamain Bamyan Rd | D20: Mangalar T/N | E20: Ma Sandar Hlaing | F20: 09-660417209 | H20: 7 | N20: 2 | P20: =SUM(G20:O20) -> 9
B21: Y47 | C21: Tan Day Pin Sd | D21: Htauk kyant | G21: 2 | H21: 22 | M21: 1 | N21: 16 | P21: =SUM(G21:O21) -> 41
B22: Moe Thounk Pan | C22: Mya Yatu Sd | D22: Htauk kyant | H22: 8 | I22: 31 | M22: 4 | N22: 17 | P22: =SUM(G22:O22) -> 60
A23: 7 | B23: Yar Pyae San | C23: Zay Rd | D23: Hlaing Thar Yar | E23: Ma Lae Lae Tun | F23: 09 677196046 | G23: 1 | M23: 3 | N23: 2 | P23: =SUM(G23:O23) -> 6
B24: Ngwe Khaing | C24: Baya Thinkyan Sd | D24: S/Okkala | G24: 1 | H24: 5 | M24: 1 | N24: 9 | P24: =SUM(G24:O24) -> 16
B25: Shine | C25: Loke Thar Sd | D25: S/Okkala | H25: 37 | M25: 2 | N25: 5 | P25: =SUM(G25:O25) -> 44
A26: 8 | B26: ANT Store | C26: Sake kan Thar Rd | D26: Hlaing Thar Yar | E26: Ma Yee Mon Aung | F26: 09 953844858 | H26: 1 | N26: 7 | O26: 5 | P26: =SUM(G26:O26) -> 13
B27: 124 Store | C27: Padamyar Rd | D27: Hlaing Thar Yar | H27: 9 | N27: 24 | O27: 8 | P27: =SUM(G27:O27) -> 41
B28: Nat Thit Oo | C28: Take Htae Sd | D28: Hlaing thar Yar | H28: 12 | I28: 1 | M28: 1 | N28: 19 | O28: 8 | P28: =SUM(G28:O28) -> 41
A29: 9 | B29: Arkar Tha 2 | C29: Sake kan Thar Rd | D29: Hlaing Thar Yar | E29: Ma Shwe Sin Win | F29: 09 697220669 | H29: 4 | N29: 1 | O29: 2 | P29: =SUM(G29:O29) -> 7
B30: Yar Pyae San | C30: Zay Rd | D30: Hlaing Thar Yar | G30: 2 | H30: 9 | M30: 1 | N30: 19 | P30: =SUM(G30:O30) -> 31
B31: Okk Kar | C31: Pi Moe Hinn Sd | D31: Hlaing thar Yar | H31: 23 | I31: 1 | N31: 5 | P31: =SUM(G31:O31) -> 29
A32: 10 | B32: Family | C32: Mandalay Lan Tawe | D32: Mangalar T/N | E32: Naw Kyi Phyu Thein | F32: 09-751050544 | H32: 1 | I32: 3 | P32: =SUM(G32:O32) -> 4
P33: =SUM(G33:O33) -> 0
P34: =SUM(G34:O34) -> 0
A35: 11 | B35: Zaw | C35: Kyan Sitt Thar Rd | D35: Hlaing Thar Yar | E35: Ma Ei May Thu | F35: 09 987339189 | G35: 1 | N35: 4 | P35: =SUM(G35:O35) -> 5
B36: Nay La | C36: Kyan Sitt Thar Rd | D36: Hlaing Thar Yar | H36: 32 | I36: 8 | N36: 59 | O36: 28 | P36: =SUM(G36:O36) -> 127
B37: Hlaing Min Htet | C37: Pi Moe Hinn Sd | D37: Hlaing thar Yar | H37: 19 | I37: 3 | M37: 1 | N37: 24 | O37: 10 | P37: =SUM(G37:O37) -> 57
A38: 12 | B38: Hlaing Bwar 2 | C38: Sake kan Thar Rd | D38: Hlaing Thar Yar | E38: Ma Zin Mar Phyo | F38: 09 404979290 | H38: 3 | N38: 1 | P38: =SUM(G38:O38) -> 4
B39: Nay La2 | C39: Sake kan Thar Rd | D39: Hlaing thar Yar | H39: 2 | N39: 7 | P39: =SUM(G39:O39) -> 9
B40: Shwe Htoo | C40: (1) Thake Sd | D40: Hlaing thar Yar | H40: 10 | I40: 2 | N40: 14 | O40: 1 | P40: =SUM(G40:O40) -> 27
A41: 13 | B41: Aung zay | C41: Nawe Thar Gi Rd | D41: N/Oakkala | E41: Ma Htet Htet Hlaing | F41: 09-675163225 | H41: 2 | N41: 3 | P41: =SUM(G41:O41) -> 5
B42: Take Nay Wone | C42: Sake kan Thar Rd | D42: Hlaing thar Yar | H42: 2 | I42: 1 | M42: 2 | N42: 13 | O42: 2 | P42: =SUM(G42:O42) -> 20
B43: Dana Toe(2) | C43: Pamoe Hinn Rd | D43: Hlaing Thar Yar Route (1) | H43: 4 | I43: 1 | N43: 1 | P43: =SUM(G43:O43) -> 6
A44: 14 | B44: Sare Muke | C44: Ka Mar Thi Rd | D44: N/Oakkala | E44: Ma Ei Thuzar Oo | F44: 09-668929420 | G44: 1 | H44: 2 | N44: 10 | P44: =SUM(G44:O44) -> 13
B45: May | C45: Shin Thita Sd | D45: S/Okkala | H45: 8 | I45: 14 | N45: 2 | P45: =SUM(G45:O45) -> 24
B46: Kaung Myant | C46: Myinttar (11)Sd | D46: S/Okkala | G46: 1 | H46: 42 | M46: 2 | N46: 25 | P46: =SUM(G46:O46) -> 70
A47: 15 | B47: Take Nay Wone | C47: Sake kan Thar Rd | D47: Hlaing thar Yar | E47: Ma Moe Thandar Oo | F47: 09-894618967 | H47: 1 | M47: 1 | N47: 11 | O47: 1 | P47: =SUM(G47:O47) -> 14
B48: Nadai | C48: Bogyoke Aung San Rd | D48: Hlaing Thar Yar Route (1) | H48: 1 | I48: 5 | M48: 3 | N48: 7 | O48: 6 | P48: =SUM(G48:O48) -> 22
P49: =SUM(G49:O49) -> 0
A50: 16 | B50: Khun Myant | C50: Nuaung Yann Rd | D50: S Paukkan N/Oakkala | E50: Ma Shwe Yee Win | F50: 099-51659610 | I50: 2 | M50: 1 | N50: 1 | P50: =SUM(G50:O50) -> 4
B51: Venus | C51: LokaLaweYal Sd | D51: S/Okkala | H51: 9 | I51: 14 | N51: 17 | P51: =SUM(G51:O51) -> 40
B52: Venus 2 | C52: Loke Thar Sd | D52: S/Okkala | H52: 7 | I52: 3 | M52: 1 | N52: 26 | P52: =SUM(G52:O52) -> 37
A53: 17 | B53: Sakarwar 2 | C53: Nawe Ni Rd | D53: N/Oakkala | E53: Ma Thaw Thaw Win | F53: 09-66554047 | H53: 3 | M53: 1 | N53: 5 | P53: =SUM(G53:O53) -> 9
B54: Kaung Myant | C54: Myinttar (11)Sd | D54: S/Okkala | G54: 3 | H54: 23 | N54: 16 | P54: =SUM(G54:O54) -> 42
B55: Ko Chit Twe | C55: LokaLaweYal Sd | D55: S/Okkala | G55: 1 | H55: 44 | I55: 26 | N55: 11 | P55: =SUM(G55:O55) -> 82
A56: 18 | B56: Sakarwar 1 | C56: Lan Wa Rd | D56: N/Oakkala | E56: Ma Htet Ei Ei Khaing | F56: 09-972309027 | H56: 4 | M56: 1 | N56: 2 | P56: =SUM(G56:O56) -> 7
B57: Ko Chit Twe | C57: LokaLaweYal Sd | D57: S/Okkala | G57: 7 | H57: 33 | I57: 13 | M57: 1 | N57: 7 | P57: =SUM(G57:O57) -> 61
P58: =SUM(G58:O58) -> 0
A59: 19 | B59: Nay La | C59: Kyan Sitt Thar Rd | D59: Hlaing Thar Yar | E59: Ma Kaythi Aung | F59: 09-258599042 | H59: 4 | N59: 7 | O59: 7 | P59: =SUM(G59:O59) -> 18
B60: Zaw | C60: Kyan Sitt Thar Rd | D60: Hlaing Thar Yar | G60: 3 | H60: 9 | I60: 4 | N60: 17 | P60: =SUM(G60:O60) -> 33
B61: Hein | C61: Pi Moe Hinn Sd | D61: Hlaing thar Yar | H61: 11 | I61: 20 | N61: 24 | P61: =SUM(G61:O61) -> 55
A62: 20 | B62: Ka Dai Hein | C62: Kan Bae Botar Zay Rd | D62: YanKin | E62: Nilar Shwe | F62: 09-400291313 | H62: 6 | I62: 2 | N62: 6 | P62: =SUM(G62:O62) -> 14
B63: Shine | C63: Loke Thar Sd | D63: S/Okkala | H63: 28 | N63: 4 | P63: =SUM(G63:O63) -> 32
B64: Shwe Nan Myint | C64: Byarmasoe Sd | D64: S/Okkala | H64: 26 | I64: 6 | M64: 1 | N64: 3 | P64: =SUM(G64:O64) -> 36
A65: 21 | B65: Kyout Lan Htate | C65: Bagan Rd | D65: S Paukkan N/Oakkala | E65: Ei Zin Wai | F65: 09-773387161 | H65: 3 | N65: 1 | P65: =SUM(G65:O65) -> 4
B66: Shwe Nan Myint | C66: Byarmasoe Sd | D66: S/Okkala | G66: 3 | H66: 21 | I66: 16 | N66: 11 | P66: =SUM(G66:O66) -> 51
B67: Venus | C67: LokaLaweYal Sd | D67: S/Okkala | H67: 18 | I67: 5 | N67: 24 | P67: =SUM(G67:O67) -> 47
A68: 22 | B68: Kyout Lan Htate | C68: Bagan Rd | D68: S Paukkan N/Oakkala | E68: Ei Ei Thu | F68: 09-403000048 | H68: 10 | N68: 10 | P68: =SUM(G68:O68) -> 20
B69: KK | C69: Oae Yin Sd | D69: Htauk kyant | H69: 59 | I69: 6 | N69: 7 | P69: =SUM(G69:O69) -> 72
B70: Lue Gyi Min | C70: Bounk Gyi Sd | D70: Htauk kyant | G70: 6 | H70: 31 | I70: 19 | M70: 5 | N70: 43 | P70: =SUM(G70:O70) -> 104
A71: 23 | B71: 124 Store | C71: Padamyar Rd | D71: Hlaing Thar Yar | E71: Aye Chan Moe | F71: 09-425669739 | H71: 2 | N71: 4 | O71: 4 | P71: =SUM(G71:O71) -> 10
B72: ANT Store | C72: Sake kan Thar Rd | D72: Hlaing Thar Yar | H72: 2 | M72: 1 | N72: 8 | O72: 20 | P72: =SUM(G72:O72) -> 31
B73: Kung Myant | C73: (1) Thake Sd | D73: Hlaing thar Yar | H73: 1 | N73: 9 | P73: =SUM(G73:O73) -> 10
G74: =SUM(G4:G73) -> 56 | H74: =SUM(H4:H73) -> 974 | I74: =SUM(I4:I73) -> 339 | J74: =SUM(J4:J73) -> 0 | K74: =SUM(K4:K73) -> 0 | L74: =SUM(L4:L73) -> 0 | M74: =SUM(M4:M73) -> 84 | N74: =SUM(N4:N73) -> 942 | ... P74: =SUM(P4:P73) -> 2497

Sheet Feb.monthly
A1: Yangon PG sale report February Monthly
A2: 1 | B2: Shop name | C2: Shop Address | D2: Township | E2: PG Name | F2: Ph.no | G2: Columbus Super red smooth | J2: Columbus Original | M2: Formula Rum | O2: ဒဂုံမန်ကျည်း | P2: Total
G3: 700ml | H3: 350ml | I3: 175ml | J3: 700ml | K3: 350ml | L3: 175ml | M3: 700ml | N3: 350ml
A5: 1 | B5: Plantinum | C5: Thamain Bamyan Rd | D5: Mangalar T/N | E5: Ma Thuzar Aung | F5: 09-898146525 | G5: 1 | H5: 2 | P5: =SUM(G5:O5) -> 3
B6: Hlaing Min | C6: Tan Day Pin Sd | D6: Htauk kyant | H6: 15 | I6: 12 | M6: 2 | N6: 11 | P6: =SUM(G6:O6) -> 40
B7: 29 | C7: Lan Thit Lan | D7: Htauk kyant | G7: 2 | H7: 25 | I7: 14 | M7: 3 | N7: 16 | P7: =SUM(G7:O7) -> 60
B8: Kaung Kin Think 2 | C8: MyintZuu Thaka Rd | D8: Mangalardon | G8: 1 | H8: 27 | I8: 18 | N8: 14 | P8: =SUM(G8:O8) -> 60
A9: 2 | B9: KK Store | C9: Bo Min Young Rd | D9: Mangalar T/N | E9: Ma Jue Jue Hlaing | F9: 09-986169990 | H9: 5 | I9: 4 | M9: 4 | N9: 6 | P9: =SUM(G9:O9) -> 19
B10: La Ware Thant | C10: Kar ya Sd | D10: Htauk kyant | G10: 1 | H10: 27 | I10: 14 | M10: 7 | N10: 56 | P10: =SUM(G10:O10) -> 105
B11: KK | C11: Oae Yin Sd | D11: Htauk kyant | G11: 7 | H11: 37 | I11: 4 | M11: 5 | N11: 25 | P11: =SUM(G11:O11) -> 78
B12: Su | C12: Aung Sinkhoe Rd | D12: Mangalardon | G12: 1 | H12: 42 | I12: 10 | M12: 2 | N12: 28 | P12: =SUM(G12:O12) -> 83
B13: Happy Day | C13: Padamyar Rd | D13: Mangalardon | H13: 26 | I13: 18 | M13: 5 | N13: 19 | P13: =SUM(G13:O13) -> 68
A14: 3 | B14: Paddue War | C14: Bayane naung Rd | D14: N/Oakkala | E14: Ma Nway Hnin Moe | F14: 09-983002374 | G14: 2 | H14: 7 | M14: 5 | N14: 8 | P14: =SUM(G14:O14) -> 22
B15: 29 | C15: Lan Thit Lan | D15: Htauk kyant | G15: 1 | H15: 28 | I15: 9 | M15: 4 | N15: 27 | P15: =SUM(G15:O15) -> 69
B16: La Ware Thant | C16: Kar ya Sd | D16: Htauk kyant | G16: 2 | H16: 32 | I16: 12 | M16: 1 | N16: 46 | P16: =SUM(G16:O16) -> 93
B17: Kaung Kin Think | C17: Joephyu Rd | D17: Mangalardon | H17: 9 | I17: 13 | M17: 1 | N17: 15 | P17: =SUM(G17:O17) -> 38
B18: Su | C18: Aung Sinkhoe Rd | D18: Mangalardon | H18: 26 | I18: 15 | M18: 2 | N18: 16 | P18: =SUM(G18:O18) -> 59
A19: 4 | B19: Style 2 | C19: Thamain Bamyan Rd | D19: Mangalar T/N | E19: Ma Hnin Pwint Phyu | F19: 09-773993352 | H19: 9 | M19: 1 | N19: 10 | P19: =SUM(G19:O19) -> 20
B20: Lue Gyi Min | C20: Bounk Gyi Sd | D20: Htauk kyant | G20: 6 | H20: 87 | I20: 38 | M20: 12 | N20: 114 | P20: =SUM(G20:O20) -> 257
B21: Y47 | C21: Tan Day Pin Sd | D21: Htauk kyant | G21: 1 | H21: 24 | M21: 2 | N21: 20 | P21: =SUM(G21:O21) -> 47
B22: Smile Moon | C22: Joephyu Rd | D22: Mangalardon | G22: 1 | H22: 12 | I22: 6 | N22: 7 | P22: =SUM(G22:O22) -> 26
B23: San Thit | C23: Joephyu Rd | D23: Mangalardon | G23: 4 | H23: 17 | I23: 22 | N23: 4 | P23: =SUM(G23:O23) -> 47
A24: 5 | B24: Aung Family | C24: SakeSan (9) Lan | D24: Mangalar T/N | E24: Ma Phyo Phyo Wai | F24: 09-774485332 | H24: 3 | M24: 2 | N24: 2 | P24: =SUM(G24:O24) -> 7
B25: Moe Thounk Pan | C25: Mya Yatu Sd | D25: Htauk kyant | G25: 1 | H25: 24 | I25: 16 | M25: 1 | N25: 20 | P25: =SUM(G25:O25) -> 62
B26: Hlaing Min | C26: Tan Day Pin Sd | D26: Htauk kyant | H26: 29 | I26: 10 | M26: 1 | N26: 11 | P26: =SUM(G26:O26) -> 51
B27: San Thit | C27: Joephyu Rd | D27: Mangalardon | G27: 2 | H27: 11 | I27: 11 | N27: 8 | P27: =SUM(G27:O27) -> 32
B28: Smile Moon | C28: Joephyu Rd | D28: Mangalardon | H28: 4 | I28: 2 | M28: 2 | P28: =SUM(G28:O28) -> 8
A29: 6 | B29: Demo | C29: Thamain Bamyan Rd | D29: Mangalar T/N | E29: Ma Sandar Hlaing | F29: 09-660417209 | H29: 7 | N29: 2 | P29: =SUM(G29:O29) -> 9
B30: Y47 | C30: Tan Day Pin Sd | D30: Htauk kyant | G30: 2 | H30: 22 | M30: 1 | N30: 16 | P30: =SUM(G30:O30) -> 41
B31: Moe Thounk Pan | C31: Mya Yatu Sd | D31: Htauk kyant | H31: 8 | I31: 31 | M31: 4 | N31: 17 | P31: =SUM(G31:O31) -> 60
B32: Shin Shin | C32: Joephyu Rd | D32: Mangalardon | H32: 3 | M32: 1 | N32: 7 | P32: =SUM(G32:O32) -> 11
B33: Shwe Yee Linn | C33: Padamyar Rd | D33: Mangalardon | H33: 14 | I33: 23 | N33: 16 | P33: =SUM(G33:O33) -> 53
A34: 7 | B34: Yar Pyae San | C34: Zay Rd | D34: Hlaing Thar Yar | E34: Ma Lae Lae Tun | F34: 09 677196046 | G34: 1 | M34: 3 | N34: 2 | P34: =SUM(G34:O34) -> 6
B35: Ngwe Khaing | C35: Baya Thinkyan Sd | D35: S/Okkala | G35: 1 | H35: 5 | M35: 1 | N35: 9 | P35: =SUM(G35:O35) -> 16
B36: Shine | C36: Loke Thar Sd | D36: S/Okkala | H36: 37 | M36: 2 | N36: 5 | P36: =SUM(G36:O36) -> 44
B37: Yarket Nu Wai | C37: Anake Gonkone Rd | D37: Insein | G37: 2 | H37: 14 | I37: 8 | M37: 1 | N37: 7 | P37: =SUM(G37:O37) -> 32
B38: Kayae Yake | C38: Nawayat Rd | D38: Insein | H38: 4 | I38: 8 | M38: 1 | N38: 6 | P38: =SUM(G38:O38) -> 19
A39: 8 | B39: ANT Store | C39: Sake kan Thar Rd | D39: Hlaing Thar Yar | E39: Ma Yee Mon Aung | F39: 09 953844858 | H39: 1 | N39: 7 | O39: 5 | P39: =SUM(G39:O39) -> 13
B40: 124 Store | C40: Padamyar Rd | D40: Hlaing Thar Yar | H40: 9 | N40: 24 | O40: 8 | P40: =SUM(G40:O40) -> 41
B41: Nat Thit Oo | C41: Take Htae Sd | D41: Hlaing thar Yar | H41: 12 | I41: 1 | M41: 1 | N41: 19 | O41: 8 | P41: =SUM(G41:O41) -> 41
B42: Shwe Htoo | C42: (1) Thake Sd | D42: Hlaing thar Yar | H42: 13 | I42: 3 | M42: 6 | N42: 18 | P42: =SUM(G42:O42) -> 40
B43: Pan Nadi Hlaing (2) | C43: Chit Kyi Yae Rd | D43: Hlaing thar Yar | G43: 1 | H43: 17 | I43: 3 | N43: 17 | P43: =SUM(G43:O43) -> 38
A44: 9 | B44: Arkar Tha 2 | C44: Sake kan Thar Rd | D44: Hlaing Thar Yar | E44: Ma Shwe Sin Win | F44: 09 697220669 | H44: 4 | N44: 1 | O44: 2 | P44: =SUM(G44:O44) -> 7
B45: Yar Pyae San | C45: Zay Rd | D45: Hlaing Thar Yar | G45: 2 | H45: 9 | M45: 1 | N45: 19 | P45: =SUM(G45:O45) -> 31
B46: Okk Kar | C46: Pi Moe Hinn Sd | D46: Hlaing thar Yar | H46: 23 | I46: 1 | N46: 5 | P46: =SUM(G46:O46) -> 29
B47: Pan Nadi Hlaing (1) | C47: Taungnu Rd | D47: Hlaing thar Yar | H47: 36 | I47: 3 | N47: 44 | O47: 4 | P47: =SUM(G47:O47) -> 87
B48: GC | C48: Bo Aung Kyaw Rd | D48: Hlaing thar Yar | G48: 1 | H48: 11 | I48: 2 | N48: 18 | O48: 3 | P48: =SUM(G48:O48) -> 35
A49: 10 | B49: Family | C49: Mandalay Lan Tawe | D49: Mangalar T/N | E49: Naw Kyi Phyu Thein | F49: 09-751050544 | H49: 1 | I49: 3 | P49: =SUM(G49:O49) -> 4
B50: Shwe Yee Linn | C50: Padamyar Rd | D50: Mangalardon | H50: 31 | I50: 3 | N50: 29 | P50: =SUM(G50:O50) -> 63
B51: Shin Shin | C51: Joephyu Rd | D51: Mangalardon | H51: 3 | N51: 4 | P51: =SUM(G51:O51) -> 7
A52: 11 | B52: Zaw | C52: Kyan Sitt Thar Rd | D52: Hlaing Thar Yar | E52: Ma Ei May Thu | F52: 09 987339189 | G52: 1 | N52: 4 | P52: =SUM(G52:O52) -> 5
B53: Nay La | C53: Kyan Sitt Thar Rd | D53: Hlaing Thar Yar | H53: 32 | I53: 8 | N53: 59 | O53: 28 | P53: =SUM(G53:O53) -> 127
B54: Hlaing Min Htet | C54: Pi Moe Hinn Sd | D54: Hlaing thar Yar | H54: 19 | I54: 3 | M54: 1 | N54: 24 | O54: 10 | P54: =SUM(G54:O54) -> 57
B55: Shwe Yi Khatt | C55: Taungnu Rd | D55: Hlaing Thar Yar Route (1) | H55: 20 | I55: 3 | N55: 63 | P55: =SUM(G55:O55) -> 86
B56: Linn | C56: Bo Aung Kyaw Rd | D56: Hlaing Thar Yar Route (1) | H56: 14 | I56: 1 | N56: 66 | P56: =SUM(G56:O56) -> 81
A57: 12 | B57: Hlaing Bwar 2 | C57: Sake kan Thar Rd | D57: Hlaing Thar Yar | E57: Ma Zin Mar Phyo | F57: 09 404979290 | H57: 3 | N57: 1 | P57: =SUM(G57:O57) -> 4
B58: Nay La2 | C58: Sake kan Thar Rd | D58: Hlaing thar Yar | H58: 2 | N58: 7 | P58: =SUM(G58:O58) -> 9
B59: Shwe Htoo | C59: (1) Thake Sd | D59: Hlaing thar Yar | H59: 10 | I59: 2 | N59: 14 | O59: 1 | P59: =SUM(G59:O59) -> 27
B60: Nat Thit Oo | C60: Take Htae Sd | D60: Hlaing thar Yar | H60: 13 | I60: 7 | N60: 23 | O60: 5 | P60: =SUM(G60:O60) -> 48
B61: Pan Nadi Hlaing (1) | C61: Taungnu Rd | D61: Hlaing thar Yar | H61: 23 | M61: 3 | N61: 26 | P61: =SUM(G61:O61) -> 52
A62: 13 | B62: Aung zay | C62: Nawe Thar Gi Rd | D62: N/Oakkala | E62: Ma Htet Htet Hlaing | F62: 09-675163225 | H62: 2 | N62: 3 | P62: =SUM(G62:O62) -> 5
B63: Take Nay Wone | C63: Sake kan Thar Rd | D63: Hlaing thar Yar | H63: 2 | I63: 1 | M63: 2 | N63: 13 | O63: 2 | P63: =SUM(G63:O63) -> 20
B64: Dana Toe(2) | C64: Pamoe Hinn Rd | D64: Hlaing Thar Yar Route (1) | H64: 4 | I64: 1 | N64: 1 | P64: =SUM(G64:O64) -> 6
B65: Nadai | C65: Bogyoke Aung San Rd | D65: Hlaing Thar Yar Route (1) | H65: 7 | N65: 1 | O65: 13 | P65: =SUM(G65:O65) -> 21
B66: AhTwae Thit | C66: Chit Kyi Yae Rd | D66: Hlaing thar Yar | H66: 14 | I66: 5 | N66: 2 | O66: 2 | P66: =SUM(G66:O66) -> 23
A67: 14 | B67: Sare Muke | C67: Ka Mar Thi Rd | D67: N/Oakkala | E67: Ma Ei Thuzar Oo | F67: 09-668929420 | G67: 1 | H67: 2 | N67: 10 | P67: =SUM(G67:O67) -> 13
B68: May | C68: Shin Thita Sd | D68: S/Okkala | H68: 8 | I68: 14 | N68: 2 | P68: =SUM(G68:O68) -> 24
B69: Kaung Myant | C69: Myinttar (11)Sd | D69: S/Okkala | G69: 1 | H69: 42 | M69: 2 | N69: 25 | P69: =SUM(G69:O69) -> 70
B70: Ma Thwe | C70: Nawayat Rd | D70: Insein | G70: 1 | H70: 7 | I70: 4 | N70: 7 | P70: =SUM(G70:O70) -> 19
B71: Tay Moe San | C71: Aung Thapay Rd | D71: Hlaing | H71: 3 | I71: 2 | N71: 1 | P71: =SUM(G71:O71) -> 6
B72: A&T | C72: Pa 50 Lan Baho | D72: Hlaing | H72: 3 | I72: 4 | M72: 1 | N72: 6 | P72: =SUM(G72:O72) -> 14
A73: 15 | B73: Take Nay Wone | C73: Sake kan Thar Rd | D73: Hlaing thar Yar | E73: Ma Moe Thandar Oo | F73: 09-894618967 | H73: 1 | M73: 1 | N73: 11 | O73: 1 | P73: =SUM(G73:O73) -> 14
B74: Nadai | C74: Bogyoke Aung San Rd | D74: Hlaing Thar Yar Route (1) | H74: 1 | I74: 5 | M74: 3 | N74: 7 | O74: 6 | P74: =SUM(G74:O74) -> 22
B75: Okk Kar | C75: Pi Moe Hinn Sd | D75: Hlaing thar Yar | G75: 2 | H75: 7 | I75: 15 | N75: 4 | O75: 3 | P75: =SUM(G75:O75) -> 31
B76: Pyae Tawtar | C76: Chit Kyi Yae Rd | D76: Hlaing Thar Yar | H76: 6 | I76: 28 | M76: 2 | N76: 15 | O76: 4 | P76: =SUM(G76:O76) -> 55
A77: 16 | B77: Khun Myant | C77: Nuaung Yann Rd | D77: S Paukkan N/Oakkala | E77: Ma Shwe Yee Win | F77: 099-51659610 | I77: 2 | M77: 1 | N77: 1 | P77: =SUM(G77:O77) -> 4
B78: Venus | C78: LokaLaweYal Sd | D78: S/Okkala | H78: 9 | I78: 14 | N78: 17 | P78: =SUM(G78:O78) -> 40
B79: Venus 2 | C79: Loke Thar Sd | D79: S/Okkala | H79: 7 | I79: 3 | M79: 1 | N79: 26 | P79: =SUM(G79:O79) -> 37
B80: Tay Moe San | C80: Aung Thapay Rd | D80: Hlaing | G80: 1 | H80: 17 | I80: 8 | N80: 10 | P80: =SUM(G80:O80) -> 36
B81: Ma Thwe | C81: Nawayat Rd | D81: Insein | H81: 4 | I81: 4 | N81: 5 | P81: =SUM(G81:O81) -> 13
A82: 17 | B82: Sakarwar 2 | C82: Nawe Ni Rd | D82: N/Oakkala | E82: Ma Thaw Thaw Win | F82: 09-66554047 | H82: 3 | M82: 1 | N82: 5 | P82: =SUM(G82:O82) -> 9
B83: Kaung Myant | C83: Myinttar (11)Sd | D83: S/Okkala | G83: 3 | H83: 23 | N83: 16 | P83: =SUM(G83:O83) -> 42
B84: Ko Chit Twe | C84: LokaLaweYal Sd | D84: S/Okkala | G84: 1 | H84: 44 | I84: 26 | N84: 11 | P84: =SUM(G84:O84) -> 82
B85: Ko Kyaw | C85: Magin Kyawan Rd | D85: Insein | G85: 3 | H85: 29 | I85: 8 | N85: 12 | P85: =SUM(G85:O85) -> 52
B86: A&T | C86: Pa 50 Lan Baho | D86: Hlaing | H86: 13 | I86: 2 | M86: 5 | N86: 9 | P86: =SUM(G86:O86) -> 29
A87: 18 | B87: Sakarwar 1 | C87: Lan Wa Rd | D87: N/Oakkala | E87: Ma Htet Ei Ei Khaing | F87: 09-972309027 | H87: 4 | M87: 1 | N87: 2 | P87: =SUM(G87:O87) -> 7
B88: Ko Chit Twe | C88: LokaLaweYal Sd | D88: S/Okkala | G88: 7 | H88: 33 | I88: 13 | M88: 1 | N88: 7 | P88: =SUM(G88:O88) -> 61
B89: Shwe Myaing | C89: Baho Rd | D89: Hlaing | G89: 1 | H89: 12 | I89: 25 | M89: 1 | N89: 11 | P89: =SUM(G89:O89) -> 50
B90: Ko Kyaw | C90: Magin Kyawan Rd | D90: Insein | G90: 3 | H90: 31 | I90: 9 | N90: 13 | P90: =SUM(G90:O90) -> 56
A91: 19 | B91: Nay La | C91: Kyan Sitt Thar Rd | D91: Hlaing Thar Yar | E91: Ma Kaythi Aung | F91: 09-258599042 | H91: 4 | N91: 7 | O91: 7 | P91: =SUM(G91:O91) -> 18
B92: Zaw | C92: Kyan Sitt Thar Rd | D92: Hlaing Thar Yar | G92: 3 | H92: 9 | I92: 4 | N92: 17 | P92: =SUM(G92:O92) -> 33
B93: Hein | C93: Pi Moe Hinn Sd | D93: Hlaing thar Yar | H93: 17 | I93: 28 | N93: 59 | P93: =SUM(G93:O93) -> 104
B94: Soon Pyan | C94: Bo Aung Kyaw Rd | D94: Hlaing Thar Yar Route (1) | H94: 6 | I94: 3 | N94: 6 | P94: =SUM(G94:O94) -> 15
A95: 20 | B95: Ka Dai Hein | C95: Kan Bae Botar Zay Rd | D95: YanKin | E95: Nilar Shwe | F95: 09-400291313 | H95: 6 | I95: 2 | N95: 6 | P95: =SUM(G95:O95) -> 14
B96: Shine | C96: Loke Thar Sd | D96: S/Okkala | H96: 28 | N96: 4 | P96: =SUM(G96:O96) -> 32
B97: Shwe Nan Myint | C97: Byarmasoe Sd | D97: S/Okkala | H97: 26 | I97: 6 | M97: 1 | N97: 3 | P97: =SUM(G97:O97) -> 36
B98: Family Store | C98: Thanmine Lansone | D98: Hlaing | G98: 1 | H98: 25 | I98: 3 | M98: 1 | N98: 14 | P98: =SUM(G98:O98) -> 44
B99: Shwe Myaing | C99: Baho Rd | D99: Hlaing | G99: 1 | H99: 16 | I99: 4 | N99: 13 | P99: =SUM(G99:O99) -> 34
A100: 21 | B100: Kyout Lan Htate | C100: Bagan Rd | D100: S Paukkan N/Oakkala | E100: Ei Zin Wai | F100: 09-773387161 | H100: 3 | N100: 1 | P100: =SUM(G100:O100) -> 4
B101: Shwe Nan Myint | C101: Byarmasoe Sd | D101: S/Okkala | G101: 3 | H101: 21 | I101: 16 | N101: 11 | P101: =SUM(G101:O101) -> 51
...

Sheet 1.3.25-15.3.25
A1: Yangon PG sale report (1-3-2025) to (15-3-2025)
A2: 1 | B2: Shop name | C2: Shop Address | D2: Township | E2: PG Name | F2: Ph.no | G2: Columbus Super red smooth | J2: Columbus Original | M2: Formula Rum | O2: ဒဂုံမန်ကျည်း | P2: Total
G3: 700ml | H3: 350ml | I3: 175ml | J3: 700ml | K3: 350ml | L3: 175ml | M3: 700ml | N3: 350ml
A5: 1 | B5: Kaung Kin Think 2 | C5: MyintZuu Thaka Rd | D5: Mangalardon | E5: Ma Thuzar Aung | F5: 09-898146525 | H5: 6 | I5: 3 | N5: 1 | P5: =SUM(G5:O5) -> 10
B6: Sin Pauk | C6: Hlawaga Rd | D6: Shwepyithar | H6: 8 | I6: 4 | M6: 1 | N6: 8 | P6: =SUM(G6:O6) -> 21
B7: Chit Paing | C7: Bo Aung Kyaw Rd | D7: Hlaing Thar Yar Route (1) | G7: 1 | H7: 10 | I7: 4 | N7: 6 | O7: 5 | P7: =SUM(G7:O7) -> 26
A8: 2 | B8: Happy Day | C8: Padamyar Rd | D8: Mangalardon | E8: Ma Jue Jue Hlaing | F8: 09-986169990 | H8: 9 | I8: 6 | N8: 3 | P8: =SUM(G8:O8) -> 18
B9: Min Satae Kyatt | C9: Hlawaga Rd | D9: Shwepyithar | G9: 1 | H9: 34 | I9: 8 | M9: 3 | N9: 39 | P9: =SUM(G9:O9) -> 85
B10: Wine | C10: Hlawaga Rd | D10: Shwepyithar | G10: 4 | H10: 41 | I10: 18 | M10: 7 | N10: 33 | P10: =SUM(G10:O10) -> 103
A11: 3 | B11: Su | C11: Aung Sinkhoe Rd | D11: Mangalardon | E11: Ma Nway Hnin Moe | F11: 09-983002374 | H11: 6 | I11: 5 | N11: 7 | P11: =SUM(G11:O11) -> 18
B12: Yar Noune Pyay | C12: Hlawaga Rd | D12: Shwepyithar | H12: 13 | I12: 8 | M12: 7 | N12: 58 | P12: =SUM(G12:O12) -> 86
B13: Myintmo | C13: Bayin Naung Rd | D13: Shwepyithar | H13: 14 | I13: 11 | M13: 2 | N13: 30 | P13: =SUM(G13:O13) -> 57
A14: 4 | B14: San Thit | C14: Joephyu Rd | D14: Mangalardon | E14: Ma Hnin Pwint Phyu | F14: 09-773993352 | H14: 5 | I14: 10 | N14: 1 | P14: =SUM(G14:O14) -> 16
B15: Nan Htet | C15: Sitkaind Rd | D15: S Paukkan N/Oakkala | H15: 7 | I15: 2 | N15: 6 | P15: =SUM(G15:O15) -> 15
B16: 16 G(2) | C16: Taungnu Rd | D16: S Paukkan N/Oakkala | G16: 2 | H16: 31 | I16: 5 | M16: 2 | N16: 15 | P16: =SUM(G16:O16) -> 55
A17: 5 | B17: Smile Moon | C17: Joephyu Rd | D17: Mangalardon | E17: Ma Phyo Phyo Wai | F17: 09-774485332 | H17: 1 | N17: 2 | P17: =SUM(G17:O17) -> 3
B18: Myintmo | C18: Bayin Naung Rd | D18: Shwepyithar | H18: 32 | I18: 12 | M18: 1 | N18: 15 | P18: =SUM(G18:O18) -> 60
B19: KZ | C19: kantharyar Rd | D19: Shwepyithar | H19: 21 | I19: 15 | M19: 2 | N19: 16 | P19: =SUM(G19:O19) -> 54
A20: 6 | B20: Shwe Yee Linn | C20: Padamyar Rd | D20: Mangalardon | E20: Ma Sandar Hlaing | F20: 09-660417209 | H20: 3 | I20: 4 | P20: =SUM(G20:O20) -> 7
B21: Than Htet kyaw | C21: Palal rd | D21: Shwepyithar | H21: 23 | I21: 4 | M21: 1 | N21: 6 | P21: =SUM(G21:O21) -> 34
B22: Sin Pauk | C22: Hlawaga Rd | D22: Shwepyithar | G22: 2 | H22: 6 | I22: 1 | N22: 8 | P22: =SUM(G22:O22) -> 17
A23: 7 | B23: Kayae Yake | C23: Nawayat Rd | D23: Insein | E23: Ma Lae Lae Tun | F23: 09 677196046 | G23: 1 | H23: 2 | I23: 2 | N23: 4 | P23: =SUM(G23:O23) -> 9
B24: Nan Htet | C24: Sitkaind Rd | D24: S Paukkan N/Oakkala | H24: 18 | I24: 15 | M24: 2 | N24: 23 | P24: =SUM(G24:O24) -> 58
B25: Htet Lwin | C25: Bagan Rd | D25: S Paukkan N/Oakkala | H25: 23 | I25: 19 | N25: 17 | P25: =SUM(G25:O25) -> 59
A26: 8 | B26: Pan Nadi Hlaing (2) | C26: Chit Kyi Yae Rd | D26: Hlaing thar Yar | E26: Ma Yee Mon Aung | F26: 09 953844858 | H26: 2 | I26: 1 | N26: 2 | P26: =SUM(G26:O26) -> 5
B27: Nge paung | C27: Bo Aung Kyaw Rd | D27: Hlaingtharyar | G27: 1 | H27: 10 | I27: 5 | M27: 4 | N27: 24 | O27: 5 | P27: =SUM(G27:O27) -> 49
B28: Pyae Maher | C28: Bo Aung Kyaw Rd | D28: Hlaingtharyar | G28: 1 | H28: 6 | I28: 4 | M28: 2 | N28: 27 | O28: 39 | P28: =SUM(G28:O28) -> 79
A29: 9 | B29: GC | C29: Bo Aung Kyaw Rd | D29: Hlaing thar Yar | E29: Ma Shwe Sin Win | F29: 09 697220669 | H29: 4 | I29: 1 | N29: 4 | O29: 1 | P29: =SUM(G29:O29) -> 10
B30: Soon Pyan | C30: Bo Aung Kyaw Rd | D30: Hlaing Thar Yar Route (1) | H30: 14 | N30: 3 | O30: 7 | P30: =SUM(G30:O30) -> 24
B31: Yazar | C31: Mandalay Rd | D31: Hlaing Thar Yar Route (1) | G31: 1 | H31: 5 | I31: 4 | N31: 5 | O31: 3 | P31: =SUM(G31:O31) -> 18
A32: 10 | B32: Shin Shin | C32: Joephyu Rd | D32: Mangalardon | E32: Naw Kyi Phyu Thein | F32: 09-751050544 | H32: 3 | I32: 2 | M32: 2 | N32: 2 | P32: =SUM(G32:O32) -> 9
B33: Wine | C33: Hlawaga Rd | D33: Shwepyithar | G33: 4 | H33: 55 | I33: 7 | M33: 8 | N33: 28 | P33: =SUM(G33:O33) -> 102
B34: Than Htet kyaw | C34: Palal rd | D34: Shwepyithar | G34: 2 | H34: 19 | I34: 7 | N34: 12 | P34: =SUM(G34:O34) -> 40
A35: 11 | B35: Linn | C35: Bo Aung Kyaw Rd | D35: Hlaing Thar Yar Route (1) | E35: Ma Ei May Thu | F35: 09 987339189 | H35: 3 | N35: 18 | P35: =SUM(G35:O35) -> 21
B36: Chit Paing | C36: Bo Aung Kyaw Rd | D36: Hlaing Thar Yar Route (1) | H36: 12 | I36: 1 | N36: 25 | O36: 12 | P36: =SUM(G36:O36) -> 50
B37: Thaka Kyi | C37: Mandalay Rd | D37: Hlaing Thar Yar Route (1) | H37: 10 | I37: 3 | N37: 56 | O37: 2 | P37: =SUM(G37:O37) -> 71
A38: 12 | B38: Pan Nadi Hlaing (1) | C38: Taungnu Rd | D38: Hlaing thar Yar | E38: Ma Zin Mar Phyo | F38: 09 404979290 | H38: 3 | I38: 2 | N38: 9 | P38: =SUM(G38:O38) -> 14
B39: Pan Nadi Hlaing (2) | C39: Chit Kyi Yae Rd | D39: Hlaing thar Yar | H39: 26 | M39: 1 | N39: 10 | O39: 3 | P39: =SUM(G39:O39) -> 40
B40: Shwe Payi(1) | C40: Mandalay Rd | D40: Hlaing Thar Yar Route (1) | H40: 8 | N40: 8 | P40: =SUM(G40:O40) -> 16
A41: 13 | B41: AhTwae Thit | C41: Chit Kyi Yae Rd | D41: Hlaing thar Yar | E41: Ma Htet Htet Hlaing | F41: 09-675163225 | H41: 3 | I41: 6 | P41: =SUM(G41:O41) -> 9
B42: Pyae Maher | C42: Bo Aung Kyaw Rd | D42: Hlaingtharyar | G42: 3 | H42: 16 | I42: 6 | M42: 2 | N42: 16 | O42: 45 | P42: =SUM(G42:O42) -> 88
B43: Nge paung | C43: Bo Aung Kyaw Rd | D43: Hlaingtharyar | H43: 4 | I43: 1 | M43: 2 | N43: 3 | O43: 2 | P43: =SUM(G43:O43) -> 12
A44: 14 | B44: Kyaw | C44: Bagan Rd | D44: S Paukkan N/Oakkala | E44: Ma Ei Thuzar Oo | F44: 09-668929420 | H44: 27 | I44: 15 | N44: 26 | P44: =SUM(G44:O44) -> 68
B45: 16 G(2) | C45: Taungnu Rd | D45: S Paukkan N/Oakkala | G45: 1 | H45: 8 | I45: 7 | M45: 1 | N45: 8 | P45: =SUM(G45:O45) -> 25
A46: 15 | B46: Pyae Tawtar | C46: Chit Kyi Yae Rd | D46: Hlaing Thar Yar | E46: Ma Moe Thandar Oo | F46: 09-894618967 | H46: 1 | I46: 6 | N46: 2 | O46: 1 | P46: =SUM(G46:O46) -> 10
B47: GC | C47: Bo Aung Kyaw Rd | D47: Hlaing thar Yar | G47: 1 | H47: 5 | I47: 17 | N47: 37 | O47: 1 | P47: =SUM(G47:O47) -> 61
B48: Min Satae Kyatt | C48: Hlawaga Rd | D48: Shwepyithar | H48: 14 | I48: 28 | N48: 23 | P48: =SUM(G48:O48) -> 65
A49: 16 | B49: Ma Thwe | C49: Nawayat Rd | D49: Insein | E49: Ma Shwe Yee Win | F49: 099-51659610 | H49: 1 | I49: 3 | N49: 1 | P49: =SUM(G49:O49) -> 5
B50: Sein Si Tun | C50: Yazar Deright Rd | D50: S Paukkan N/Oakkala | H50: 13 | I50: 14 | N50: 19 | P50: =SUM(G50:O50) -> 46
B51: 16 G (1) | C51: Innwa Rd | D51: S Paukkan N/Oakkala | G51: 3 | H51: 9 | I51: 22 | N51: 26 | P51: =SUM(G51:O51) -> 60
A52: 17 | B52: A&T | C52: Pa 50 Lan Baho | D52: Hlaing | E52: Ma Thaw Thaw Win | F52: 09-66554047 | H52: 6 | I52: 2 | N52: 4 | P52: =SUM(G52:O52) -> 12
B53: Shwe Dinker | C53: Paung Kan Gd | D53: S Paukkan N/Oakkala | G53: 2 | H53: 17 | I53: 4 | M53: 1 | N53: 6 | P53: =SUM(G53:O53) -> 30
B54: Sein Si Tun | C54: Yazar Deright Rd | D54: S Paukkan N/Oakkala | G54: 1 | H54: 11 | I54: 12 | M54: 1 | N54: 8 | P54: =SUM(G54:O54) -> 33
A55: 18 | B55: Ko Kyaw | C55: Magin Kyawan Rd | D55: Insein | E55: Ma Htet Ei Ei Khaing | F55: 09-972309027 | G55: 1 | H55: 8 | I55: 1 | P55: =SUM(G55:O55) -> 10
B56: Htet Lwin | C56: Bagan Rd | D56: S Paukkan N/Oakkala | H56: 28 | I56: 22 | N56: 16 | P56: =SUM(G56:O56) -> 66
B57: Nan Htet | C57: Sitkaind Rd | D57: S Paukkan N/Oakkala | G57: 3 | H57: 13 | I57: 5 | N57: 29 | P57: =SUM(G57:O57) -> 50
A58: 19 | B58: Soon Pyan | C58: Bo Aung Kyaw Rd | D58: Hlaing Thar Yar Route (1) | E58: Ma Kaythi Aung | F58: 09-258599042 | H58: 4 | I58: 4 | N58: 3 | P58: =SUM(G58:O58) -> 11
B59: Linn | C59: Bo Aung Kyaw Rd | D59: Hlaing Thar Yar Route (1) | H59: 18 | I59: 4 | N59: 39 | P59: =SUM(G59:O59) -> 61
B60: Mya Myintmo | C60: Mya Yatu Sd | D60: Hlaingtharyar | H60: 4 | I60: 5 | N60: 14 | O60: 5 | P60: =SUM(G60:O60) -> 28
A61: 20 | B61: Shwe Myaing | C61: Baho Rd | D61: Hlaing | E61: Nilar Shwe | F61: 09-400291313 | H61: 4 | N61: 2 | P61: =SUM(G61:O61) -> 6
B62: 16 G (1) | C62: Innwa Rd | D62: S Paukkan N/Oakkala | G62: 3 | H62: 22 | I62: 14 | N62: 9 | P62: =SUM(G62:O62) -> 48
B63: Shwe Dinker | C63: Paung Kan Gd | D63: S Paukkan N/Oakkala | H63: 12 | I63: 13 | N63: 9 | P63: =SUM(G63:O63) -> 34
A64: 21 | B64: Yarket Nu Wai | C64: Anake Gonkone Rd | D64: Insein | E64: Ei Zin Wai | F64: 09-773387161 | H64: 4 | I64: 4 | N64: 5 | P64: =SUM(G64:O64) -> 13
B65: 16 G(2) | C65: Taungnu Rd | D65: S Paukkan N/Oakkala | H65: 24 | I65: 23 | N65: 29 | P65: =SUM(G65:O65) -> 76
B66: Kyaw | C66: Bagan Rd | D66: S Paukkan N/Oakkala | G66: 3 | H66: 14 | I66: 21 | M66: 2 | N66: 23 | P66: =SUM(G66:O66) -> 63
A67: 22 | B67: Family Store | C67: Thanmine Lansone | D67: Hlaing | E67: Ei Ei Thu | F67: 09-403000048 | H67: 3 | I67: 1 | N67: 6 | P67: =SUM(G67:O67) -> 10
B68: KZ | C68: kantharyar Rd | D68: Shwepyithar | H68: 20 | I68: 14 | M68: 1 | N68: 12 | P68: =SUM(G68:O68) -> 47
B69: Yar Noune Pyay | C69: Hlawaga Rd | D69: Shwepyithar | G69: 5 | H69: 8 | I69: 10 | M69: 8 | N69: 39 | P69: =SUM(G69:O69) -> 70
A70: 23 | B70: Shwe Yi Khatt | C70: Taungnu Rd | D70: Hlaing Thar Yar Route (1) | E70: Aye Chan Moe | F70: 09-425669739 | I70: 1 | N70: 3 | P70: =SUM(G70:O70) -> 4
B71: AhTwae Thit | C71: Chit Kyi Yae Rd | D71: Hlaing thar Yar | G71: 6 | H71: 8 | I71: 2 | N71: 7 | P71: =SUM(G71:O71) -> 23
B72: Shwe Payi(2) | C72: Mya Yatu Sd | D72: Hlaingtharyar | M72: 1 | N72: 12 | P72: =SUM(G72:O72) -> 13
G73: =SUM(G4:G72) -> 52 | H73: =SUM(H4:H72) -> 822 | I73: =SUM(I4:I72) -> 480 | J73: =SUM(J4:J72) -> 0 | K73: =SUM(K4:K72) -> 0 | L73: =SUM(L4:L72) -> 0 | M73: =SUM(M4:M72) -> 64 | N73: =SUM(N4:N72) -> 967 | ... P73: =SUM(P4:P72) -> 2516

Sheet March- Monthly
A1: Yangon PG sale report March monthly
A2: 1 | B2: Shop name | C2: Shop Address | D2: Township | E2: PG Name | F2: Ph.no | G2: Columbus Super red smooth | J2: Columbus Original | M2: Formula Rum | O2: ဒဂုံမန်ကျည်း | P2: Total
G3: 700ml | H3: 350ml | I3: 175ml | J3: 700ml | K3: 350ml | L3: 175ml | M3: 700ml | N3: 350ml
A5: 1 | B5: Kaung Kin Think 2 | C5: MyintZuu Thaka Rd | D5: Mangalardon | E5: Ma Thuzar Aung | F5: 09-898146525 | H5: 6 | I5: 3 | N5: 1 | P5: =SUM(G5:O5) -> 10
B6: Sin Pauk | C6: Hlawaga Rd | D6: Shwepyithar | H6: 8 | I6: 4 | M6: 1 | N6: 8 | P6: =SUM(G6:O6) -> 21
B7: Chit Paing | C7: Bo Aung Kyaw Rd | D7: Hlaing Thar Yar Route (1) | G7: 1 | H7: 10 | I7: 4 | N7: 6 | O7: 5 | P7: =SUM(G7:O7) -> 26
B8: Nyein Nwe | C8: Innwa Rd | D8: N/Oakkala | G8: 1 | H8: 45 | I8: 9 | N8: 13 | P8: =SUM(G8:O8) -> 68
B9: Shwe Lawone | C9: Ye Yanaing Rd | D9: Shwepyithar | H9: 25 | I9: 3 | N9: 6 | P9: =SUM(G9:O9) -> 34
B10: Ka Dai Hein | C10: Kan Bae Botar Zay Rd | D10: YanKin | H10: 2 | I10: 3 | M10: 2 | N10: 5 | P10: =SUM(G10:O10) -> 12
A11: 2 | B11: Happy Day | C11: Padamyar Rd | D11: Mangalardon | E11: Ma Jue Jue Hlaing | F11: 09-986169990 | H11: 9 | I11: 6 | N11: 3 | P11: =SUM(G11:O11) -> 18
B12: Min Satae Kyatt | C12: Hlawaga Rd | D12: Shwepyithar | G12: 1 | H12: 34 | I12: 8 | M12: 3 | N12: 39 | P12: =SUM(G12:O12) -> 85
B13: Wine | C13: Hlawaga Rd | D13: Shwepyithar | G13: 4 | H13: 41 | I13: 18 | M13: 7 | N13: 33 | P13: =SUM(G13:O13) -> 103
B14: Kaung | C14: Nuaung Yann Rd | D14: S Paukkan N/Oakkala | G14: 1 | H14: 36 | I14: 6 | M14: 4 | N14: 43 | P14: =SUM(G14:O14) -> 90
B15: Cheer | C15: ThanDin Zay Rd | D15: Shwepyithar | G15: 1 | H15: 58 | I15: 4 | N15: 28 | P15: =SUM(G15:O15) -> 91
B16: Aung Family | C16: SakeSan (9) Lan | D16: Mangalar T/N | H16: 3 | M16: 1 | N16: 5 | P16: =SUM(G16:O16) -> 9
A17: 3 | B17: Su | C17: Aung Sinkhoe Rd | D17: Mangalardon | E17: Ma Nway Hnin Moe | F17: 09-983002374 | H17: 6 | I17: 5 | N17: 7 | P17: =SUM(G17:O17) -> 18
B18: Yar Noune Pyay | C18: Hlawaga Rd | D18: Shwepyithar | H18: 13 | I18: 8 | M18: 7 | N18: 58 | P18: =SUM(G18:O18) -> 86
B19: Myintmo | C19: Bayin Naung Rd | D19: Shwepyithar | H19: 14 | I19: 11 | M19: 2 | N19: 30 | P19: =SUM(G19:O19) -> 57
B20: Malar | C20: Innwa Rd | D20: N/Oakkala | G20: 1 | H20: 23 | I20: 11 | M20: 1 | N20: 10 | P20: =SUM(G20:O20) -> 46
B21: NI Ni Poe poe | C21: Ye Yanaing Rd | D21: Shwepyithar | H21: 38 | I21: 4 | M21: 15 | N21: 66 | P21: =SUM(G21:O21) -> 123
B22: Moe Htety | C22: S Paukkan Rd | D22: S Paukkan N/Oakkala | H22: 13 | N22: 4 | P22: =SUM(G22:O22) -> 17
A23: 4 | B23: San Thit | C23: Joephyu Rd | D23: Mangalardon | E23: Ma Hnin Pwint Phyu | F23: 09-773993352 | H23: 5 | I23: 10 | N23: 1 | P23: =SUM(G23:O23) -> 16
B24: Nan Htet | C24: Sitkaind Rd | D24: S Paukkan N/Oakkala | H24: 7 | I24: 2 | N24: 6 | P24: =SUM(G24:O24) -> 15
B25: 16 G(2) | C25: Taungnu Rd | D25: S Paukkan N/Oakkala | G25: 2 | H25: 31 | I25: 5 | M25: 2 | N25: 15 | P25: =SUM(G25:O25) -> 55
B26: Paddue War | C26: Bayane naung Rd | D26: N/Oakkala | H26: 44 | I26: 11 | M26: 1 | N26: 27 | P26: =SUM(G26:O26) -> 83
B27: Htar Ware htat | C27: Ae Ta ka (1) Rd | D27: N/Oakkala | G27: 3 | H27: 32 | M27: 1 | N27: 12 | P27: =SUM(G27:O27) -> 48
B28: Naung Yoe | C28: Thamain Bamyan Rd | D28: Mangalar T/N | H28: 8 | M28: 1 | N28: 4 | P28: =SUM(G28:O28) -> 13
A29: 5 | B29: Smile Moon | C29: Joephyu Rd | D29: Mangalardon | E29: Ma Phyo Phyo Wai | F29: 09-774485332 | H29: 1 | N29: 2 | P29: =SUM(G29:O29) -> 3
B30: Myintmo | C30: Bayin Naung Rd | D30: Shwepyithar | H30: 32 | I30: 12 | M30: 1 | N30: 15 | P30: =SUM(G30:O30) -> 60
B31: KZ | C31: kantharyar Rd | D31: Shwepyithar | H31: 21 | I31: 15 | M31: 2 | N31: 16 | P31: =SUM(G31:O31) -> 54
B32: Sakarwar 1 | C32: Lan Wa Rd | D32: N/Oakkala | H32: 16 | I32: 6 | M32: 8 | N32: 8 | P32: =SUM(G32:O32) -> 38
B33: Kyi Thar Oo(2) | C33: Bayin Naung St | D33: Htan Ta Pin | G33: 1 | H33: 1 | I33: 2 | M33: 4 | N33: 12 | P33: =SUM(G33:O33) -> 20
B34: Style 2 | C34: Thamain Bamyan Rd | D34: Mangalar T/N | H34: 9 | M34: 3 | N34: 6 | P34: =SUM(G34:O34) -> 18
A35: 6 | B35: Shwe Yee Linn | C35: Padamyar Rd | D35: Mangalardon | E35: Ma Sandar Hlaing | F35: 09-660417209 | H35: 3 | I35: 4 | P35: =SUM(G35:O35) -> 7
B36: Than Htet kyaw | C36: Palal rd | D36: Shwepyithar | H36: 23 | I36: 4 | M36: 1 | N36: 6 | P36: =SUM(G36:O36) -> 34
B37: Sin Pauk | C37: Hlawaga Rd | D37: Shwepyithar | G37: 2 | H37: 6 | I37: 1 | N37: 8 | P37: =SUM(G37:O37) -> 17
B38: Htar Ware htat | C38: Ae Ta ka (1) Rd | D38: N/Oakkala | H38: 6 | I38: 5 | P38: =SUM(G38:O38) -> 11
B39: U Myint Soe | C39: Danyaekone Rd | D39: Shwepyithar | G39: 1 | H39: 13 | I39: 4 | M39: 6 | N39: 56 | P39: =SUM(G39:O39) -> 80
B40: Demo | C40: Thamain Bamyan Rd | D40: Mangalar T/N | H40: 7 | P40: =SUM(G40:O40) -> 7
A41: 7 | B41: Kayae Yake | C41: Nawayat Rd | D41: Insein | E41: Ma Lae Lae Tun | F41: 09 677196046 | G41: 1 | H41: 2 | I41: 2 | N41: 4 | P41: =SUM(G41:O41) -> 9
B42: Nan Htet | C42: Sitkaind Rd | D42: S Paukkan N/Oakkala | H42: 18 | I42: 15 | M42: 2 | N42: 23 | P42: =SUM(G42:O42) -> 58
B43: Htet Lwin | C43: Bagan Rd | D43: S Paukkan N/Oakkala | H43: 23 | I43: 19 | N43: 17 | P43: =SUM(G43:O43) -> 59
B44: NI Ni Poe poe | C44: Ye Yanaing Rd | D44: Shwepyithar | G44: 1 | H44: 25 | I44: 2 | M44: 13 | N44: 32 | P44: =SUM(G44:O44) -> 73
B45: Take Nay Linn | C45: West Yangon University Rd | D45: Htan Ta Pin | H45: 16 | M45: 20 | N45: 65 | P45: =SUM(G45:O45) -> 101
B46: Pyae Wa | C46: S Paukkan Rd | D46: S Paukkan N/Oakkala | H46: 2 | M46: 1 | N46: 5 | P46: =SUM(G46:O46) -> 8
A47: 8 | B47: Pan Nadi Hlaing (2) | C47: Chit Kyi Yae Rd | D47: Hlaing thar Yar | E47: Ma Yee Mon Aung | F47: 09 953844858 | H47: 2 | I47: 1 | N47: 2 | P47: =SUM(G47:O47) -> 5
B48: Nge paung | C48: Bo Aung Kyaw Rd | D48: Hlaingtharyar | G48: 1 | H48: 10 | I48: 5 | M48: 4 | N48: 24 | O48: 5 | P48: =SUM(G48:O48) -> 49
B49: Pyae Maher | C49: Bo Aung Kyaw Rd | D49: Hlaingtharyar | G49: 1 | H49: 6 | I49: 4 | M49: 2 | N49: 27 | O49: 39 | P49: =SUM(G49:O49) -> 79
B50: U Myint Soe | C50: Danyaekone Rd | D50: Shwepyithar | H50: 20 | I50: 9 | M50: 4 | N50: 38 | P50: =SUM(G50:O50) -> 71
B51: Nate Thint | C51: Bayin Naung St | D51: Htan Ta Pin | G51: 7 | H51: 16 | I51: 13 | M51: 5 | N51: 30 | P51: =SUM(G51:O51) -> 71
A52: 9 | B52: GC | C52: Bo Aung Kyaw Rd | D52: Hlaing thar Yar | E52: Ma Shwe Sin Win | F52: 09 697220669 | H52: 4 | I52: 1 | N52: 4 | O52: 1 | P52: =SUM(G52:O52) -> 10
B53: Soon Pyan | C53: Bo Aung Kyaw Rd | D53: Hlaing Thar Yar Route (1) | H53: 14 | N53: 3 | O53: 7 | P53: =SUM(G53:O53) -> 24
B54: Yazar | C54: Mandalay Rd | D54: Hlaing Thar Yar Route (1) | G54: 1 | H54: 5 | I54: 4 | N54: 5 | O54: 3 | P54: =SUM(G54:O54) -> 18
B55: Lamin | C55: No (4) Rd | D55: Shwepyithar | H55: 12 | I55: 7 | M55: 3 | N55: 20 | P55: =SUM(G55:O55) -> 42
B56: Ah linn Young | C56: West Yangon University Rd | D56: Htan Ta Pin | G56: 2 | H56: 17 | N56: 18 | P56: =SUM(G56:O56) -> 37
B57: Kaung Star | C57: West Yangon University Rd | D57: Htan Ta Pin | G57: 2 | H57: 2 | M57: 3 | N57: 3 | P57: =SUM(G57:O57) -> 10
A58: 10 | B58: Shin Shin | C58: Joephyu Rd | D58: Mangalardon | E58: Naw Kyi Phyu Thein | F58: 09-751050544 | H58: 3 | I58: 2 | M58: 2 | N58: 2 | P58: =SUM(G58:O58) -> 9
B59: Wine | C59: Hlawaga Rd | D59: Shwepyithar | G59: 4 | H59: 55 | I59: 7 | M59: 8 | N59: 28 | P59: =SUM(G59:O59) -> 102
B60: Than Htet kyaw | C60: Palal rd | D60: Shwepyithar | G60: 2 | H60: 19 | I60: 7 | N60: 12 | P60: =SUM(G60:O60) -> 40
B61: Thaka Kyi | C61: Mandalay Rd | D61: Hlaing Thar Yar Route (1) | H61: 8 | N61: 11 | P61: =SUM(G61:O61) -> 19
B62: Paddue War | C62: Bayane naung Rd | D62: N/Oakkala | G62: 1 | H62: 28 | I62: 5 | M62: 1 | N62: 38 | P62: =SUM(G62:O62) -> 73
B63: Ah Linn Nike | C63: ThitSar Rd | D63: YanKin | G63: 1 | H63: 9 | N63: 5 | P63: =SUM(G63:O63) -> 15
A64: 11 | B64: Linn | C64: Bo Aung Kyaw Rd | D64: Hlaing Thar Yar Route (1) | E64: Ma Ei May Thu | F64: 09 987339189 | H64: 3 | N64: 18 | P64: =SUM(G64:O64) -> 21
B65: Chit Paing | C65: Bo Aung Kyaw Rd | D65: Hlaing Thar Yar Route (1) | H65: 12 | I65: 1 | N65: 25 | O65: 12 | P65: =SUM(G65:O65) -> 50
B66: Thaka Kyi | C66: Mandalay Rd | D66: Hlaing Thar Yar Route (1) | H66: 10 | I66: 3 | N66: 56 | O66: 2 | P66: =SUM(G66:O66) -> 71
B67: Than Htet kyaw | C67: Palal rd | D67: Shwepyithar | G67: 1 | H67: 39 | I67: 4 | N67: 20 | P67: =SUM(G67:O67) -> 64
B68: Kaung Star | C68: West Yangon University Rd | D68: Htan Ta Pin | G68: 2 | H68: 7 | M68: 3 | N68: 70 | P68: =SUM(G68:O68) -> 82
B69: Take Nay Linn | C69: West Yangon University Rd | D69: Htan Ta Pin | H69: 4 | M69: 2 | N69: 15 | P69: =SUM(G69:O69) -> 21
A70: 12 | B70: Pan Nadi Hlaing (1) | C70: Taungnu Rd | D70: Hlaing thar Yar | E70: Ma Zin Mar Phyo | F70: 09 404979290 | H70: 3 | I70: 2 | N70: 9 | P70: =SUM(G70:O70) -> 14
B71: Pan Nadi Hlaing (2) | C71: Chit Kyi Yae Rd | D71: Hlaing thar Yar | H71: 26 | M71: 1 | N71: 10 | O71: 3 | P71: =SUM(G71:O71) -> 40
B72: Shwe Payi(1) | C72: Mandalay Rd | D72: Hlaing Thar Yar Route (1) | H72: 8 | N72: 8 | P72: =SUM(G72:O72) -> 16
B73: Zaw Hein Kaber | C73: ThanDin Zay Rd | D73: Shwepyithar | G73: 1 | H73: 19 | I73: 1 | M73: 1 | N73: 29 | P73: =SUM(G73:O73) -> 51
B74: Lapyae Wunn | C74: West Yangon University Rd | D74: Htan Ta Pin | G74: 6 | H74: 54 | M74: 7 | N74: 132 | P74: =SUM(G74:O74) -> 199
A75: 13 | B75: AhTwae Thit | C75: Chit Kyi Yae Rd | D75: Hlaing thar Yar | E75: Ma Htet Htet Hlaing | F75: 09-675163225 | H75: 3 | I75: 6 | P75: =SUM(G75:O75) -> 9
B76: Pyae Maher | C76: Bo Aung Kyaw Rd | D76: Hlaingtharyar | G76: 3 | H76: 16 | I76: 6 | M76: 2 | N76: 16 | O76: 45 | P76: =SUM(G76:O76) -> 88
B77: Nge paung | C77: Bo Aung Kyaw Rd | D77: Hlaingtharyar | H77: 4 | I77: 1 | M77: 2 | N77: 3 | O77: 2 | P77: =SUM(G77:O77) -> 12
B78: Mon lay | C78: Padamyar Rd | D78: Shwepyithar | G78: 2 | H78: 4 | I78: 2 | M78: 1 | N78: 16 | P78: =SUM(G78:O78) -> 25
B79: Kyaw | C79: Bagan Rd | D79: S Paukkan N/Oakkala | G79: 1 | H79: 8 | I79: 2 | M79: 1 | N79: 5 | P79: =SUM(G79:O79) -> 17
A80: 14 | B80: Kyaw | C80: Bagan Rd | D80: S Paukkan N/Oakkala | E80: Ma Ei Thuzar Oo | F80: 09-668929420 | H80: 27 | I80: 15 | N80: 26 | P80: =SUM(G80:O80) -> 68
B81: 16 G(2) | C81: Taungnu Rd | D81: S Paukkan N/Oakkala | G81: 1 | H81: 8 | I81: 7 | M81: 1 | N81: 8 | P81: =SUM(G81:O81) -> 25
B82: AATT 2 | C82: Madalay Rd | D82: Hlaingtharyar | H82: 17 | I82: 4 | P82: =SUM(G82:O82) -> 21
B83: Khun Myant | C83: Nuaung Yann Rd | D83: S Paukkan N/Oakkala | H83: 16 | M83: 3 | N83: 9 | P83: =SUM(G83:O83) -> 28
B84: Naythit | C84: Nouing Yan rd | D84: S Paukkan N/Oakkala | G84: 1 | H84: 2 | N84: 1 | P84: =SUM(G84:O84) -> 4
A85: 15 | B85: Pyae Tawtar | C85: Chit Kyi Yae Rd | D85: Hlaing Thar Yar | E85: Ma Moe Thandar Oo | F85: 09-894618967 | H85: 1 | I85: 6 | N85: 2 | O85: 1 | P85: =SUM(G85:O85) -> 10
B86: GC | C86: Bo Aung Kyaw Rd | D86: Hlaing thar Yar | G86: 1 | H86: 5 | I86: 17 | N86: 37 | O86: 1 | P86: =SUM(G86:O86) -> 61
B87: Min Satae Kyatt | C87: Hlawaga Rd | D87: Shwepyithar | H87: 14 | I87: 28 | N87: 23 | P87: =SUM(G87:O87) -> 65
B88: Khun Myant | C88: Nuaung Yann Rd | D88: S Paukkan N/Oakkala | H88: 8 | I88: 2 | M88: 1 | N88: 9 | P88: =SUM(G88:O88) -> 20
B89: Lamin | C89: No (4) Rd | D89: Shwepyithar | H89: 13 | N89: 21 | P89: =SUM(G89:O89) -> 34
A90: 16 | B90: Ma Thwe | C90: Nawayat Rd | D90: Insein | E90: Ma Shwe Yee Win | F90: 099-51659610 | H90: 1 | I90: 3 | N90: 1 | P90: =SUM(G90:O90) -> 5
B91: Sein Si Tun | C91: Yazar Deright Rd | D91: S Paukkan N/Oakkala | H91: 13 | I91: 14 | N91: 19 | P91: =SUM(G91:O91) -> 46
B92: 16 G (1) | C92: Innwa Rd | D92: S Paukkan N/Oakkala | G92: 3 | H92: 9 | I92: 22 | N92: 26 | P92: =SUM(G92:O92) -> 60
B93: 23 | C93: Madalay Rd | D93: Hlaingtharyar | H93: 8 | I93: 4 | N93: 3 | O93: 1 | P93: =SUM(G93:O93) -> 16
B94: Sakarwar 1 | C94: Lan Wa Rd | D94: N/Oakkala | H94: 19 | M94: 6 | N94: 9 | O94: 38 | P94: =SUM(G94:O94) -> 72
B95: Uncle Liquor | C95: Bonmoer Rd | D95: N/Oakkala | H95: 3 | I95: 3 | N95: 1 | P95: =SUM(G95:O95) -> 7
A96: 17 | B96: A&T | C96: Pa 50 Lan Baho | D96: Hlaing | E96: Ma Thaw Thaw Win | F96: 09-66554047 | H96: 6 | I96: 2 | N96: 4 | P96: =SUM(G96:O96) -> 12
B97: Shwe Dinker | C97: Paung Kan Gd | D97: S Paukkan N/Oakkala | G97: 2 | H97: 17 | I97: 4 | M97: 1 | N97: 6 | P97: =SUM(G97:O97) -> 30
B98: Sein Si Tun | C98: Yazar Deright Rd | D98: S Paukkan N/Oakkala | G98: 1 | H98: 11 | I98: 12 | M98: 1 | N98: 8 | P98: =SUM(G98:O98) -> 33
B99: Yazar | C99: Mandalay Rd | D99: Hlaing Thar Yar Route (1) | H99: 10 | I99: 2 | M99: 1 | N99: 5 | O99: 1 | P99: =SUM(G99:O99) -> 19
B100: Malar | C100: Innwa Rd | D100: N/Oakkala | H100: 12 | I100: 2 | N100: 9 | P100: =SUM(G100:O100) -> 23
A101: 18 | B101: Ko Kyaw | C101: Magin Kyawan Rd | D101: Insein | E101: Ma Htet Ei Ei Khaing | F101: 09-972309027 | G101: 1 | H101: 8 | I101: 1 | P101: =SUM(G101:O101) -> 10
...

Sheet 1.4.2025 to 15.4.2025
A1: Yangon PG sale report (1-4-2025) to (15-4-2025)
A2: 1 | B2: Shop name | C2: Shop Address | D2: Township | E2: PG Name | F2: Ph.no | G2: Columbus Super red smooth | J2: Columbus Original | M2: Formula Rum | O2: ဒဂုံမန်ကျည်း | P2: Total
G3: 700ml | H3: 350ml | I3: 175ml | J3: 700ml | K3: 350ml | L3: 175ml | M3: 700ml | N3: 350ml
A5: 1 | B5: Ka Dai Hein | C5: Kan Bae Botar Zay Rd | D5: YanKin | E5: Ma Thuzar Aung | F5: 09-898146525 | G5: 1 | H5: 7 | I5: 7 | M5: 2 | N5: 19 | P5: =SUM(G5:O5) -> 36
B6: Naung Yoe | C6: Thamain Bamyan Rd | D6: Mangalar T/N | H6: 21 | N6: 21 | P6: =SUM(G6:O6) -> 42
P7: =SUM(G7:O7) -> 0
P8: =SUM(G8:O8) -> 0
A9: 2 | B9: Aung Family | C9: SakeSan (9) Lan | D9: Mangalar T/N | E9: Ma Jue Jue Hlaing | F9: 09-986169990 | G9: 1 | H9: 27 | M9: 1 | N9: 31 | P9: =SUM(G9:O9) -> 60
B10: Style 2 | C10: Thamain Bamyan Rd | D10: Mangalar T/N | H10: 41 | M10: 2 | N10: 38 | P10: =SUM(G10:O10) -> 81
P11: =SUM(G11:O11) -> 0
P12: =SUM(G12:O12) -> 0
A13: 3 | B13: Moe Htety | C13: S Paukkan Rd | D13: S Paukkan N/Oakkala | E13: Ma Nway Hnin Moe | F13: 09-983002374 | G13: 1 | H13: 35 | M13: 4 | N13: 24 | P13: =SUM(G13:O13) -> 64
B14: Uncle Liquor | C14: Bonmoer Rd | D14: N/Oakkala | G14: 3 | H14: 37 | M14: 2 | N14: 38 | P14: =SUM(G14:O14) -> 80
P15: =SUM(G15:O15) -> 0
P16: =SUM(G16:O16) -> 0
A17: 4 | B17: Naung Yoe | C17: Thamain Bamyan Rd | D17: Mangalar T/N | E17: Ma Hnin Pwint Phyu | F17: 09-773993352 | G17: 1 | H17: 49 | M17: 2 | N17: 26 | P17: =SUM(G17:O17) -> 78
B18: Aung Family | C18: SakeSan (9) Lan | D18: Mangalar T/N | H18: 26 | N18: 23 | P18: =SUM(G18:O18) -> 49
P19: =SUM(G19:O19) -> 0
P20: =SUM(G20:O20) -> 0
A21: 5 | B21: Style 2 | C21: Thamain Bamyan Rd | D21: Mangalar T/N | E21: Ma Phyo Phyo Wai | F21: 09-774485332 | G21: 1 | H21: 31 | M21: 3 | N21: 29 | P21: =SUM(G21:O21) -> 64
B22: Demo | C22: Thamain Bamyan Rd | D22: Mangalar T/N | G22: 1 | H22: 21 | M22: 3 | N22: 2 | P22: =SUM(G22:O22) -> 27
P23: =SUM(G23:O23) -> 0
P24: =SUM(G24:O24) -> 0
A25: 6 | B25: Demo | C25: Thamain Bamyan Rd | D25: Mangalar T/N | E25: Ma Sandar Hlaing | F25: 09-660417209 | G25: 3 | H25: 16 | M25: 3 | P25: =SUM(G25:O25) -> 22
B26: Ah Linn Nike | C26: ThitSar Rd | D26: YanKin | H26: 30 | N26: 3 | P26: =SUM(G26:O26) -> 33
P27: =SUM(G27:O27) -> 0
P28: =SUM(G28:O28) -> 0
A29: 7 | B29: Pyae Wa | C29: S Paukkan Rd | D29: S Paukkan N/Oakkala | E29: Ma Lae Lae Tun | F29: 09 677196046 | H29: 8 | N29: 11 | P29: =SUM(G29:O29) -> 19
B30: Nate Thint | C30: Bayin Naung St | D30: Htan Ta Pin | G30: 2 | H30: 9 | I30: 12 | M30: 6 | N30: 25 | P30: =SUM(G30:O30) -> 54
P31: =SUM(G31:O31) -> 0
P32: =SUM(G32:O32) -> 0
A33: 8 | B33: Nate Thint | C33: Bayin Naung St | D33: Htan Ta Pin | E33: Ma Yee Mon Aung | F33: 09 953844858 | G33: 3 | H33: 15 | I33: 10 | N33: 29 | P33: =SUM(G33:O33) -> 57
B34: Lapyae Wunn | C34: West Yangon University Rd | D34: Htan Ta Pin | G34: 5 | H34: 33 | M34: 13 | N34: 114 | P34: =SUM(G34:O34) -> 165
P35: =SUM(G35:O35) -> 0
A36: 9 | B36: Kaung Star | C36: West Yangon University Rd | D36: Htan Ta Pin | E36: Ma Shwe Sin Win | F36: 09 697220669 | G36: 3 | H36: 10 | M36: 4 | N36: 31 | P36: =SUM(G36:O36) -> 48
B37: Ni Ni Lin | C37: Myoma Zay Rd | D37: Htan Ta Pin | G37: 1 | H37: 12 | N37: 42 | P37: =SUM(G37:O37) -> 55
P38: =SUM(G38:O38) -> 0
P39: =SUM(G39:O39) -> 0
A40: 10 | B40: Ah Linn Nike | C40: ThitSar Rd | D40: YanKin | E40: Naw Kyi Phyu Thein | F40: 09-751050544 | G40: 4 | H40: 44 | N40: 9 | P40: =SUM(G40:O40) -> 57
B41: Ka Dai Hein | C41: Kan Bae Botar Zay Rd | D41: YanKin | G41: 3 | H41: 9 | M41: 1 | N41: 22 | P41: =SUM(G41:O41) -> 35
P42: =SUM(G42:O42) -> 0
P43: =SUM(G43:O43) -> 0
A44: 11 | B44: Take Nay Linn | C44: West Yangon University Rd | D44: Htan Ta Pin | E44: Ma Ei May Thu | F44: 09 987339189 | H44: 5 | M44: 12 | N44: 52 | P44: =SUM(G44:O44) -> 69
P45: =SUM(G45:O45) -> 0
A46: 12 | B46: Lapyae Wunn | C46: West Yangon University Rd | D46: Htan Ta Pin | E46: Ma Zin Mar Phyo | F46: 09 404979290 | G46: 4 | H46: 21 | M46: 5 | N46: 92 | P46: =SUM(G46:O46) -> 122
B47: Kyi Thar Oo(1) | C47: Poe San Aye St | D47: Htan Ta Pin | H47: 6 | I47: 8 | N47: 15 | P47: =SUM(G47:O47) -> 29
P48: =SUM(G48:O48) -> 0
A49: 13 | B49: Kyaw | C49: Bagan Rd | D49: S Paukkan N/Oakkala | E49: Ma Htet Htet Hlaing | F49: 09-675163225 | G49: 3 | H49: 25 | I49: 6 | M49: 7 | N49: 27 | P49: =SUM(G49:O49) -> 68
B50: Myo Gyi | C50: S Paukkan Rd | D50: S Paukkan N/Oakkala | H50: 20 | N50: 8 | P50: =SUM(G50:O50) -> 28
P51: =SUM(G51:O51) -> 0
A52: 14 | B52: Naythit | C52: Nouing Yan rd | D52: S Paukkan N/Oakkala | E52: Ma Ei Thuzar Oo | F52: 09-668929420 | H52: 9 | N52: 15 | P52: =SUM(G52:O52) -> 24
B53: Shwe Nadi | C53: 6 Koe | D53: N/Oakkala | H53: 10 | N53: 5 | P53: =SUM(G53:O53) -> 15
P54: =SUM(G54:O54) -> 0
A55: 15 | B55: Lamin | C55: No (4) Rd | D55: Shwepyithar | E55: Ma Moe Thandar Oo | F55: 09-894618967 | H55: 4 | I55: 4 | N55: 5 | P55: =SUM(G55:O55) -> 13
B56: Kyaw | C56: Bagan Rd | D56: S Paukkan N/Oakkala | H56: 19 | I56: 9 | N56: 45 | P56: =SUM(G56:O56) -> 73
P57: =SUM(G57:O57) -> 0
A58: 16 | B58: Uncle Liquor | C58: Bonmoer Rd | D58: N/Oakkala | E58: Ma Shwe Yee Win | F58: 099-51659610 | H58: 38 | N58: 37 | O58: 16 | P58: =SUM(G58:O58) -> 91
B59: The Cornor | C59: New Thaegi Rd | D59: N/Oakkala | H59: 20 | M59: 1 | N59: 14 | P59: =SUM(G59:O59) -> 35
P60: =SUM(G60:O60) -> 0
P61: =SUM(G61:O61) -> 0
A62: 17 | B62: Malar | C62: Innwa Rd | D62: N/Oakkala | E62: Ma Thaw Thaw Win | F62: 09-66554047 | H62: 1 | N62: 2 | P62: =SUM(G62:O62) -> 3
B63: Myo Gyi | C63: S Paukkan Rd | D63: S Paukkan N/Oakkala | H63: 4 | N63: 3 | P63: =SUM(G63:O63) -> 7
P64: =SUM(G64:O64) -> 0
A65: 18 | B65: City Liquor | C65: Bonmoer Rd | D65: N/Oakkala | E65: Ma Htet Ei Ei Khaing | F65: 09-972309027 | H65: 3 | M65: 1 | P65: =SUM(G65:O65) -> 4
B66: The Cornor | C66: New Thaegi Rd | D66: N/Oakkala | H66: 9 | N66: 4 | P66: =SUM(G66:O66) -> 13
B67: Moe Htety | C67: S Paukkan Rd | D67: S Paukkan N/Oakkala | H67: 18 | N67: 25 | O67: 39 | P67: =SUM(G67:O67) -> 82
P68: =SUM(G68:O68) -> 0
A69: 19 | B69: Kyi Thar Oo(1) | C69: Poe San Aye St | D69: Htan Ta Pin | E69: Ma Kaythi Aung | F69: 09-258599042 | G69: 1 | H69: 7 | I69: 3 | N69: 14 | P69: =SUM(G69:O69) -> 25
B70: Take Nay Linn | C70: West Yangon University Rd | D70: Htan Ta Pin | H70: 5 | M70: 9 | N70: 175 | P70: =SUM(G70:O70) -> 189
P71: =SUM(G71:O71) -> 0
A72: 20 | B72: Phyu | C72: Yan Shin Rd | D72: YanKin | E72: Nilar Shwe | F72: 09-400291313 | G72: 1 | H72: 88 | N72: 17 | P72: =SUM(G72:O72) -> 106
P73: =SUM(G73:O73) -> 0
P74: =SUM(G74:O74) -> 0
A75: 21 | B75: Shwe Nadi | C75: 6 Koe | D75: N/Oakkala | E75: Ei Zin Wai | F75: 09-773387161 | H75: 11 | N75: 5 | P75: =SUM(G75:O75) -> 16
B76: Naythit | C76: Nouing Yan rd | D76: S Paukkan N/Oakkala | H76: 13 | M76: 1 | N76: 19 | P76: =SUM(G76:O76) -> 33
P77: =SUM(G77:O77) -> 0
A78: 22 | B78: Myo Gyi | C78: S Paukkan Rd | D78: S Paukkan N/Oakkala | E78: Ei Ei Thu | F78: 09-403000048 | G78: 2 | H78: 16 | M78: 2 | N78: 14 | P78: =SUM(G78:O78) -> 34
B79: Nate Thint | C79: Bayin Naung St | D79: Htan Ta Pin | G79: 1 | H79: 9 | M79: 1 | N79: 6 | P79: =SUM(G79:O79) -> 17
P80: =SUM(G80:O80) -> 0
A81: 23 | B81: Ni Ni Lin | C81: Myoma Zay Rd | D81: Htan Ta Pin | E81: Aye Chan Moe | F81: 09-425669739 | G81: 1 | H81: 14 | I81: 9 | M81: 2 | N81: 24 | P81: =SUM(G81:O81) -> 50
B82: Kaung Star | C82: West Yangon University Rd | D82: Htan Ta Pin | G82: 9 | H82: 6 | M82: 10 | N82: 26 | P82: =SUM(G82:O82) -> 51
P83: =SUM(G83:O83) -> 0
G84: =SUM(G5:G83) -> 55 | H84: =SUM(H5:H83) -> 862 | I84: =SUM(I5:I83) -> 68 | J84: =SUM(J5:J83) -> 0 | K84: =SUM(K5:K83) -> 0 | L84: =SUM(L5:L83) -> 0 | M84: =SUM(M5:M83) -> 97 | N84: =SUM(N5:N83) -> 1186 | ... P84: =SUM(P5:P83) -> 2323

Sheet April-Monthly
A1: Yangon PG sale report April Monthly
A2: 1 | B2: Shop name | C2: Shop Address | D2: Township | E2: PG Name | F2: Ph.no | G2: Columbus Super red smooth | J2: Columbus Original | M2: Formula Rum | O2: ဒဂုံမန်ကျည်း | P2: Total
G3: 700ml | H3: 350ml | I3: 175ml | J3: 700ml | K3: 350ml | L3: 175ml | M3: 700ml | N3: 350ml
A5: 1 | B5: Ka Dai Hein | C5: Kan Bae Botar Zay Rd | D5: YanKin | E5: Ma Thuzar Aung | F5: 09-898146525 | G5: 1 | H5: 7 | I5: 7 | M5: 2 | N5: 19 | P5: =SUM(G5:O5) -> 36
B6: Naung Yoe | C6: Thamain Bamyan Rd | D6: Mangalar T/N | H6: 21 | N6: 21 | P6: =SUM(G6:O6) -> 42
B7: Moe Thounk Pan | C7: Mya Yatu Sd | D7: Htauk kyant | G7: 1 | H7: 27 | M7: 1 | N7: 21 | P7: =SUM(G7:O7) -> 50
B8: KK | C8: Oae Yin Sd | D8: Htauk kyant | H8: 9 | M8: 1 | N8: 1 | P8: =SUM(G8:O8) -> 11
A9: 2 | B9: Aung Family | C9: SakeSan (9) Lan | D9: Mangalar T/N | E9: Ma Jue Jue Hlaing | F9: 09-986169990 | G9: 1 | H9: 27 | M9: 1 | N9: 31 | P9: =SUM(G9:O9) -> 60
B10: Style 2 | C10: Thamain Bamyan Rd | D10: Mangalar T/N | H10: 41 | M10: 2 | N10: 38 | P10: =SUM(G10:O10) -> 81
B11: Nagarni | C11: Tan Day Pin Sd | D11: Htauk kyant | G11: 8 | H11: 9 | M11: 2 | N11: 14 | P11: =SUM(G11:O11) -> 33
B12: Moe Thounk Pan | C12: Mya Yatu Sd | D12: Htauk kyant | H12: 21 | M12: 6 | N12: 8 | P12: =SUM(G12:O12) -> 35
A13: 3 | B13: Moe Htety | C13: S Paukkan Rd | D13: S Paukkan N/Oakkala | E13: Ma Nway Hnin Moe | F13: 09-983002374 | G13: 1 | H13: 35 | M13: 4 | N13: 24 | P13: =SUM(G13:O13) -> 64
B14: Uncle Liquor | C14: Bonmoer Rd | D14: N/Oakkala | G14: 3 | H14: 37 | M14: 2 | N14: 38 | P14: =SUM(G14:O14) -> 80
B15: Ma Thwe | C15: Nawayat Rd | D15: Insein | H15: 5 | N15: 3 | P15: =SUM(G15:O15) -> 8
B16: Ko Kyaw | C16: Magin Kyawan Rd | D16: Insein | G16: 1 | H16: 1 | N16: 7 | P16: =SUM(G16:O16) -> 9
B17: A&T | C17: Pa 50 Lan Baho | D17: Hlaing | H17: 7 | M17: 2 | N17: 7 | P17: =SUM(G17:O17) -> 16
A18: 4 | B18: Naung Yoe | C18: Thamain Bamyan Rd | D18: Mangalar T/N | E18: Ma Hnin Pwint Phyu | F18: 09-773993352 | G18: 1 | H18: 49 | M18: 2 | N18: 26 | P18: =SUM(G18:O18) -> 78
B19: Aung Family | C19: SakeSan (9) Lan | D19: Mangalar T/N | H19: 26 | N19: 23 | P19: =SUM(G19:O19) -> 49
B20: Shwe Gold | C20: Mya Yatu Sd | D20: Htauk kyant | G20: 2 | H20: 18 | M20: 2 | N20: 24 | P20: =SUM(G20:O20) -> 46
B21: Nagarni | C21: Tan Day Pin Sd | D21: Htauk kyant | G21: 1 | H21: 4 | M21: 2 | N21: 4 | P21: =SUM(G21:O21) -> 11
A22: 5 | B22: Style 2 | C22: Thamain Bamyan Rd | D22: Mangalar T/N | E22: Ma Phyo Phyo Wai | F22: 09-774485332 | G22: 1 | H22: 31 | M22: 3 | N22: 29 | P22: =SUM(G22:O22) -> 64
B23: Demo | C23: Thamain Bamyan Rd | D23: Mangalar T/N | G23: 1 | H23: 21 | M23: 3 | N23: 2 | P23: =SUM(G23:O23) -> 27
B24: KK | C24: Oae Yin Sd | D24: Htauk kyant | H24: 29 | M24: 1 | N24: 11 | P24: =SUM(G24:O24) -> 41
B25: Hlaing Min | C25: Tan Day Pin Sd | D25: Htauk kyant | G25: 1 | H25: 9 | N25: 4 | P25: =SUM(G25:O25) -> 14
A26: 6 | B26: Demo | C26: Thamain Bamyan Rd | D26: Mangalar T/N | E26: Ma Sandar Hlaing | F26: 09-660417209 | G26: 3 | H26: 16 | M26: 3 | P26: =SUM(G26:O26) -> 22
B27: Ah Linn Nike | C27: ThitSar Rd | D27: YanKin | H27: 30 | N27: 3 | P27: =SUM(G27:O27) -> 33
B28: Shwe Young | C28: Moe Yi Rd | D28: Htauk kyant | G28: 4 | H28: 11 | M28: 2 | N28: 8 | P28: =SUM(G28:O28) -> 25
B29: Aung Gyi | C29: Bago Rd | D29: Htauk kyant | H29: 2 | I29: 1 | N29: 1 | P29: =SUM(G29:O29) -> 4
A30: 7 | B30: Pyae Wa | C30: S Paukkan Rd | D30: S Paukkan N/Oakkala | E30: Ma Lae Lae Tun | F30: 09 677196046 | H30: 8 | N30: 11 | P30: =SUM(G30:O30) -> 19
B31: Nate Thint | C31: Bayin Naung St | D31: Htan Ta Pin | G31: 2 | H31: 9 | I31: 12 | M31: 6 | N31: 25 | P31: =SUM(G31:O31) -> 54
B32: Yarket Nu Wai | C32: Anake Gonkone Rd | D32: Insein | G32: 2 | H32: 4 | I32: 4 | N32: 11 | P32: =SUM(G32:O32) -> 21
B33: Family Store | C33: Thanmine Lansone | D33: Hlaing | G33: 1 | H33: 13 | I33: 5 | M33: 2 | N33: 1 | P33: =SUM(G33:O33) -> 22
A34: 8 | B34: Nate Thint | C34: Bayin Naung St | D34: Htan Ta Pin | E34: Ma Yee Mon Aung | F34: 09 953844858 | G34: 3 | H34: 15 | I34: 10 | N34: 29 | P34: =SUM(G34:O34) -> 57
B35: Lapyae Wunn | C35: West Yangon University Rd | D35: Htan Ta Pin | G35: 5 | H35: 33 | M35: 13 | N35: 114 | P35: =SUM(G35:O35) -> 165
B36: Kaung | C36: Sin Phyu Shin Rd | D36: Hlaing Thar Yar | H36: 3 | M36: 3 | N36: 24 | P36: =SUM(G36:O36) -> 30
B37: Shwe Hinner | C37: Anaw Yathar Rd | D37: Hlaingtharyar | H37: 8 | N37: 4 | P37: =SUM(G37:O37) -> 12
A38: 9 | B38: Kaung Star | C38: West Yangon University Rd | D38: Htan Ta Pin | E38: Ma Shwe Sin Win | F38: 09 697220669 | G38: 3 | H38: 10 | M38: 4 | N38: 31 | P38: =SUM(G38:O38) -> 48
B39: Ni Ni Lin | C39: Myoma Zay Rd | D39: Htan Ta Pin | G39: 1 | H39: 12 | N39: 42 | P39: =SUM(G39:O39) -> 55
B40: Win | C40: Anaw Yathar Rd | D40: Hlaingtharyar | G40: 2 | H40: 13 | M40: 2 | N40: 6 | P40: =SUM(G40:O40) -> 23
B41: Phyo | C41: Anaw Yathar Rd | D41: Hlaingtharyar | H41: 8 | N41: 1 | P41: =SUM(G41:O41) -> 9
A42: 10 | B42: Ah Linn Nike | C42: ThitSar Rd | D42: YanKin | E42: Naw Kyi Phyu Thein | F42: 09-751050544 | G42: 4 | H42: 44 | N42: 9 | P42: =SUM(G42:O42) -> 57
B43: Ka Dai Hein | C43: Kan Bae Botar Zay Rd | D43: YanKin | G43: 3 | H43: 9 | M43: 1 | N43: 22 | P43: =SUM(G43:O43) -> 35
B44: Hlaing Min | C44: Tan Day Pin Sd | D44: Htauk kyant | G44: 5 | H44: 29 | N44: 11 | P44: =SUM(G44:O44) -> 45
A45: 11 | B45: Take Nay Linn | C45: West Yangon University Rd | D45: Htan Ta Pin | E45: Ma Ei May Thu | F45: 09 987339189 | H45: 5 | M45: 12 | N45: 52 | P45: =SUM(G45:O45) -> 69
P46: =SUM(G46:O46) -> 0
A47: 12 | B47: Lapyae Wunn | C47: West Yangon University Rd | D47: Htan Ta Pin | E47: Ma Zin Mar Phyo | F47: 09 404979290 | G47: 4 | H47: 21 | M47: 5 | N47: 92 | P47: =SUM(G47:O47) -> 122
B48: Kyi Thar Oo(1) | C48: Poe San Aye St | D48: Htan Ta Pin | H48: 6 | I48: 8 | N48: 15 | P48: =SUM(G48:O48) -> 29
B49: Lucky 7 | C49: Anaw Yathar Rd | D49: Hlaingtharyar | H49: 5 | M49: 1 | N49: 30 | P49: =SUM(G49:O49) -> 36
B50: Kaung | C50: Sin Phyu Shin Rd | D50: Hlaing Thar Yar | G50: 4 | H50: 6 | M50: 12 | P50: =SUM(G50:O50) -> 22
A51: 13 | B51: Kyaw | C51: Bagan Rd | D51: S Paukkan N/Oakkala | E51: Ma Htet Htet Hlaing | F51: 09-675163225 | G51: 3 | H51: 25 | I51: 6 | M51: 7 | N51: 27 | P51: =SUM(G51:O51) -> 68
B52: Myo Gyi | C52: S Paukkan Rd | D52: S Paukkan N/Oakkala | H52: 20 | N52: 8 | P52: =SUM(G52:O52) -> 28
B53: AATT 1 | C53: Sittwe RD | D53: Hlaingtharyar | H53: 2 | N53: 14 | P53: =SUM(G53:O53) -> 16
B54: AATT | C54: Mandalay Rd | D54: Hlaing Thar Yar | H54: 1 | N54: 2 | P54: =SUM(G54:O54) -> 3
A55: 14 | B55: Naythit | C55: Nouing Yan rd | D55: S Paukkan N/Oakkala | E55: Ma Ei Thuzar Oo | F55: 09-668929420 | H55: 9 | N55: 15 | P55: =SUM(G55:O55) -> 24
B56: Shwe Nadi | C56: 6 Koe | D56: N/Oakkala | H56: 10 | N56: 5 | P56: =SUM(G56:O56) -> 15
B57: Shwe Myaing | C57: Baho Rd | D57: Hlaing | H57: 10 | I57: 5 | M57: 2 | N57: 3 | P57: =SUM(G57:O57) -> 20
B58: Yarket Nu Wai | C58: Anake Gonkone Rd | D58: Insein | G58: 1 | H58: 5 | N58: 6 | P58: =SUM(G58:O58) -> 12
A59: 15 | B59: Lamin | C59: No (4) Rd | D59: Shwepyithar | E59: Ma Moe Thandar Oo | F59: 09-894618967 | H59: 4 | I59: 4 | N59: 5 | P59: =SUM(G59:O59) -> 13
B60: Kyaw | C60: Bagan Rd | D60: S Paukkan N/Oakkala | H60: 19 | I60: 9 | N60: 45 | P60: =SUM(G60:O60) -> 73
B61: Phyo | C61: Anaw Yathar Rd | D61: Hlaingtharyar | G61: 1 | H61: 6 | N61: 3 | P61: =SUM(G61:O61) -> 10
B62: Win | C62: Anaw Yathar Rd | D62: Hlaingtharyar | G62: 1 | H62: 1 | N62: 3 | P62: =SUM(G62:O62) -> 5
A63: 16 | B63: Uncle Liquor | C63: Bonmoer Rd | D63: N/Oakkala | E63: Ma Shwe Yee Win | F63: 099-51659610 | H63: 38 | N63: 37 | O63: 16 | P63: =SUM(G63:O63) -> 91
B64: The Cornor | C64: New Thaegi Rd | D64: N/Oakkala | H64: 20 | M64: 1 | N64: 14 | P64: =SUM(G64:O64) -> 35
B65: Family Store | C65: Thanmine Lansone | D65: Hlaing | H65: 14 | I65: 5 | N65: 19 | P65: =SUM(G65:O65) -> 38
B66: Ma Thwe | C66: Nawayat Rd | D66: Insein | H66: 1 | N66: 4 | P66: =SUM(G66:O66) -> 5
A67: 17 | B67: Malar | C67: Innwa Rd | D67: N/Oakkala | E67: Ma Thaw Thaw Win | F67: 09-66554047 | H67: 1 | N67: 2 | P67: =SUM(G67:O67) -> 3
B68: Myo Gyi | C68: S Paukkan Rd | D68: S Paukkan N/Oakkala | H68: 4 | N68: 3 | P68: =SUM(G68:O68) -> 7
P69: =SUM(G69:O69) -> 0
A70: 18 | B70: City Liquor | C70: Bonmoer Rd | D70: N/Oakkala | E70: Ma Htet Ei Ei Khaing | F70: 09-972309027 | H70: 3 | M70: 1 | P70: =SUM(G70:O70) -> 4
B71: The Cornor | C71: New Thaegi Rd | D71: N/Oakkala | H71: 9 | N71: 4 | P71: =SUM(G71:O71) -> 13
B72: Moe Htety | C72: S Paukkan Rd | D72: S Paukkan N/Oakkala | H72: 18 | N72: 25 | O72: 39 | P72: =SUM(G72:O72) -> 82
B73: Ma Thwe | C73: Nawayat Rd | D73: Insein | H73: 10 | N73: 3 | P73: =SUM(G73:O73) -> 13
B74: Ko Kyaw | C74: Magin Kyawan Rd | D74: Insein | H74: 15 | I74: 4 | N74: 6 | P74: =SUM(G74:O74) -> 25
A75: 19 | B75: Kyi Thar Oo(1) | C75: Poe San Aye St | D75: Htan Ta Pin | E75: Ma Kaythi Aung | F75: 09-258599042 | G75: 1 | H75: 7 | I75: 3 | N75: 14 | P75: =SUM(G75:O75) -> 25
B76: Take Nay Linn | C76: West Yangon University Rd | D76: Htan Ta Pin | H76: 5 | M76: 9 | N76: 175 | P76: =SUM(G76:O76) -> 189
B77: AATT | C77: Mandalay Rd | D77: Hlaing Thar Yar | H77: 5 | N77: 9 | P77: =SUM(G77:O77) -> 14
B78: Lucky 7 | C78: Anaw Yathar Rd | D78: Hlaingtharyar | H78: 4 | M78: 6 | N78: 4 | P78: =SUM(G78:O78) -> 14
A79: 20 | B79: Phyu | C79: Yan Shin Rd | D79: YanKin | E79: Nilar Shwe | F79: 09-400291313 | G79: 1 | H79: 88 | N79: 17 | P79: =SUM(G79:O79) -> 106
B80: Ko Kyaw | C80: Magin Kyawan Rd | D80: Insein | G80: 1 | H80: 16 | I80: 8 | M80: 2 | N80: 16 | P80: =SUM(G80:O80) -> 43
B81: Soe Moe Kyawe | C81: Lanlit Lan | D81: Insein | G81: 1 | H81: 11 | N81: 3 | P81: =SUM(G81:O81) -> 15
A82: 21 | B82: Shwe Nadi | C82: 6 Koe | D82: N/Oakkala | E82: Ei Zin Wai | F82: 09-773387161 | H82: 11 | N82: 5 | P82: =SUM(G82:O82) -> 16
B83: Naythit | C83: Nouing Yan rd | D83: S Paukkan N/Oakkala | H83: 13 | M83: 1 | N83: 19 | P83: =SUM(G83:O83) -> 33
B84: Soe Moe Kyawe | C84: Lanlit Lan | D84: Insein | H84: 41 | N84: 38 | P84: =SUM(G84:O84) -> 79
B85: Shwe Myaing | C85: Baho Rd | D85: Hlaing | G85: 1 | H85: 2 | I85: 5 | M85: 1 | N85: 4 | P85: =SUM(G85:O85) -> 13
A86: 22 | B86: Myo Gyi | C86: S Paukkan Rd | D86: S Paukkan N/Oakkala | E86: Ei Ei Thu | F86: 09-403000048 | G86: 2 | H86: 16 | M86: 2 | N86: 14 | P86: =SUM(G86:O86) -> 34
B87: Nate Thint | C87: Bayin Naung St | D87: Htan Ta Pin | G87: 1 | H87: 9 | M87: 1 | N87: 6 | P87: =SUM(G87:O87) -> 17
B88: Aung Gyi | C88: Bago Rd | D88: Htauk kyant | H88: 17 | I88: 2 | N88: 1 | P88: =SUM(G88:O88) -> 20
B89: 29 | C89: Lan Thit Lan | D89: Htauk kyant | H89: 12 | M89: 3 | N89: 5 | P89: =SUM(G89:O89) -> 20
A90: 23 | B90: Ni Ni Lin | C90: Myoma Zay Rd | D90: Htan Ta Pin | E90: Aye Chan Moe | F90: 09-425669739 | G90: 1 | H90: 14 | I90: 9 | M90: 2 | N90: 24 | P90: =SUM(G90:O90) -> 50
B91: Kaung Star | C91: West Yangon University Rd | D91: Htan Ta Pin | G91: 9 | H91: 6 | M91: 10 | N91: 26 | P91: =SUM(G91:O91) -> 51
B92: Shwe Hinner | C92: Anaw Yathar Rd | D92: Hlaingtharyar | N92: 13 | P92: =SUM(G92:O92) -> 13
B93: AATT 1 | C93: Sittwe RD | D93: Hlaingtharyar | H93: 3 | N93: 2 | P93: =SUM(G93:O93) -> 5
G94: =SUM(G5:G93) -> 93 | H94: =SUM(H5:H93) -> 1279 | I94: =SUM(I5:I93) -> 107 | J94: =SUM(J5:J93) -> 0 | K94: =SUM(K5:K93) -> 0 | L94: =SUM(L5:L93) -> 0 | M94: =SUM(M5:M93) -> 150 | N94: =SUM(N5:N93) -> 1545 | ... P94: =SUM(P5:P93) -> 3229

Sheet 1.5.2025 15.5.2025
A1: Yangon PG sale report (1.5.2025) to (15.5.2025)
A2: 1 | B2: Shop name | C2: Shop Address | D2: Township | E2: PG Name | F2: Ph.no | G2: Columbus Super red smooth | J2: Columbus Original | M2: Formula Rum | O2: ဒဂုံမန်ကျည်း | P2: Total
G3: 700ml | H3: 350ml | I3: 175ml | J3: 700ml | K3: 350ml | L3: 175ml | M3: 700ml | N3: 350ml
A5: 1 | B5: KK | C5: Oae Yin Sd | D5: Htauk kyant | E5: Ma Thuzar Aung | F5: 09-898146525 | H5: 15 | P5: =SUM(G5:O5) -> 15
B6: Wine | C6: Hlawaga Rd | D6: Shwepyithar | G6: 3 | H6: 40 | I6: 11 | M6: 3 | N6: 7 | P6: =SUM(G6:O6) -> 64
B7: KZ | C7: kantharyar Rd | D7: Shwepyithar | G7: 1 | H7: 14 | M7: 1 | N7: 1 | P7: =SUM(G7:O7) -> 17
P8: =SUM(G8:O8) -> 0
A9: 2 | B9: Moe Thounk Pan | C9: Mya Yatu Sd | D9: Htauk kyant | E9: Ma Jue Jue Hlaing | F9: 09-986169990 | G9: 1 | H9: 18 | M9: 9 | P9: =SUM(G9:O9) -> 28
B10: Myintmo | C10: Bayin Naung Rd | D10: Shwepyithar | H10: 17 | M10: 15 | N10: 4 | P10: =SUM(G10:O10) -> 36
B11: Min Satae Kyatt | C11: Hlawaga Rd | D11: Shwepyithar | H11: 27 | M11: 3 | N11: 9 | P11: =SUM(G11:O11) -> 39
P12: =SUM(G12:O12) -> 0
A13: 3 | B13: A&T | C13: Pa 50 Lan Baho | D13: Hlaing | E13: Ma Nway Hnin Moe | F13: 09-983002374 | H13: 13 | M13: 3 | P13: =SUM(G13:O13) -> 16
B14: Sin Pauk | C14: Hlawaga Rd | D14: Shwepyithar | H14: 56 | M14: 10 | P14: =SUM(G14:O14) -> 66
B15: Wine | C15: Hlawaga Rd | D15: Shwepyithar | G15: 14 | H15: 41 | I15: 7 | M15: 2 | N15: 19 | P15: =SUM(G15:O15) -> 83
P16: =SUM(G16:O16) -> 0
A17: 4 | B17: Nagarni | C17: Tan Day Pin Sd | D17: Htauk kyant | E17: Ma Hnin Pwint Phyu | F17: 09-773993352 | G17: 4 | H17: 3 | M17: 4 | P17: =SUM(G17:O17) -> 11
B18: Min Satae Kyatt | C18: Hlawaga Rd | D18: Shwepyithar | H18: 59 | M18: 13 | P18: =SUM(G18:O18) -> 72
B19: Lamin | C19: No (4) Rd | D19: Shwepyithar | H19: 13 | M19: 1 | N19: 9 | P19: =SUM(G19:O19) -> 23
P20: =SUM(G20:O20) -> 0
A21: 5 | B21: Hlaing Min | C21: Tan Day Pin Sd | D21: Htauk kyant | E21: Ma Phyo Phyo Wai | F21: 09-774485332 | H21: 13 | M21: 3 | N21: 2 | P21: =SUM(G21:O21) -> 18
B22: Kaung Kin Think | C22: Joephyu Rd | D22: Mangalardon | G22: 1 | H22: 13 | M22: 1 | N22: 4 | P22: =SUM(G22:O22) -> 19
B23: Shwe Layoung | C23: Aung mae Tharyar Rd | D23: Mangalardon | H23: 12 | M23: 6 | N23: 2 | P23: =SUM(G23:O23) -> 20
P24: =SUM(G24:O24) -> 0
A25: 6 | B25: Aung Gyi | C25: Bago Rd | D25: Htauk kyant | E25: Ma Sandar Hlaing | F25: 09-660417209 | N25: 4 | P25: =SUM(G25:O25) -> 4
B26: Toe Twat Wai | C26: Badamar St | D26: Shwepyithar | G26: 4 | H26: 44 | M26: 8 | N26: 3 | P26: =SUM(G26:O26) -> 59
B27: Sin Pauk | C27: Hlawaga Rd | D27: Shwepyithar | G27: 1 | H27: 10 | M27: 3 | N27: 10 | P27: =SUM(G27:O27) -> 24
P28: =SUM(G28:O28) -> 0
A29: 7 | B29: Family Store | C29: Thanmine Lansone | D29: Hlaing | E29: Ma Lae Lae Tun | F29: 09 677196046 | H29: 7 | I29: 4 | M29: 1 | P29: =SUM(G29:O29) -> 12
B30: Nay La | C30: Kyan Sitt Thar Rd | D30: Hlaing Thar Yar | H30: 29 | M30: 4 | P30: =SUM(G30:O30) -> 33
B31: Arkar Tha 2 | C31: Sake kan Thar Rd | D31: Hlaing Thar Yar | H31: 7 | N31: 12 | P31: =SUM(G31:O31) -> 19
P32: =SUM(G32:O32) -> 0
A33: 8 | B33: Shwe Hinner | C33: Anaw Yathar Rd | D33: Hlaingtharyar | E33: Ma Yee Mon Aung | F33: 09 953844858 | G33: 1 | H33: 10 | M33: 2 | P33: =SUM(G33:O33) -> 13
B34: Nay La2 | C34: Sake kan Thar Rd | D34: Hlaing thar Yar | H34: 4 | P34: =SUM(G34:O34) -> 4
B35: Hlaing Bwar1 | C35: Paddue Rd | D35: Hlaing Thar Yar | G35: 1 | H35: 2 | M35: 1 | N35: 10 | P35: =SUM(G35:O35) -> 14
P36: =SUM(G36:O36) -> 0
A37: 9 | B37: Phyo | C37: Anaw Yathar Rd | D37: Hlaingtharyar | E37: Ma Shwe Sin Win | F37: 09 697220669 | H37: 9 | N37: 3 | P37: =SUM(G37:O37) -> 12
B38: Arkar Tha | C38: Thapyae Rd | D38: Hlaing Thar Yar | G38: 1 | H38: 8 | M38: 2 | P38: =SUM(G38:O38) -> 11
B39: Nay La | C39: Kyan Sitt Thar Rd | D39: Hlaing Thar Yar | G39: 1 | H39: 14 | M39: 1 | N39: 9 | P39: =SUM(G39:O39) -> 25
P40: =SUM(G40:O40) -> 0
A41: 10 | B41: Family Store | C41: Thanmine Lansone | D41: Hlaing | E41: Naw Kyi Phyu Thein | F41: 09-751050544 | H41: 4 | I41: 1 | M41: 2 | P41: =SUM(G41:O41) -> 7
B42: Nay La2 | C42: Sake kan Thar Rd | D42: Hlaing thar Yar | G42: 2 | H42: 11 | I42: 1 | N42: 2 | P42: =SUM(G42:O42) -> 16
B43: Myintmo | C43: Bayin Naung Rd | D43: Shwepyithar | H43: 14 | N43: 7 | P43: =SUM(G43:O43) -> 21
P44: =SUM(G44:O44) -> 0
A45: 11 | B45: Kaung | C45: Sin Phyu Shin Rd | D45: Hlaing Thar Yar | E45: Ma Zin Mar Phyo | F45: 09 404979290 | G45: 1 | H45: 8 | M45: 3 | N45: 1 | P45: =SUM(G45:O45) -> 13
B46: ANT Store | C46: Sake kan Thar Rd | D46: Hlaing Thar Yar | G46: 1 | H46: 17 | M46: 3 | N46: 9 | P46: =SUM(G46:O46) -> 30
P47: =SUM(G47:O47) -> 0
A48: 12 | B48: AATT | C48: Mandalay Rd | D48: Hlaing Thar Yar | E48: Ma Htet Htet Hlaing | F48: 09-675163225 | H48: 4 | N48: 1 | P48: =SUM(G48:O48) -> 5
P49: =SUM(G49:O49) -> 0
A50: 13 | B50: Yarket Nu Wai | C50: Anake Gonkone Rd | D50: Insein | E50: Ma Ei Thuzar Oo | F50: 09-668929420 | G50: 3 | H50: 15 | M50: 1 | N50: 3 | P50: =SUM(G50:O50) -> 22
B51: Shin Shin | C51: Joephyu Rd | D51: Mangalardon | G51: 3 | H51: 9 | M51: 6 | P51: =SUM(G51:O51) -> 18
B52: Shwe Yee Linn | C52: Padamyar Rd | D52: Mangalardon | H52: 13 | M52: 1 | N52: 1 | P52: =SUM(G52:O52) -> 15
P53: =SUM(G53:O53) -> 0
A54: 14 | B54: Win | C54: Anaw Yathar Rd | D54: Hlaingtharyar | E54: Ma Moe Thandar Oo | F54: 09-894618967 | H54: 6 | M54: 3 | P54: =SUM(G54:O54) -> 9
B55: Arkar Tha 2 | C55: Sake kan Thar Rd | D55: Hlaing Thar Yar | H55: 27 | M55: 5 | P55: =SUM(G55:O55) -> 32
B56: Paint Taime Thaung | C56: Aye Yake Nyein Rd | D56: Hlaing Thar Yar | G56: 1 | H56: 5 | M56: 4 | N56: 11 | P56: =SUM(G56:O56) -> 21
P57: =SUM(G57:O57) -> 0
A58: 15 | B58: Ma Thwe | C58: Nawayat Rd | D58: Insein | E58: Ma Shwe Yee Win | F58: 099-51659610 | H58: 8 | P58: =SUM(G58:O58) -> 8
B59: San Thit | C59: Joephyu Rd | D59: Mangalardon | H59: 18 | M59: 1 | P59: =SUM(G59:O59) -> 19
B60: Shwe Paler | C60: Aung Thapay Rd | D60: Mangalardon | G60: 1 | H60: 45 | M60: 3 | N60: 9 | O60: 1 | P60: =SUM(G60:O60) -> 59
P61: =SUM(G61:O61) -> 0
A62: 16 | B62: Shwe Yee Linn | C62: Padamyar Rd | D62: Mangalardon | E62: Ma Thaw Thaw Win | F62: 09-66554047 | H62: 22 | M62: 1 | P62: =SUM(G62:O62) -> 23
B63: San Thit | C63: Joephyu Rd | D63: Mangalardon | G63: 1 | H63: 17 | N63: 2 | P63: =SUM(G63:O63) -> 20
P64: =SUM(G64:O64) -> 0
A65: 17 | B65: Ko Kyaw | C65: Magin Kyawan Rd | D65: Insein | E65: Ma Htet Ei Ei Khaing | F65: 09-972309027 | H65: 8 | I65: 2 | M65: 3 | N65: 6 | P65: =SUM(G65:O65) -> 19
B66: Happy Day | C66: Padamyar Rd | D66: Mangalardon | G66: 3 | H66: 24 | M66: 6 | P66: =SUM(G66:O66) -> 33
B67: Su | C67: Aung Sinkhoe Rd | D67: Mangalardon | G67: 3 | H67: 10 | I67: 7 | M67: 2 | N67: 6 | P67: =SUM(G67:O67) -> 28
P68: =SUM(G68:O68) -> 0
A69: 18 | B69: Lucky 7 | C69: Anaw Yathar Rd | D69: Hlaingtharyar | E69: Ma Kaythi Aung | F69: 09-258599042 | H69: 6 | M69: 2 | N69: 3 | P69: =SUM(G69:O69) -> 11
B70: Paint Taime Thaung | C70: Aye Yake Nyein Rd | D70: Hlaing Thar Yar | G70: 2 | H70: 15 | M70: 9 | N70: 3 | P70: =SUM(G70:O70) -> 29
B71: 124 Store | C71: Padamyar Rd | D71: Hlaing Thar Yar | H71: 11 | M71: 2 | N71: 4 | P71: =SUM(G71:O71) -> 17
P72: =SUM(G72:O72) -> 0
A73: 19 | B73: Soe Moe Kyawe | C73: Lanlit Lan | D73: Insein | E73: Nilar Shwe | F73: 09-400291313 | G73: 1 | H73: 14 | N73: 1 | P73: =SUM(G73:O73) -> 16
B74: Shwe Paler | C74: Aung Thapay Rd | D74: Mangalardon | H74: 60 | M74: 11 | P74: =SUM(G74:O74) -> 71
B75: Kaung Kin Think | C75: Joephyu Rd | D75: Mangalardon | H75: 10 | I75: 2 | N75: 2 | P75: =SUM(G75:O75) -> 14
A77: 20 | B77: Shwe Myaing | C77: Baho Rd | D77: Hlaing | E77: Ei Zin Wai | F77: 09-773387161 | G77: 1 | H77: 10 | I77: 8 | M77: 2 | N77: 7 | P77: =SUM(G77:O77) -> 28
B78: Shwe Layoung | C78: Aung mae Tharyar Rd | D78: Mangalardon | H78: 54 | M78: 22 | P78: =SUM(G78:O78) -> 76
B79: Happy Day | C79: Padamyar Rd | D79: Mangalardon | H79: 6 | M79: 1 | N79: 6 | P79: =SUM(G79:O79) -> 13
P80: =SUM(G80:O80) -> 0
A81: 21 | B81: 29 | C81: Lan Thit Lan | D81: Htauk kyant | E81: Ei Ei Thu | F81: 09-403000048 | G81: 1 | H81: 15 | M81: 3 | P81: =SUM(G81:O81) -> 19
B82: KZ | C82: kantharyar Rd | D82: Shwepyithar | G82: 2 | H82: 32 | M82: 11 | P82: =SUM(G82:O82) -> 45
B83: Toe Twat Wai | C83: Badamar St | D83: Shwepyithar | G83: 2 | H83: 18 | M83: 7 | N83: 13 | P83: =SUM(G83:O83) -> 40
P84: =SUM(G84:O84) -> 0
A85: 22 | B85: AATT 1 | C85: Sittwe RD | D85: Hlaingtharyar | E85: Aye Chan Moe | F85: 09-425669739 | H85: 3 | M85: 1 | P85: =SUM(G85:O85) -> 4
B86: Hlaing Bwar1 | C86: Paddue Rd | D86: Hlaing Thar Yar | H86: 2 | M86: 8 | N86: 1 | P86: =SUM(G86:O86) -> 11
B87: Nay La2 | C87: Sake kan Thar Rd | D87: Hlaing thar Yar | H87: 4 | N87: 6 | P87: =SUM(G87:O87) -> 10
P88: =SUM(G88:O88) -> 0
G89: =SUM(G5:G88) -> 61 | H89: =SUM(H5:H88) -> 1043 | I89: =SUM(I5:I88) -> 43 | J89: =SUM(J5:J88) -> 0 | K89: =SUM(K5:K88) -> 0 | L89: =SUM(L5:L88) -> 0 | M89: =SUM(M5:M88) -> 219 | N89: =SUM(N5:N88) -> 212 | ... P89: =SUM(P5:P88) -> 1579

Sheet PGSales
A1: Year | B1: Month | C1: Date | E1: CustomerID | F1: ကုန်သည်အမည် | G1: လိပ်စာ | H1: Sales | I1: StockID | J1: StockName | K1: ML | L1: SalesBot | M1: Bonus | N1: MMK
A2: =YEAR(C2) -> 2024 | B2: =MONTH(C2) -> 12 | C2: 45628 | D2: Thaw Thaw Win | E2: DT2 | F2: =VLOOKUP(E2,Customer[],2,FALSE) -> Dana Toe(2) | G2: =VLOOKUP(E2,Customer[],3,FALSE) -> Pamoe Hinn Rd | H2: =VLOOKUP(E2,Customer[],4,FALSE) -> Hlaing Thar Yar Route (1) | I2: 350-SRS | J2: =VLOOKUP(I2,PGStock[],2,FALSE) -> Columbus Super Red Smooth 350 Ml | K2: =VLOOKUP(I2,PGStock[],3,FALSE) -> 0.35 | L2: 4 | M2: =VLOOKUP(I2,PGStock[],6,FALSE) -> 150 | N2: =+PGSales!$L2*PGSales!$M2 -> 600
A3: =YEAR(C3) -> 2024 | B3: =MONTH(C3) -> 12 | C3: 45628 | D3: Ei Thuzar Oo | E3: ND | F3: =VLOOKUP(E3,Customer[],2,FALSE) -> Nadai | G3: =VLOOKUP(E3,Customer[],3,FALSE) -> Bogyoke Aung San Rd | H3: =VLOOKUP(E3,Customer[],4,FALSE) -> Hlaing Thar Yar Route (1) | I3: 350-SRS | J3: =VLOOKUP(I3,PGStock[],2,FALSE) -> Columbus Super Red Smooth 350 Ml | K3: =VLOOKUP(I3,PGStock[],3,FALSE) -> 0.35 | L3: 1 | M3: =VLOOKUP(I3,PGStock[],6,FALSE) -> 150 | N3: =+PGSales!$L3*PGSales!$M3 -> 150
A4: =YEAR(C4) -> 2024 | B4: =MONTH(C4) -> 12 | C4: 45628 | D4: Ei Thuzar Oo | E4: ND | F4: =VLOOKUP(E4,Customer[],2,FALSE) -> Nadai | G4: =VLOOKUP(E4,Customer[],3,FALSE) -> Bogyoke Aung San Rd | H4: =VLOOKUP(E4,Customer[],4,FALSE) -> Hlaing Thar Yar Route (1) | I4: 350-FR | J4: =VLOOKUP(I4,PGStock[],2,FALSE) -> Formula Rum 350ml | K4: =VLOOKUP(I4,PGStock[],3,FALSE) -> 0.35 | L4: 2 | M4: =VLOOKUP(I4,PGStock[],6,FALSE) -> 150 | N4: =+PGSales!$L4*PGSales!$M4 -> 300
A5: =YEAR(C5) -> 2024 | B5: =MONTH(C5) -> 12 | C5: 45628 | D5: Shwe Yee Win | E5: DT1 | F5: =VLOOKUP(E5,Customer[],2,FALSE) -> Dana Toe(1) | G5: =VLOOKUP(E5,Customer[],3,FALSE) -> Bogyoke Aung San Rd | H5: =VLOOKUP(E5,Customer[],4,FALSE) -> Hlaing Thar Yar Route (1) | I5: 700-SRS | J5: =VLOOKUP(I5,PGStock[],2,FALSE) -> Columbus Super Red Smooth 700 Ml | K5: =VLOOKUP(I5,PGStock[],3,FALSE) -> 0.7 | L5: 1 | M5: =VLOOKUP(I5,PGStock[],6,FALSE) -> 200 | N5: =+PGSales!$L5*PGSales!$M5 -> 200
A6: =YEAR(C6) -> 2024 | B6: =MONTH(C6) -> 12 | C6: 45628 | D6: Shwe Yee Win | E6: DT1 | F6: =VLOOKUP(E6,Customer[],2,FALSE) -> Dana Toe(1) | G6: =VLOOKUP(E6,Customer[],3,FALSE) -> Bogyoke Aung San Rd | H6: =VLOOKUP(E6,Customer[],4,FALSE) -> Hlaing Thar Yar Route (1) | I6: 175-SRS | J6: =VLOOKUP(I6,PGStock[],2,FALSE) -> Columbus Super Red Smooth 175 Ml | K6: =VLOOKUP(I6,PGStock[],3,FALSE) -> 0.175 | L6: 1 | M6: =VLOOKUP(I6,PGStock[],6,FALSE) -> 100 | N6: =+PGSales!$L6*PGSales!$M6 -> 100
A7: =YEAR(C7) -> 2024 | B7: =MONTH(C7) -> 12 | C7: 45628 | D7: Shwe Yee Win | E7: DT1 | F7: =VLOOKUP(E7,Customer[],2,FALSE) -> Dana Toe(1) | G7: =VLOOKUP(E7,Customer[],3,FALSE) -> Bogyoke Aung San Rd | H7: =VLOOKUP(E7,Customer[],4,FALSE) -> Hlaing Thar Yar Route (1) | I7: 350-FR | J7: =VLOOKUP(I7,PGStock[],2,FALSE) -> Formula Rum 350ml | K7: =VLOOKUP(I7,PGStock[],3,FALSE) -> 0.35 | L7: 1 | M7: =VLOOKUP(I7,PGStock[],6,FALSE) -> 150 | N7: =+PGSales!$L7*PGSales!$M7 -> 150
A8: =YEAR(C8) -> 2024 | B8: =MONTH(C8) -> 12 | C8: 45628 | D8: Htet Ei Ei Khaing | E8: SYK | F8: =VLOOKUP(E8,Customer[],2,FALSE) -> Shwe Yi Khatt | G8: =VLOOKUP(E8,Customer[],3,FALSE) -> Taungnu Rd | H8: =VLOOKUP(E8,Customer[],4,FALSE) -> Hlaing Thar Yar Route (1) | I8: 350-SRS | J8: =VLOOKUP(I8,PGStock[],2,FALSE) -> Columbus Super Red Smooth 350 Ml | K8: =VLOOKUP(I8,PGStock[],3,FALSE) -> 0.35 | L8: 2 | M8: =VLOOKUP(I8,PGStock[],6,FALSE) -> 150 | N8: =+PGSales!$L8*PGSales!$M8 -> 300
A9: =YEAR(C9) -> 2024 | B9: =MONTH(C9) -> 12 | C9: 45628 | D9: Htet Ei Ei Khaing | E9: SYK | F9: =VLOOKUP(E9,Customer[],2,FALSE) -> Shwe Yi Khatt | G9: =VLOOKUP(E9,Customer[],3,FALSE) -> Taungnu Rd | H9: =VLOOKUP(E9,Customer[],4,FALSE) -> Hlaing Thar Yar Route (1) | I9: 175-SRS | J9: =VLOOKUP(I9,PGStock[],2,FALSE) -> Columbus Super Red Smooth 175 Ml | K9: =VLOOKUP(I9,PGStock[],3,FALSE) -> 0.175 | L9: 2 | M9: =VLOOKUP(I9,PGStock[],6,FALSE) -> 100 | N9: =+PGSales!$L9*PGSales!$M9 -> 200
A10: =YEAR(C10) -> 2024 | B10: =MONTH(C10) -> 12 | C10: 45628 | D10: Htet Ei Ei Khaing | E10: SYK | F10: =VLOOKUP(E10,Customer[],2,FALSE) -> Shwe Yi Khatt | G10: =VLOOKUP(E10,Customer[],3,FALSE) -> Taungnu Rd | H10: =VLOOKUP(E10,Customer[],4,FALSE) -> Hlaing Thar Yar Route (1) | I10: 350-FR | J10: =VLOOKUP(I10,PGStock[],2,FALSE) -> Formula Rum 350ml | K10: =VLOOKUP(I10,PGStock[],3,FALSE) -> 0.35 | L10: 4 | M10: =VLOOKUP(I10,PGStock[],6,FALSE) -> 150 | N10: =+PGSales!$L10*PGSales!$M10 -> 600
A11: =YEAR(C11) -> 2024 | B11: =MONTH(C11) -> 12 | C11: 45628 | D11: Zin Mar Phyo | E11: PP | F11: =VLOOKUP(E11,Customer[],2,FALSE) -> Po Po | G11: =VLOOKUP(E11,Customer[],3,FALSE) -> Mandalay Rd | H11: =VLOOKUP(E11,Customer[],4,FALSE) -> Hlaing Thar Yar Route (1) | I11: 350-SRS | J11: =VLOOKUP(I11,PGStock[],2,FALSE) -> Columbus Super Red Smooth 350 Ml | K11: =VLOOKUP(I11,PGStock[],3,FALSE) -> 0.35 | L11: 6 | M11: =VLOOKUP(I11,PGStock[],6,FALSE) -> 150 | N11: =+PGSales!$L11*PGSales!$M11 -> 900
A12: =YEAR(C12) -> 2024 | B12: =MONTH(C12) -> 12 | C12: 45628 | D12: Zin Mar Phyo | E12: PP | F12: =VLOOKUP(E12,Customer[],2,FALSE) -> Po Po | G12: =VLOOKUP(E12,Customer[],3,FALSE) -> Mandalay Rd | H12: =VLOOKUP(E12,Customer[],4,FALSE) -> Hlaing Thar Yar Route (1) | I12: 350-FR | J12: =VLOOKUP(I12,PGStock[],2,FALSE) -> Formula Rum 350ml | K12: =VLOOKUP(I12,PGStock[],3,FALSE) -> 0.35 | L12: 4 | M12: =VLOOKUP(I12,PGStock[],6,FALSE) -> 150 | N12: =+PGSales!$L12*PGSales!$M12 -> 600
A13: =YEAR(C13) -> 2024 | B13: =MONTH(C13) -> 12 | C13: 45628 | D13: Ma Jue Jue Hlaing | E13: SY | F13: =VLOOKUP(E13,Customer[],2,FALSE) -> Soon Pyan | G13: =VLOOKUP(E13,Customer[],3,FALSE) -> Bo Aung Kyaw Rd | H13: =VLOOKUP(E13,Customer[],4,FALSE) -> Hlaing Thar Yar Route (1) | I13: 350-SRS | J13: =VLOOKUP(I13,PGStock[],2,FALSE) -> Columbus Super Red Smooth 350 Ml | K13: =VLOOKUP(I13,PGStock[],3,FALSE) -> 0.35 | L13: 4 | M13: =VLOOKUP(I13,PGStock[],6,FALSE) -> 150 | N13: =+PGSales!$L13*PGSales!$M13 -> 600
... A378: =YEAR(C378) -> 2024 | B378: =MONTH(C378) -> 12 | C378: 45639 | D378: Kaythi Aung | E378: l | F378: =VLOOKUP(E378,Customer[],2,FALSE) -> Linn | G378: =VLOOKUP(E378,Customer[],3,FALSE) -> Bo Aung Kyaw Rd | H378: =VLOOKUP(E378,Customer[],4,FALSE) -> Hlaing Thar Yar Route (1) | I378: 350-FR | J378: =VLOOKUP(I378,PGStock[],2,FALSE) -> Formula Rum 350ml | K378: =VLOOKUP(I378,PGStock[],3,FALSE) -> 0.35 | L378: 7 | M378: =VLOOKUP(I378,PGStock[],6,FALSE) -> 150 | N378: =+PGSales!$L378*PGSales!$M378 -> 1050
A379: =YEAR(C379) -> 2024 | B379: =MONTH(C379) -> 12 | C379: 45639 | D379: Ei May Thu | E379: Lp | F379: =VLOOKUP(E380,Customer[],2,FALSE) -> Lapyae | G379: =VLOOKUP(E379,Customer[],3,FALSE) -> Sin Phyu Shin Rd | H379: =VLOOKUP(E379,Customer[],4,FALSE) -> Hlaing Thar Yar | I379: 350-SRS | J379: =VLOOKUP(I379,PGStock[],2,FALSE) -> Columbus Super Red Smooth 350 Ml | K379: =VLOOKUP(I379,PGStock[],3,FALSE) -> 0.35 | L379: 4 | M379: =VLOOKUP(I379,PGStock[],6,FALSE) -> 150 | N379: =+PGSales!$L379*PGSales!$M379 -> 600
A380: =YEAR(C380) -> 2024 | B380: =MONTH(C380) -> 12 | C380: 45639 | D380: Ei May Thu | E380: Lp | F380: =VLOOKUP(E381,Customer[],2,FALSE) -> Lapyae | G380: =VLOOKUP(E380,Customer[],3,FALSE) -> Sin Phyu Shin Rd | H380: =VLOOKUP(E380,Customer[],4,FALSE) -> Hlaing Thar Yar | I380: 175-SRS | J380: =VLOOKUP(I380,PGStock[],2,FALSE) -> Columbus Super Red Smooth 175 Ml | K380: =VLOOKUP(I380,PGStock[],3,FALSE) -> 0.175 | L380: 5 | M380: =VLOOKUP(I380,PGStock[],6,FALSE) -> 100 | N380: =+PGSales!$L380*PGSales!$M380 -> 500
A381: =YEAR(C381) -> 2024 | B381: =MONTH(C381) -> 12 | C381: 45639 | D381: Ei May Thu | E381: Lp | F381: =VLOOKUP(E381,Customer[],2,FALSE) -> Lapyae | G381: =VLOOKUP(E381,Customer[],3,FALSE) -> Sin Phyu Shin Rd | H381: =VLOOKUP(E381,Customer[],4,FALSE) -> Hlaing Thar Yar | I381: 700-FR | J381: =VLOOKUP(I381,PGStock[],2,FALSE) -> Formula Rum 700ml | K381: =VLOOKUP(I381,PGStock[],3,FALSE) -> 0.7 | L381: 1 | M381: =VLOOKUP(I381,PGStock[],6,FALSE) -> 200 | N381: =+PGSales!$L381*PGSales!$M381 -> 200
A382: =YEAR(C382) -> 2024 | B382: =MONTH(C382) -> 12 | C382: 45639 | D382: Ei May Thu | E382: lm | F382: =VLOOKUP(E382,Customer[],2,FALSE) -> Lamin | G382: =VLOOKUP(E382,Customer[],3,FALSE) -> No (4) Rd | H382: =VLOOKUP(E382,Customer[],4,FALSE) -> Shwepyithar | I382: 350-FR | J382: =VLOOKUP(I382,PGStock[],2,FALSE) -> Formula Rum 350ml | K382: =VLOOKUP(I382,PGStock[],3,FALSE) -> 0.35 | L382: 6 | M382: =VLOOKUP(I382,PGStock[],6,FALSE) -> 150 | N382: =+PGSales!$L382*PGSales!$M382 -> 900
A383: =YEAR(C383) -> 2024 | B383: =MONTH(C383) -> 12 | C383: 45639 | D383: Htet Htet Hlaing | E383: AATT | F383: =VLOOKUP(E383,Customer[],2,FALSE) -> #N/A | G383: =VLOOKUP(E383,Customer[],3,FALSE) -> #N/A | H383: =VLOOKUP(E383,Customer[],4,FALSE) -> #N/A | I383: 175-SRS | J383: =VLOOKUP(I383,PGStock[],2,FALSE) -> Columbus Super Red Smooth 175 Ml | K383: =VLOOKUP(I383,PGStock[],3,FALSE) -> 0.175 | L383: 1 | M383: =VLOOKUP(I383,PGStock[],6,FALSE) -> 100 | N383: =+PGSales!$L383*PGSales!$M383 -> 100
A384: =YEAR(C384) -> 2024 | B384: =MONTH(C384) -> 12 | C384: 45639 | D384: Yee Mon Aung | E384: ka | F384: =VLOOKUP(E384,Customer[],2,FALSE) -> Kaung | G384: =VLOOKUP(E384,Customer[],3,FALSE) -> Sin Phyu Shin Rd | H384: =VLOOKUP(E384,Customer[],4,FALSE) -> Hlaing Thar Yar | I384: 700-SRS | J384: =VLOOKUP(I384,PGStock[],2,FALSE) -> Columbus Super Red Smooth 700 Ml | K384: =VLOOKUP(I384,PGStock[],3,FALSE) -> 0.7 | L384: 1 | M384: =VLOOKUP(I384,PGStock[],6,FALSE) -> 200 | N384: =+PGSales!$L384*PGSales!$M384 -> 200
A385: =YEAR(C385) -> 2024 | B385: =MONTH(C385) -> 12 | C385: 45639 | D385: Yee Mon Aung | E385: ka | F385: =VLOOKUP(E385,Customer[],2,FALSE) -> Kaung | G385: =VLOOKUP(E385,Customer[],3,FALSE) -> Sin Phyu Shin Rd | H385: =VLOOKUP(E385,Customer[],4,FALSE) -> Hlaing Thar Yar | I385: 350-SRS | J385: =VLOOKUP(I385,PGStock[],2,FALSE) -> Columbus Super Red Smooth 350 Ml | K385: =VLOOKUP(I385,PGStock[],3,FALSE) -> 0.35 | L385: 4 | M385: =VLOOKUP(I385,PGStock[],6,FALSE) -> 150 | N385: =+PGSales!$L385*PGSales!$M385 -> 600
A386: =YEAR(C386) -> 2024 | B386: =MONTH(C386) -> 12 | C386: 45639 | D386: Yee Mon Aung | E386: ka | F386: =VLOOKUP(E386,Customer[],2,FALSE) -> Kaung | G386: =VLOOKUP(E386,Customer[],3,FALSE) -> Sin Phyu Shin Rd | H386: =VLOOKUP(E386,Customer[],4,FALSE) -> Hlaing Thar Yar | I386: 175-SRS | J386: =VLOOKUP(I386,PGStock[],2,FALSE) -> Columbus Super Red Smooth 175 Ml | K386: =VLOOKUP(I386,PGStock[],3,FALSE) -> 0.175 | L386: 2 | M386: =VLOOKUP(I386,PGStock[],6,FALSE) -> 100 | N386: =+PGSales!$L386*PGSales!$M386 -> 200
A387: =YEAR(C387) -> 2024 | B387: =MONTH(C387) -> 12 | C387: 45639 | D387: Yee Mon Aung | E387: ka | F387: =VLOOKUP(E387,Customer[],2,FALSE) -> Kaung | G387: =VLOOKUP(E387,Customer[],3,FALSE) -> Sin Phyu Shin Rd | H387: =VLOOKUP(E387,Customer[],4,FALSE) -> Hlaing Thar Yar | I387: 700-FR | J387: =VLOOKUP(I387,PGStock[],2,FALSE) -> Formula Rum 700ml | K387: =VLOOKUP(I387,PGStock[],3,FALSE) -> 0.7 | L387: 1 | M387: =VLOOKUP(I387,PGStock[],6,FALSE) -> 200 | N387: =+PGSales!$L387*PGSales!$M387 -> 200
A388: =YEAR(C388) -> 2024 | B388: =MONTH(C388) -> 12 | C388: 45639 | D388: Yee Mon Aung | E388: ka | F388: =VLOOKUP(E388,Customer[],2,FALSE) -> Kaung | G388: =VLOOKUP(E388,Customer[],3,FALSE) -> Sin Phyu Shin Rd | H388: =VLOOKUP(E388,Customer[],4,FALSE) -> Hlaing Thar Yar | I388: 350-FR | J388: =VLOOKUP(I388,PGStock[],2,FALSE) -> Formula Rum 350ml | K388: =VLOOKUP(I388,PGStock[],3,FALSE) -> 0.35 | L388: 2 | M388: =VLOOKUP(I388,PGStock[],6,FALSE) -> 150 | N388: =+PGSales!$L388*PGSales!$M388 -> 300
A389: =YEAR(C389) -> 2024 | B389: =MONTH(C389) -> 12 | C389: 45640 | D389: Thaw Thaw Win | E389: ssp | F389: =VLOOKUP(E389,Customer[],2,FALSE) -> Sein Shwe Phyo | G389: =VLOOKUP(E389,Customer[],3,FALSE) -> Thuka Rd | H389: =VLOOKUP(E389,Customer[],4,FALSE) -> Mangalardon | I389: 350-SRS | J389: =VLOOKUP(I389,PGStock[],2,FALSE) -> Columbus Super Red Smooth 350 Ml | K389: =VLOOKUP(I389,PGStock[],3,FALSE) -> 0.35 | L389: 6 | M389: =VLOOKUP(I389,PGStock[],6,FALSE) -> 150 | N389: =+PGSales!$L389*PGSales!$M389 -> 900
A390: =YEAR(C390) -> 2024 | B390: =MONTH(C390) -> 12 | C390: 45640 | D390: Thaw Thaw Win | E390: ssp | F390: =VLOOKUP(E390,Customer[],2,FALSE) -> Sein Shwe Phyo | G390: =VLOOKUP(E390,Customer[],3,FALSE) -> Thuka Rd | H390: =VLOOKUP(E390,Customer[],4,FALSE) -> Mangalardon | I390: 175-SRS | J390: =VLOOKUP(I390,PGStock[],2,FALSE) -> Columbus Super Red Smooth 175 Ml | K390: =VLOOKUP(I390,PGStock[],3,FALSE) -> 0.175 | L390: 2 | M390: =VLOOKUP(I390,PGStock[],6,FALSE) -> 100 | N390: =+PGSales!$L390*PGSales!$M390 -> 200
A391: =YEAR(C391) -> 2024 | B391: =MONTH(C391) -> 12 | C391: 45640 | D391: Thaw Thaw Win | E391: ssp | F391: =VLOOKUP(E391,Customer[],2,FALSE) -> Sein Shwe Phyo | G391: =VLOOKUP(E391,Customer[],3,FALSE) -> Thuka Rd | H391: =VLOOKUP(E391,Customer[],4,FALSE) -> Mangalardon | I391: 350-FR | J391: =VLOOKUP(I391,PGStock[],2,FALSE) -> Formula Rum 350ml | K391: =VLOOKUP(I391,PGStock[],3,FALSE) -> 0.35 | L391: 4 | M391: =VLOOKUP(I391,PGStock[],6,FALSE) -> 150 | N391: =+PGSales!$L391*PGSales!$M391 -> 600
A392: =YEAR(C392) -> 2024 | B392: =MONTH(C392) -> 12 | C392: 45640 | D392: Ei Thuzar Oo | E392: st | F392: =VLOOKUP(E392,Customer[],2,FALSE) -> San Thit | G392: =VLOOKUP(E392,Customer[],3,FALSE) -> Jone Phyu Rd | H392: =VLOOKUP(E392,Customer[],4,FALSE) -> Mangalardon | I392: 350-SRS | J392: =VLOOKUP(I392,PGStock[],2,FALSE) -> Columbus Super Red Smooth 350 Ml | K392: =VLOOKUP(I392,PGStock[],3,FALSE) -> 0.35 | L392: 5 | M392: =VLOOKUP(I392,PGStock[],6,FALSE) -> 150 | N392: =+PGSales!$L392*PGSales!$M392 -> 750
... A548: =YEAR(C548) -> 2024 | B548: =MONTH(C548) -> 12 | C548: 45644 | D548: Ei Zin Wai | E548: kkt | F548: =VLOOKUP(E548,Customer[],2,FALSE) -> Kaung Kin Think | G548: =VLOOKUP(E548,Customer[],3,FALSE) -> Joephyu Rd | H548: =VLOOKUP(E548,Customer[],4,FALSE) -> Mangalardon | I548: 350-SRS | J548: =VLOOKUP(I548,PGStock[],2,FALSE) -> Columbus Super Red Smooth 350 Ml | K548: =VLOOKUP(I548,PGStock[],3,FALSE) -> 0.35 | L548: 4 | M548: =VLOOKUP(I548,PGStock[],6,FALSE) -> 150 | N548: =+PGSales!$L548*PGSales!$M548 -> 600
A549: =YEAR(C549) -> 2024 | B549: =MONTH(C549) -> 12 | C549: 45644 | D549: Ma Jue Jue Hlaing | E549: mm | F549: =VLOOKUP(E550,Customer[],2,FALSE) -> Myintmo | G549: =VLOOKUP(E550,Customer[],3,FALSE) -> Bayin Naung Rd | H549: =VLOOKUP(E550,Customer[],4,FALSE) -> Shwepyithar | I549: 350-SRS | J549: =VLOOKUP(I549,PGStock[],2,FALSE) -> Columbus Super Red Smooth 350 Ml | K549: =VLOOKUP(I549,PGStock[],3,FALSE) -> 0.35 | L549: 5 | M549: =VLOOKUP(I549,PGStock[],6,FALSE) -> 150 | N549: =+PGSales!$L549*PGSales!$M549 -> 750
A550: =YEAR(C550) -> 2024 | B550: =MONTH(C550) -> 12 | C550: 45644 | D550: Ma Jue Jue Hlaing | E550: mm | F550: =VLOOKUP(E550,Customer[],2,FALSE) -> Myintmo | G550: =VLOOKUP(E550,Customer[],3,FALSE) -> Bayin Naung Rd | H550: =VLOOKUP(E551,Customer[],4,FALSE) -> Shwepyithar | I550: 350-FR | J550: =VLOOKUP(I550,PGStock[],2,FALSE) -> Formula Rum 350ml | K550: =VLOOKUP(I550,PGStock[],3,FALSE) -> 0.35 | L550: 5 | M550: =VLOOKUP(I550,PGStock[],6,FALSE) -> 150 | N550: =+PGSales!$L550*PGSales!$M550 -> 750
A551: =YEAR(C551) -> 2024 | B551: =MONTH(C551) -> 12 | C551: 45644 | D551: Ma Sandar Hlaing | E551: nnpp | F551: =VLOOKUP(E551,Customer[],2,FALSE) -> NI Ni Poe poe | G551: =VLOOKUP(E551,Customer[],3,FALSE) -> Ye Yanaing Rd | H551: =VLOOKUP(E551,Customer[],4,FALSE) -> Shwepyithar | I551: 350-SRS | J551: =VLOOKUP(I551,PGStock[],2,FALSE) -> Columbus Super Red Smooth 350 Ml | K551: =VLOOKUP(I551,PGStock[],3,FALSE) -> 0.35 | L551: 14 | M551: =VLOOKUP(I551,PGStock[],6,FALSE) -> 150 | N551: =+PGSales!$L551*PGSales!$M551 -> 2100
A552: =YEAR(C552) -> 2024 | B552: =MONTH(C552) -> 12 | C552: 45644 | D552: Ma Sandar Hlaing | E552: nnpp | F552: =VLOOKUP(E552,Customer[],2,FALSE) -> NI Ni Poe poe | G552: =VLOOKUP(E552,Customer[],3,FALSE) -> Ye Yanaing Rd | H552: =VLOOKUP(E552,Customer[],4,FALSE) -> Shwepyithar | I552: 350-FR | J552: =VLOOKUP(I552,PGStock[],2,FALSE) -> Formula Rum 350ml | K552: =VLOOKUP(I552,PGStock[],3,FALSE) -> 0.35 | L552: 8 | M552: =VLOOKUP(I552,PGStock[],6,FALSE) -> 150 | N552: =+PGSales!$L552*PGSales!$M552 -> 1200
A553: =YEAR(C553) -> 2024 | B553: =MONTH(C553) -> 12 | C553: 45644 | D553: Ma Thuzar Aung | E553: sss | F553: =VLOOKUP(E553,Customer[],2,FALSE) -> ShweSiSain | G553: =VLOOKUP(E553,Customer[],3,FALSE) -> Maher Badula Rd | H553: =VLOOKUP(E553,Customer[],4,FALSE) -> Shwepyithar | I553: 350-SRS | J553: =VLOOKUP(I553,PGStock[],2,FALSE) -> Columbus Super Red Smooth 350 Ml | K553: =VLOOKUP(I553,PGStock[],3,FALSE) -> 0.35 | L553: 7 | M553: =VLOOKUP(I553,PGStock[],6,FALSE) -> 150 | N553: =+PGSales!$L553*PGSales!$M553 -> 1050
A554: =YEAR(C554) -> 2024 | B554: =MONTH(C554) -> 12 | C554: 45644 | D554: Ma Thuzar Aung | E554: sss | F554: =VLOOKUP(E554,Customer[],2,FALSE) -> ShweSiSain | G554: =VLOOKUP(E554,Customer[],3,FALSE) -> Maher Badula Rd | H554: =VLOOKUP(E554,Customer[],4,FALSE) -> Shwepyithar | I554: 350-FR | J554: =VLOOKUP(I554,PGStock[],2,FALSE) -> Formula Rum 350ml | K554: =VLOOKUP(I554,PGStock[],3,FALSE) -> 0.35 | L554: 4 | M554: =VLOOKUP(I554,PGStock[],6,FALSE) -> 150 | N554: =+PGSales!$L554*PGSales!$M554 -> 600
A555: =YEAR(C555) -> 2024 | B555: =MONTH(C555) -> 12 | C555: 45644 | D555: Lae Lae Tun | E555: kmg | F555: =VLOOKUP(E555,Customer[],2,FALSE) -> KMG | G555: =VLOOKUP(E555,Customer[],3,FALSE) -> Min Yea Kyawswar Rd | H555: =VLOOKUP(E555,Customer[],4,FALSE) -> Shwepyithar | I555: 350-FR | J555: =VLOOKUP(I555,PGStock[],2,FALSE) -> Formula Rum 350ml | K555: =VLOOKUP(I555,PGStock[],3,FALSE) -> 0.35 | L555: 3 | M555: =VLOOKUP(I555,PGStock[],6,FALSE) -> 150 | N555: =+PGSales!$L555*PGSales!$M555 -> 450
A556: =YEAR(C556) -> 2024 | B556: =MONTH(C556) -> 12 | C556: 45644 | D556: Ma Hnin Pwint Phyu | E556: kz | F556: =VLOOKUP(E556,Customer[],2,FALSE) -> KZ | G556: =VLOOKUP(E556,Customer[],3,FALSE) -> kantharyar Rd | H556: =VLOOKUP(E556,Customer[],4,FALSE) -> Shwepyithar | I556: 350-SRS | J556: =VLOOKUP(I556,PGStock[],2,FALSE) -> Columbus Super Red Smooth 350 Ml | K556: =VLOOKUP(I556,PGStock[],3,FALSE) -> 0.35 | L556: 5 | M556: =VLOOKUP(I556,PGStock[],6,FALSE) -> 150 | N556: =+PGSales!$L556*PGSales!$M556 -> 750
A557: =YEAR(C557) -> 2024 | B557: =MONTH(C557) -> 12 | C557: 45644 | D557: Ma Hnin Pwint Phyu | E557: kz | F557: =VLOOKUP(E557,Customer[],2,FALSE) -> KZ | G557: =VLOOKUP(E557,Customer[],3,FALSE) -> kantharyar Rd | H557: =VLOOKUP(E557,Customer[],4,FALSE) -> Shwepyithar | I557: 350-FR | J557: =VLOOKUP(I557,PGStock[],2,FALSE) -> Formula Rum 350ml | K557: =VLOOKUP(I557,PGStock[],3,FALSE) -> 0.35 | L557: 6 | M557: =VLOOKUP(I557,PGStock[],6,FALSE) -> 150 | N557: =+PGSales!$L557*PGSales!$M557 -> 900
A558: =YEAR(C558) -> 2024 | B558: =MONTH(C558) -> 12 | C558: 45644 | D558: Ma Nway Hnin Moe | E558: lm | F558: =VLOOKUP(E558,Customer[],2,FALSE) -> Lamin | G558: =VLOOKUP(E558,Customer[],3,FALSE) -> No (4) Rd | H558: =VLOOKUP(E558,Customer[],4,FALSE) -> Shwepyithar | I558: 350-SRS | J558: =VLOOKUP(I558,PGStock[],2,FALSE) -> Columbus Super Red Smooth 350 Ml | K558: =VLOOKUP(I558,PGStock[],3,FALSE) -> 0.35 | L558: 2 | M558: =VLOOKUP(I558,PGStock[],6,FALSE) -> 150 | N558: =+PGSales!$L558*PGSales!$M558 -> 300
A559: =YEAR(C559) -> 2024 | B559: =MONTH(C559) -> 12 | C559: 45644 | D559: Ma Nway Hnin Moe | E559: lm | F559: =VLOOKUP(E559,Customer[],2,FALSE) -> Lamin | G559: =VLOOKUP(E559,Customer[],3,FALSE) -> No (4) Rd | H559: =VLOOKUP(E559,Customer[],4,FALSE) -> Shwepyithar | I559: 175-SRS | J559: =VLOOKUP(I559,PGStock[],2,FALSE) -> Columbus Super Red Smooth 175 Ml | K559: =VLOOKUP(I559,PGStock[],3,FALSE) -> 0.175 | L559: 1 | M559: =VLOOKUP(I559,PGStock[],6,FALSE) -> 100 | N559: =+PGSales!$L559*PGSales!$M559 -> 100
A560: =YEAR(C560) -> 2024 | B560: =MONTH(C560) -> 12 | C560: 45644 | D560: Ma Nway Hnin Moe | E560: lm | F560: =VLOOKUP(E560,Customer[],2,FALSE) -> Lamin | G560: =VLOOKUP(E560,Customer[],3,FALSE) -> No (4) Rd | H560: =VLOOKUP(E560,Customer[],4,FALSE) -> Shwepyithar | I560: 350-FR | J560: =VLOOKUP(I560,PGStock[],2,FALSE) -> Formula Rum 350ml | K560: =VLOOKUP(I560,PGStock[],3,FALSE) -> 0.35 | L560: 11 | M560: =VLOOKUP(I560,PGStock[],6,FALSE) -> 150 | N560: =+PGSales!$L560*PGSales!$M560 -> 1650
A561: =YEAR(C561) -> 2024 | B561: =MONTH(C561) -> 12 | C561: 45644 | D561: Shwe Sin Win | E561: am1 | F561: =VLOOKUP(E561,Customer[],2,FALSE) -> Arrmann(1) | G561: =VLOOKUP(E561,Customer[],3,FALSE) -> Bo Aung Kyaw Rd | H561: =VLOOKUP(E561,Customer[],4,FALSE) -> Hlaing Thar Yar | I561: 350-SRS | J561: =VLOOKUP(I561,PGStock[],2,FALSE) -> Columbus Super Red Smooth 350 Ml | K561: =VLOOKUP(I561,PGStock[],3,FALSE) -> 0.35 | L561: 1 | M561: =VLOOKUP(I561,PGStock[],6,FALSE) -> 150 | N561: =+PGSales!$L561*PGSales!$M561 -> 150
A562: =YEAR(C562) -> 2024 | B562: =MONTH(C562) -> 12 | C562: 45644 | D562: Shwe Sin Win | E562: am1 | F562: =VLOOKUP(E562,Customer[],2,FALSE) -> Arrmann(1) | G562: =VLOOKUP(E562,Customer[],3,FALSE) -> Bo Aung Kyaw Rd | H562: =VLOOKUP(E562,Customer[],4,FALSE) -> Hlaing Thar Yar | I562: 175-SRS | J562: =VLOOKUP(I562,PGStock[],2,FALSE) -> Columbus Super Red Smooth 175 Ml | K562: =VLOOKUP(I562,PGStock[],3,FALSE) -> 0.175 | L562: 1 | M562: =VLOOKUP(I562,PGStock[],6,FALSE) -> 100 | N562: =+PGSales!$L562*PGSales!$M562 -> 100
... A609: =YEAR(C609) -> 2024 | B609: =MONTH(C609) -> 12 | C609: 45645 | D609: Htet Htet Hlaing | E609: pt | F609: =VLOOKUP(E609,Customer[],2,FALSE) -> Pyae Tawtar | G609: =VLOOKUP(E609,Customer[],3,FALSE) -> Chit Kyi Yae Rd | H609: =VLOOKUP(E609,Customer[],4,FALSE) -> Hlaing Thar Yar | I609: 350-FR | J609: =VLOOKUP(I609,PGStock[],2,FALSE) -> Formula Rum 350ml | K609: =VLOOKUP(I609,PGStock[],3,FALSE) -> 0.35 | L609: 2 | M609: =VLOOKUP(I609,PGStock[],6,FALSE) -> 150 | N609: =+PGSales!$L609*PGSales!$M609 -> 300
A610: =YEAR(C610) -> 2024 | B610: =MONTH(C610) -> 12 | C610: 45645 | D610: Moe Thandar Oo | E610: ka | F610: =VLOOKUP(E612,Customer[],2,FALSE) -> Kaung | G610: =VLOOKUP(E612,Customer[],3,FALSE) -> Sin Phyu Shin Rd | H610: =VLOOKUP(E612,Customer[],4,FALSE) -> Hlaing Thar Yar | I610: 350-SRS | J610: =VLOOKUP(I610,PGStock[],2,FALSE) -> Columbus Super Red Smooth 350 Ml | K610: =VLOOKUP(I610,PGStock[],3,FALSE) -> 0.35 | L610: 2 | M610: =VLOOKUP(I610,PGStock[],6,FALSE) -> 150 | N610: =+PGSales!$L610*PGSales!$M610 -> 300
A611: =YEAR(C611) -> 2024 | B611: =MONTH(C611) -> 12 | C611: 45645 | D611: Moe Thandar Oo | E611: ka | F611: =VLOOKUP(E610,Customer[],2,FALSE) -> Kaung | G611: =VLOOKUP(E610,Customer[],3,FALSE) -> Sin Phyu Shin Rd | H611: =VLOOKUP(E610,Customer[],4,FALSE) -> Hlaing Thar Yar | I611: 700-FR | J611: =VLOOKUP(I611,PGStock[],2,FALSE) -> Formula Rum 700ml | K611: =VLOOKUP(I611,PGStock[],3,FALSE) -> 0.7 | L611: 1 | M611: =VLOOKUP(I611,PGStock[],6,FALSE) -> 200 | N611: =+PGSales!$L611*PGSales!$M611 -> 200
A612: =YEAR(C612) -> 2024 | B612: =MONTH(C612) -> 12 | C612: 45645 | D612: Moe Thandar Oo | E612: ka | F612: =VLOOKUP(#REF!,Customer[],2,FALSE) -> #REF! | G612: =VLOOKUP(#REF!,Customer[],3,FALSE) -> #REF! | H612: =VLOOKUP(#REF!,Customer[],4,FALSE) -> #REF! | I612: 350-FR | J612: =VLOOKUP(I612,PGStock[],2,FALSE) -> Formula Rum 350ml | K612: =VLOOKUP(I612,PGStock[],3,FALSE) -> 0.35 | L612: 2 | M612: =VLOOKUP(I612,PGStock[],6,FALSE) -> 150 | N612: =+PGSales!$L612*PGSales!$M612 -> 300
A613: =YEAR(C613) -> 2024 | B613: =MONTH(C613) -> 12 | C613: 45645 | D613: Ei May Thu | E613: pth | F613: =VLOOKUP(E613,Customer[],2,FALSE) -> Phoe Thar Htoo | G613: =VLOOKUP(E613,Customer[],3,FALSE) -> Khaing Shwe War Rd | H613: =VLOOKUP(E613,Customer[],4,FALSE) -> Hlaing Thar Yar | I613: 700-SRS | J613: =VLOOKUP(I613,PGStock[],2,FALSE) -> Columbus Super Red Smooth 700 Ml | K613: =VLOOKUP(I613,PGStock[],3,FALSE) -> 0.7 | L613: 1 | M613: =VLOOKUP(I613,PGStock[],6,FALSE) -> 200 | N613: =+PGSales!$L613*PGSales!$M613 -> 200
A614: =YEAR(C614) -> 2024 | B614: =MONTH(C614) -> 12 | C614: 45645 | D614: Ei May Thu | E614: pth | F614: =VLOOKUP(E614,Customer[],2,FALSE) -> Phoe Thar Htoo | G614: =VLOOKUP(E614,Customer[],3,FALSE) -> Khaing Shwe War Rd | H614: =VLOOKUP(E614,Customer[],4,FALSE) -> Hlaing Thar Yar | I614: 350-SRS | J614: =VLOOKUP(I614,PGStock[],2,FALSE) -> Columbus Super Red Smooth 350 Ml | K614: =VLOOKUP(I614,PGStock[],3,FALSE) -> 0.35 | L614: 2 | M614: =VLOOKUP(I614,PGStock[],6,FALSE) -> 150 | N614: =+PGSales!$L614*PGSales!$M614 -> 300
A615: =YEAR(C615) -> 2024 | B615: =MONTH(C615) -> 12 | C615: 45645 | D615: Ei May Thu | E615: pth | F615: =VLOOKUP(E615,Customer[],2,FALSE) -> Phoe Thar Htoo | G615: =VLOOKUP(E615,Customer[],3,FALSE) -> Khaing Shwe War Rd | H615: =VLOOKUP(E615,Customer[],4,FALSE) -> Hlaing Thar Yar | I615: 350-FR | J615: =VLOOKUP(I615,PGStock[],2,FALSE) -> Formula Rum 350ml | K615: =VLOOKUP(I615,PGStock[],3,FALSE) -> 0.35 | L615: 2 | M615: =VLOOKUP(I615,PGStock[],6,FALSE) -> 150 | N615: =+PGSales!$L615*PGSales!$M615 -> 300
A616: =YEAR(C616) -> 2024 | B616: =MONTH(C616) -> 12 | C616: 45645 | D616: Ma Phyo Phyo Wai | E616: ses | F616: =VLOOKUP(E616,Customer[],2,FALSE) -> Shwe Eain Si | G616: =VLOOKUP(E616,Customer[],3,FALSE) -> Banyar Dala Rd | H616: =VLOOKUP(E616,Customer[],4,FALSE) -> Hlaing Thar Yar | I616: 350-SRS | J616: =VLOOKUP(I616,PGStock[],2,FALSE) -> Columbus Super Red Smooth 350 Ml | K616: =VLOOKUP(I616,PGStock[],3,FALSE) -> 0.35 | L616: 1 | M616: =VLOOKUP(I616,PGStock[],6,FALSE) -> 150 | N616: =+PGSales!$L616*PGSales!$M616 -> 150
A617: =YEAR(C617) -> 2024 | B617: =MONTH(C617) -> 12 | C617: 45645 | D617: Ma Phyo Phyo Wai | E617: ses | F617: =VLOOKUP(E617,Customer[],2,FALSE) -> Shwe Eain Si | G617: =VLOOKUP(E617,Customer[],3,FALSE) -> Banyar Dala Rd | H617: =VLOOKUP(E617,Customer[],4,FALSE) -> Hlaing Thar Yar | I617: 350-FR | J617: =VLOOKUP(I617,PGStock[],2,FALSE) -> Formula Rum 350ml | K617: =VLOOKUP(I617,PGStock[],3,FALSE) -> 0.35 | L617: 2 | M617: =VLOOKUP(I617,PGStock[],6,FALSE) -> 150 | N617: =+PGSales!$L617*PGSales!$M617 -> 300
A618: =YEAR(C618) -> 2024 | B618: =MONTH(C618) -> 12 | C618: 45645 | D618: Kaythi Aung | E618: am2 | F618: =VLOOKUP(E618,Customer[],2,FALSE) -> Arrmann(2) | G618: =VLOOKUP(E618,Customer[],3,FALSE) -> Banyar Dala Rd | H618: =VLOOKUP(E618,Customer[],4,FALSE) -> Hlaing Thar Yar | I618: 350-SRS | J618: =VLOOKUP(I618,PGStock[],2,FALSE) -> Columbus Super Red Smooth 350 Ml | K618: =VLOOKUP(I618,PGStock[],3,FALSE) -> 0.35 | L618: 8 | M618: =VLOOKUP(I618,PGStock[],6,FALSE) -> 150 | N618: =+PGSales!$L618*PGSales!$M618 -> 1200
A619: =YEAR(C619) -> 2024 | B619: =MONTH(C619) -> 12 | C619: 45645 | D619: Kaythi Aung | E619: am2 | F619: =VLOOKUP(E619,Customer[],2,FALSE) -> Arrmann(2) | G619: =VLOOKUP(E619,Customer[],3,FALSE) -> Banyar Dala Rd | H619: =VLOOKUP(E619,Customer[],4,FALSE) -> Hlaing Thar Yar | I619: 350-FR | J619: =VLOOKUP(I619,PGStock[],2,FALSE) -> Formula Rum 350ml | K619: =VLOOKUP(I619,PGStock[],3,FALSE) -> 0.35 | L619: 3 | M619: =VLOOKUP(I619,PGStock[],6,FALSE) -> 150 | N619: =+PGSales!$L619*PGSales!$M619 -> 450
A620: =YEAR(C620) -> 2024 | B620: =MONTH(C620) -> 12 | C620: 45645 | D620: Zin Mar Phyo | E620: lp | F620: =VLOOKUP(E620,Customer[],2,FALSE) -> Lapyae | G620: =VLOOKUP(E620,Customer[],3,FALSE) -> Sin Phyu Shin Rd | H620: =VLOOKUP(E620,Customer[],4,FALSE) -> Hlaing Thar Yar | I620: 350-SRS | J620: =VLOOKUP(I620,PGStock[],2,FALSE) -> Columbus Super Red Smooth 350 Ml | K620: =VLOOKUP(I620,PGStock[],3,FALSE) -> 0.35 | L620: 3 | M620: =VLOOKUP(I620,PGStock[],6,FALSE) -> 150 | N620: =+PGSales!$L620*PGSales!$M620 -> 450
A621: =YEAR(C621) -> 2024 | B621: =MONTH(C621) -> 12 | C621: 45645 | D621: Zin Mar Phyo | E621: lp | F621: =VLOOKUP(E621,Customer[],2,FALSE) -> Lapyae | G621: =VLOOKUP(E621,Customer[],3,FALSE) -> Sin Phyu Shin Rd | H621: =VLOOKUP(E621,Customer[],4,FALSE) -> Hlaing Thar Yar | I621: 350-FR | J621: =VLOOKUP(I621,PGStock[],2,FALSE) -> Formula Rum 350ml | K621: =VLOOKUP(I621,PGStock[],3,FALSE) -> 0.35 | L621: 3 | M621: =VLOOKUP(I621,PGStock[],6,FALSE) -> 150 | N621: =+PGSales!$L621*PGSales!$M621 -> 450
A622: =YEAR(C622) -> 2024 | B622: =MONTH(C622) -> 12 | C622: 45646 | D622: Thaw Thaw Win | E622: SkSy | F622: =VLOOKUP(E622,Customer[],2,FALSE) -> Satkyar Shweyee | G622: =VLOOKUP(E622,Customer[],3,FALSE) -> Joephyu Lanthaw Rd | H622: =VLOOKUP(E622,Customer[],4,FALSE) -> Mangalardon | I622: 350-SRS | J622: =VLOOKUP(I622,PGStock[],2,FALSE) -> Columbus Super Red Smooth 350 Ml | K622: =VLOOKUP(I622,PGStock[],3,FALSE) -> 0.35 | L622: 3 | M622: =VLOOKUP(I622,PGStock[],6,FALSE) -> 150 | N622: =+PGSales!$L622*PGSales!$M622 -> 450
A623: =YEAR(C623) -> 2024 | B623: =MONTH(C623) -> 12 | C623: 45646 | D623: Thaw Thaw Win | E623: SkSy | F623: =VLOOKUP(E623,Customer[],2,FALSE) -> Satkyar Shweyee | G623: =VLOOKUP(E623,Customer[],3,FALSE) -> Joephyu Lanthaw Rd | H623: =VLOOKUP(E623,Customer[],4,FALSE) -> Mangalardon | I623: 700-FR | J623: =VLOOKUP(I623,PGStock[],2,FALSE) -> Formula Rum 700ml | K623: =VLOOKUP(I623,PGStock[],3,FALSE) -> 0.7 | L623: 1 | M623: =VLOOKUP(I623,PGStock[],6,FALSE) -> 200 | N623: =+PGSales!$L623*PGSales!$M623 -> 200
A624: =YEAR(C624) -> 2024 | B624: =MONTH(C624) -> 12 | C624: 45646 | D624: Thaw Thaw Win | E624: SkSy | F624: =VLOOKUP(E624,Customer[],2,FALSE) -> Satkyar Shweyee | G624: =VLOOKUP(E624,Customer[],3,FALSE) -> Joephyu Lanthaw Rd | H624: =VLOOKUP(E624,Customer[],4,FALSE) -> Mangalardon | I624: 350-FR | J624: =VLOOKUP(I624,PGStock[],2,FALSE) -> Formula Rum 350ml | K624: =VLOOKUP(I624,PGStock[],3,FALSE) -> 0.35 | L624: 6 | M624: =VLOOKUP(I624,PGStock[],6,FALSE) -> 150 | N624: =+PGSales!$L624*PGSales!$M624 -> 900
... A1241: =YEAR(C1241) -> 2025 | B1241: =MONTH(C1241) -> 1 | C1241: 45661 | D1241: Kaythi Aung | E1241: ps | F1241: =VLOOKUP(E1241,Customer[],2,FALSE) -> pyaeSone | G1241: =VLOOKUP(E1241,Customer[],3,FALSE) -> Htay Auyinn St | H1241: =VLOOKUP(E1241,Customer[],4,FALSE) -> Hlaing Thar Yar | I1241: 350-FR | J1241: =VLOOKUP(I1241,PGStock[],2,FALSE) -> Formula Rum 350ml | K1241: =VLOOKUP(I1241,PGStock[],3,FALSE) -> 0.35 | L1241: 4 | M1241: =VLOOKUP(I1241,PGStock[],6,FALSE) -> 150 | N1241: =+PGSales!$L1241*PGSales!$M1241 -> 600
A1242: =YEAR(C1242) -> 2025 | B1242: =MONTH(C1242) -> 1 | C1242: 45663 | D1242: Thaw Thaw Win | E1242: 161 | F1242: =VLOOKUP(E1242,Customer[],2,FALSE) -> 16 G (1) | G1242: =VLOOKUP(E1242,Customer[],3,FALSE) -> Innwa Rd | H1242: =VLOOKUP(E1242,Customer[],4,FALSE) -> S Paukkan N/Oakkala | I1242: 350-SRS | J1242: =VLOOKUP(I1242,PGStock[],2,FALSE) -> Columbus Super Red Smooth 350 Ml | K1242: =VLOOKUP(I1242,PGStock[],3,FALSE) -> 0.35 | L1242: 7 | M1242: =VLOOKUP(I1242,PGStock[],6,FALSE) -> 150 | N1242: =+PGSales!$L1242*PGSales!$M1242 -> 1050
A1243: =YEAR(C1243) -> 2025 | B1243: =MONTH(C1243) -> 1 | C1243: 45663 | D1243: Thaw Thaw Win | E1243: 161 | F1243: =VLOOKUP(E1243,Customer[],2,FALSE) -> 16 G (1) | G1243: =VLOOKUP(E1243,Customer[],3,FALSE) -> Innwa Rd | H1243: =VLOOKUP(E1243,Customer[],4,FALSE) -> S Paukkan N/Oakkala | I1243: 350-FR | J1243: =VLOOKUP(I1243,PGStock[],2,FALSE) -> Formula Rum 350ml | K1243: =VLOOKUP(I1243,PGStock[],3,FALSE) -> 0.35 | L1243: 2 | M1243: =VLOOKUP(I1243,PGStock[],6,FALSE) -> 150 | N1243: =+PGSales!$L1243*PGSales!$M1243 -> 300
A1244: =YEAR(C1244) -> 2025 | B1244: =MONTH(C1244) -> 1 | C1244: 45663 | D1244: Htet Ei Ei Khaing | E1244: k | F1244: =VLOOKUP(E1244,Customer[],2,FALSE) -> Kaung | G1244: =VLOOKUP(E1244,Customer[],3,FALSE) -> Nuaung Yann Rd | H1244: =VLOOKUP(E1244,Customer[],4,FALSE) -> S Paukkan N/Oakkala | I1244: 350-SRS | J1244: =VLOOKUP(I1244,PGStock[],2,FALSE) -> Columbus Super Red Smooth 350 Ml | K1244: =VLOOKUP(I1244,PGStock[],3,FALSE) -> 0.35 | L1244: 3 | M1244: =VLOOKUP(I1244,PGStock[],6,FALSE) -> 150 | N1244: =+PGSales!$L1244*PGSales!$M1244 -> 450
A1245: =YEAR(C1245) -> 2025 | B1245: =MONTH(C1245) -> 1 | C1245: 45663 | D1245: Htet Ei Ei Khaing | E1245: k | F1245: =VLOOKUP(E1245,Customer[],2,FALSE) -> Kaung | G1245: =VLOOKUP(E1245,Customer[],3,FALSE) -> Nuaung Yann Rd | H1245: =VLOOKUP(E1245,Customer[],4,FALSE) -> S Paukkan N/Oakkala | I1245: 350-FR | J1245: =VLOOKUP(I1245,PGStock[],2,FALSE) -> Formula Rum 350ml | K1245: =VLOOKUP(I1245,PGStock[],3,FALSE) -> 0.35 | L1245: 8 | M1245: =VLOOKUP(I1245,PGStock[],6,FALSE) -> 150 | N1245: =+PGSales!$L1245*PGSales!$M1245 -> 1200
A1246: =YEAR(C1246) -> 2025 | B1246: =MONTH(C1246) -> 1 | C1246: 45663 | D1246: Shwe Yee Win | E1246: hl | F1246: =VLOOKUP(E1246,Customer[],2,FALSE) -> Htet Lwin | G1246: =VLOOKUP(E1246,Customer[],3,FALSE) -> Bagan Rd | H1246: =VLOOKUP(E1246,Customer[],4,FALSE) -> S Paukkan N/Oakkala | I1246: 350-SRS | J1246: =VLOOKUP(I1246,PGStock[],2,FALSE) -> Columbus Super Red Smooth 350 Ml | K1246: =VLOOKUP(I1246,PGStock[],3,FALSE) -> 0.35 | L1246: 5 | M1246: =VLOOKUP(I1246,PGStock[],6,FALSE) -> 150 | N1246: =+PGSales!$L1246*PGSales!$M1246 -> 750
A1247: =YEAR(C1247) -> 2025 | B1247: =MONTH(C1247) -> 1 | C1247: 45663 | D1247: Shwe Yee Win | E1247: hl | F1247: =VLOOKUP(E1247,Customer[],2,FALSE) -> Htet Lwin | G1247: =VLOOKUP(E1247,Customer[],3,FALSE) -> Bagan Rd | H1247: =VLOOKUP(E1247,Customer[],4,FALSE) -> S Paukkan N/Oakkala | I1247: 175-SRS | J1247: =VLOOKUP(I1247,PGStock[],2,FALSE) -> Columbus Super Red Smooth 175 Ml | K1247: =VLOOKUP(I1247,PGStock[],3,FALSE) -> 0.175 | L1247: 2 | M1247: =VLOOKUP(I1247,PGStock[],6,FALSE) -> 100 | N1247: =+PGSales!$L1247*PGSales!$M1247 -> 200
A1248: =YEAR(C1248) -> 2025 | B1248: =MONTH(C1248) -> 1 | C1248: 45663 | D1248: Shwe Yee Win | E1248: hl | F1248: =VLOOKUP(E1248,Customer[],2,FALSE) -> Htet Lwin | G1248: =VLOOKUP(E1248,Customer[],3,FALSE) -> Bagan Rd | H1248: =VLOOKUP(E1248,Customer[],4,FALSE) -> S Paukkan N/Oakkala | I1248: 350-FR | J1248: =VLOOKUP(I1248,PGStock[],2,FALSE) -> Formula Rum 350ml | K1248: =VLOOKUP(I1248,PGStock[],3,FALSE) -> 0.35 | L1248: 6 | M1248: =VLOOKUP(I1248,PGStock[],6,FALSE) -> 150 | N1248: =+PGSales!$L1248*PGSales!$M1248 -> 900
A1249: =YEAR(C1249) -> 2025 | B1249: =MONTH(C1249) -> 1 | C1249: 45663 | D1249: Ma Phyo Phyo Wai | E1249: sst | F1249: =VLOOKUP(E1249,Customer[],2,FALSE) -> Sein Si Tun | G1249: =VLOOKUP(E1249,Customer[],3,FALSE) -> Yazar Deright Rd | H1249: =VLOOKUP(E1249,Customer[],4,FALSE) -> S Paukkan N/Oakkala | I1249: 350-SRS | J1249: =VLOOKUP(I1249,PGStock[],2,FALSE) -> Columbus Super Red Smooth 350 Ml | K1249: =VLOOKUP(I1249,PGStock[],3,FALSE) -> 0.35 | L1249: 3 | M1249: =VLOOKUP(I1249,PGStock[],6,FALSE) -> 150 | N1249: =+PGSales!$L1249*PGSales!$M1249 -> 450
A1250: =YEAR(C1250) -> 2025 | B1250: =MONTH(C1250) -> 1 | C1250: 45663 | D1250: Ma Phyo Phyo Wai | E1250: sst | F1250: =VLOOKUP(E1250,Customer[],2,FALSE) -> Sein Si Tun | G1250: =VLOOKUP(E1250,Customer[],3,FALSE) -> Yazar Deright Rd | H1250: =VLOOKUP(E1250,Customer[],4,FALSE) -> S Paukkan N/Oakkala | I1250: 175-SRS | J1250: =VLOOKUP(I1250,PGStock[],2,FALSE) -> Columbus Super Red Smooth 175 Ml | K1250: =VLOOKUP(I1250,PGStock[],3,FALSE) -> 0.175 | L1250: 2 | M1250: =VLOOKUP(I1250,PGStock[],6,FALSE) -> 100 | N1250: =+PGSales!$L1250*PGSales!$M1250 -> 200
A1251: =YEAR(C1251) -> 2025 | B1251: =MONTH(C1251) -> 1 | C1251: 45663 | D1251: Ma Phyo Phyo Wai | E1251: sst | F1251: =VLOOKUP(E1251,Customer[],2,FALSE) -> Sein Si Tun | G1251: =VLOOKUP(E1251,Customer[],3,FALSE) -> Yazar Deright Rd | H1251: =VLOOKUP(E1251,Customer[],4,FALSE) -> S Paukkan N/Oakkala | I1251: 350-FR | J1251: =VLOOKUP(I1251,PGStock[],2,FALSE) -> Formula Rum 350ml | K1251: =VLOOKUP(I1251,PGStock[],3,FALSE) -> 0.35 | L1251: 1 | M1251: =VLOOKUP(I1251,PGStock[],6,FALSE) -> 150 | N1251: =+PGSales!$L1251*PGSales!$M1251 -> 150
A1252: =YEAR(C1252) -> 2025 | B1252: =MONTH(C1252) -> 1 | C1252: 45663 | D1252: Ei Thuzar Oo | E1252: 162 | F1252: =VLOOKUP(E1252,Customer[],2,FALSE) -> 16 G(2) | G1252: =VLOOKUP(E1252,Customer[],3,FALSE) -> Taungnu Rd | H1252: =VLOOKUP(E1252,Customer[],4,FALSE) -> S Paukkan N/Oakkala | I1252: 350-SRS | J1252: =VLOOKUP(I1252,PGStock[],2,FALSE) -> Columbus Super Red Smooth 350 Ml | K1252: =VLOOKUP(I1252,PGStock[],3,FALSE) -> 0.35 | L1252: 2 | M1252: =VLOOKUP(I1252,PGStock[],6,FALSE) -> 150 | N1252: =+PGSales!$L1252*PGSales!$M1252 -> 300
A1253: =YEAR(C1253) -> 2025 | B1253: =MONTH(C1253) -> 1 | C1253: 45663 | D1253: Ei Thuzar Oo | E1253: 162 | F1253: =VLOOKUP(E1253,Customer[],2,FALSE) -> 16 G(2) | G1253: =VLOOKUP(E1253,Customer[],3,FALSE) -> Taungnu Rd | H1253: =VLOOKUP(E1253,Customer[],4,FALSE) -> S Paukkan N/Oakkala | I1253: 175-SRS | J1253: =VLOOKUP(I1253,PGStock[],2,FALSE) -> Columbus Super Red Smooth 175 Ml | K1253: =VLOOKUP(I1253,PGStock[],3,FALSE) -> 0.175 | L1253: 2 | M1253: =VLOOKUP(I1253,PGStock[],6,FALSE) -> 100 | N1253: =+PGSales!$L1253*PGSales!$M1253 -> 200
A1254: =YEAR(C1254) -> 2025 | B1254: =MONTH(C1254) -> 1 | C1254: 45663 | D1254: Naw Kyi Phyu Thein | E1254: kyaw | F1254: =VLOOKUP(E1254,Customer[],2,FALSE) -> Kyaw | G1254: =VLOOKUP(E1254,Customer[],3,FALSE) -> Bagan Rd | H1254: =VLOOKUP(E1254,Customer[],4,FALSE) -> S Paukkan N/Oakkala | I1254: 350-SRS | J1254: =VLOOKUP(I1254,PGStock[],2,FALSE) -> Columbus Super Red Smooth 350 Ml | K1254: =VLOOKUP(I1254,PGStock[],3,FALSE) -> 0.35 | L1254: 11 | M1254: =VLOOKUP(I1254,PGStock[],6,FALSE) -> 150 | N1254: =+PGSales!$L1254*PGSales!$M1254 -> 1650
A1255: =YEAR(C1255) -> 2025 | B1255: =MONTH(C1255) -> 1 | C1255: 45663 | D1255: Naw Kyi Phyu Thein | E1255: kyaw | F1255: =VLOOKUP(E1255,Customer[],2,FALSE) -> Kyaw | G1255: =VLOOKUP(E1255,Customer[],3,FALSE) -> Bagan Rd | H1255: =VLOOKUP(E1255,Customer[],4,FALSE) -> S Paukkan N/Oakkala | I1255: 350-FR | J1255: =VLOOKUP(I1255,PGStock[],2,FALSE) -> Formula Rum 350ml | K1255: =VLOOKUP(I1255,PGStock[],3,FALSE) -> 0.35 | L1255: 7 | M1255: =VLOOKUP(I1255,PGStock[],6,FALSE) -> 150 | N1255: =+PGSales!$L1255*PGSales!$M1255 -> 1050
A1256: =YEAR(C1256) -> 2025 | B1256: =MONTH(C1256) -> 1 | C1256: 45663 | D1256: Ma Jue Jue Hlaing | E1256: w | F1256: =VLOOKUP(E1256,Customer[],2,FALSE) -> Wine | G1256: =VLOOKUP(E1256,Customer[],3,FALSE) -> Hlawaga Rd | H1256: =VLOOKUP(E1256,Customer[],4,FALSE) -> Shwepyithar | I1256: 350-SRS | J1256: =VLOOKUP(I1256,PGStock[],2,FALSE) -> Columbus Super Red Smooth 350 Ml | K1256: =VLOOKUP(I1256,PGStock[],3,FALSE) -> 0.35 | L1256: 9 | M1256: =VLOOKUP(I1256,PGStock[],6,FALSE) -> 150 | N1256: =+PGSales!$L1256*PGSales!$M1256 -> 1350
A1257: =YEAR(C1257) -> 2025 | B1257: =MONTH(C1257) -> 1 | C1257: 45663 | D1257: Ma Jue Jue Hlaing | E1257: w | F1257: =VLOOKUP(E1257,Customer[],2,FALSE) -> Wine | G1257: =VLOOKUP(E1257,Customer[],3,FALSE) -> Hlawaga Rd | H1257: =VLOOKUP(E1257,Customer[],4,FALSE) -> Shwepyithar | I1257: 175-SRS | J1257: =VLOOKUP(I1257,PGStock[],2,FALSE) -> Columbus Super Red Smooth 175 Ml | K1257: =VLOOKUP(I1257,PGStock[],3,FALSE) -> 0.175 | L1257: 1 | M1257: =VLOOKUP(I1257,PGStock[],6,FALSE) -> 100 | N1257: =+PGSales!$L1257*PGSales!$M1257 -> 100
A1258: =YEAR(C1258) -> 2025 | B1258: =MONTH(C1258) -> 1 | C1258: 45663 | D1258: Ma Jue Jue Hlaing | E1258: w | F1258: =VLOOKUP(E1258,Customer[],2,FALSE) -> Wine | G1258: =VLOOKUP(E1258,Customer[],3,FALSE) -> Hlawaga Rd | H1258: =VLOOKUP(E1258,Customer[],4,FALSE) -> Shwepyithar | I1258: 350-FR | J1258: =VLOOKUP(I1258,PGStock[],2,FALSE) -> Formula Rum 350ml | K1258: =VLOOKUP(I1258,PGStock[],3,FALSE) -> 0.35 | L1258: 8 | M1258: =VLOOKUP(I1258,PGStock[],6,FALSE) -> 150 | N1258: =+PGSales!$L1258*PGSales!$M1258 -> 1200
A1259: =YEAR(C1259) -> 2025 | B1259: =MONTH(C1259) -> 1 | C1259: 45663 | D1259: Ma Thuzar Aung | E1259: mm | F1259: =VLOOKUP(E1259,Customer[],2,FALSE) -> Myintmo | G1259: =VLOOKUP(E1259,Customer[],3,FALSE) -> Bayin Naung Rd | H1259: =VLOOKUP(E1259,Customer[],4,FALSE) -> Shwepyithar | I1259: 350-SRS | J1259: =VLOOKUP(I1259,PGStock[],2,FALSE) -> Columbus Super Red Smooth 350 Ml | K1259: =VLOOKUP(I1259,PGStock[],3,FALSE) -> 0.35 | L1259: 5 | M1259: =VLOOKUP(I1259,PGStock[],6,FALSE) -> 150 | N1259: =+PGSales!$L1259*PGSales!$M1259 -> 750
A1260: =YEAR(C1260) -> 2025 | B1260: =MONTH(C1260) -> 1 | C1260: 45663 | D1260: Ma Thuzar Aung | E1260: mm | F1260: =VLOOKUP(E1260,Customer[],2,FALSE) -> Myintmo | G1260: =VLOOKUP(E1260,Customer[],3,FALSE) -> Bayin Naung Rd | H1260: =VLOOKUP(E1260,Customer[],4,FALSE) -> Shwepyithar | I1260: 350-FR | J1260: =VLOOKUP(I1260,PGStock[],2,FALSE) -> Formula Rum 350ml | K1260: =VLOOKUP(I1260,PGStock[],3,FALSE) -> 0.35 | L1260: 4 | M1260: =VLOOKUP(I1260,PGStock[],6,FALSE) -> 150 | N1260: =+PGSales!$L1260*PGSales!$M1260 -> 600
A1261: =YEAR(C1261) -> 2025 | B1261: =MONTH(C1261) -> 1 | C1261: 45663 | D1261: Ma Nway Hnin Moe | E1261: ttw | F1261: =VLOOKUP(E1261,Customer[],2,FALSE) -> Toe Twat Wai | G1261: =VLOOKUP(E1261,Customer[],3,FALSE) -> Badamar St | H1261: =VLOOKUP(E1261,Customer[],4,FALSE) -> Shwepyithar | I1261: 350-SRS | J1261: =VLOOKUP(I1261,PGStock[],2,FALSE) -> Columbus Super Red Smooth 350 Ml | K1261: =VLOOKUP(I1261,PGStock[],3,FALSE) -> 0.35 | L1261: 8 | M1261: =VLOOKUP(I1261,PGStock[],6,FALSE) -> 150 | N1261: =+PGSales!$L1261*PGSales!$M1261 -> 1200
A1262: =YEAR(C1262) -> 2025 | B1262: =MONTH(C1262) -> 1 | C1262: 45663 | D1262: Ma Nway Hnin Moe | E1262: ttw | F1262: =VLOOKUP(E1262,Customer[],2,FALSE) -> Toe Twat Wai | G1262: =VLOOKUP(E1262,Customer[],3,FALSE) -> Badamar St | H1262: =VLOOKUP(E1262,Customer[],4,FALSE) -> Shwepyithar | I1262: 350-FR | J1262: =VLOOKUP(I1262,PGStock[],2,FALSE) -> Formula Rum 350ml | K1262: =VLOOKUP(I1262,PGStock[],3,FALSE) -> 0.35 | L1262: 10 | M1262: =VLOOKUP(I1262,PGStock[],6,FALSE) -> 150 | N1262: =+PGSales!$L1262*PGSales!$M1262 -> 1500
A1263: =YEAR(C1263) -> 2025 | B1263: =MONTH(C1263) -> 1 | C1263: 45663 | D1263: Ma Sandar Hlaing | E1263: c | F1263: =VLOOKUP(E1263,Customer[],2,FALSE) -> Cheer | G1263: =VLOOKUP(E1263,Customer[],3,FALSE) -> ThanDin Zay Rd | H1263: =VLOOKUP(E1263,Customer[],4,FALSE) -> Shwepyithar | I1263: 350-SRS | J1263: =VLOOKUP(I1263,PGStock[],2,FALSE) -> Columbus Super Red Smooth 350 Ml | K1263: =VLOOKUP(I1263,PGStock[],3,FALSE) -> 0.35 | L1263: 5 | M1263: =VLOOKUP(I1263,PGStock[],6,FALSE) -> 150 | N1263: =+PGSales!$L1263*PGSales!$M1263 -> 750
A1264: =YEAR(C1264) -> 2025 | B1264: =MONTH(C1264) -> 1 | C1264: 45663 | D1264: Ma Sandar Hlaing | E1264: c | F1264: =VLOOKUP(E1264,Customer[],2,FALSE) -> Cheer | G1264: =VLOOKUP(E1264,Customer[],3,FALSE) -> ThanDin Zay Rd | H1264: =VLOOKUP(E1264,Customer[],4,FALSE) -> Shwepyithar | I1264: 350-FR | J1264: =VLOOKUP(I1264,PGStock[],2,FALSE) -> Formula Rum 350ml | K1264: =VLOOKUP(I1264,PGStock[],3,FALSE) -> 0.35 | L1264: 6 | M1264: =VLOOKUP(I1264,PGStock[],6,FALSE) -> 150 | N1264: =+PGSales!$L1264*PGSales!$M1264 -> 900
A1265: =YEAR(C1265) -> 2025 | B1265: =MONTH(C1265) -> 1 | C1265: 45663 | D1265: Ma Hnin Pwint Phyu | E1265: kt | F1265: =VLOOKUP(E1265,Customer[],2,FALSE) -> Kaung Thant | G1265: =VLOOKUP(E1265,Customer[],3,FALSE) -> ThanDin Zay Rd | H1265: =VLOOKUP(E1265,Customer[],4,FALSE) -> Shwepyithar | I1265: 350-SRS | J1265: =VLOOKUP(I1265,PGStock[],2,FALSE) -> Columbus Super Red Smooth 350 Ml | K1265: =VLOOKUP(I1265,PGStock[],3,FALSE) -> 0.35 | L1265: 2 | M1265: =VLOOKUP(I1265,PGStock[],6,FALSE) -> 150 | N1265: =+PGSales!$L1265*PGSales!$M1265 -> 300
... A1288: =YEAR(C1288) -> 2025 | B1288: =MONTH(C1288) -> 1 | C1288: 45663 | D1288: Ei May Thu | E1288: az | F1288: =VLOOKUP(E1288,Customer[],2,FALSE) -> Aung Zaya | G1288: =VLOOKUP(E1288,Customer[],3,FALSE) -> Bogyoke Rd | H1288: =VLOOKUP(E1288,Customer[],4,FALSE) -> Hlaing Thar Yar | I1288: 350-FR | J1288: =VLOOKUP(I1288,PGStock[],2,FALSE) -> Formula Rum 350ml | K1288: =VLOOKUP(I1288,PGStock[],3,FALSE) -> 0.35 | L1288: 6 | M1288: =VLOOKUP(I1288,PGStock[],6,FALSE) -> 150 | N1288: =+PGSales!$L1288*PGSales!$M1288 -> 900
A1289: =YEAR(C1289) -> 2025 | B1289: =MONTH(C1289) -> 1 | C1289: 45664 | D1289: Thaw Thaw Win | E1289: 161 | F1289: =VLOOKUP(E1289,Customer[],2,FALSE) -> 16 G (1) | G1289: =VLOOKUP(E1289,Customer[],3,FALSE) -> Innwa Rd | H1289: =VLOOKUP(E1289,Customer[],4,FALSE) -> S Paukkan N/Oakkala | I1289: 350-SRS | J1289: =VLOOKUP(I1289,PGStock[],2,FALSE) -> Columbus Super Red Smooth 350 Ml | K1289: =VLOOKUP(I1289,PGStock[],3,FALSE) -> 0.35 | L1289: 7 | M1289: =VLOOKUP(I1289,PGStock[],6,FALSE) -> 150 | N1289: =+PGSales!$L1289*PGSales!$M1289 -> 1050
A1290: =YEAR(C1290) -> 2025 | B1290: =MONTH(C1290) -> 1 | C1290: 45664 | D1290: Thaw Thaw Win | E1290: 161 | F1290: =VLOOKUP(E1290,Customer[],2,FALSE) -> 16 G (1) | G1290: =VLOOKUP(E1290,Customer[],3,FALSE) -> Innwa Rd | H1290: =VLOOKUP(E1290,Customer[],4,FALSE) -> S Paukkan N/Oakkala | I1290: 350-FR | J1290: =VLOOKUP(I1290,PGStock[],2,FALSE) -> Formula Rum 350ml | K1290: =VLOOKUP(I1290,PGStock[],3,FALSE) -> 0.35 | L1290: 1 | M1290: =VLOOKUP(I1290,PGStock[],6,FALSE) -> 150 | N1290: =+PGSales!$L1290*PGSales!$M1290 -> 150
A1291: =YEAR(C1291) -> 2025 | B1291: =MONTH(C1291) -> 1 | C1291: 45664 | D1291: Htet Ei Ei Khaing | E1291: k | F1291: =VLOOKUP(E1291,Customer[],2,FALSE) -> Kaung | G1291: =VLOOKUP(E1291,Customer[],3,FALSE) -> Nuaung Yann Rd | H1291: =VLOOKUP(E1291,Customer[],4,FALSE) -> S Paukkan N/Oakkala | I1291: 700-SRS | J1291: =VLOOKUP(I1291,PGStock[],2,FALSE) -> Columbus Super Red Smooth 700 Ml | K1291: =VLOOKUP(I1291,PGStock[],3,FALSE) -> 0.7 | L1291: 1 | M1291: =VLOOKUP(I1291,PGStock[],6,FALSE) -> 200 | N1291: =+PGSales!$L1291*PGSales!$M1291 -> 200
A1292: =YEAR(C1292) -> 2025 | B1292: =MONTH(C1292) -> 1 | C1292: 45664 | D1292: Htet Ei Ei Khaing | E1292: k | F1292: =VLOOKUP(E1292,Customer[],2,FALSE) -> Kaung | G1292: =VLOOKUP(E1292,Customer[],3,FALSE) -> Nuaung Yann Rd | H1292: =VLOOKUP(E1292,Customer[],4,FALSE) -> S Paukkan N/Oakkala | I1292: 350-SRS | J1292: =VLOOKUP(I1292,PGStock[],2,FALSE) -> Columbus Super Red Smooth 350 Ml | K1292: =VLOOKUP(I1292,PGStock[],3,FALSE) -> 0.35 | L1292: 7 | M1292: =VLOOKUP(I1292,PGStock[],6,FALSE) -> 150 | N1292: =+PGSales!$L1292*PGSales!$M1292 -> 1050
A1293: =YEAR(C1293) -> 2025 | B1293: =MONTH(C1293) -> 1 | C1293: 45664 | D1293: Htet Ei Ei Khaing | E1293: k | F1293: =VLOOKUP(E1293,Customer[],2,FALSE) -> Kaung | G1293: =VLOOKUP(E1293,Customer[],3,FALSE) -> Nuaung Yann Rd | H1293: =VLOOKUP(E1293,Customer[],4,FALSE) -> S Paukkan N/Oakkala | I1293: 350-FR | J1293: =VLOOKUP(I1293,PGStock[],2,FALSE) -> Formula Rum 350ml | K1293: =VLOOKUP(I1293,PGStock[],3,FALSE) -> 0.35 | L1293: 7 | M1293: =VLOOKUP(I1293,PGStock[],6,FALSE) -> 150 | N1293: =+PGSales!$L1293*PGSales!$M1293 -> 1050
A1294: =YEAR(C1294) -> 2025 | B1294: =MONTH(C1294) -> 1 | C1294: 45664 | D1294: Shwe Yee Win | E1294: hl | F1294: =VLOOKUP(E1294,Customer[],2,FALSE) -> Htet Lwin | G1294: =VLOOKUP(E1294,Customer[],3,FALSE) -> Bagan Rd | H1294: =VLOOKUP(E1294,Customer[],4,FALSE) -> S Paukkan N/Oakkala | I1294: 350-SRS | J1294: =VLOOKUP(I1294,PGStock[],2,FALSE) -> Columbus Super Red Smooth 350 Ml | K1294: =VLOOKUP(I1294,PGStock[],3,FALSE) -> 0.35 | L1294: 4 | M1294: =VLOOKUP(I1294,PGStock[],6,FALSE) -> 150 | N1294: =+PGSales!$L1294*PGSales!$M1294 -> 600
A1295: =YEAR(C1295) -> 2025 | B1295: =MONTH(C1295) -> 1 | C1295: 45664 | D1295: Shwe Yee Win | E1295: hl | F1295: =VLOOKUP(E1295,Customer[],2,FALSE) -> Htet Lwin | G1295: =VLOOKUP(E1295,Customer[],3,FALSE) -> Bagan Rd | H1295: =VLOOKUP(E1295,Customer[],4,FALSE) -> S Paukkan N/Oakkala | I1295: 175-SRS | J1295: =VLOOKUP(I1295,PGStock[],2,FALSE) -> Columbus Super Red Smooth 175 Ml | K1295: =VLOOKUP(I1295,PGStock[],3,FALSE) -> 0.175 | L1295: 1 | M1295: =VLOOKUP(I1295,PGStock[],6,FALSE) -> 100 | N1295: =+PGSales!$L1295*PGSales!$M1295 -> 100
A1296: =YEAR(C1296) -> 2025 | B1296: =MONTH(C1296) -> 1 | C1296: 45664 | D1296: Shwe Yee Win | E1296: hl | F1296: =VLOOKUP(E1296,Customer[],2,FALSE) -> Htet Lwin | G1296: =VLOOKUP(E1296,Customer[],3,FALSE) -> Bagan Rd | H1296: =VLOOKUP(E1296,Customer[],4,FALSE) -> S Paukkan N/Oakkala | I1296: 350-FR | J1296: =VLOOKUP(I1296,PGStock[],2,FALSE) -> Formula Rum 350ml | K1296: =VLOOKUP(I1296,PGStock[],3,FALSE) -> 0.35 | L1296: 6 | M1296: =VLOOKUP(I1296,PGStock[],6,FALSE) -> 150 | N1296: =+PGSales!$L1296*PGSales!$M1296 -> 900
A1297: =YEAR(C1297) -> 2025 | B1297: =MONTH(C1297) -> 1 | C1297: 45664 | D1297: Ei Thuzar Oo | E1297: 162 | F1297: =VLOOKUP(E1297,Customer[],2,FALSE) -> 16 G(2) | G1297: =VLOOKUP(E1297,Customer[],3,FALSE) -> Taungnu Rd | H1297: =VLOOKUP(E1297,Customer[],4,FALSE) -> S Paukkan N/Oakkala | I1297: 700-SRS | J1297: =VLOOKUP(I1297,PGStock[],2,FALSE) -> Columbus Super Red Smooth 700 Ml | K1297: =VLOOKUP(I1297,PGStock[],3,FALSE) -> 0.7 | L1297: 1 | M1297: =VLOOKUP(I1297,PGStock[],6,FALSE) -> 200 | N1297: =+PGSales!$L1297*PGSales!$M1297 -> 200
A1298: =YEAR(C1298) -> 2025 | B1298: =MONTH(C1298) -> 1 | C1298: 45664 | D1298: Ei Thuzar Oo | E1298: 162 | F1298: =VLOOKUP(E1298,Customer[],2,FALSE) -> 16 G(2) | G1298: =VLOOKUP(E1298,Customer[],3,FALSE) -> Taungnu Rd | H1298: =VLOOKUP(E1298,Customer[],4,FALSE) -> S Paukkan N/Oakkala | I1298: 350-SRS | J1298: =VLOOKUP(I1298,PGStock[],2,FALSE) -> Columbus Super Red Smooth 350 Ml | K1298: =VLOOKUP(I1298,PGStock[],3,FALSE) -> 0.35 | L1298: 1 | M1298: =VLOOKUP(I1298,PGStock[],6,FALSE) -> 150 | N1298: =+PGSales!$L1298*PGSales!$M1298 -> 150
A1299: =YEAR(C1299) -> 2025 | B1299: =MONTH(C1299) -> 1 | C1299: 45664 | D1299: Ei Thuzar Oo | E1299: 162 | F1299: =VLOOKUP(E1299,Customer[],2,FALSE) -> 16 G(2) | G1299: =VLOOKUP(E1299,Customer[],3,FALSE) -> Taungnu Rd | H1299: =VLOOKUP(E1299,Customer[],4,FALSE) -> S Paukkan N/Oakkala | I1299: 350-FR | J1299: =VLOOKUP(I1299,PGStock[],2,FALSE) -> Formula Rum 350ml | K1299: =VLOOKUP(I1299,PGStock[],3,FALSE) -> 0.35 | L1299: 1 | M1299: =VLOOKUP(I1299,PGStock[],6,FALSE) -> 150 | N1299: =+PGSales!$L1299*PGSales!$M1299 -> 150
A1300: =YEAR(C1300) -> 2025 | B1300: =MONTH(C1300) -> 1 | C1300: 45664 | D1300: Naw Kyi Phyu Thein | E1300: kyaw | F1300: =VLOOKUP(E1300,Customer[],2,FALSE) -> Kyaw | G1300: =VLOOKUP(E1300,Customer[],3,FALSE) -> Bagan Rd | H1300: =VLOOKUP(E1300,Customer[],4,FALSE) -> S Paukkan N/Oakkala | I1300: 700-SRS | J1300: =VLOOKUP(I1300,PGStock[],2,FALSE) -> Columbus Super Red Smooth 700 Ml | K1300: =VLOOKUP(I1300,PGStock[],3,FALSE) -> 0.7 | L1300: 1 | M1300: =VLOOKUP(I1300,PGStock[],6,FALSE) -> 200 | N1300: =+PGSales!$L1300*PGSales!$M1300 -> 200
A1301: =YEAR(C1301) -> 2025 | B1301: =MONTH(C1301) -> 1 | C1301: 45664 | D1301: Naw Kyi Phyu Thein | E1301: kyaw | F1301: =VLOOKUP(E1301,Customer[],2,FALSE) -> Kyaw | G1301: =VLOOKUP(E1301,Customer[],3,FALSE) -> Bagan Rd | H1301: =VLOOKUP(E1301,Customer[],4,FALSE) -> S Paukkan N/Oakkala | I1301: 350-SRS | J1301: =VLOOKUP(I1301,PGStock[],2,FALSE) -> Columbus Super Red Smooth 350 Ml | K1301: =VLOOKUP(I1301,PGStock[],3,FALSE) -> 0.35 | L1301: 13 | M1301: =VLOOKUP(I1301,PGStock[],6,FALSE) -> 150 | N1301: =+PGSales!$L1301*PGSales!$M1301 -> 1950
A1302: =YEAR(C1302) -> 2025 | B1302: =MONTH(C1302) -> 1 | C1302: 45664 | D1302: Naw Kyi Phyu Thein | E1302: kyaw | F1302: =VLOOKUP(E1302,Customer[],2,FALSE) -> Kyaw | G1302: =VLOOKUP(E1302,Customer[],3,FALSE) -> Bagan Rd | H1302: =VLOOKUP(E1302,Customer[],4,FALSE) -> S Paukkan N/Oakkala | I1302: 700-FR | J1302: =VLOOKUP(I1302,PGStock[],2,FALSE) -> Formula Rum 700ml | K1302: =VLOOKUP(I1302,PGStock[],3,FALSE) -> 0.7 | L1302: 2 | M1302: =VLOOKUP(I1302,PGStock[],6,FALSE) -> 200 | N1302: =+PGSales!$L1302*PGSales!$M1302 -> 400
A1303: =YEAR(C1303) -> 2025 | B1303: =MONTH(C1303) -> 1 | C1303: 45664 | D1303: Naw Kyi Phyu Thein | E1303: kyaw | F1303: =VLOOKUP(E1303,Customer[],2,FALSE) -> Kyaw | G1303: =VLOOKUP(E1303,Customer[],3,FALSE) -> Bagan Rd | H1303: =VLOOKUP(E1303,Customer[],4,FALSE) -> S Paukkan N/Oakkala | I1303: 350-FR | J1303: =VLOOKUP(I1303,PGStock[],2,FALSE) -> Formula Rum 350ml | K1303: =VLOOKUP(I1303,PGStock[],3,FALSE) -> 0.35 | L1303: 7 | M1303: =VLOOKUP(I1303,PGStock[],6,FALSE) -> 150 | N1303: =+PGSales!$L1303*PGSales!$M1303 -> 1050
...

Sheet May-Monthly
A1: Yangon PG sale report May monthly
A2: 1 | B2: Shop name | C2: Shop Address | D2: Township | E2: PG Name | F2: Ph.no | G2: Columbus Super red smooth | J2: Columbus Original | M2: Formula Rum | O2: ဒဂုံမန်ကျည်း | P2: Total
G3: 700ml | H3: 350ml | I3: 175ml | J3: 700ml | K3: 350ml | L3: 175ml | M3: 700ml | N3: 350ml
A5: 1 | B5: KZ | C5: kantharyar Rd | D5: Shwepyithar | E5: Ma Thuzar Aung | F5: 09-898146525 | H5: 15 | P5: =SUM(G5:O5) -> 15
B6: Wine | C6: Hlawaga Rd | D6: Shwepyithar | G6: 3 | H6: 40 | I6: 11 | M6: 3 | N6: 7 | P6: =SUM(G6:O6) -> 64
B7: KZ | C7: kantharyar Rd | D7: Shwepyithar | G7: 1 | H7: 21 | M7: 1 | N7: 1 | P7: =SUM(G7:O7) -> 24
B8: Kaung Thant | C8: ThanDin Zay Rd | D8: Shwepyithar | H8: 29 | I8: 6 | M8: 4 | N8: 32 | P8: =SUM(G8:O8) -> 71
B9: Zaw Hein Kaber | C9: ThanDin Zay Rd | D9: Shwepyithar | G9: 1 | H9: 17 | I9: 6 | M9: 1 | N9: 25 | P9: =SUM(G9:O9) -> 50
A10: 2 | B10: Moe Thounk Pan | C10: Mya Yatu Sd | D10: Htauk kyant | E10: Ma Jue Jue Hlaing | F10: 09-986169990 | G10: 1 | H10: 18 | M10: 9 | P10: =SUM(G10:O10) -> 28
B11: Myintmo | C11: Bayin Naung Rd | D11: Shwepyithar | H11: 17 | M11: 15 | N11: 4 | P11: =SUM(G11:O11) -> 36
B12: Min Satae Kyatt | C12: Hlawaga Rd | D12: Shwepyithar | H12: 45 | M12: 3 | N12: 17 | P12: =SUM(G12:O12) -> 65
B13: Moe Htety | C13: S Paukkan Rd | D13: S Paukkan N/Oakkala | H13: 39 | I13: 2 | M13: 2 | N13: 35 | P13: =SUM(G13:O13) -> 78
B14: Kyaw | C14: Bagan Rd | D14: S Paukkan N/Oakkala | H14: 50 | I14: 10 | M14: 10 | N14: 30 | P14: =SUM(G14:O14) -> 100
A15: 3 | B15: A&T | C15: Pa 50 Lan Baho | D15: Hlaing | E15: Ma Nway Hnin Moe | F15: 09-983002374 | H15: 13 | M15: 3 | P15: =SUM(G15:O15) -> 16
B16: Sin Pauk | C16: Hlawaga Rd | D16: Shwepyithar | H16: 56 | M16: 10 | P16: =SUM(G16:O16) -> 66
B17: Wine | C17: Hlawaga Rd | D17: Shwepyithar | G17: 15 | H17: 55 | I17: 7 | M17: 5 | N17: 27 | P17: =SUM(G17:O17) -> 109
B18: Zaw Hein Kaber | C18: ThanDin Zay Rd | D18: Shwepyithar | H18: 22 | I18: 11 | M18: 3 | N18: 57 | P18: =SUM(G18:O18) -> 93
B19: Kaung Thant | C19: ThanDin Zay Rd | D19: Shwepyithar | H19: 36 | I19: 5 | N19: 34 | P19: =SUM(G19:O19) -> 75
A20: 4 | B20: Nagarni | C20: Tan Day Pin Sd | D20: Htauk kyant | E20: Ma Hnin Pwint Phyu | F20: 09-773993352 | G20: 4 | H20: 3 | M20: 4 | P20: =SUM(G20:O20) -> 11
B21: Min Satae Kyatt | C21: Hlawaga Rd | D21: Shwepyithar | H21: 59 | M21: 13 | P21: =SUM(G21:O21) -> 72
B22: Lamin | C22: No (4) Rd | D22: Shwepyithar | G22: 1 | H22: 18 | M22: 1 | N22: 16 | P22: =SUM(G22:O22) -> 36
B23: Kyaw | C23: Bagan Rd | D23: S Paukkan N/Oakkala | G23: 7 | H23: 56 | I23: 12 | M23: 5 | N23: 27 | P23: =SUM(G23:O23) -> 107
B24: Ma Naw Myae | C24: 12 Zay Rd | D24: S Paukkan N/Oakkala | G24: 1 | H24: 10 | N24: 10 | P24: =SUM(G24:O24) -> 21
A25: 5 | B25: Hlaing Min | C25: Tan Day Pin Sd | D25: Htauk kyant | E25: Ma Phyo Phyo Wai | F25: 09-774485332 | H25: 13 | M25: 3 | N25: 2 | P25: =SUM(G25:O25) -> 18
B26: Kaung Kin Think | C26: Joephyu Rd | D26: Mangalardon | G26: 1 | H26: 13 | M26: 1 | N26: 4 | P26: =SUM(G26:O26) -> 19
B27: Shwe Layoung | C27: Aung mae Tharyar Rd | D27: Mangalardon | G27: 1 | H27: 22 | M27: 7 | N27: 6 | P27: =SUM(G27:O27) -> 36
A28: 6 | B28: Aung Gyi | C28: Bago Rd | D28: Htauk kyant | E28: Ma Sandar Hlaing | F28: 09-660417209 | N28: 4 | P28: =SUM(G28:O28) -> 4
B29: Toe Twat Wai | C29: Badamar St | D29: Shwepyithar | G29: 4 | H29: 44 | M29: 8 | N29: 3 | P29: =SUM(G29:O29) -> 59
B30: Sin Pauk | C30: Hlawaga Rd | D30: Shwepyithar | G30: 2 | H30: 16 | M30: 3 | N30: 16 | P30: =SUM(G30:O30) -> 37
B31: Sein Si Tun | C31: Yazar Deright Rd | D31: S Paukkan N/Oakkala | G31: 1 | H31: 7 | N31: 7 | P31: =SUM(G31:O31) -> 15
B32: Linn Young | C32: 12 Zay Rd | D32: S Paukkan N/Oakkala | H32: 32 | I32: 4 | M32: 1 | N32: 4 | P32: =SUM(G32:O32) -> 41
A33: 7 | B33: Family Store | C33: Thanmine Lansone | D33: Hlaing | E33: Ma Lae Lae Tun | F33: 09 677196046 | H33: 7 | I33: 4 | M33: 1 | P33: =SUM(G33:O33) -> 12
B34: Nay La | C34: Kyan Sitt Thar Rd | D34: Hlaing Thar Yar | H34: 29 | M34: 4 | P34: =SUM(G34:O34) -> 33
B35: Arkar Tha 2 | C35: Sake kan Thar Rd | D35: Hlaing Thar Yar | H35: 7 | N35: 21 | P35: =SUM(G35:O35) -> 28
B36: Lucky9 | C36: Htay Auyinn St | D36: Hlaing Thar Yar | H36: 3 | N36: 17 | P36: =SUM(G36:O36) -> 20
B37: Arrmann(1) | C37: Bo Aung Kyaw Rd | D37: Hlaing Thar Yar | G37: 1 | H37: 5 | M37: 2 | N37: 23 | P37: =SUM(G37:O37) -> 31
A38: 8 | B38: Shwe Hinner | C38: Anaw Yathar Rd | D38: Hlaingtharyar | E38: Ma Yee Mon Aung | F38: 09 953844858 | G38: 1 | H38: 10 | M38: 2 | P38: =SUM(G38:O38) -> 13
B39: Nay La2 | C39: Sake kan Thar Rd | D39: Hlaing thar Yar | H39: 4 | P39: =SUM(G39:O39) -> 4
B40: Hlaing Bwar1 | C40: Paddue Rd | D40: Hlaing Thar Yar | G40: 1 | H40: 4 | M40: 4 | N40: 18 | P40: =SUM(G40:O40) -> 27
B41: pyaeSone | C41: Htay Auyinn St | D41: Hlaing Thar Yar | G41: 1 | H41: 6 | M41: 3 | N41: 34 | P41: =SUM(G41:O41) -> 44
B42: Arrmann(2) | C42: Banyar Dala Rd | D42: Hlaing Thar Yar | G42: 4 | H42: 9 | N42: 12 | P42: =SUM(G42:O42) -> 25
A43: 9 | B43: Phyo | C43: Anaw Yathar Rd | D43: Hlaingtharyar | E43: Ma Shwe Sin Win | F43: 09 697220669 | H43: 9 | N43: 3 | P43: =SUM(G43:O43) -> 12
B44: Arkar Tha | C44: Thapyae Rd | D44: Hlaing Thar Yar | G44: 1 | H44: 8 | M44: 2 | P44: =SUM(G44:O44) -> 11
B45: Nay La | C45: Kyan Sitt Thar Rd | D45: Hlaing Thar Yar | G45: 1 | H45: 26 | M45: 1 | N45: 14 | P45: =SUM(G45:O45) -> 42
B46: Shwe Eain Si | C46: Banyar Dala Rd | D46: Hlaing Thar Yar | G46: 2 | H46: 10 | M46: 2 | N46: 12 | P46: =SUM(G46:O46) -> 26
B47: pyaeSone | C47: Htay Auyinn St | D47: Hlaing Thar Yar | G47: 3 | H47: 14 | M47: 1 | N47: 17 | P47: =SUM(G47:O47) -> 35
A48: 10 | B48: Family Store | C48: Thanmine Lansone | D48: Hlaing | E48: Naw Kyi Phyu Thein | F48: 09-751050544 | H48: 4 | I48: 1 | M48: 2 | P48: =SUM(G48:O48) -> 7
B49: Nay La2 | C49: Sake kan Thar Rd | D49: Hlaing thar Yar | G49: 2 | H49: 11 | I49: 1 | N49: 2 | P49: =SUM(G49:O49) -> 16
B50: Myintmo | C50: Bayin Naung Rd | D50: Shwepyithar | H50: 18 | M50: 2 | N50: 7 | P50: =SUM(G50:O50) -> 27
B51: Linn Young | C51: 12 Zay Rd | D51: S Paukkan N/Oakkala | G51: 2 | H51: 53 | I51: 6 | N51: 11 | P51: =SUM(G51:O51) -> 72
B52: Sein Si Tun | C52: Yazar Deright Rd | D52: S Paukkan N/Oakkala | H52: 7 | I52: 2 | M52: 1 | N52: 10 | P52: =SUM(G52:O52) -> 20
A53: 11 | B53: Kaung | C53: Sin Phyu Shin Rd | D53: Hlaing Thar Yar | E53: Ma Zin Mar Phyo | F53: 09 404979290 | G53: 1 | H53: 8 | M53: 3 | N53: 1 | P53: =SUM(G53:O53) -> 13
B54: ANT Store | C54: Sake kan Thar Rd | D54: Hlaing Thar Yar | G54: 1 | H54: 18 | M54: 4 | N54: 14 | P54: =SUM(G54:O54) -> 37
A55: 12 | B55: AATT | C55: Mandalay Rd | D55: Hlaing Thar Yar | E55: Ma Htet Htet Hlaing | F55: 09-675163225 | H55: 4 | N55: 1 | P55: =SUM(G55:O55) -> 5
P56: =SUM(G56:O56) -> 0
A57: 13 | B57: Yarket Nu Wai | C57: Anake Gonkone Rd | D57: Insein | E57: Ma Ei Thuzar Oo | F57: 09-668929420 | G57: 3 | H57: 15 | M57: 1 | N57: 3 | P57: =SUM(G57:O57) -> 22
B58: Shin Shin | C58: Joephyu Rd | D58: Mangalardon | G58: 3 | H58: 9 | M58: 6 | P58: =SUM(G58:O58) -> 18
B59: Shwe Yee Linn | C59: Padamyar Rd | D59: Mangalardon | G59: 2 | H59: 19 | M59: 1 | N59: 3 | P59: =SUM(G59:O59) -> 25
B60: Cheer | C60: ThanDin Zay Rd | D60: Shwepyithar | G60: 2 | H60: 16 | N60: 18 | P60: =SUM(G60:O60) -> 36
A61: 14 | B61: Win | C61: Anaw Yathar Rd | D61: Hlaingtharyar | E61: Ma Moe Thandar Oo | F61: 09-894618967 | H61: 6 | M61: 3 | P61: =SUM(G61:O61) -> 9
B62: Arkar Tha 2 | C62: Sake kan Thar Rd | D62: Hlaing Thar Yar | H62: 27 | M62: 5 | P62: =SUM(G62:O62) -> 32
B63: Paint Taime Thaung | C63: Aye Yake Nyein Rd | D63: Hlaing Thar Yar | G63: 1 | H63: 7 | M63: 7 | N63: 25 | P63: =SUM(G63:O63) -> 40
B64: Arrmann(2) | C64: Banyar Dala Rd | D64: Hlaing Thar Yar | G64: 2 | H64: 6 | I64: 1 | N64: 8 | P64: =SUM(G64:O64) -> 17
B65: Shwe Eain Si | C65: Banyar Dala Rd | D65: Hlaing Thar Yar | G65: 1 | H65: 3 | N65: 18 | P65: =SUM(G65:O65) -> 22
A66: 15 | B66: Ma Thwe | C66: Nawayat Rd | D66: Insein | E66: Ma Shwe Yee Win | F66: 099-51659610 | H66: 8 | P66: =SUM(G66:O66) -> 8
B67: San Thit | C67: Joephyu Rd | D67: Mangalardon | H67: 18 | M67: 1 | P67: =SUM(G67:O67) -> 19
B68: Shwe Paler | C68: Aung Thapay Rd | D68: Mangalardon | G68: 1 | H68: 60 | M68: 3 | N68: 24 | O68: 1 | P68: =SUM(G68:O68) -> 89
B69: San Thit Oo | C69: YanGyi Aung Rd | D69: Shwepyithar | H69: 6 | I69: 3 | N69: 13 | P69: =SUM(G69:O69) -> 22
B70: Lamin | C70: No (4) Rd | D70: Shwepyithar | H70: 13 | N70: 14 | P70: =SUM(G70:O70) -> 27
A71: 16 | B71: Shwe Yee Linn | C71: Padamyar Rd | D71: Mangalardon | E71: Ma Thaw Thaw Win | F71: 09-66554047 | H71: 22 | M71: 1 | P71: =SUM(G71:O71) -> 23
B72: San Thit | C72: Joephyu Rd | D72: Mangalardon | G72: 1 | H72: 30 | N72: 7 | P72: =SUM(G72:O72) -> 38
B73: Htet Lwin | C73: Bagan Rd | D73: S Paukkan N/Oakkala | H73: 15 | N73: 18 | P73: =SUM(G73:O73) -> 33
B74: Myo Gyi | C74: S Paukkan Rd | D74: S Paukkan N/Oakkala | H74: 15 | M74: 1 | N74: 11 | P74: =SUM(G74:O74) -> 27
A75: 17 | B75: Ko Kyaw | C75: Magin Kyawan Rd | D75: Insein | E75: Ma Htet Ei Ei Khaing | F75: 09-972309027 | H75: 8 | I75: 2 | M75: 3 | N75: 6 | P75: =SUM(G75:O75) -> 19
B76: Happy Day | C76: Padamyar Rd | D76: Mangalardon | G76: 3 | H76: 24 | M76: 6 | P76: =SUM(G76:O76) -> 33
B77: Su | C77: Aung Sinkhoe Rd | D77: Mangalardon | G77: 4 | H77: 12 | I77: 7 | M77: 2 | N77: 18 | P77: =SUM(G77:O77) -> 43
B78: Lamin | C78: No (4) Rd | D78: Shwepyithar | H78: 19 | N78: 14 | P78: =SUM(G78:O78) -> 33
B79: San Thit Oo | C79: YanGyi Aung Rd | D79: Shwepyithar | G79: 1 | H79: 6 | I79: 2 | N79: 7 | P79: =SUM(G79:O79) -> 16
B80: NI Ni Poe poe | C80: Ye Yanaing Rd | D80: Shwepyithar | H80: 5 | I80: 3 | M80: 1 | N80: 8 | P80: =SUM(G80:O80) -> 17
A81: 18 | B81: Lucky 7 | C81: Anaw Yathar Rd | D81: Hlaingtharyar | E81: Ma Kaythi Aung | F81: 09-258599042 | H81: 6 | M81: 2 | N81: 3 | P81: =SUM(G81:O81) -> 11
B82: Paint Taime Thaung | C82: Aye Yake Nyein Rd | D82: Hlaing Thar Yar | G82: 2 | H82: 15 | M82: 9 | N82: 3 | P82: =SUM(G82:O82) -> 29
B83: 124 Store | C83: Padamyar Rd | D83: Hlaing Thar Yar | G83: 1 | H83: 17 | M83: 4 | N83: 9 | P83: =SUM(G83:O83) -> 31
B84: Arrmann(1) | C84: Bo Aung Kyaw Rd | D84: Hlaing Thar Yar | H84: 13 | I84: 2 | M84: 5 | N84: 9 | P84: =SUM(G84:O84) -> 29
B85: Linn | C85: Bo Aung Kyaw Rd | D85: Hlaing Thar Yar Route (1) | H85: 14 | I85: 6 | N85: 43 | P85: =SUM(G85:O85) -> 63
A86: 19 | B86: Soe Moe Kyawe | C86: Lanlit Lan | D86: Insein | E86: Nilar Shwe | F86: 09-400291313 | G86: 1 | H86: 14 | N86: 1 | P86: =SUM(G86:O86) -> 16
B87: Shwe Paler | C87: Aung Thapay Rd | D87: Mangalardon | H87: 60 | M87: 11 | P87: =SUM(G87:O87) -> 71
B88: Kaung Kin Think | C88: Joephyu Rd | D88: Mangalardon | H88: 17 | I88: 2 | M88: 1 | N88: 2 | P88: =SUM(G88:O88) -> 22
B89: NI Ni Poe poe | C89: Ye Yanaing Rd | D89: Shwepyithar | G89: 2 | H89: 32 | I89: 14 | M89: 16 | N89: 26 | P89: =SUM(G89:O89) -> 90
B90: Cheer | C90: ThanDin Zay Rd | D90: Shwepyithar | H90: 30 | N90: 35 | P90: =SUM(G90:O90) -> 65
A91: 20 | B91: Shwe Myaing | C91: Baho Rd | D91: Hlaing | E91: Ei Zin Wai | F91: 09-773387161 | G91: 1 | H91: 10 | I91: 8 | M91: 2 | N91: 7 | P91: =SUM(G91:O91) -> 28
B92: Shwe Layoung | C92: Aung mae Tharyar Rd | D92: Mangalardon | H92: 54 | M92: 22 | P92: =SUM(G92:O92) -> 76
B93: Happy Day | C93: Padamyar Rd | D93: Mangalardon | H93: 10 | M93: 2 | N93: 7 | P93: =SUM(G93:O93) -> 19
B94: Myo Gyi | C94: S Paukkan Rd | D94: S Paukkan N/Oakkala | H94: 29 | N94: 11 | P94: =SUM(G94:O94) -> 40
B95: Htet Lwin | C95: Bagan Rd | D95: S Paukkan N/Oakkala | G95: 2 | H95: 32 | I95: 9 | N95: 27 | P95: =SUM(G95:O95) -> 70
A96: 21 | B96: 29 | C96: Lan Thit Lan | D96: Htauk kyant | E96: Ei Ei Thu | F96: 09-403000048 | G96: 1 | H96: 15 | M96: 3 | P96: =SUM(G96:O96) -> 19
B97: KZ | C97: kantharyar Rd | D97: Shwepyithar | G97: 2 | H97: 32 | M97: 11 | P97: =SUM(G97:O97) -> 45
B98: Toe Twat Wai | C98: Badamar St | D98: Shwepyithar | G98: 4 | H98: 32 | M98: 10 | N98: 24 | P98: =SUM(G98:O98) -> 70
B99: Ma Naw Myae | C99: 12 Zay Rd | D99: S Paukkan N/Oakkala | H99: 11 | M99: 2 | N99: 6 | P99: =SUM(G99:O99) -> 19
B100: Moe Htety | C100: S Paukkan Rd | D100: S Paukkan N/Oakkala | G100: 1 | H100: 41 | I100: 10 | M100: 4 | N100: 37 | P100: =SUM(G100:O100) -> 93
A101: 22 | B101: AATT 1 | C101: Sittwe RD | D101: Hlaingtharyar | E101: Aye Chan Moe | F101: 09-425669739 | H101: 3 | M101: 1 | P101: =SUM(G101:O101) -> 4
...

Sheet 1.6.2025 to 15.6.2025
A1: Yangon PG sale report (1.6.2025)to (15.6.2025)
A2: 1 | B2: Shop name | C2: Shop Address | D2: Township | E2: PG Name | F2: Ph.no | G2: Columbus Super red smooth | J2: Columbus Original | M2: Formula Rum | O2: ဒဂုံမန်ကျည်း | P2: Total
G3: 700ml | H3: 350ml | I3: 175ml | J3: 700ml | K3: 350ml | L3: 175ml | M3: 700ml | N3: 350ml
A5: 1 | B5: Ko Shwe Nyar | C5: YGN-Bogo St | D5: Hlegu | E5: Ma Thuzar Aung | F5: 09-898146525 | G5: 5 | H5: 74 | M5: 5 | N5: 21 | P5: =SUM(G5:O5) -> 105
B6: Htet Htet Kyaw | C6: YGN-Bogo St | D6: Hlegu | H6: 17 | M6: 1 | N6: 10 | P6: =SUM(G6:O6) -> 28
P7: =SUM(G7:O7) -> 0
A8: 2 | B8: Take Thit Sa | C8: YGN-Bogo St | D8: Hlegu | E8: Ma Jue Jue Hlaing | F8: 09-986169990 | G8: 4 | H8: 78 | M8: 11 | N8: 34 | P8: =SUM(G8:O8) -> 127
B9: Pyae Hein Kyaw | C9: Tan Ma Gyi Rd | D9: Hlegu | G9: 1 | H9: 54 | M9: 1 | N9: 41 | P9: =SUM(G9:O9) -> 97
P10: =SUM(G10:O10) -> 0
A11: 3 | B11: 16 G(2) | C11: Taungnu Rd | D11: S Paukkan N/Oakkala | E11: Ma Nway Hnin Moe | F11: 09-983002374 | G11: 1 | H11: 9 | M11: 1 | N11: 14 | P11: =SUM(G11:O11) -> 25
B12: Ma Naw Phyu | C12: No (2)Rd | D12: Hlegu | H12: 4 | I12: 6 | N12: 10 | P12: =SUM(G12:O12) -> 20
B13: Take Thit Sa | C13: YGN-Bogo St | D13: Hlegu | G13: 1 | H13: 66 | N13: 53 | P13: =SUM(G13:O13) -> 120
A14: 4 | B14: Black 7 | C14: No (2)Rd | D14: Hlegu | E14: Ma Hnin Pwint Phyu | F14: 09-773993352 | G14: 3 | H14: 41 | M14: 2 | N14: 19 | P14: =SUM(G14:O14) -> 65
B15: Ma Naw Phyu | C15: No (2)Rd | D15: Hlegu | G15: 1 | H15: 15 | I15: 9 | M15: 4 | N15: 10 | P15: =SUM(G15:O15) -> 39
P16: =SUM(G16:O16) -> 0
A17: 5 | B17: Pyae Hein Kyaw | C17: Tan Ma Gyi Rd | D17: Hlegu | E17: Ma Sandar Hlaing | F17: 09-660417209 | G17: 1 | H17: 16 | M17: 1 | N17: 8 | P17: =SUM(G17:O17) -> 26
B18: Black 7 | C18: No (2)Rd | D18: Hlegu | H18: 18 | N18: 16 | P18: =SUM(G18:O18) -> 34
P19: =SUM(G19:O19) -> 0
A20: 6 | B20: Mya Badathar 2 | C20: Bogyoke Rd | D20: Hlaingtharyar | E20: Ma Lae Lae Tun | F20: 09 677196046 | G20: 1 | H20: 4 | M20: 1 | N20: 11 | P20: =SUM(G20:O20) -> 17
B21: Shwe | C21: Lan Thwe | D21: Hlaingtharyar | H21: 2 | M21: 1 | N21: 19 | P21: =SUM(G21:O21) -> 22
P22: =SUM(G22:O22) -> 0
A23: 7 | B23: Saye Than | C23: Pi Moe Hinn Sd | D23: Hlaingtharyar | E23: Ma Yee Mon Aung | F23: 09 953844858 | H23: 2 | N23: 12 | P23: =SUM(G23:O23) -> 14
B24: Shwe Pyae(2) | C24: LanThwe | D24: Hlaing Thar Yar | G24: 1 | H24: 12 | M24: 1 | N24: 30 | P24: =SUM(G24:O24) -> 44
P25: =SUM(G25:O25) -> 0
A26: 8 | B26: Mya Badathar 3 | C26: Bogyoke Rd | D26: Hlaingtharyar | E26: Ma Shwe Sin Win | F26: 09 697220669 | G26: 4 | H26: 3 | M26: 1 | N26: 16 | P26: =SUM(G26:O26) -> 24
B27: Shwe Pyae(1) | C27: Bogyoke Rd | D27: Hlaing Thar Yar | G27: 2 | H27: 6 | M27: 2 | N27: 21 | P27: =SUM(G27:O27) -> 31
P28: =SUM(G28:O28) -> 0
A29: 9 | B29: Ma Naw Phyu | C29: No (2)Rd | D29: Hlegu | E29: Naw Kyi Phyu Thein | F29: 09-751050544 | G29: 2 | H29: 11 | M29: 1 | N29: 13 | P29: =SUM(G29:O29) -> 27
B30: Khun Myant | C30: Nuaung Yann Rd | D30: S Paukkan N/Oakkala | H30: 4 | N30: 2 | P30: =SUM(G30:O30) -> 6
B31: Uncle Liquor | C31: Bonmoer Rd | D31: N/Oakkala | H31: 15 | M31: 2 | N31: 24 | P31: =SUM(G31:O31) -> 41
A32: 10 | B32: Shwe Pyae(1) | C32: Bogyoke Rd | D32: Hlaing Thar Yar | E32: Ma Moe Thandar Oo | F32: 09-894618967 | H32: 12 | N32: 23 | P32: =SUM(G32:O32) -> 35
B33: Mya Badathar 1 | C33: Bogyoke Rd | D33: Hlaing Thar Yar | G33: 1 | H33: 6 | N33: 15 | P33: =SUM(G33:O33) -> 22
P34: =SUM(G34:O34) -> 0
A35: 11 | B35: 16 G (1) | C35: Innwa Rd | D35: S Paukkan N/Oakkala | E35: Ma Shwe Yee Win | F35: 099-51659610 | G35: 2 | H35: 9 | I35: 2 | M35: 2 | N35: 17 | P35: =SUM(G35:O35) -> 32
B36: Shwe Dinker | C36: Paung Kan Gd | D36: S Paukkan N/Oakkala | H36: 8 | N36: 5 | P36: =SUM(G36:O36) -> 13
P37: =SUM(G37:O37) -> 0
A38: 12 | B38: Shwe Dinker | C38: Paung Kan Gd | D38: S Paukkan N/Oakkala | E38: Ma Thaw Thaw Win | F38: 09-66554047 | G38: 1 | H38: 7 | M38: 1 | N38: 20 | P38: =SUM(G38:O38) -> 29
B39: Nyein Nwe | C39: Innwa Rd | D39: N/Oakkala | H39: 31 | M39: 1 | N39: 16 | P39: =SUM(G39:O39) -> 48
P40: =SUM(G40:O40) -> 0
A41: 13 | B41: Khun Myant | C41: Nuaung Yann Rd | D41: S Paukkan N/Oakkala | E41: Ma Htet Ei Ei Khaing | F41: 09-972309027 | H41: 4 | M41: 1 | N41: 1 | P41: =SUM(G41:O41) -> 6
B42: 16 G(2) | C42: Taungnu Rd | D42: S Paukkan N/Oakkala | G42: 1 | H42: 44 | M42: 1 | N42: 31 | P42: =SUM(G42:O42) -> 77
A44: 14 | B44: Mya Badathar 1 | C44: Bogyoke Rd | D44: Hlaing Thar Yar | E44: Ma Kaythi Aung | F44: 09-258599042 | H44: 11 | I44: 2 | N44: 3 | P44: =SUM(G44:O44) -> 16
B45: Aung | C45: Pi Moe Hinn Sd | D45: Hlaingtharyar | G45: 1 | H45: 10 | M45: 1 | N45: 28 | P45: =SUM(G45:O45) -> 40
P46: =SUM(G46:O46) -> 0
A47: 15 | B47: 16 G3 | C47: Kyout Lan Rd | D47: S Paukkan N/Oakkala | E47: Nilar Shwe | F47: 09-400291313 | G47: 2 | H47: 20 | M47: 3 | N47: 17 | P47: =SUM(G47:O47) -> 42
B48: Khun Myant | C48: Nuaung Yann Rd | D48: S Paukkan N/Oakkala | H48: 11 | N48: 2 | P48: =SUM(G48:O48) -> 13
P49: =SUM(G49:O49) -> 0
A50: 16 | B50: Nyein Nwe | C50: Innwa Rd | D50: N/Oakkala | E50: Ei Zin Wai | F50: 09-773387161 | H50: 26 | M50: 6 | N50: 29 | P50: =SUM(G50:O50) -> 61
B51: 16 G (1) | C51: Innwa Rd | D51: S Paukkan N/Oakkala | G51: 5 | H51: 21 | M51: 3 | N51: 27 | P51: =SUM(G51:O51) -> 56
P52: =SUM(G52:O52) -> 0
A53: 17 | B53: Htet Htet Kyaw | C53: YGN-Bogo St | D53: Hlegu | E53: Ei Ei Thu | F53: 09-403000048 | G53: 3 | H53: 8 | J53: 3 | K53: 7 | M53: 4 | N53: 15 | P53: =SUM(G53:O53) -> 40
B54: Ko Shwe Nyar | C54: YGN-Bogo St | D54: Hlegu | G54: 3 | H54: 41 | M54: 4 | N54: 47 | P54: =SUM(G54:O54) -> 95
P55: =SUM(G55:O55) -> 0
A56: 18 | B56: Shwe Pyae(2) | C56: LanThwe | D56: Hlaing Thar Yar | E56: Yoon Wati Aung | F56: 09-953206480 | G56: 4 | H56: 5 | M56: 1 | N56: 4 | P56: =SUM(G56:O56) -> 14
B57: Mya Badathar 3 | C57: Bogyoke Rd | D57: Hlaingtharyar | G57: 1 | H57: 5 | M57: 8 | N57: 19 | P57: =SUM(G57:O57) -> 33
P58: =SUM(G58:O58) -> 0
A59: 19 | B59: Uncle Liquor | C59: Bonmoer Rd | D59: N/Oakkala | E59: Yoon Wai Wai Zaw | F59: 09-457211871 | G59: 1 | H59: 3 | M59: 3 | N59: 22 | P59: =SUM(G59:O59) -> 29
B60: 16 G3 | C60: Kyout Lan Rd | D60: S Paukkan N/Oakkala | H60: 18 | M60: 3 | N60: 14 | P60: =SUM(G60:O60) -> 35
P61: =SUM(G61:O61) -> 0
P62: =SUM(G62:O62) -> 0
G63: =SUM(G5:G62) -> 52 | H63: =SUM(H5:H62) -> 751 | I63: =SUM(I5:I62) -> 19 | J63: =SUM(J5:J62) -> 3 | K63: =SUM(K5:K62) -> 7 | L63: =SUM(L5:L62) -> 0 | M63: =SUM(M5:M62) -> 77 | N63: =SUM(N5:N62) -> 739 | ... P63: =SUM(P5:P62) -> 1648

Sheet June- Monthly
A1: Yangon PG sale report June Monthly
A2: 1 | B2: Shop name | C2: Shop Address | D2: Township | E2: PG Name | F2: Ph.no | G2: Columbus Super red smooth | J2: Columbus Original | M2: Formula Rum | O2: ဒဂုံမန်ကျည်း | P2: Total
G3: 700ml | H3: 350ml | I3: 175ml | J3: 700ml | K3: 350ml | L3: 175ml | M3: 700ml | N3: 350ml
A5: 1 | B5: Ko Shwe Nyar | C5: YGN-Bogo St | D5: Hlegu | E5: Ma Thuzar Aung | F5: 09-898146525 | G5: 5 | H5: 74 | M5: 5 | N5: 21 | P5: =SUM(G5:O5) -> 105
B6: Htet Htet Kyaw | C6: YGN-Bogo St | D6: Hlegu | H6: 17 | M6: 1 | N6: 10 | P6: =SUM(G6:O6) -> 28
B7: Phyu | C7: Yan Shin Rd | D7: YanKin | H7: 25 | M7: 1 | N7: 10 | P7: =SUM(G7:O7) -> 36
B8: Aung Family | C8: SakeSan (9) Lan | D8: Mangalar T/N | G8: 1 | H8: 20 | M8: 2 | N8: 20 | P8: =SUM(G8:O8) -> 43
B9: AhTwae Thit | C9: Chit Kyi Yae Rd | D9: Hlaing thar Yar | I9: 3 | N9: 1 | P9: =SUM(G9:O9) -> 4
A10: 2 | B10: Take Thit Sa | C10: YGN-Bogo St | D10: Hlegu | E10: Ma Jue Jue Hlaing | F10: 09-986169990 | G10: 4 | H10: 78 | M10: 11 | N10: 34 | P10: =SUM(G10:O10) -> 127
B11: Pyae Hein Kyaw | C11: Tan Ma Gyi Rd | D11: Hlegu | G11: 1 | H11: 54 | M11: 1 | N11: 41 | P11: =SUM(G11:O11) -> 97
B12: Ka Dai Hein | C12: Kan Bae Botar Zay Rd | D12: YanKin | G12: 1 | H12: 51 | M12: 7 | N12: 91 | P12: =SUM(G12:O12) -> 150
B13: Mya Myintmo | C13: Mya Yatu Sd | D13: Hlaingtharyar | H13: 1 | I13: 3 | N13: 5 | P13: =SUM(G13:O13) -> 9
A14: 3 | B14: 16 G(2) | C14: Taungnu Rd | D14: S Paukkan N/Oakkala | E14: Ma Nway Hnin Moe | F14: 09-983002374 | G14: 1 | H14: 9 | M14: 1 | N14: 14 | P14: =SUM(G14:O14) -> 25
B15: Ma Naw Phyu | C15: No (2)Rd | D15: Hlegu | H15: 4 | I15: 6 | N15: 10 | P15: =SUM(G15:O15) -> 20
B16: Take Thit Sa | C16: YGN-Bogo St | D16: Hlegu | G16: 1 | H16: 66 | N16: 53 | P16: =SUM(G16:O16) -> 120
B17: Style 2 | C17: Thamain Bamyan Rd | D17: Mangalar T/N | G17: 1 | H17: 28 | I17: 1 | M17: 2 | N17: 41 | P17: =SUM(G17:O17) -> 73
B18: Demo | C18: Thamain Bamyan Rd | D18: Mangalar T/N | H18: 24 | M18: 1 | N18: 11 | P18: =SUM(G18:O18) -> 36
B19: Pan Nadi Hlaing (2) | C19: Chit Kyi Yae Rd | D19: Hlaing thar Yar | H19: 2 | N19: 1 | P19: =SUM(G19:O19) -> 3
A20: 4 | B20: Black 7 | C20: No (2)Rd | D20: Hlegu | E20: Ma Hnin Pwint Phyu | F20: 09-773993352 | G20: 3 | H20: 41 | M20: 2 | N20: 19 | P20: =SUM(G20:O20) -> 65
B21: Ma Naw Phyu | C21: No (2)Rd | D21: Hlegu | G21: 1 | H21: 15 | I21: 9 | M21: 4 | N21: 10 | P21: =SUM(G21:O21) -> 39
B22: Ah Linn Nike | C22: ThitSar Rd | D22: YanKin | G22: 1 | H22: 49 | I22: 4 | M22: 5 | N22: 15 | P22: =SUM(G22:O22) -> 74
B23: Style 2 | C23: Thamain Bamyan Rd | D23: Mangalar T/N | H23: 29 | I23: 18 | N23: 13 | P23: =SUM(G23:O23) -> 60
B24: Zinkama | C24: Zinkama Lan | D24: Tharkaytha | H24: 9 | M24: 1 | P24: =SUM(G24:O24) -> 10
