Workbook
Name aa: #REF!
Name aa: #REF!
Name aaa: #REF!
Name aaa: #REF!
Name asd: '[1]Market ( Mar) '!#REF!
Name asd: '[1]Market ( Mar) '!#REF!
Name atr: #REF!
Name atr: #REF!
Name b: #REF!
Name b: #REF!
Name bb: #REF!
Name bb: #REF!
Name Beg_Bal: #REF!
Name Beg_Bal: #REF!
Name Cash_Cr: #REF!
Name Cash_Cr: #REF!
Name Cash_Dr: #REF!
Name Cash_Dr: #REF!
Name cc: #REF!
Name cc: #REF!
Name ccc: #REF!
Name ccc: #REF!
Name cr: #REF!
Name cr: #REF!
Name crs: #REF!
Name crs: #REF!
Name Data: #REF!
Name Data: #REF!
Name dd: #REF!
Name dd: #REF!
Name ddd: #REF!
Name ddd: #REF!
Name dr: #REF!
Name dr: #REF!
Name drs: #REF!
Name drs: #REF!
Name End_Bal: #REF!
Name End_Bal: #REF!
Name Extra_Pay: #REF!
Name Extra_Pay: #REF!
Name fgf: #REF!
Name fgf: #REF!
Name fgjhj: #REF!
Name fgjhj: #REF!
Name Full_Print: #REF!
Name Full_Print: #REF!
Name Header_Row: ROW(#REF!)
Name Header_Row: ROW(#REF!)
Name hjj: #REF!
Name hjj: #REF!
Name hjkjk: #REF!
Name hjkjk: #REF!
Name hmjhj: #REF!
Name hmjhj: #REF!
Name Int: #REF!
Name Int: #REF!
Name Interest_Rate: #REF!
Name Interest_Rate: #REF!
Name jbkjkl: #REF!
Name jbkjkl: #REF!

Sheet Ygn 2025 Fllow up sale
A1: Yangon Region Sales for Wholesales , Semi Wholesales and Mini Wholesales | O1: January 2025Target | R1: February-2025 Target | W1: March 2025 Target
M2: 2700000 | N2: =M2*78% -> 2106000 | R2: 2550000 | S2: =R2*77% -> 1963500 | W2: 2874759 | X2: =W2*80% -> 2299807.2
A3: No | B3: Customer Names | D3: Township (Area) | F3: Type | G3: Contact Name | I3: Contact No. | J3: Responsible by | K3: January-2024 | M3: Contribution | N3: PKT | O3: Bottle | P3: February-2024 | R3: Contribution | S3: PKT | T3: Bottle | U3: March-2024 | W3: Contribution | X3: PKT | Y3: Bottle | Z3: 2025 - Q1 Target | AB3: 2025 - Avg Q1
K4: PKT | L4: BOT | M4: 0.78 | P4: PKT | Q4: BOT | R4: 0.77 | U4: PKT | V4: BOT | W4: 0.8 | Z4: PKT | AA4: BOT | AB4: PKT | AC4: BOT
A5: 1 | B5: မိုးအောင် | C5: Moe Aung | D5: တ/ဒဂုံ | E5: Sount Dagon | F5: WS | G5: မမြ | H5: Ma Mya | I5: 09-740816390 | J5: RSM | K5: 19618 | L5: 279050 | M5: =L5/L47 -> 0.1357055 | N5: =O5/14 -> 20413.985 | O5: =M5*$N$2 -> 285795.78 | P5: 15961 | Q5: 232338 | R5: =Q5/Q47 -> 0.13798399 | S5: =T5/14 -> 19352.255 | T5: =R5*$S$2 -> 270931.57 | U5: 17929 | V5: 259548 | W5: =V5/$V$47 -> 0.13129665 | X5: =Y5/14 -> 21568.355 | Y5: =W5*$X$2 -> 301956.97 | Z5: =X5+S5+N5 -> 61334.595 | AA5: =Y5+T5+O5 -> 858684.33 | AB5: =Z5/3 -> 20444.865 | AC5: =AA5/3 -> 286228.11
A6: 2 | B6: သော်တာထွန်း | C6: Thawdar Tun | D6: လသယ | E6: Hlaing Thar Yar | F6: WS | G6: ကိုသူရ | H6: Ko Thu Ya | I6: 09-954456566 | J6: RSM | K6: 17080 | L6: 245240 | M6: =L6/L47 -> 0.11926328 | N6: =O6/14 -> 17940.604 | O6: =M6*$N$2 -> 251168.46 | P6: 12685 | Q6: 181980 | R6: =Q6/Q47 -> 0.10807671 | S6: =T6/14 -> 15157.759 | T6: =R6*$S$2 -> 212208.62 | U6: 15075 | V6: 212000 | W6: =V6/$V$47 -> 0.10724371 | X6: =Y6/14 -> 17617.132 | Y6: =W6*$X$2 -> 246639.85 | Z6: =X6+S6+N6 -> 50715.495 | AA6: =Y6+T6+O6 -> 710016.93 | AB6: =Z6/3 -> 16905.165 | AC6: =AA6/3 -> 236672.31
A7: 3 | B7: ရွှေဧရာ | C7: Shwe Ayeyar | D7: 16 St | E7: 16 street | F7: WS | G7: ကိုသာပိုး | H7: Ko Thar Poe | I7: 09-420029084 | J7: RSM | K7: 9431 | L7: 145482 | M7: =L7/L47 -> 0.070749714 | N7: =O7/14 -> 10642.778 | O7: =M7*$N$2 -> 148998.9 | P7: 5165 | Q7: 83000 | R7: =Q7/Q47 -> 0.049293148 | S7: =T7/14 -> 6913.364 | T7: =R7*$S$2 -> 96787.096 | U7: 7897 | V7: 120590 | W7: =V7/$V$47 -> 0.061002445 | X7: =Y7/14 -> 10020.99 | Y7: =W7*$X$2 -> 140293.86 | Z7: =X7+S7+N7 -> 27577.133 | AA7: =Y7+T7+O7 -> 386079.86 | AB7: =Z7/3 -> 9192.3775 | AC7: =AA7/3 -> 128693.29
A8: 4 | B8: မိဘမေတ္တာ | C8: Mi Ba Myint Thar | D8: လသယ | E8: Hlaing Thar Yar | F8: WS | G8: မပိုပို | H8: Ma Po Po | I8: 09-762811856 | J8: RSM | K8: 6968 | L8: 94352 | M8: =L8/L47 -> 0.045884556 | N8: =O8/14 -> 6902.3482 | O8: =M8*$N$2 -> 96632.875 | P8: 7510 | Q8: 101220 | R8: =Q8/Q47 -> 0.060113885 | S8: =T8/14 -> 8430.9724 | T8: =R8*$S$2 -> 118033.61 | U8: 10155 | V8: 135060 | W8: =V8/$V$47 -> 0.068322334 | X8: =Y8/14 -> 11223.443 | Y8: =W8*$X$2 -> 157128.2 | Z8: =X8+S8+N8 -> 26556.763 | AA8: =Y8+T8+O8 -> 371794.68 | AB8: =Z8/3 -> 8852.2544 | AC8: =AA8/3 -> 123931.56
A9: 5 | B9: AAA | C9: A.A.A. | D9: မ/ဒဂုံ | E9: North Dagon | F9: WS | G9: မစီ | H9: Ma Si | I9: 09-790414141 | J9: RSM | K9: 6940 | L9: 98060 | M9: =L9/L47 -> 0.047687803 | N9: =O9/14 -> 7173.6081 | O9: =M9*$N$2 -> 100430.51 | P9: 6010 | Q9: 84280 | R9: =Q9/Q47 -> 0.050053332 | S9: =T9/14 -> 7019.9798 | T9: =R9*$S$2 -> 98279.717 | U9: 7000 | V9: 97820 | W9: =V9/$V$47 -> 0.049483864 | X9: =Y9/14 -> 8128.8105 | Y9: =W9*$X$2 -> 113803.35 | Z9: =X9+S9+N9 -> 22322.398 | AA9: =Y9+T9+O9 -> 312513.58 | AB9: =Z9/3 -> 7440.7995 | AC9: =AA9/3 -> 104171.19
A10: 6 | B10: ပေါ်ဉီး | C10: Paw Oo | D10: ဒလ | E10: Dala | F10: WS | G10: ဦးပေါ်ဦး | H10: U Paw Oo | I10: 09-964436777 | J10: RSM | K10: 4705 | L10: 69020 | M10: =L10/L47 -> 0.033565288 | N10: =O10/14 -> 5049.1784 | O10: =M10*$N$2 -> 70688.497 | P10: 4535 | Q10: 66620 | R10: =Q10/Q47 -> 0.039565175 | S10: =T10/14 -> 5549.0158 | T10: =R10*$S$2 -> 77686.221 | U10: 4005 | V10: 59600 | W10: =V10/$V$47 -> 0.030149645 | X10: =Y10/14 -> 4952.7408 | Y10: =W10*$X$2 -> 69338.372 | Z10: =X10+S10+N10 -> 15550.935 | AA10: =Y10+T10+O10 -> 217713.09 | AB10: =Z10/3 -> 5183.645 | AC10: =AA10/3 -> 72571.03
A11: 7 | B11: ဘောဂ | C11: Baw Ga | D11: သန်လျင် | E11: Thanlyin | F11: WS | G11: ကိုဇင်လင်းထွန်း | H11: Ko Zin Lin Htun | I11: 09-421022592 | J11: RSM | K11: 5205 | L11: 74780 | M11: =L11/L47 -> 0.036366448 | N11: =O11/14 -> 5470.5528 | O11: =M11*$N$2 -> 76587.74 | P11: 5220 | Q11: 75080 | R11: =Q11/Q47 -> 0.044589513 | S11: =T11/14 -> 6253.6792 | T11: =R11*$S$2 -> 87551.508 | U11: 5100 | V11: 71300 | W11: =V11/$V$47 -> 0.036068284 | X11: =Y11/14 -> 5925.0071 | Y11: =W11*$X$2 -> 82950.099 | Z11: =X11+S11+N11 -> 17649.239 | AA11: =Y11+T11+O11 -> 247089.35 | AB11: =Z11/3 -> 5883.0797 | AC11: =AA11/3 -> 82363.116
A12: 8 | B12: ရတနာတိုး (H) | C12: Yatanar Toe | D12: မှော်ဘီ | E12: Hmawbi | F12: WS | G12: ဦးသစ်လွင် | H12: U Thit Lwin | I12: 09-5137424 | J12: RSM | K12: 6520 | L12: 92280 | M12: =L12/L47 -> 0.044876917 | N12: =O12/14 -> 6750.7705 | O12: =M12*$N$2 -> 94510.787 | P12: 4340 | Q12: 61820 | R12: =Q12/Q47 -> 0.036714487 | S12: =T12/14 -> 5149.2068 | T12: =R12*$S$2 -> 72088.895 | U12: 5375 | V12: 76560 | W12: =V12/$V$47 -> 0.038729142 | X12: =Y12/14 -> 6362.1114 | Y12: =W12*$X$2 -> 89069.559 | Z12: =X12+S12+N12 -> 18262.089 | AA12: =Y12+T12+O12 -> 255669.24 | AB12: =Z12/3 -> 6087.3629 | AC12: =AA12/3 -> 85223.08
A13: 9 | B13: မွန်မလေး | C13: Mon Ma Lay | D13: ရပသ | E13: Shwe Pyi Thar | F13: WS | G13: ဦးချစ်ဝိုင်း | H13: U Chit Wine | I13: 09-882250800 | J13: RSM | K13: 5190 | L13: 75140 | M13: =L13/L47 -> 0.036541521 | N13: =O13/14 -> 5496.8887 | O13: =M13*$N$2 -> 76956.442 | P13: 5070 | Q13: 72680 | R13: =Q13/Q47 -> 0.043164169 | S13: =T13/14 -> 6053.7747 | T13: =R13*$S$2 -> 84752.845 | U13: 5000 | V13: 72240 | W13: =V13/$V$47 -> 0.036543798 | X13: =Y13/14 -> 6003.1208 | Y13: =W13*$X$2 -> 84043.691 | Z13: =X13+S13+N13 -> 17553.784 | AA13: =Y13+T13+O13 -> 245752.98 | AB13: =Z13/3 -> 5851.2614 | AC13: =AA13/3 -> 81917.66
A14: 10 | B14: မြတ်မွှေး | C14: Myat Mhwe | D14: မ/ဥ | E14: North Okkalapa | F14: WS | G14: မမီးငယ် | H14: Ma Mee Nge' | I14: 09-263698010 | J14: RSM | K14: 5164 | L14: 74760 | M14: =L14/L47 -> 0.036356722 | N14: =O14/14 -> 5469.0897 | O14: =M14*$N$2 -> 76567.256 | P14: 4609 | Q14: 65578 | R14: =Q14/Q47 -> 0.038946338 | S14: =T14/14 -> 5462.2239 | T14: =R14*$S$2 -> 76471.135 | U14: 5212 | V14: 73940 | W14: =V14/$V$47 -> 0.037403772 | X14: =Y14/14 -> 6144.3902 | Y14: =W14*$X$2 -> 86021.463 | Z14: =X14+S14+N14 -> 17075.704 | AA14: =Y14+T14+O14 -> 239059.85 | AB14: =Z14/3 -> 5691.9013 | AC14: =AA14/3 -> 79686.618
A15: 11 | B15: ကိုဖိုးသက် | C15: Ko Phoe Thet | D15: တွံတေး | E15: Twantay | F15: WS | G15: မသန္တာ | H15: Ma Thandar | I15: 09-448004906 | J15: RSM | K15: 4945 | L15: 70060 | M15: =L15/L47 -> 0.034071053 | N15: =O15/14 -> 5125.2599 | O15: =M15*$N$2 -> 71753.638 | P15: 2945 | Q15: 41190 | R15: =Q15/Q47 -> 0.024462467 | S15: =T15/14 -> 3430.861 | T15: =R15*$S$2 -> 48032.054 | U15: 5000 | V15: 69170 | W15: =V15/$V$47 -> 0.034990788 | X15: =Y15/14 -> 5748.0048 | Y15: =W15*$X$2 -> 80472.067 | Z15: =X15+S15+N15 -> 14304.126 | AA15: =Y15+T15+O15 -> 200257.76 | AB15: =Z15/3 -> 4768.0419 | AC15: =AA15/3 -> 66752.586
A16: 12 | B16: မပို့မချို | C16: Ma Po Ma Cho | D16: ပလာဇာ | E16: Palazar | F16: WS | G16: မခိုင်လွင်ဦး | H16: Ma Kine Lwin Oo | I16: 09-250069370 | J16: RSM | K16: 4700 | L16: 68220 | M16: =L16/L47 -> 0.033176238 | N16: =O16/14 -> 4990.6541 | O16: =M16*$N$2 -> 69869.158 | P16: 4110 | Q16: 57980 | R16: =Q16/Q47 -> 0.034433936 | S16: =T16/14 -> 4829.3596 | T16: =R16*$S$2 -> 67611.034 | U16: 3980 | V16: 58460 | W16: =V16/$V$47 -> 0.029572958 | X16: =Y16/14 -> 4858.0072 | Y16: =W16*$X$2 -> 68012.101 | Z16: =X16+S16+N16 -> 14678.021 | AA16: =Y16+T16+O16 -> 205492.29 | AB16: =Z16/3 -> 4892.6736 | AC16: =AA16/3 -> 68497.431
A17: 13 | B17: ကိုကျော်ဆွေ | C17: Ko Kyaw Swe | D17: သန်လျင် | E17: Thanlyin | F17: WS | G17: ဦးကျော်ဆွေ | H17: U Kyaw Swe | I17: 09-5021923 | J17: RSM | K17: 3005 | L17: 41360 | M17: =L17/L47 -> 0.020113885 | N17: =O17/14 -> 3025.7029 | O17: =M17*$N$2 -> 42359.841 | P17: 2500 | Q17: 35120 | R17: =Q17/Q47 -> 0.020857534 | S17: =T17/14 -> 2925.2692 | T17: =R17*$S$2 -> 40953.769 | U17: 3505 | V17: 48020 | W17: =V17/$V$47 -> 0.024291711 | X17: =Y17/14 -> 3990.4466 | Y17: =W17*$X$2 -> 55866.252 | Z17: =X17+S17+N17 -> 9941.4187 | AA17: =Y17+T17+O17 -> 139179.86 | AB17: =Z17/3 -> 3313.8062 | AC17: =AA17/3 -> 46393.287
A18: 14 | B18: ဦးတင်အေး | C18: U Tin Aye | D18: မှော်ဘီ | E18: Hmawbi | F18: WS | G18: ဦးတင်အေး | H18: U Tin Aye | I18: 09-5075855 | J18: RSM | K18: 3168 | L18: 44916 | M18: =L18/L47 -> 0.021843212 | N18: =O18/14 -> 3285.8432 | O18: =M18*$N$2 -> 46001.804 | P18: 2895 | Q18: 40620 | R18: =Q18/Q47 -> 0.024123948 | S18: =T18/14 -> 3383.3837 | T18: =R18*$S$2 -> 47367.372 | U18: 3620 | V18: 50300 | W18: =V18/$V$47 -> 0.025445087 | X18: =Y18/14 -> 4179.9138 | Y18: =W18*$X$2 -> 58518.794 | Z18: =X18+S18+N18 -> 10849.141 | AA18: =Y18+T18+O18 -> 151887.97 | AB18: =Z18/3 -> 3616.3802 | AC18: =AA18/3 -> 50629.323
A19: 15 | B19: ဘဘကြီး | C19: Ba Ba Gyi | D19: မ/ဥ | E19: North Okkalapa | F19: WS | G19: မဇင်မာ | H19: Ma Zin Mar | I19: 09-421160411 | J19: RSM | K19: 2690 | L19: 37440 | M19: =L19/L47 -> 0.01820754 | N19: =O19/14 -> 2738.9342 | O19: =M19*$N$2 -> 38345.079 | P19: 3120 | Q19: 40830 | R19: =Q19/Q47 -> 0.024248666 | S19: =T19/14 -> 3400.8753 | T19: =R19*$S$2 -> 47612.255 | U19: 2270 | V19: 29600 | W19: =V19/$V$47 -> 0.014973649 | X19: =Y19/14 -> 2459.7505 | Y19: =W19*$X$2 -> 34436.507 | Z19: =X19+S19+N19 -> 8599.56 | AA19: =Y19+T19+O19 -> 120393.84 | AB19: =Z19/3 -> 2866.52 | AC19: =AA19/3 -> 40131.28
A20: 16 | B20: မချိုချိုလွင် | C20: Ma Cho Cho Lwin | D20: သင်္ဃန်းကျွန်း | E20: Thingangyun | F20: WS | G20: မချို | H20: Ma Cho | I20: 09-421183044 | J20: RSM | K20: 2700 | L20: 41800 | M20: =L20/L47 -> 0.020327862 | N20: =O20/14 -> 3057.8913 | O20: =M20*$N$2 -> 42810.478 | P20: 2740 | Q20: 41640 | R20: =Q20/Q47 -> 0.024729719 | S20: =T20/14 -> 3468.3431 | T20: =R20*$S$2 -> 48556.804 | U20: 2710 | V20: 41490 | W20: =V20/$V$47 -> 0.020988403 | X20: =Y20/14 -> 3447.8057 | Y20: =W20*$X$2 -> 48269.279 | Z20: =X20+S20+N20 -> 9974.04 | AA20: =Y20+T20+O20 -> 139636.56 | AB20: =Z20/3 -> 3324.68 | AC20: =AA20/3 -> 46545.52
A21: 17 | B21: ရွှေဇီးကွက် | C21: Shwe Zee Kwat | D21: မ/ဒဂုံ | E21: North Dagon | F21: WS | G21: မပပ | H21: Ma Pa Pa | I21: 09-450037338 | J21: RSM | K21: 2747 | L21: 38490 | M21: =L21/L47 -> 0.018718168 | N21: =O21/14 -> 2815.7472 | O21: =M21*$N$2 -> 39420.461 | P21: 2495 | Q21: 34990 | R21: =Q21/Q47 -> 0.020780328 | S21: =T21/14 -> 2914.4411 | T21: =R21*$S$2 -> 40802.175 | U21: 2739 | V21: 37996 | W21: =V21/$V$47 -> 0.019220905 | X21: =Y21/14 -> 3157.4554 | Y21: =W21*$X$2 -> 44204.375 | Z21: =X21+S21+N21 -> 8887.6437 | AA21: =Y21+T21+O21 -> 124427.01 | AB21: =Z21/3 -> 2962.5479 | AC21: =AA21/3 -> 41475.67
A22: 18 | B22: ရွှေဉယျာဉ် | C22: Shwe Oo Yin | D22: ရပသ | E22: Shwe Pyi Thar | F22: WS | G22: မမာမာဝေ | H22: Ma Mar Mar Wai | I22: 09-506718 | J22: RSM | K22: 2090 | L22: 30660 | M22: =L22/L47 -> 0.014910341 | N22: =O22/14 -> 2242.9413 | O22: =M22*$N$2 -> 31401.178 | P22: 2210 | Q22: 31730 | R22: =Q22/Q47 -> 0.018844236 | S22: =T22/14 -> 2642.9041 | T22: =R22*$S$2 -> 37000.657 | U22: 2795 | V22: 38720 | W22: =V22/$V$47 -> 0.019587152 | X22: =Y22/14 -> 3217.6195 | Y22: =W22*$X$2 -> 45046.674 | Z22: =X22+S22+N22 -> 8103.4649 | AA22: =Y22+T22+O22 -> 113448.51 | AB22: =Z22/3 -> 2701.155 | AC22: =AA22/3 -> 37816.17
A23: 19 | B23: ရွှေစည်းစိမ် | C23: Shwe See Sain | D23: တိုက်ကြီး | E23: Taikkyi | F23: WS | G23: မရင်ရင်ထိုက် | H23: Ma Yin Yin Htike | I23: 09-5007916 | J23: RSM | K23: 2070 | L23: 29080 | M23: =L23/L47 -> 0.014141967 | N23: =O23/14 -> 2127.3559 | O23: =M23*$N$2 -> 29782.983 | P23: 2095 | Q23: 29800 | R23: =Q23/Q47 -> 0.017698022 | S23: =T23/14 -> 2482.1476 | T23: =R23*$S$2 -> 34750.066 | U23: 2280 | V23: 32000 | W23: =V23/$V$47 -> 0.016187729 | X23: =Y23/14 -> 2659.1897 | Y23: =W23*$X$2 -> 37228.656 | Z23: =X23+S23+N23 -> 7268.6932 | AA23: =Y23+T23+O23 -> 101761.7 | AB23: =Z23/3 -> 2422.8977 | AC23: =AA23/3 -> 33920.568
A24: 20 | B24: ရွက်သစ် | C24: Yuat Thit | D24: တ/ဒဂုံ | E24: South Dagon | F24: WS | G24: ကိုဘုန်းသာ | H24: Ko Bhone Thar | I24: 09-5501732 | J24: RSM | K24: 2285 | L24: 33240 | M24: =L24/L47 -> 0.016165027 | N24: =O24/14 -> 2431.682 | O24: =M24*$N$2 -> 34043.547 | P24: 2235 | Q24: 32720 | R24: =Q24/Q47 -> 0.01943219 | S24: =T24/14 -> 2725.3647 | T24: =R24*$S$2 -> 38155.106 | U24: 1700 | V24: 24440 | W24: =V24/$V$47 -> 0.012363378 | X24: =Y24/14 -> 2030.9561 | Y24: =W24*$X$2 -> 28433.386 | Z24: =X24+S24+N24 -> 7188.0028 | AA24: =Y24+T24+O24 -> 100632.04 | AB24: =Z24/3 -> 2396.0009 | AC24: =AA24/3 -> 33544.013
A25: 21 | B25: ဒေလီယာ | C25: Dalia | D25: သာကေတ | E25: Thaketa | F25: WS | G25: မခိုင်နှင်းဝေ | H25: Khine Hnin Wai | I25: 09-775065014 | J25: RSM | K25: 1930 | L25: 28700 | M25: =L25/L47 -> 0.013957169 | N25: =O25/14 -> 2099.5569 | O25: =M25*$N$2 -> 29393.797 | P25: 1845 | Q25: 27830 | R25: =Q25/Q47 -> 0.016528052 | S25: =T25/14 -> 2318.0593 | T25: =R25*$S$2 -> 32452.83 | U25: 2017 | V25: 29770 | W25: =V25/$V$47 -> 0.015059647 | X25: =Y25/14 -> 2473.8774 | Y25: =W25*$X$2 -> 34634.284 | Z25: =X25+S25+N25 -> 6891.4936 | AA25: =Y25+T25+O25 -> 96480.911 | AB25: =Z25/3 -> 2297.1645 | AC25: =AA25/3 -> 32160.304
A26: 22 | B26: ဆွေသဟာ | C26: Shwe Tahar | D26: လသယ | E26: Hlaing Thar Yar | F26: WS | G26: ကိုစောလွင် | H26: Ko Saw Lwin | I26: 09-982218821 | J26: RSM | K26: 2030 | L26: 28680 | M26: =L26/L47 -> 0.013947442 | N26: =O26/14 -> 2098.0938 | O26: =M26*$N$2 -> 29373.313 | P26: 2025 | Q26: 28040 | R26: =Q26/Q47 -> 0.01665277 | S26: =T26/14 -> 2335.5509 | T26: =R26*$S$2 -> 32697.713 | U26: 1645 | V26: 24620 | W26: =V26/$V$47 -> 0.012454434 | X26: =Y26/14 -> 2045.9141 | Y26: =W26*$X$2 -> 28642.797 | Z26: =X26+S26+N26 -> 6479.5588 | AA26: =Y26+T26+O26 -> 90713.824 | AB26: =Z26/3 -> 2159.8529 | AC26: =AA26/3 -> 30237.941
A27: 23 | B27: ဦးအိရွှေ | C27: U Ei Shwe | D27: တွံတေး | E27: Twantay | F27: WS | G27: ကိုနိူင်လင်းအောင် | H27: Ko Naing Lin Aung | I27: 09-421094107 | J27: RSM | K27: 1960 | L27: 27100 | M27: =L27/L47 -> 0.013179069 | N27: =O27/14 -> 1982.5085 | O27: =M27*$N$2 -> 27755.118 | P27: 498 | Q27: 6910 | R27: =Q27/Q47 -> 0.0041038031 | S27: =T27/14 -> 575.55838 | T27: =R27*$S$2 -> 8057.8173 | U27: 1730 | V27: 23370 | W27: =V27/$V$47 -> 0.011822101 | X27: =Y27/14 -> 1942.0395 | Y27: =W27*$X$2 -> 27188.553 | Z27: =X27+S27+N27 -> 4500.1063 | AA27: =Y27+T27+O27 -> 63001.488 | AB27: =Z27/3 -> 1500.0354 | AC27: =AA27/3 -> 21000.496
A28: 24 | B28: ကိုရွှေသီး | C28: Ko Shwe Thee | D28: တ/ဥ | E28: South Okkalapa | F28: WS | G28: ကိုရွှေသီး | H28: Ko Shwe Thee | I28: 09-5089587 | J28: RSM | K28: 1925 | L28: 26860 | M28: =L28/L47 -> 0.013062354 | N28: =O28/14 -> 1964.9512 | O28: =M28*$N$2 -> 27509.317 | P28: 1570 | Q28: 22760 | R28: =Q28/Q47 -> 0.013517013 | S28: =T28/14 -> 1895.761 | T28: =R28*$S$2 -> 26540.654 | U28: 1900 | V28: 26400 | W28: =V28/$V$47 -> 0.013354877 | X28: =Y28/14 -> 2193.8315 | Y28: =W28*$X$2 -> 30713.641 | Z28: =X28+S28+N28 -> 6054.5437 | AA28: =Y28+T28+O28 -> 84763.612 | AB28: =Z28/3 -> 2018.1812 | AC28: =AA28/3 -> 28254.537
A29: 25 | B29: ပန်းသတင်း | C29: Pan Tatin | D29: တွံတေး | E29: Twantay | F29: WS | G29: မဝေဝေစန်း | H29: Ma Wai Wai San | I29: 09-758750975 | J29: RSM | K29: 2100 | L29: 26760 | M29: =L29/L47 -> 0.013013722 | N29: =O29/14 -> 1957.6357 | O29: =M29*$N$2 -> 27406.899 | P29: 1040 | Q29: 13680 | R29: =Q29/Q47 -> 0.008124461 | S29: =T29/14 -> 1139.4557 | T29: =R29*$S$2 -> 15952.379 | U29: 1720 | V29: 22280 | W29: =V29/$V$47 -> 0.011270706 | X29: =Y29/14 -> 1851.4608 | Y29: =W29*$X$2 -> 25920.452 | Z29: =X29+S29+N29 -> 4948.5521 | AA29: =Y29+T29+O29 -> 69279.73 | AB29: =Z29/3 -> 1649.5174 | AC29: =AA29/3 -> 23093.243
A30: 26 | B30: ရှယ်ထူး | C30: Shal Htoo | D30: လေးထောင့်ကန် | E30: Lay Daungkan | F30: WS | G30: ကိုသား | H30: Ko Thar | I30: 09-443211018 | J30: RSM | K30: 1220 | L30: 14940 | M30: =L30/L47 -> 0.0072655086 | N30: =O30/14 -> 1092.9401 | O30: =M30*$N$2 -> 15301.161 | P30: 1210 | Q30: 16740 | R30: =Q30/Q47 -> 0.0099417747 | S30: =T30/14 -> 1394.3339 | T30: =R30*$S$2 -> 19520.675 | U30: 1260 | V30: 15460 | W30: =V30/$V$47 -> 0.0078206966 | X30: =Y30/14 -> 1284.721 | Y30: =W30*$X$2 -> 17986.094 | Z30: =X30+S30+N30 -> 3771.995 | AA30: =Y30+T30+O30 -> 52807.93 | AB30: =Z30/3 -> 1257.3317 | AC30: =AA30/3 -> 17602.643
A31: 27 | B31: တော်ဝင် | C31: Taw Win | D31: ကြည့်မြင်တိုင် | E31: Kyee Myin Daing | F31: WS | G31: မဝါဝါလှိုင် | H31: Ma War War Hlaing | I31: 09-793565822 | J31: RSM | K31: 1570 | L31: 21840 | M31: =L31/L47 -> 0.010621065 | N31: =O31/14 -> 1597.7116 | O31: =M31*$N$2 -> 22367.963 | P31: 1086 | Q31: 15052 | R31: =Q31/Q47 -> 0.0089392827 | S31: =T31/14 -> 1253.7344 | T31: =R31*$S$2 -> 17552.282 | U31: 1060 | V31: 15350 | W31: =V31/$V$47 -> 0.0077650513 | X31: =Y31/14 -> 1275.5801 | Y31: =W31*$X$2 -> 17858.121 | Z31: =X31+S31+N31 -> 4127.0261 | AA31: =Y31+T31+O31 -> 57778.365 | AB31: =Z31/3 -> 1375.6754 | AC31: =AA31/3 -> 19259.455
A32: 28 | B32: ဦးလှဖုန်း | C32: U Hla Phone | D32: ကော့မှူး | E32: Kawhmu | F32: WS | G32: ဒေါ်ကြည်ကြည်ဝင်း | H32: Daw Kyi Kyi Win | I32: 09-794635642 | J32: RSM | K32: 1560 | L32: 21860 | M32: =L32/L47 -> 0.010630791 | N32: =O32/14 -> 1599.1747 | O32: =M32*$N$2 -> 22388.446 | P32: 710 | Q32: 10150 | R32: =Q32/Q47 -> 0.0060280175 | S32: =T32/14 -> 845.42946 | T32: =R32*$S$2 -> 11836.012 | U32: 1135 | V32: 16120 | W32: =V32/$V$47 -> 0.0081545685 | X32: =Y32/14 -> 1339.5668 | Y32: =W32*$X$2 -> 18753.935 | Z32: =X32+S32+N32 -> 3784.171 | AA32: =Y32+T32+O32 -> 52978.394 | AB32: =Z32/3 -> 1261.3903 | AC32: =AA32/3 -> 17659.465
A33: 29 | B33: မသီတာ | C33: Ma Thida | D33: သာကေတ | E33: Thaketa | F33: WS | G33: မသီတာထွန်း | H33: Ma Thidar Tun | I33: 09-5406284 | J33: RSM | K33: 695 | L33: 9460 | M33: =L33/L47 -> 0.0046005162 | N33: =O33/14 -> 692.04908 | O33: =M33*$N$2 -> 9688.6871 | P33: 1240 | Q33: 17780 | R33: =Q33/Q47 -> 0.010559424 | S33: =T33/14 -> 1480.9592 | T33: =R33*$S$2 -> 20733.429 | U33: 1565 | V33: 25900 | W33: =V33/$V$47 -> 0.013101943 | X33: =Y33/14 -> 2152.2817 | Y33: =W33*$X$2 -> 30131.943 | Z33: =X33+S33+N33 -> 4325.2899 | AA33: =Y33+T33+O33 -> 60554.059 | AB33: =Z33/3 -> 1441.7633 | AC33: =AA33/3 -> 20184.686
A34: 30 | B34: အနွယ်တော် | C34: A 'Nwe Taw | D34: သင်္ဃန်းကျွန်းကြီး | E34: Thingangyun Gyi | F34: WS | G34: မထက်ထက် | H34: Ma Htet Htet | I34: 09-793965694 | J34: RSM | K34: 1024 | L34: 14778 | M34: =L34/L47 -> 0.007186726 | N34: =O34/14 -> 1081.0889 | O34: =M34*$N$2 -> 15135.245 | P34: 1059 | Q34: 15268 | R34: =Q34/Q47 -> 0.0090675637 | S34: =T34/14 -> 1271.7258 | T34: =R34*$S$2 -> 17804.161 | U34: 1281 | V34: 17778 | W34: =V34/$V$47 -> 0.0089932952 | X34: =Y34/14 -> 1477.3461 | Y34: =W34*$X$2 -> 20682.845 | Z34: =X34+S34+N34 -> 3830.1608 | AA34: =Y34+T34+O34 -> 53622.251 | AB34: =Z34/3 -> 1276.7203 | AC34: =AA34/3 -> 17874.084
A35: 31 | B35: နေလ | C35: Nay La | D35: တိုက်ကြီး | E35: Taikkyi | F35: WS | G35: ဦးမိုးသက်နိူင် | H35: U Moe That Naing | I35: 09-5394567 | J35: RSM | K35: 943 | L35: 13496 | M35: =L35/L47 -> 0.0065632734 | N35: =O35/14 -> 987.30384 | O35: =M35*$N$2 -> 13822.254 | P35: 880 | Q35: 12540 | R35: =Q35/Q47 -> 0.0074474226 | S35: =T35/14 -> 1044.501 | T35: =R35*$S$2 -> 14623.014 | U35: 1137 | V35: 15974 | W35: =V35/$V$47 -> 0.008080712 | X35: =Y35/14 -> 1327.4343 | Y35: =W35*$X$2 -> 18584.08 | Z35: =X35+S35+N35 -> 3359.2391 | AA35: =Y35+T35+O35 -> 47029.348 | AB35: =Z35/3 -> 1119.7464 | AC35: =AA35/3 -> 15676.449
A36: 32 | B36: မမွှေးမွှေး | C36: Ma Mhwe Mhwe | D36: ကွမ်းခြံကုန်း | E36: Kungyangon | F36: WS | G36: မသဇင်ညွှန့် | H36: Ma Tha Zin Nyunt | I36: 09-266299311 | J36: RSM | K36: 1845 | L36: 25030 | M36: =L36/L47 -> 0.012172402 | N36: =O36/14 -> 1831.077 | O36: =M36*$N$2 -> 25635.078 | P36: 310 | Q36: 4220 | R36: =Q36/Q47 -> 0.0025062299 | S36: =T36/14 -> 351.49875 | T36: =R36*$S$2 -> 4920.9825 | U36: 1102 | V36: 15130 | W36: =V36/$V$47 -> 0.0076537607 | X36: =Y36/14 -> 1257.2981 | Y36: =W36*$X$2 -> 17602.174 | Z36: =X36+S36+N36 -> 3439.8739 | AA36: =Y36+T36+O36 -> 48158.234 | AB36: =Z36/3 -> 1146.6246 | AC36: =AA36/3 -> 16052.745
A37: 33 | B37: ဆင်မင်း | C37: Sin Min | D37: လှိုင်သာယာ | E37: Hlaing Thar Yar | F37: WS | G37: ကိုကျော်နိူင် | H37: Ko Kyaw Naing | I37: 09-775628364 | J37: RSM | K37: 778 | L37: 11035 | M37: =L37/L47 -> 0.0053664583 | N37: =O37/14 -> 807.26866 | O37: =M37*$N$2 -> 11301.761 | P37: 1015 | Q37: 14160 | R37: =Q37/Q47 -> 0.0084095299 | S37: =T37/14 -> 1179.4366 | T37: =R37*$S$2 -> 16512.112 | U37: 893 | V37: 12236 | W37: =V37/$V$47 -> 0.0061897829 | X37: =Y37/14 -> 1016.8077 | Y37: =W37*$X$2 -> 14235.307 | Z37: =X37+S37+N37 -> 3003.5129 | AA37: =Y37+T37+O37 -> 42049.18 | AB37: =Z37/3 -> 1001.171 | AC37: =AA37/3 -> 14016.393
A38: 34 | B38: မာဟန် | C38: Mar Han | D38: မှော်ဘီ | E38: Hmawbi | F38: WS | G38: ဖြူမာဟန် | H38: Phyu Mar Han | I38: 09-5160980 | J38: RSM | K38: 1025 | L38: 14224 | M38: =L38/L47 -> 0.0069173089 | N38: =O38/14 -> 1040.5609 | O38: =M38*$N$2 -> 14567.853 | P38: 521 | Q38: 7638 | R38: =Q38/Q47 -> 0.0045361574 | S38: =T38/14 -> 636.19608 | T38: =R38*$S$2 -> 8906.7451 | U38: 1032 | V38: 14428 | W38: =V38/$V$47 -> 0.0072986424 | X38: =Y38/14 -> 1198.9622 | Y38: =W38*$X$2 -> 16785.47 | Z38: =X38+S38+N38 -> 2875.7191 | AA38: =Y38+T38+O38 -> 40260.068 | AB38: =Z38/3 -> 958.57304 | AC38: =AA38/3 -> 13420.023
A39: 35 | B39: ကောင်းမွန် | C39: Kaung Mon | D39: တိုက်ကြီး | E39: Taikkyi | F39: WS | G39: မယဉ်နွယ်ဦး | H39: Ma Yin Nwal Oo | I39: 09-451311435 | J39: RSM | K39: 1205 | L39: 16720 | M39: =L39/L47 -> 0.0081311449 | N39: =O39/14 -> 1223.1565 | O39: =M39*$N$2 -> 17124.191 | P39: 695 | Q39: 9620 | R39: =Q39/Q47 -> 0.005713254 | S39: =T39/14 -> 801.28388 | T39: =R39*$S$2 -> 11217.974 | U39: 1355 | V39: 18860 | W39: =V39/$V$47 -> 0.0095406428 | X39: =Y39/14 -> 1567.2599 | Y39: =W39*$X$2 -> 21941.639 | Z39: =X39+S39+N39 -> 3591.7003 | AA39: =Y39+T39+O39 -> 50283.804 | AB39: =Z39/3 -> 1197.2334 | AC39: =AA39/3 -> 16761.268
A40: 36 | B40: သုခအောင် | C40: Thuka Aung | D40: အင်းစိန် | E40: Insein | F40: WS | G40: မနန်းကေသီ | H40: Ma Nan Kay Thi | I40: 09-790241274 | J40: KHM | K40: 800 | L40: 11530 | M40: =L40/L47 -> 0.005607183 | N40: =O40/14 -> 843.48053 | O40: =M40*$N$2 -> 11808.727 | P40: 948 | Q40: 13740 | R40: =Q40/Q47 -> 0.0081600946 | S40: =T40/14 -> 1144.4533 | T40: =R40*$S$2 -> 16022.346 | U40: 760 | V40: 11150 | W40: =V40/$V$47 -> 0.0056404119 | X40: =Y40/14 -> 926.56141 | Y40: =W40*$X$2 -> 12971.86 | Z40: =X40+S40+N40 -> 2914.4952 | AA40: =Y40+T40+O40 -> 40802.933 | AB40: =Z40/3 -> 971.49841 | AC40: =AA40/3 -> 13600.978
A41: 37 | B41: လမင်းသာ | C41: La Min Thar | D41: သမိုင်း | E41: Tha Mine | F41: WS | G41: မခိုင်သင်းကြည် | H41: Ma Khing Thin Kyee | I41: 09-265148552 | J41: RSM | K41: 940 | L41: 14188 | M41: =L41/L47 -> 0.0068998016 | N41: =O41/14 -> 1037.9273 | O41: =M41*$N$2 -> 14530.982 | P41: 979 | Q41: 14290 | R41: =Q41/Q47 -> 0.008486736 | S41: =T41/14 -> 1190.2647 | T41: =R41*$S$2 -> 16663.706 | U41: 829 | V41: 12306 | W41: =V41/$V$47 -> 0.0062251936 | X41: =Y41/14 -> 1022.6246 | Y41: =W41*$X$2 -> 14316.745 | Z41: =X41+S41+N41 -> 3250.8167 | AA41: =Y41+T41+O41 -> 45511.433 | AB41: =Z41/3 -> 1083.6056 | AC41: =AA41/3 -> 15170.478
A42: 38 | B42: ဂျက်ကြီး | C42: Jet Gyi | D42: ဒေးဒရဲ | E42: Dedaye | F42: WS | G42: ဦးထိန်းမင်း | H42: U Htine Min | I42: 09-751300943 | J42: RSM | K42: 1040 | L42: 13980 | M42: =L42/L47 -> 0.0067986486 | N42: =O42/14 -> 1022.711 | O42: =M42*$N$2 -> 14317.954 | P42: 520 | Q42: 6940 | R42: =Q42/Q47 -> 0.0041216199 | S42: =T42/14 -> 578.05718 | T42: =R42*$S$2 -> 8092.8006 | U42: 1040 | V42: 13980 | W42: =V42/$V$47 -> 0.0070720141 | X42: =Y42/14 -> 1161.7335 | Y42: =W42*$X$2 -> 16264.269 | Z42: =X42+S42+N42 -> 2762.5017 | AA42: =Y42+T42+O42 -> 38675.024 | AB42: =Z42/3 -> 920.8339 | AC42: =AA42/3 -> 12891.675
A43: 39 | B43: မိုးမြင့်ထက် | C43: Moe Myint Htet | D43: မြောက်ဒဂုံ | E43: North Dagon | F43: WS | G43: ဦးဇော်မြင့်ထွန်း | H43: U Zaw Myint Tun | I43: 09-256418738 | J43: RSM | K43: 35 | L43: 480 | M43: =L43/L47 -> 0.00023343 | N43: =O43/14 -> 35.114541 | O43: =M43*$N$2 -> 491.60357 | P43: 565 | Q43: 7570 | R43: =Q43/Q47 -> 0.0044957727 | S43: =T43/14 -> 630.53212 | T43: =R43*$S$2 -> 8827.4496 | U43: 545 | V43: 7780 | W43: =V43/$V$47 -> 0.0039356416 | X43: =Y43/14 -> 646.5155 | Y43: =W43*$X$2 -> 9051.217 | Z43: =X43+S43+N43 -> 1312.1622 | AA43: =Y43+T43+O43 -> 18370.27 | AB43: =Z43/3 -> 437.38739 | AC43: =AA43/3 -> 6123.4234
A44: 40 | B44: အောင်ချမ်းသာ | C44: Aung Chan Thar | D44: ကွမ်းခြံကုန်း | E44: Kungyangon | F44: WS | G44: ဒေါ်ဆုမွန်အောင် | H44: Daw Su Mon Aung | I44: 09-777177702 | J44: RSM | K44: 1200 | L44: 16400 | M44: =L44/L47 -> 0.0079755249 | N44: =O44/14 -> 1199.7468 | O44: =M44*$N$2 -> 16796.455 | P44: 0 | Q44: 0 | R44: =Q44/Q47 -> 0 | S44: =T44/14 -> 0 | T44: =R44*$S$2 -> 0 | U44: 1500 | V44: 20460 | W44: =V44/$V$47 -> 0.010350029 | X44: =Y44/14 -> 1700.2194 | Y44: =W44*$X$2 -> 23803.072 | Z44: =X44+S44+N44 -> 2899.9662 | AA44: =Y44+T44+O44 -> 40599.527 | AB44: =Z44/3 -> 966.65541 | AC44: =AA44/3 -> 13533.176
A45: 41 | B45: အောင်ပြည့်စုံ | C45: Aung Pyae Sone | D45: ခရမ်း | E45: Khayan | F45: WS | G45: ဦးအောင်ဇော်မိုး | H45: U Aung Zaw Moe | I45: 09-797947488 | J45: RSM | K45: 1200 | L45: 14800 | M45: =L45/L47 -> 0.0071974249 | N45: =O45/14 -> 1082.6983 | O45: =M45*$N$2 -> 15157.777 | P45: 630 | Q45: 7660 | R45: =Q45/Q47 -> 0.0045492231 | S45: =T45/14 -> 638.02854 | T45: =R45*$S$2 -> 8932.3995 | U45: 700 | V45: 8600 | W45: =V45/$V$47 -> 0.0043504522 | X45: =Y45/14 -> 714.65723 | Y45: =W45*$X$2 -> 10005.201 | Z45: =X45+S45+N45 -> 2435.3841 | AA45: =Y45+T45+O45 -> 34095.378 | AB45: =Z45/3 -> 811.7947 | AC45: =AA45/3 -> 11365.126
B47: Total Sales (WS) | K47: =SUM(K5:K46) -> 144246 | L47: =SUM(L5:L46) -> 2056291 | M47: =L47/L47 -> 1 | N47: =SUM(N5:N46) -> 150428.57 | O47: =SUM(O5:O46) -> 2106000 | P47: =SUM(P5:P46) -> 117796 | Q47: =SUM(Q5:Q46) -> 1683804 | R47: =SUM(R5:R46) -> 1 | S47: =SUM(S5:S46) -> 140250 | T47: =SUM(T5:T46) -> 1963500 | U47: =SUM(U5:U46) -> 139553 | ... AC47: =SUM(AC5:AC46) -> 2123102.4
B48: Total BE Sales | L48: 2632400 | Q48: 2185076 | V48: 2465006
B49: Contribution % | L49: =L47/L48 -> 0.78114686 | Q49: =Q47/Q48 -> 0.77059288 | V49: =V47/V48 -> 0.80194774
M50: Contribution | N50: PKT | O50: Bottle | R50: Contribution | S50: PKT | T50: Bottle | W50: Contribution | X50: PKT | Y50: Bottle | Z50: 2025 - Q1 Target | AB50: 2025 - Avg Q1
M51: 0.14 | N51: =M2*M51 -> 378000 | R51: 0.13 | S51: =R2*R51 -> 331500 | W51: 0.12 | X51: =W2*W51 -> 344971.08 | Z51: PKT | AA51: BOT | AB51: PKT | AC51: BOT
A52: 1 | B52: K Mart | C52: K Mart | D52: အလုံ | E52: Ahlone | F52: Semi | G52: မယဉ်မွန်ဦး | H52: Ma Yin Mon Oo | I52: 09-786265425 | J52: KBL | K52: 175 | L52: 2464 | M52: =L52/$L$149 -> 0.0068333213 | N52: =O52/14 -> 184.49968 | O52: =M52*$N$51 -> 2582.9955 | P52: 292 | Q52: 4110 | R52: =Q52/$Q$149 -> 0.01415455 | S52: =T52/14 -> 335.15952 | T52: =R52*$S$51 -> 4692.2333 | U52: 146 | V52: 2056 | W52: =V52/$V$149 -> 0.0069642506 | X52: =Y52/14 -> 171.60465 | Y52: =W52*$X$51 -> 2402.4651 | Z52: =N52+S52+X52 -> 691.26384 | AA52: =O52+T52+Y52 -> 9677.6938 | AB52: =Z52/3 -> 230.42128 | AC52: =AA52/3 -> 3225.8979 | AF52: =M2*14% -> 378000
A53: 2 | B53: မသိင်္ဂီမော် | C53: Ma Theingi Maw | D53: အလုံ | E53: Ahlone | F53: Semi | G53: မသိင်္ဂီမော် | H53: Ma Theingi Maw | I53: 09-5402173 | J53: KBL | K53: 155 | L53: 2090 | M53: =L53/$L$149 -> 0.0057961208 | N53: =O53/14 -> 156.49526 | O53: =M53*$N$51 -> 2190.9336 | P53: 130 | Q53: 1780 | R53: =Q53/$Q$149 -> 0.0061301943 | S53: =T53/14 -> 145.15424 | T53: =R53*$S$51 -> 2032.1594 | U53: 135 | V53: 1800 | W53: =V53/$V$149 -> 0.0060971066 | X53: =Y53/14 -> 150.23753 | Y53: =W53*$X$51 -> 2103.3254 | Z53: =N53+S53+X53 -> 451.88704 | AA53: =O53+T53+Y53 -> 6326.4185 | AB53: =Z53/3 -> 150.62901 | AC53: =AA53/3 -> 2108.8062
A54: 3 | B54: ဒေါ်နီ | C54: Daw Ni | D54: အင်းစိန် | E54: Insein | F54: Semi | G54: ကိုလွင် | H54: Ko Lwin | I54: 09-5112063 | J54: KBL | K54: 490 | L54: 7160 | M54: =L54/$L$149 -> 0.019856567 | N54: =O54/14 -> 536.1273 | O54: =M54*$N$51 -> 7505.7823 | P54: 530 | Q54: 7780 | R54: =Q54/$Q$149 -> 0.026793771 | S54: =T54/14 -> 634.43821 | T54: =R54*$S$51 -> 8882.135 | U54: 520 | V54: 7680 | W54: =V54/$V$149 -> 0.026014321 | X54: =Y54/14 -> 641.01347 | Y54: =W54*$X$51 -> 8974.1886 | Z54: =N54+S54+X54 -> 1811.579 | AA54: =O54+T54+Y54 -> 25362.106 | AB54: =Z54/3 -> 603.85966 | AC54: =AA54/3 -> 8454.0353
A55: 4 | B55: ဦးတင်လှိုင် | C55: U Tin Hlaing | D55: အင်းစိန် | E55: Insein | F55: Semi | G55: မြင့်မြင့်လှိုင် | H55: Myint Myint Hlaing | I55: 09-5099618 | J55: KBL | K55: 78 | L55: 1260 | M55: =L55/$L$149 -> 0.003494312 | N55: =O55/14 -> 94.346425 | O55: =M55*$N$51 -> 1320.8499 | P55: 147 | Q55: 2420 | R55: =Q55/$Q$149 -> 0.0083343091 | S55: =T55/14 -> 197.34453 | T55: =R55*$S$51 -> 2762.8235 | U55: 116 | V55: 1800 | W55: =V55/$V$149 -> 0.0060971066 | X55: =Y55/14 -> 150.23753 | Y55: =W55*$X$51 -> 2103.3254 | Z55: =N55+S55+X55 -> 441.92849 | AA55: =O55+T55+Y55 -> 6186.9989 | AB55: =Z55/3 -> 147.3095 | AC55: =AA55/3 -> 2062.333
A56: 5 | B56: ကိုချမ်းအေး | C56: Ko Chan Aye | D56: အင်းစိန် | E56: Insein | F56: Semi | G56: ကိုချမ်းအေး | H56: Ko Chan Aye | I56: 09-5076711 | J56: KBL | K56: 295 | L56: 4460 | M56: =L56/$L$149 -> 0.012368755 | N56: =O56/14 -> 333.95639 | O56: =M56*$N$51 -> 4675.3895 | P56: 350 | Q56: 4860 | R56: =Q56/$Q$149 -> 0.016737497 | S56: =T56/14 -> 396.32001 | T56: =R56*$S$51 -> 5548.4802 | U56: 350 | V56: 5300 | W56: =V56/$V$149 -> 0.017952592 | X56: =Y56/14 -> 442.36607 | Y56: =W56*$X$51 -> 6193.1249 | Z56: =N56+S56+X56 -> 1172.6425 | AA56: =O56+T56+Y56 -> 16416.995 | AB56: =Z56/3 -> 390.88082 | AC56: =AA56/3 -> 5472.3315
A57: 6 | B57: ကြယ်ပျံ | C57: Kwyal Pyan | D57: အင်းစိန် | E57: Insein | F57: Semi | G57: - | H57: - | I57: 09-891022599 | J57: KBL | K57: 65 | L57: 970 | M57: =L57/$L$149 -> 0.0026900656 | N57: =O57/14 -> 72.631772 | O57: =M57*$N$51 -> 1016.8448 | P57: 70 | Q57: 1050 | R57: =Q57/$Q$149 -> 0.0036161259 | S57: =T57/14 -> 85.624694 | T57: =R57*$S$51 -> 1198.7457 | U57: 65 | V57: 830 | W57: =V57/$V$149 -> 0.0028114436 | X57: =Y57/14 -> 69.276195 | Y57: =W57*$X$51 -> 969.86673 | Z57: =N57+S57+X57 -> 227.53266 | AA57: =O57+T57+Y57 -> 3185.4573 | AB57: =Z57/3 -> 75.84422 | AC57: =AA57/3 -> 1061.8191
A58: 7 | B58: နှင်းဆီ | C58: Hnin Si | D58: အင်းစိန် | E58: Insein | F58: Semi | G58: သင်ဇာ | H58: Thin Zar | I58: 09-787050297 | J58: KBL | K58: 220 | L58: 2856 | M58: =L58/$L$149 -> 0.0079204406 | N58: =O58/14 -> 213.8519 | O58: =M58*$N$51 -> 2993.9266 | P58: 209 | Q58: 2572 | R58: =Q58/$Q$149 -> 0.0088577864 | S58: =T58/14 -> 209.73973 | T58: =R58*$S$51 -> 2936.3562 | U58: 168 | V58: 2076 | W58: =V58/$V$149 -> 0.0070319963 | X58: =Y58/14 -> 173.27395 | Y58: =W58*$X$51 -> 2425.8353 | Z58: =N58+S58+X58 -> 596.86558 | AA58: =O58+T58+Y58 -> 8356.1181 | AB58: =Z58/3 -> 198.95519 | AC58: =AA58/3 -> 2785.3727
A59: 8 | B59: ကောင်းထက် | C59: Kaung Htet | D59: အင်းစိန် | E59: Insein | F59: Semi | G59: မသင်းသင်း | H59: Ma Thin Thin | I59: 09-5501705 | J59: KBL | K59: 211 | L59: 3080 | M59: =L59/$L$149 -> 0.0085416516 | N59: =O59/14 -> 230.62459 | O59: =M59*$N$51 -> 3228.7443 | P59: 246 | Q59: 3392 | R59: =Q59/$Q$149 -> 0.011681808 | S59: =T59/14 -> 276.60854 | T59: =R59*$S$51 -> 3872.5195 | U59: 135 | V59: 2040 | W59: =V59/$V$149 -> 0.0069100541 | X59: =Y59/14 -> 170.2692 | Y59: =W59*$X$51 -> 2383.7688 | Z59: =N59+S59+X59 -> 677.50233 | AA59: =O59+T59+Y59 -> 9485.0327 | AB59: =Z59/3 -> 225.83411 | AC59: =AA59/3 -> 3161.6776
A60: 9 | B60: အောင်သိဒ္ဓိ | C60: Aung Date Di | D60: အင်းစိန် | E60: Insein | F60: Semi | G60: မထက်ထက် | H60: Ma Htet Htet | I60: 09-72987727 | J60: KBL | K60: 164 | L60: 2280 | M60: =L60/$L$149 -> 0.0063230408 | N60: =O60/14 -> 170.7221 | O60: =M60*$N$51 -> 2390.1094 | P60: 90 | Q60: 1250 | R60: =Q60/$Q$149 -> 0.0043049117 | S60: =T60/14 -> 101.93416 | T60: =R60*$S$51 -> 1427.0782 | U60: 90 | V60: 1230 | W60: =V60/$V$149 -> 0.0041663562 | X60: =Y60/14 -> 102.66231 | Y60: =W60*$X$51 -> 1437.2724 | Z60: =N60+S60+X60 -> 375.31858 | AA60: =O60+T60+Y60 -> 5254.4601 | AB60: =Z60/3 -> 125.10619 | AC60: =AA60/3 -> 1751.4867
A61: 10 | B61: အောင်ကမ္ဘာသိန်း | C61: Aung Kabar Thein | D61: အင်းစိန် | E61: Insein | F61: Semi | G61: - | H61: - | I61: 09-421130178 | J61: KBL | K61: 312 | L61: 4400 | M61: =L61/$L$149 -> 0.012202359 | N61: =O61/14 -> 329.46371 | O61: =M61*$N$51 -> 4612.4919 | P61: 256 | Q61: 3530 | R61: =Q61/$Q$149 -> 0.012157071 | S61: =T61/14 -> 287.86207 | T61: =R61*$S$51 -> 4030.0689 | U61: 290 | V61: 4020 | W61: =V61/$V$149 -> 0.013616871 | X61: =Y61/14 -> 335.53049 | Y61: =W61*$X$51 -> 4697.4268 | Z61: =N61+S61+X61 -> 952.85626 | AA61: =O61+T61+Y61 -> 13339.988 | AB61: =Z61/3 -> 317.61875 | AC61: =AA61/3 -> 4446.6626
A62: 11 | B62: ကိုညီညီ | C62: Ko Nyi Nyi | D62: အင်းစိန် | E62: Insein | F62: Semi | G62: ကိုညီညီ | H62: Ko Nyi Nyi | I62: 09-250387061 | J62: KBL | K62: 50 | L62: 640 | M62: =L62/$L$149 -> 0.0017748887 | N62: =O62/14 -> 47.921994 | O62: =M62*$N$51 -> 670.90791 | P62: 65 | Q62: 800 | R62: =Q62/$Q$149 -> 0.0027551435 | S62: =T62/14 -> 65.237862 | T62: =R62*$S$51 -> 913.33007 | U62: 80 | V62: 1000 | W62: =V62/$V$149 -> 0.0033872814 | X62: =Y62/14 -> 83.465295 | Y62: =W62*$X$51 -> 1168.5141 | Z62: =N62+S62+X62 -> 196.62515 | AA62: =O62+T62+Y62 -> 2752.7521 | AB62: =Z62/3 -> 65.541717 | AC62: =AA62/3 -> 917.58404
A63: 12 | B63: ရွှေဇင်ယော် | C63: Shwe Zin Yaw | D63: မြို့သစ်ဈေး | E63: Insein | F63: Semi | G63: ဒေါ်ခင်မာစန်း | H63: Daw Khin Mar San | I63: 09-799798835 | J63: KBL | K63: 71 | L63: 982 | M63: =L63/$L$149 -> 0.0027233448 | N63: =O63/14 -> 73.530309 | O63: =M63*$N$51 -> 1029.4243 | P63: 104 | Q63: 1368 | R63: =Q63/$Q$149 -> 0.0047112954 | S63: =T63/14 -> 111.55674 | T63: =R63*$S$51 -> 1561.7944 | U63: 66 | V63: 902 | W63: =V63/$V$149 -> 0.0030553279 | X63: =Y63/14 -> 75.285696 | Y63: =W63*$X$51 -> 1053.9997 | Z63: =N63+S63+X63 -> 260.37275 | AA63: =O63+T63+Y63 -> 3645.2185 | AB63: =Z63/3 -> 86.790917 | AC63: =AA63/3 -> 1215.0728
A64: 13 | B64: ဉီးပိုက်တင် | C64: U Pite Tin | D64: ခရမ်း | E64: Kayane | F64: Semi | G64: ဉီးပိုက်တင် | H64: U Pite Tin | I64: 09-777971600 | J64: KBL | K64: 150 | L64: 1900 | M64: =L64/$L$149 -> 0.0052692007 | N64: =O64/14 -> 142.26842 | O64: =M64*$N$51 -> 1991.7579 | R64: =Q64/$Q$149 -> 0 | S64: =T64/14 -> 0 | T64: =R64*$S$51 -> 0 | U64: 150 | V64: 1800 | W64: =V64/$V$149 -> 0.0060971066 | X64: =Y64/14 -> 150.23753 | Y64: =W64*$X$51 -> 2103.3254 | Z64: =N64+S64+X64 -> 292.50595 | AA64: =O64+T64+Y64 -> 4095.0833 | AB64: =Z64/3 -> 97.501983 | AC64: =AA64/3 -> 1365.0278
A65: 14 | B65: မောင်လုပ်သား | C65: Maung Loat Thar | D65: သန်လျင် | E65: Thanlyin | F65: Semi | G65: မချိုချိုဝင်း | H65: Ma Cho Cho Win | I65: 09-5155527 | J65: KBL | K65: 310 | L65: 4000 | M65: =L65/$L$149 -> 0.011093054 | N65: =O65/14 -> 299.51246 | O65: =M65*$N$51 -> 4193.1744 | P65: 571 | Q65: 7692 | R65: =Q65/$Q$149 -> 0.026490705 | S65: =T65/14 -> 627.26205 | T65: =R65*$S$51 -> 8781.6687 | U65: 515 | V65: 6890 | W65: =V65/$V$149 -> 0.023338369 | X65: =Y65/14 -> 575.07589 | Y65: =W65*$X$51 -> 8051.0624 | Z65: =N65+S65+X65 -> 1501.8504 | AA65: =O65+T65+Y65 -> 21025.905 | AB65: =Z65/3 -> 500.6168 | AC65: =AA65/3 -> 7008.6352
A66: 15 | B66: အလင်းတန်း | C66: A Lin Tan | D66: လှိုင်သာယာ | E66: Hlaing Thar Yar | F66: Semi | G66: ကိုကျော်ဇေယျ | H66: Ko Kyaw Zay Ya | I66: 09-420921978 | J66: KBL | K66: 45 | L66: 540 | M66: =L66/$L$149 -> 0.0014975623 | N66: =O66/14 -> 40.434182 | O66: =M66*$N$51 -> 566.07855 | P66: 48 | Q66: 660 | R66: =Q66/$Q$149 -> 0.0022729934 | S66: =T66/14 -> 53.821236 | T66: =R66*$S$51 -> 753.49731 | U66: 45 | V66: 540 | W66: =V66/$V$149 -> 0.001829132 | X66: =Y66/14 -> 45.071259 | Y66: =W66*$X$51 -> 630.99763 | Z66: =N66+S66+X66 -> 139.32668 | AA66: =O66+T66+Y66 -> 1950.5735 | AB66: =Z66/3 -> 46.442226 | AC66: =AA66/3 -> 650.19116
A67: 16 | B67: ရှိုင်းရာဇာ | C67: Shine Yar Zar | D67: လှိုင်သာယာ | E67: Hlaing Thar Yar | F67: Semi | G67: သိမ့်ဇာနည်အောင် | H67: Theint Zar Ni Aung | I67: 09-421125580 | J67: KBL | K67: 300 | L67: 4000 | M67: =L67/$L$149 -> 0.011093054 | N67: =O67/14 -> 299.51246 | O67: =M67*$N$51 -> 4193.1744 | P67: 300 | Q67: 4100 | R67: =Q67/$Q$149 -> 0.01412011 | S67: =T67/14 -> 334.34404 | T67: =R67*$S$51 -> 4680.8166 | U67: 250 | V67: 3400 | W67: =V67/$V$149 -> 0.011516757 | X67: =Y67/14 -> 283.782 | Y67: =W67*$X$51 -> 3972.9481 | Z67: =N67+S67+X67 -> 917.63851 | AA67: =O67+T67+Y67 -> 12846.939 | AB67: =Z67/3 -> 305.8795 | AC67: =AA67/3 -> 4282.313
A68: 17 | B68: ရွှေမိုး | C68: Shwe Moe | D68: လှိုင် | E68: Hlaing | F68: Semi | G68: ကိုဖြိုး | H68: Ko Pyo | I68: 09-740857778 | J68: KBL | K68: 232 | L68: 3220 | M68: =L68/$L$149 -> 0.0089299085 | N68: =O68/14 -> 241.10753 | O68: =M68*$N$51 -> 3375.5054 | P68: 235 | Q68: 3236 | R68: =Q68/$Q$149 -> 0.011144555 | S68: =T68/14 -> 263.88715 | T68: =R68*$S$51 -> 3694.4201 | U68: 222 | V68: 3032 | W68: =V68/$V$149 -> 0.010270237 | X68: =Y68/14 -> 253.06678 | Y68: =W68*$X$51 -> 3542.9349 | Z68: =N68+S68+X68 -> 758.06146 | AA68: =O68+T68+Y68 -> 10612.86 | AB68: =Z68/3 -> 252.68715 | AC68: =AA68/3 -> 3537.6201
A69: 18 | B69: ရွှေလီ | C69: Shwe Li | D69: လှိုင် | E69: Hlaing | F69: Semi | G69: ဦးဝင်းသိန်း | H69: U Win Thein | I69: 09-795550911 | J69: KBL | K69: 123 | L69: 1750 | M69: =L69/$L$149 -> 0.0048532112 | N69: =O69/14 -> 131.0367 | O69: =M69*$N$51 -> 1834.5138 | P69: 105 | Q69: 1430 | R69: =Q69/$Q$149 -> 0.004924819 | S69: =T69/14 -> 116.61268 | T69: =R69*$S$51 -> 1632.5775 | U69: 160 | V69: 2340 | W69: =V69/$V$149 -> 0.0079262386 | X69: =Y69/14 -> 195.30879 | Y69: =W69*$X$51 -> 2734.3231 | Z69: =N69+S69+X69 -> 442.95817 | AA69: =O69+T69+Y69 -> 6201.4144 | AB69: =Z69/3 -> 147.65272 | AC69: =AA69/3 -> 2067.1381
A70: 19 | B70: ဝင်း | C70: Win | D70: လမ်း ၅၀ | E70: 50th Street | F70: Semi | G70: ဒေါ်စန်းစန်းမြင့် | H70: Daw San San Myint | I70: 09-767949921 | J70: KBL | K70: 273 | L70: 4312 | M70: =L70/$L$149 -> 0.011958312 | N70: =O70/14 -> 322.87443 | O70: =M70*$N$51 -> 4520.2421 | P70: 292 | Q70: 4484 | R70: =Q70/$Q$149 -> 0.015442579 | S70: =T70/14 -> 365.65822 | T70: =R70*$S$51 -> 5119.2151 | U70: 328 | V70: 4972 | W70: =V70/$V$149 -> 0.016841563 | X70: =Y70/14 -> 414.98945 | Y70: =W70*$X$51 -> 5809.8523 | Z70: =N70+S70+X70 -> 1103.5221 | AA70: =O70+T70+Y70 -> 15449.309 | AB70: =Z70/3 -> 367.8407 | AC70: =AA70/3 -> 5149.7698
A71: 20 | B71: ပန်းမြို့တော် | C71: Pan Myo Taw | D71: ဒေးဒရဲ | E71: Dedaye | F71: Semi | G71: မေနှင်းစိုး | H71: May Hnin Soe | I71: 09-797936923 | J71: KBL | K71: 205 | L71: 2800 | M71: =L71/$L$149 -> 0.0077651379 | N71: =O71/14 -> 209.65872 | O71: =M71*$N$51 -> 2935.2221 | P71: 445 | Q71: 6140 | R71: =Q71/$Q$149 -> 0.021145726 | S71: =T71/14 -> 500.70059 | T71: =R71*$S$51 -> 7009.8083 | U71: 400 | V71: 5440 | W71: =V71/$V$149 -> 0.018426811 | X71: =Y71/14 -> 454.05121 | Y71: =W71*$X$51 -> 6356.7169 | Z71: =N71+S71+X71 -> 1164.4105 | AA71: =O71+T71+Y71 -> 16301.747 | AB71: =Z71/3 -> 388.13684 | AC71: =AA71/3 -> 5433.9158
A72: 21 | B72: ရွှေ | C72: Shwe | D72: တွံတေး | E72: Twantay | F72: Semi | G72: မချယ်ရီသင်း | H72: Ma Cherry Thin | I72: 09-773573238 | J72: KBL | K72: 71 | L72: 852 | M72: =L72/$L$149 -> 0.0023628205 | N72: =O72/14 -> 63.796154 | O72: =M72*$N$51 -> 893.14616 | P72: 70 | Q72: 840 | R72: =Q72/$Q$149 -> 0.0028929007 | S72: =T72/14 -> 68.499755 | T72: =R72*$S$51 -> 958.99658 | U72: 50 | V72: 600 | W72: =V72/$V$149 -> 0.0020323689 | X72: =Y72/14 -> 50.079177 | Y72: =W72*$X$51 -> 701.10848 | Z72: =N72+S72+X72 -> 182.37509 | AA72: =O72+T72+Y72 -> 2553.2512 | AB72: =Z72/3 -> 60.791696 | AC72: =AA72/3 -> 851.08374
A73: 22 | B73: ကိုကျော်တင့် | C73: Ko Kyaw Tint | D73: တွံတေး | E73: Twantay | F73: Semi | G73: မင်းမင်း | H73: Min Min | I73: 09-5088894 | J73: KBL | K73: 1100 | L73: 14400 | M73: =L73/$L$149 -> 0.039934995 | N73: =O73/14 -> 1078.2449 | O73: =M73*$N$51 -> 15095.428 | P73: 0 | Q73: 0 | R73: =Q73/$Q$149 -> 0 | S73: =T73/14 -> 0 | T73: =R73*$S$51 -> 0 | U73: 50 | V73: 600 | W73: =V73/$V$149 -> 0.0020323689 | X73: =Y73/14 -> 50.079177 | Y73: =W73*$X$51 -> 701.10848 | Z73: =N73+S73+X73 -> 1128.324 | AA73: =O73+T73+Y73 -> 15796.536 | AB73: =Z73/3 -> 376.10801 | AC73: =AA73/3 -> 5265.5122
A74: 23 | B74: မိုးကျော် ၂ | C74: Moe Kyaw (1) | D74: တွံတေး | E74: Twantay | F74: Semi | G74: ကိုမိုးကျော်သူ | H74: Ko Moe Kyaw Thu | I74: 09-5416021 | J74: KBL | K74: 1170 | L74: 17260 | M74: =L74/$L$149 -> 0.047866528 | N74: =O74/14 -> 1292.3963 | O74: =M74*$N$51 -> 18093.548 | P74: 400 | Q74: 5500 | R74: =Q74/$Q$149 -> 0.018941612 | S74: =T74/14 -> 448.5103 | T74: =R74*$S$51 -> 6279.1443 | W74: =V74/$V$149 -> 0 | X74: =Y74/14 -> 0 | Y74: =W74*$X$51 -> 0 | Z74: =N74+S74+X74 -> 1740.9066 | AA74: =O74+T74+Y74 -> 24372.692 | AB74: =Z74/3 -> 580.30219 | AC74: =AA74/3 -> 8124.2307
A75: 24 | B75: ဦးထွန်းရွှေ | C75: U Tun Shwe | D75: တွံတေး | E75: Twantay | F75: Semi | G75: ဦးထွန်းရွှေ | H75: U Tun Shwe | I75: 09-5396239 | J75: KBL | K75: 700 | L75: 8400 | M75: =L75/$L$149 -> 0.023295414 | N75: =O75/14 -> 628.97617 | O75: =M75*$N$51 -> 8805.6663 | P75: 255 | Q75: 3400 | R75: =Q75/$Q$149 -> 0.01170936 | S75: =T75/14 -> 277.26092 | T75: =R75*$S$51 -> 3881.6528 | U75: 215 | V75: 2810 | W75: =V75/$V$149 -> 0.0095182608 | X75: =Y75/14 -> 234.53748 | Y75: =W75*$X$51 -> 3283.5247 | Z75: =N75+S75+X75 -> 1140.7746 | AA75: =O75+T75+Y75 -> 15970.844 | AB75: =Z75/3 -> 380.25819 | AC75: =AA75/3 -> 5323.6146
A76: 25 | B76: မိုးကျော် ၁ | C76: Moe Kyaw (2) | D76: တွံတေး | E76: Twantay | F76: Semi | G76: ကိုမိုးကျော် | H76: Ko Moe Kyaw | I76: 09-420209981 | J76: KBL | K76: 1000 | L76: 13000 | M76: =L76/$L$149 -> 0.036052426 | N76: =O76/14 -> 973.4155 | O76: =M76*$N$51 -> 13627.817 | P76: 130 | Q76: 1560 | R76: =Q76/$Q$149 -> 0.0053725298 | S76: =T76/14 -> 127.21383 | T76: =R76*$S$51 -> 1780.9936 | U76: 74 | V76: 888 | W76: =V76/$V$149 -> 0.0030079059 | X76: =Y76/14 -> 74.117182 | Y76: =W76*$X$51 -> 1037.6406 | Z76: =N76+S76+X76 -> 1174.7465 | AA76: =O76+T76+Y76 -> 16446.451 | AB76: =Z76/3 -> 391.58217 | AC76: =AA76/3 -> 5482.1504
A77: 26 | B77: စိန်လီ | C77: Sein Li | D77: ကျောက်တန်း | E77: Kyauktan | F77: Semi | G77: ဦးစိန်ညွှန့် | H77: U Sein Nyunt | I77: 09-799432744 | J77: KBL | K77: 100 | L77: 1200 | M77: =L77/$L$149 -> 0.0033279162 | N77: =O77/14 -> 89.853738 | O77: =M77*$N$51 -> 1257.9523 | P77: 100 | Q77: 1200 | R77: =Q77/$Q$149 -> 0.0041327153 | S77: =T77/14 -> 97.856794 | T77: =R77*$S$51 -> 1369.9951 | U77: 290 | V77: 3920 | W77: =V77/$V$149 -> 0.013278143 | X77: =Y77/14 -> 327.18396 | Y77: =W77*$X$51 -> 4580.5754 | Z77: =N77+S77+X77 -> 514.89449 | AA77: =O77+T77+Y77 -> 7208.5229 | AB77: =Z77/3 -> 171.6315 | AC77: =AA77/3 -> 2402.841
A78: 27 | B78: ကိုခိုင်ကြီး | C78: Ko Khine Gyi | D78: ဆိပ်ကြီး | E78: Seik Gyi Kanaung To | F78: Semi | G78: ကိုသက်နိူင်ထွန်း | H78: Ko Thet Naing Tun | I78: 09-420000393 | J78: KBL | K78: 460 | L78: 6440 | M78: =L78/$L$149 -> 0.017859817 | N78: =O78/14 -> 482.21506 | O78: =M78*$N$51 -> 6751.0109 | P78: 0 | Q78: 0 | R78: =Q78/$Q$149 -> 0 | S78: =T78/14 -> 0 | T78: =R78*$S$51 -> 0 | U78: 230 | V78: 3020 | W78: =V78/$V$149 -> 0.01022959 | X78: =Y78/14 -> 252.06519 | Y78: =W78*$X$51 -> 3528.9127 | Z78: =N78+S78+X78 -> 734.28025 | AA78: =O78+T78+Y78 -> 10279.924 | AB78: =Z78/3 -> 244.76008 | AC78: =AA78/3 -> 3426.6412
A79: 28 | B79: မိဘရိပ် | C79: Mi Ba Yeik | D79: စမ်းချောင်း | E79: San Chaung | F79: Semi | G79: ကိုငြိမ်း | H79: Ko Nyein | I79: 09-429275142 | J79: KBL | K79: 135 | L79: 1654 | M79: =L79/$L$149 -> 0.0045869779 | N79: =O79/14 -> 123.8484 | O79: =M79*$N$51 -> 1733.8776 | P79: 140 | Q79: 1680 | R79: =Q79/$Q$149 -> 0.0057858014 | S79: =T79/14 -> 136.99951 | T79: =R79*$S$51 -> 1917.9932 | U79: 180 | V79: 2160 | W79: =V79/$V$149 -> 0.0073165279 | X79: =Y79/14 -> 180.28504 | Y79: =W79*$X$51 -> 2523.9905 | Z79: =N79+S79+X79 -> 441.13295 | AA79: =O79+T79+Y79 -> 6175.8613 | AB79: =Z79/3 -> 147.04432 | AC79: =AA79/3 -> 2058.6204
A80: 29 | B80: ဦးသန်းစိန် | C80: U Than Sein | D80: ကြည်မြင့်တိုင် | E80: Kyee Myin Daing | F80: Semi | G80: ဦးသန်းစိန် | H80: U Than Sein | I80: 09-259290011 | J80: KBL | K80: 51 | L80: 700 | M80: =L80/$L$149 -> 0.0019412845 | N80: =O80/14 -> 52.414681 | O80: =M80*$N$51 -> 733.80553 | P80: 48 | Q80: 644 | R80: =Q80/$Q$149 -> 0.0022178905 | S80: =T80/14 -> 52.516479 | T80: =R80*$S$51 -> 735.23071 | U80: 71 | V80: 950 | W80: =V80/$V$149 -> 0.0032179174 | X80: =Y80/14 -> 79.292031 | Y80: =W80*$X$51 -> 1110.0884 | Z80: =N80+S80+X80 -> 184.22319 | AA80: =O80+T80+Y80 -> 2579.1247 | AB80: =Z80/3 -> 61.40773 | AC80: =AA80/3 -> 859.70822
A81: 30 | B81: ဇော်ဝင်းရှိန်/ခိုင်ရတနာ | C81: Zaw Win Shain | D81: ကမ်းနား | E81: Kannar | F81: Semi | G81: ဇော်ဝင်းရှိန် | H81: Zaw Win Shain | I81: 09-799890599 | J81: KBL | K81: 85 | L81: 1200 | M81: =L81/$L$149 -> 0.0033279162 | N81: =O81/14 -> 89.853738 | O81: =M81*$N$51 -> 1257.9523 | P81: 40 | Q81: 500 | R81: =Q81/$Q$149 -> 0.0017219647 | S81: =T81/14 -> 40.773664 | T81: =R81*$S$51 -> 570.8313 | U81: 115 | V81: 1420 | W81: =V81/$V$149 -> 0.0048099396 | X81: =Y81/14 -> 118.52072 | Y81: =W81*$X$51 -> 1659.2901 | Z81: =N81+S81+X81 -> 249.14812 | AA81: =O81+T81+Y81 -> 3488.0737 | AB81: =Z81/3 -> 83.049374 | AC81: =AA81/3 -> 1162.6912
A82: 31 | B82: မကျင်နု | C82: Ma Kyin Nu | D82: ၁၇ လမ်း | E82: 17th Street | F82: Semi | G82: မကျင်နု | H82: Ma Kyin Nu | I82: 09-43135443 | J82: KBL | K82: 144 | L82: 3384 | M82: =L82/$L$149 -> 0.0093847238 | N82: =O82/14 -> 253.38754 | O82: =M82*$N$51 -> 3547.4256 | P82: 58 | Q82: 1392 | R82: =Q82/$Q$149 -> 0.0047939497 | S82: =T82/14 -> 113.51388 | T82: =R82*$S$51 -> 1589.1943 | U82: 125 | V82: 3160 | W82: =V82/$V$149 -> 0.010703809 | X82: =Y82/14 -> 263.75033 | Y82: =W82*$X$51 -> 3692.5047 | Z82: =N82+S82+X82 -> 630.65176 | AA82: =O82+T82+Y82 -> 8829.1246 | AB82: =Z82/3 -> 210.21725 | AC82: =AA82/3 -> 2943.0415
A83: 32 | B83: ဒေါ်ခင်သီ | C83: Daw Khin Thi | D83: အင်းစိန် | E83: Insein | F83: Semi | G83: ဒေါ်ခင်သီ | H83: Daw Khin Thi | I83: 09-43043590 | J83: KBL | K83: 65 | L83: 910 | M83: =L83/$L$149 -> 0.0025236698 | N83: =O83/14 -> 68.139085 | O83: =M83*$N$51 -> 953.94719 | P83: 30 | Q83: 420 | R83: =Q83/$Q$149 -> 0.0014464503 | S83: =T83/14 -> 34.249878 | T83: =R83*$S$51 -> 479.49829 | U83: 40 | V83: 550 | W83: =V83/$V$149 -> 0.0018630048 | X83: =Y83/14 -> 45.905912 | Y83: =W83*$X$51 -> 642.68277 | Z83: =N83+S83+X83 -> 148.29487 | AA83: =O83+T83+Y83 -> 2076.1282 | AB83: =Z83/3 -> 49.431625 | AC83: =AA83/3 -> 692.04275
A84: 33 | B84: ပစ်တိုင်းထောင် | C84: Pyit Tine Htaung | D84: ကြည့်မြင်တိုင် | E84: Kyee Myin Daing | F84: Semi | G84: ကိုမောင်မောင် | H84: Ko Maung Maung | I84: 09-785300463 | J84: KBL | K84: 815 | L84: 12380 | M84: =L84/$L$149 -> 0.034333002 | N84: =O84/14 -> 926.99106 | O84: =M84*$N$51 -> 12977.875 | P84: 890 | Q84: 13350 | R84: =Q84/$Q$149 -> 0.045976457 | S84: =T84/14 -> 1088.6568 | T84: =R84*$S$51 -> 15241.196 | U84: 820 | V84: 11920 | W84: =V84/$V$149 -> 0.040376395 | X84: =Y84/14 -> 994.90632 | Y84: =W84*$X$51 -> 13928.688 | Z84: =N84+S84+X84 -> 3010.5542 | AA84: =O84+T84+Y84 -> 42147.759 | AB84: =Z84/3 -> 1003.5181 | AC84: =AA84/3 -> 14049.253
A85: 34 | B85: ငွေစုလှိုင် | C85: Ngwe Su Hlailng | D85: အင်းစိန် | E85: Insein | F85: Semi | G85: ဒေါ်မြနုဖြူ | H85: Daw Mya Nu Phyu | I85: 09-449489874 | J85: KBL | K85: 120 | L85: 1760 | M85: =L85/$L$149 -> 0.0048809438 | N85: =O85/14 -> 131.78548 | O85: =M85*$N$51 -> 1844.9968 | P85: 30 | Q85: 360 | R85: =Q85/$Q$149 -> 0.0012398146 | S85: =T85/14 -> 29.357038 | T85: =R85*$S$51 -> 410.99853 | W85: =V85/$V$149 -> 0 | X85: =Y85/14 -> 0 | Y85: =W85*$X$51 -> 0 | Z85: =N85+S85+X85 -> 161.14252 | AA85: =O85+T85+Y85 -> 2255.9953 | AB85: =Z85/3 -> 53.714174 | AC85: =AA85/3 -> 751.99843
A86: 35 | B86: ဆိပ်ကမ်းသာ | C86: Sate Kan Thar | D86: သုံးခွ | E86: Thongwa | F86: Semi | G86: ကိုမျိုးအောင်ထိုက် | H86: Ko Myo Aung Htike | I86: 09-43114499 | J86: KBL | K86: 400 | L86: 5400 | M86: =L86/$L$149 -> 0.014975623 | N86: =O86/14 -> 404.34182 | O86: =M86*$N$51 -> 5660.7855 | P86: 400 | Q86: 5400 | R86: =Q86/$Q$149 -> 0.018597219 | S86: =T86/14 -> 440.35557 | T86: =R86*$S$51 -> 6164.978 | U86: 800 | V86: 12300 | W86: =V86/$V$149 -> 0.041663562 | X86: =Y86/14 -> 1026.6231 | Y86: =W86*$X$51 -> 14372.724 | Z86: =N86+S86+X86 -> 1871.3205 | AA86: =O86+T86+Y86 -> 26198.487 | AB86: =Z86/3 -> 623.77351 | AC86: =AA86/3 -> 8732.8291
A87: 36 | B87: စူပါကျော် | C87: Super Kyaw | D87: တွံတေး | E87: Twantay | F87: Semi | G87: ကိုခိုင်မျိုးဇော် | H87: Ko Khine Myo Zaw | I87: 09-788624296 | J87: KBL | K87: 100 | L87: 1400 | M87: =L87/$L$149 -> 0.0038825689 | N87: =O87/14 -> 104.82936 | O87: =M87*$N$51 -> 1467.6111 | P87: 0 | Q87: 0 | R87: =Q87/$Q$149 -> 0 | S87: =T87/14 -> 0 | T87: =R87*$S$51 -> 0 | U87: 100 | V87: 1400 | W87: =V87/$V$149 -> 0.004742194 | X87: =Y87/14 -> 116.85141 | Y87: =W87*$X$51 -> 1635.9198 | Z87: =N87+S87+X87 -> 221.68077 | AA87: =O87+T87+Y87 -> 3103.5308 | AB87: =Z87/3 -> 73.893592 | AC87: =AA87/3 -> 1034.5103
A88: 37 | B88: ပစ်တိုင်းထောင် | C88: 16 st | D88: လမ်းမတော် | E88: Lanmadaw | F88: Semi | G88: ကိုမောင်မောင် | H88: Ko Maung Maung | I88: 09-785300463 | J88: KBL | K88: 60 | L88: 720 | M88: =L88/$L$149 -> 0.0019967497 | N88: =O88/14 -> 53.912243 | O88: =M88*$N$51 -> 754.7714 | P88: 45 | Q88: 540 | R88: =Q88/$Q$149 -> 0.0018597219 | S88: =T88/14 -> 44.035557 | T88: =R88*$S$51 -> 616.4978 | U88: 60 | V88: 720 | W88: =V88/$V$149 -> 0.0024388426 | X88: =Y88/14 -> 60.095013 | Y88: =W88*$X$51 -> 841.33018 | Z88: =N88+S88+X88 -> 158.04281 | AA88: =O88+T88+Y88 -> 2212.5994 | AB88: =Z88/3 -> 52.680938 | AC88: =AA88/3 -> 737.53313
A89: 38 | B89: ဘုံးဘုံ | C89: Bone Bon | D89: ဒလ | E89: Dala | F89: Semi | G89: ကိုသန့်ဇော်ဝင်း | H89: Ko Thant Zaw Win | I89: 09-677872334 | J89: KBL | K89: 0 | L89: 0 | M89: =L89/$L$149 -> 0 | N89: =O89/14 -> 0 | O89: =M89*$N$51 -> 0 | P89: 100 | Q89: 1400 | R89: =Q89/$Q$149 -> 0.0048215011 | S89: =T89/14 -> 114.16626 | T89: =R89*$S$51 -> 1598.3276 | U89: 100 | V89: 1400 | W89: =V89/$V$149 -> 0.004742194 | X89: =Y89/14 -> 116.85141 | Y89: =W89*$X$51 -> 1635.9198 | Z89: =N89+S89+X89 -> 231.01767 | AA89: =O89+T89+Y89 -> 3234.2474 | AB89: =Z89/3 -> 77.005891 | AC89: =AA89/3 -> 1078.0825
A90: 39 | B90: ဦးလှမြင့် | C90: U Hla Myint | D90: ညောင်ပင်လေးဈေး | E90: Nyaung Pin lay Zay | F90: Semi | G90: ဦးလှမြင့် | H90: U Hla Myint | I90: 09-5107423 | J90: KBL | K90: 0 | L90: 0 | M90: =L90/$L$149 -> 0 | N90: =O90/14 -> 0 | O90: =M90*$N$51 -> 0 | R90: =Q90/$Q$149 -> 0 | S90: =T90/14 -> 0 | T90: =R90*$S$51 -> 0 | W90: =V90/$V$149 -> 0 | X90: =Y90/14 -> 0 | Y90: =W90*$X$51 -> 0 | Z90: =N90+S90+X90 -> 0 | AA90: =O90+T90+Y90 -> 0 | AB90: =Z90/3 -> 0 | AC90: =AA90/3 -> 0
A91: 40 | B91: စိန်ချယ် | C91: Sein Chel | D91: သာကေတ | E91: Thaketa | F91: Semi | G91: မနိူင်နိူင် | H91: Ma Naing Naing | I91: 09-765053503 | J91: KHM | K91: 415 | L91: 6070 | M91: =L91/$L$149 -> 0.01683371 | N91: =O91/14 -> 454.51016 | O91: =M91*$N$51 -> 6363.1422 | P91: 385 | Q91: 5330 | R91: =Q91/$Q$149 -> 0.018356144 | S91: =T91/14 -> 434.64726 | T91: =R91*$S$51 -> 6085.0616 | U91: 370 | V91: 5300 | W91: =V91/$V$149 -> 0.017952592 | X91: =Y91/14 -> 442.36607 | Y91: =W91*$X$51 -> 6193.1249 | Z91: =N91+S91+X91 -> 1331.5235 | AA91: =O91+T91+Y91 -> 18641.329 | AB91: =Z91/3 -> 443.84116 | AC91: =AA91/3 -> 6213.7762
A92: 41 | B92: ကိုမူတူး | C92: Ko Muu Too | D92: သာကေတ | E92: Thaketa | F92: Semi | G92: ဦးမူတူး | H92: U Muu Too | I92: 09-5016279 | J92: KHM | K92: 111 | L92: 1684 | M92: =L92/$L$149 -> 0.0046701758 | N92: =O92/14 -> 126.09475 | O92: =M92*$N$51 -> 1765.3264 | P92: 108 | Q92: 1624 | R92: =Q92/$Q$149 -> 0.0055929413 | S92: =T92/14 -> 132.43286 | T92: =R92*$S$51 -> 1854.06 | U92: 102 | V92: 1550 | W92: =V92/$V$149 -> 0.0052502862 | X92: =Y92/14 -> 129.37121 | Y92: =W92*$X$51 -> 1811.1969 | Z92: =N92+S92+X92 -> 387.89881 | AA92: =O92+T92+Y92 -> 5430.5834 | AB92: =Z92/3 -> 129.2996 | AC92: =AA92/3 -> 1810.1945
A93: 42 | B93: ရွှေဖလား | C93: Shwe Phalar | D93: သာကေတ | E93: Thaketa | F93: Semi | G93: ယဉ်ယဉ်မြင့် | H93: Yin Yin Myint | I93: 09-5072799 | J93: KHM | K93: 315 | L93: 4400 | M93: =L93/$L$149 -> 0.012202359 | N93: =O93/14 -> 329.46371 | O93: =M93*$N$51 -> 4612.4919 | P93: 552 | Q93: 8040 | R93: =Q93/$Q$149 -> 0.027689192 | S93: =T93/14 -> 655.64052 | T93: =R93*$S$51 -> 9178.9672 | U93: 395 | V93: 5680 | W93: =V93/$V$149 -> 0.019239759 | X93: =Y93/14 -> 474.08288 | Y93: =W93*$X$51 -> 6637.1603 | Z93: =N93+S93+X93 -> 1459.1871 | AA93: =O93+T93+Y93 -> 20428.619 | AB93: =Z93/3 -> 486.3957 | AC93: =AA93/3 -> 6809.5398
A94: 43 | B94: ကိုလွင်သိန်း | C94: Ko Lwin Thein | D94: သာကေတ | E94: Thaketa | F94: Semi | G94: ကိုလွင်သိန်း | H94: Ko Lwin Thein | I94: 09-5067020 | J94: KHM | K94: 685 | L94: 9870 | M94: =L94/$L$149 -> 0.027372111 | N94: =O94/14 -> 739.047 | O94: =M94*$N$51 -> 10346.658 | P94: 586 | Q94: 8348 | R94: =Q94/$Q$149 -> 0.028749923 | S94: =T94/14 -> 680.75709 | T94: =R94*$S$51 -> 9530.5993 | U94: 599 | V94: 8504 | W94: =V94/$V$149 -> 0.028805441 | X94: =Y94/14 -> 709.78887 | Y94: =W94*$X$51 -> 9937.0442 | Z94: =N94+S94+X94 -> 2129.593 | AA94: =O94+T94+Y94 -> 29814.301 | AB94: =Z94/3 -> 709.86432 | AC94: =AA94/3 -> 9938.1005
A95: 44 | B95: ဦးစောမြင့် | C95: U Saw Myint | D95: သင်္ဃန်းကျွန်း | E95: Thingangyun | F95: Semi | G95: ဒေါ်မြင့်မြင့်ဝင်း | H95: Daw Myint Myint Win | I95: 09-451718240 | J95: KHM | K95: 136 | L95: 1924 | M95: =L95/$L$149 -> 0.005335759 | N95: =O95/14 -> 144.06549 | O95: =M95*$N$51 -> 2016.9169 | P95: 168 | Q95: 2420 | R95: =Q95/$Q$149 -> 0.0083343091 | S95: =T95/14 -> 197.34453 | T95: =R95*$S$51 -> 2762.8235 | U95: 163 | V95: 2378 | W95: =V95/$V$149 -> 0.0080549553 | X95: =Y95/14 -> 198.48047 | Y95: =W95*$X$51 -> 2778.7266 | Z95: =N95+S95+X95 -> 539.8905 | AA95: =O95+T95+Y95 -> 7558.467 | AB95: =Z95/3 -> 179.9635 | AC95: =AA95/3 -> 2519.489
A96: 45 | B96: မိသားစု | C96: Mi Thar Su | D96: လှည်းကူး | E96: Hlegu | F96: Semi | G96: ဒေါ်သိန်းသိန်း | H96: Daw Thein Thein | I96: 09-43056291 | J96: KHM | K96: 445 | L96: 6226 | M96: =L96/$L$149 -> 0.017266339 | N96: =O96/14 -> 466.19114 | O96: =M96*$N$51 -> 6526.676 | P96: 360 | Q96: 5150 | R96: =Q96/$Q$149 -> 0.017736236 | S96: =T96/14 -> 419.96874 | T96: =R96*$S$51 -> 5879.5623 | U96: 595 | V96: 8420 | W96: =V96/$V$149 -> 0.02852091 | X96: =Y96/14 -> 702.77779 | Y96: =W96*$X$51 -> 9838.889 | Z96: =N96+S96+X96 -> 1588.9377 | AA96: =O96+T96+Y96 -> 22245.127 | AB96: =Z96/3 -> 529.64589 | AC96: =AA96/3 -> 7415.0425
A97: 46 | B97: ရွှေရခိုင် | C97: Shwe Ya Khine | D97: ရွှေပြည်သာ | E97: Shwe Pyi Thar | F97: Semi | G97: ကိုကြည်မင်း | H97: Ko Kyi Min | I97: 09-254044436 | J97: KHM | K97: 55 | L97: 890 | M97: =L97/$L$149 -> 0.0024682045 | N97: =O97/14 -> 66.641522 | O97: =M97*$N$51 -> 932.98131 | P97: 90 | Q97: 1480 | R97: =Q97/$Q$149 -> 0.0050970155 | S97: =T97/14 -> 120.69005 | T97: =R97*$S$51 -> 1689.6606 | W97: =V97/$V$149 -> 0 | X97: =Y97/14 -> 0 | Y97: =W97*$X$51 -> 0 | Z97: =N97+S97+X97 -> 187.33157 | AA97: =O97+T97+Y97 -> 2622.6419 | AB97: =Z97/3 -> 62.443856 | AC97: =AA97/3 -> 874.21398
A98: 47 | B98: ဦးထွန်းဝေ | C98: U Tun Wai | D98: ရွှေပြည်သာ | E98: Shwe Pyi Thar | F98: Semi | G98: ဦးထွန်းဝေ | H98: U Tun Wai | I98: 09-264834435 | J98: KHM | K98: 402 | L98: 5584 | M98: =L98/$L$149 -> 0.015485904 | N98: =O98/14 -> 418.11939 | O98: =M98*$N$51 -> 5853.6715 | P98: 350 | Q98: 4990 | R98: =Q98/$Q$149 -> 0.017185208 | S98: =T98/14 -> 406.92117 | T98: =R98*$S$51 -> 5696.8963 | U98: 300 | V98: 4200 | W98: =V98/$V$149 -> 0.014226582 | X98: =Y98/14 -> 350.55424 | Y98: =W98*$X$51 -> 4907.7594 | Z98: =N98+S98+X98 -> 1175.5948 | AA98: =O98+T98+Y98 -> 16458.327 | AB98: =Z98/3 -> 391.86493 | AC98: =AA98/3 -> 5486.1091
A99: 48 | B99: မရီသိန်း | C99: Ma Yi Thein | D99: ရန်ကင်း | E99: Yankin | F99: Semi | G99: မရီရီသိန်း | H99: Ma Ye Ye Thein | I99: 09-790135596 | J99: KHM | K99: 0 | L99: 0 | M99: =L99/$L$149 -> 0 | N99: =O99/14 -> 0 | O99: =M99*$N$51 -> 0 | P99: 0 | Q99: 0 | R99: =Q99/$Q$149 -> 0 | S99: =T99/14 -> 0 | T99: =R99*$S$51 -> 0 | U99: 161 | V99: 2918 | W99: =V99/$V$149 -> 0.0098840872 | X99: =Y99/14 -> 243.55173 | Y99: =W99*$X$51 -> 3409.7242 | Z99: =N99+S99+X99 -> 243.55173 | AA99: =O99+T99+Y99 -> 3409.7242 | AB99: =Z99/3 -> 81.183911 | AC99: =AA99/3 -> 1136.5747
A100: 49 | B100: ဦးထွန်းအောင် | C100: U Tun Aung | D100: မင်္ဂလာဈး | E100: Mingalar Zay | F100: Semi | G100: ဦးထွန်းအောင် | H100: U Tun Aung | I100: 09-451745606 | J100: KHM | K100: 260 | L100: 4780 | M100: =L100/$L$149 -> 0.0132562 | N100: =O100/14 -> 357.91739 | O100: =M100*$N$51 -> 5010.8435 | P100: 160 | Q100: 2780 | R100: =Q100/$Q$149 -> 0.0095741237 | S100: =T100/14 -> 226.70157 | T100: =R100*$S$51 -> 3173.822 | U100: 215 | V100: 3520 | W100: =V100/$V$149 -> 0.011923231 | X100: =Y100/14 -> 293.79784 | Y100: =W100*$X$51 -> 4113.1698 | Z100: =N100+S100+X100 -> 878.4168 | AA100: =O100+T100+Y100 -> 12297.835 | AB100: =Z100/3 -> 292.8056 | AC100: =AA100/3 -> 4099.2784
A101: 50 | B101: အောင်ကမ္ဘာ | C101: Aung Kabar | D101: မင်္ဂလာဒုံ | E101: Mingalardon | F101: Semi | G101: ဒေါ်သန်းသန်းထွေး | H101: Daw Than Than Htwe | I101: 09-253570077 | J101: KHM | K101: 520 | L101: 7800 | M101: =L101/$L$149 -> 0.021631455 | N101: =O101/14 -> 584.0493 | O101: =M101*$N$51 -> 8176.6902 | P101: 585 | Q101: 8670 | R101: =Q101/$Q$149 -> 0.029858868 | S101: =T101/14 -> 707.01533 | T101: =R101*$S$51 -> 9898.2147 | U101: 525 | V101: 7900 | W101: =V101/$V$149 -> 0.026759523 | X101: =Y101/14 -> 659.37583 | Y101: =W101*$X$51 -> 9231.2617 | Z101: =N101+S101+X101 -> 1950.4405 | AA101: =O101+T101+Y101 -> 27306.166 | AB101: =Z101/3 -> 650.14682 | AC101: =AA101/3 -> 9102.0555
...

Sheet Team Targer Jan2025
A1: Team Sales Contribution % | F1: Target for Jan'25
A2: Sr No. | B2: Team | C2: Cover Area | D2: SR Name | E2: Sales Con % | F2: 2750705.8
A3: 1 | B3: Wholesales # | C3: YGN | D3: Ye Naung Ko | F3: 2123102.4
A4: 2 | B4: SemiWholesales # 1 | C4: YGN | D4: Hla Myo | F4: 226469.29
A5: 3 | B5: SemiWholesales # 2 | C5: YGN | D5: Kyaw Yin Htoo | F5: 131134.07
A6: 4 | B6: Van # 1 | C6: North Okkalapa/North Dagon | D6: Zay Paing Phyo | F6: 23000
A7: 5 | B7: Van # 2 | C7: South Dagon/Tharkayta | F7: 22000
A8: 6 | B8: Van # 3 | C8: Thingangyun/South Okkalapa/Yankin | D8: Naing Naing Aung | F8: 36000
A9: 7 | B9: Van # 4 | C9: Bahan/Downtown/Hlaing - Mayangon | F9: 37000
A10: 8 | B10: Van # 5 | C10: Thanlyin | D10: Ye Htun Aung | F10: 28000
A11: 9 | B11: Van # 6 | C11: Hlaingthayar | D11: Naing Naing Aung | F11: 18000
A12: 10 | B12: Van # 7 | C12: Mingaladon _ Hlegu | D12: Zayar Phyo | F12: 34000
A13: 11 | B13: Van # 8 | C13: Shwepyithar/Hmawbi | F13: 33000
A14: 12 | B14: Van # 9 | C14: Seikkyi Kanaunto | D14: Myo Swe Thant | F14: 39000
B15: Total | C15: YGN | F15: =SUM(F3:F14) -> 2750705.8

Sheet SMM YGN 
A1: Yangon Market - Wholesales List ( January 2025)
A2: No | B2: Names | D2: Township | F2: Type | G2: Contact Name | I2: Contact No. | J2: Responsibility | K2: January Target PK | L2: January Target Bottle | M2: 45689 | S2: 45660 | V2: 45661 | Y2: 45663 | AB2: 45664 | AE2: 45664 | AH2: 45665 | AK2: 45666 | AN2: 45667 | AQ2: 10-days Total | AT2: 45668 | AW2: 45669 | AZ2: 45670 | BC2: 45671 | BF2: 45672 | BI2: 45673 | BL2: 45674 | BO2: 45675 | BR2: 45676 | BU2: 45677 | BX2: 20-days Total | CA2: 45678 | CD2: 45679 | CG2: 45680 | CJ2: 45681 | CM2: 45682 | CP2: 45683 | CS2: 45684 | CV2: 45685 | CY2: 45686 | DB2: 45687 | DE2: Month Till Date | DH2: Achievement | DK2: Ach % | DL2: Time Spend % | DM2: Gap | DN2: 10.1.2025
M3: PKT | N3: BOT | O3: Liter | P3: PKT | Q3: BOT | R3: Liter | S3: PKT | T3: BOT | U3: Liter | V3: PKT | W3: BOT | X3: Liter | Y3: PKT | Z3: BOT | AA3: Liter | AB3: PKT | AC3: BOT | AD3: Liter | AE3: PKT | AF3: BOT | AG3: Liter | AH3: PKT | AI3: BOT | AJ3: Liter | AK3: PKT | AL3: BOT | AM3: Liter | AN3: PKT | AO3: BOT | AP3: Liter | AQ3: PKT | AR3: BOT | AS3: Liter | AT3: PKT | AU3: BOT | AV3: Liter | AW3: PKT | AX3: BOT | AY3: Liter | AZ3: PKT | BA3: BOT | BB3: Liter | BC3: PKT | BD3: BOT | BE3: Liter | BF3: PKT | BG3: BOT | BH3: Liter | BI3: PKT | BJ3: BOT | BK3: Liter | BL3: PKT | BM3: BOT | BN3: Liter | BO3: PKT | BP3: BOT | BQ3: Liter | BR3: PKT | BS3: BOT | BT3: Liter | BU3: PKT | BV3: BOT | BW3: Liter | BX3: PKT | BY3: BOT | BZ3: Liter | CA3: PKT | CB3: BOT | CC3: Liter | CD3: PKT | CE3: BOT | CF3: Liter | CG3: PKT | CH3: BOT | CI3: Liter | CJ3: PKT | CK3: BOT | CL3: Liter | CM3: PKT | CN3: BOT | CO3: Liter | CP3: PKT | CQ3: BOT | CR3: Liter | CS3: PKT | CT3: BOT | CU3: Liter | CV3: PKT | CW3: BOT | CX3: Liter | CY3: PKT | CZ3: BOT | DA3: Liter | DB3: PKT | DC3: BOT | DD3: Liter | DE3: PKT | DF3: BOT | DG3: Liter | DH3: PKT | DI3: BOT | DJ3: Liter | DN3: Average sales total | DQ3: =L45 -> 2123102.4
A4: 1 | B4: မိုးအောင် | C4: Moe Aung | D4: တ/ဒဂုံ | E4: Sount Dagon | F4: WS | G4: မမြ | H4: Ma Mya | I4: 09-740816390 | J4: YNK | K4: 20444.865 | L4: 286228.11 | M4: 500 | N4: 8960 | O4: 5734 | S4: 65 | T4: 870 | U4: 643.2 | V4: 545 | W4: 8440 | X4: 5400 | Y4: 545 | Z4: 8140 | AA4: 6096 | AB4: 1090 | AC4: 15060 | AD4: 12058.4 | AH4: 535 | AI4: 6620 | AJ4: 5876 | AK4: 550 | AL4: 8400 | AM4: 5852 | AN4: 525 | AO4: 7860 | AP4: 5694 | AQ4: =M4+P4+S4+V4+Y4+AB4+AE4+AH4+AK4+AN4 -> 4355 | AR4: =N4+Q4+T4+W4+Z4+AC4+AF4+AI4+AL4+AO4 -> 64350 | AS4: =O4+R4+U4+X4+AA4+AD4+AG4+AJ4+AM4+AP4 -> 47353.6 | BX4: =AQ4+AT4+AW4+AZ4+BC4+BF4+BI4+BL4+BO4+BR4+BU4 -> 4355 | BY4: =AR4+AU4+AX4+BA4+BD4+BG4+BJ4+BM4+BP4+BS4+BV4 -> 64350 | BZ4: =AS4+AV4+AY4+BB4+BE4+BH4+BK4+BN4+BQ4+BT4+BW4 -> 47353.6 | DE4: =P4+S4+V4+Y4+AB4+AE4+AH4+AK4+AN4+AT4+AW4+AZ4+BC4+BF4+BI4+BL4+BO4+BR4+BU4+CA4+CD4+CG4+CJ4+CM4+CP4+CS4+CV4+CY4+DB4+M4 -> 4355 | DF4: =AR4+AU4+AX4+BA4+BD4+BG4+BJ4+BM4+BP4+BS4+BV4+CB4+CE4+CH4+CK4+CN4+CQ4+CT4+CW4+CZ4+DC4 -> 64350 | DG4: =AS4+AV4+AY4+BB4+BE4+BH4+BK4+BN4+BQ4+BT4+BW4+CC4+CF4+CI4+CL4+CO4+CR4+CU4+CX4+DA4+DD4 -> 47353.6 | DH4: =မိုးအောင်!AE29 -> 4880 | DI4: =မိုးအောင်!AF27 -> 72350 | DJ4: =မိုးအောင်!AG27 -> 53297.6 | DK4: =DI4/L4 -> 0.25277042 | DL4: =10/31 -> 0.32258065 | DM4: =DK4-DL4 -> -0.069810224 | DN4: Total Achievement Sales | DQ4: =DF45 -> 418114
A5: 2 | B5: သော်တာထွန်း | C5: Thawdar Tun | D5: လသယ | E5: Hlaing Thar Yar | F5: WS | G5: ကိုသူရ | H5: Ko Thu Ya | I5: 09-954456566 | J5: YNK | K5: 16905.165 | L5: 236672.31 | M5: 530 | N5: 7500 | O5: 5892 | S5: 540 | T5: 7540 | U5: 5664 | V5: 530 | W5: 6960 | X5: 5448 | Y5: 500 | Z5: 7000 | AA5: 4480 | AB5: 530 | AC5: 7880 | AD5: 5688 | AH5: 950 | AI5: 17060 | AJ5: 12232 | AN5: 520 | AO5: 7200 | AP5: 5672 | AQ5: =M5+P5+S5+V5+Y5+AB5+AE5+AH5+AK5+AN5 -> 4100 | AR5: =N5+Q5+T5+W5+Z5+AC5+AF5+AI5+AL5+AO5 -> 61140 | AS5: =O5+R5+U5+X5+AA5+AD5+AG5+AJ5+AM5+AP5 -> 45076 | BX5: =AQ5+AT5+AW5+AZ5+BC5+BF5+BI5+BL5+BO5+BR5+BU5 -> 4100 | BY5: =AR5+AU5+AX5+BA5+BD5+BG5+BJ5+BM5+BP5+BS5+BV5 -> 61140 | BZ5: =AS5+AV5+AY5+BB5+BE5+BH5+BK5+BN5+BQ5+BT5+BW5 -> 45076 | DE5: =P5+S5+V5+Y5+AB5+AE5+AH5+AK5+AN5+AT5+AW5+AZ5+BC5+BF5+BI5+BL5+BO5+BR5+BU5+CA5+CD5+CG5+CJ5+CM5+CP5+CS5+CV5+CY5+DB5+M5 -> 4100 | DF5: =AR5+AU5+AX5+BA5+BD5+BG5+BJ5+BM5+BP5+BS5+BV5+CB5+CE5+CH5+CK5+CN5+CQ5+CT5+CW5+CZ5+DC5 -> 61140 | DG5: =AS5+AV5+AY5+BB5+BE5+BH5+BK5+BN5+BQ5+BT5+BW5+CC5+CF5+CI5+CL5+CO5+CR5+CU5+CX5+DA5+DD5 -> 45076 | DH5: =သော်တာထွန်း!AE30 -> 4610 | DI5: =သော်တာထွန်း!AF30 -> 68260 | DJ5: =သော်တာထွန်း!AG30 -> 50471.2 | DK5: =DI5/L5 -> 0.28841566 | DL5: =10/31 -> 0.32258065 | DM5: =DK5-DL5 -> -0.034164986 | DN5: Sales Percentage | DQ5: =DQ4/DQ3 -> 0.19693539
A6: 3 | B6: ရွှေဧရာ | C6: Shwe Ayeyar | D6: 16 St | E6: 16 St | F6: WS | G6: ကိုသာပိုး | H6: Ko Thar Poe | I6: 09-420029084 | J6: YNK | K6: 9192.3775 | L6: 128693.29 | AQ6: =M6+P6+S6+V6+Y6+AB6+AE6+AH6+AK6+AN6 -> 0 | AR6: =N6+Q6+T6+W6+Z6+AC6+AF6+AI6+AL6+AO6 -> 0 | AS6: =O6+R6+U6+X6+AA6+AD6+AG6+AJ6+AM6+AP6 -> 0 | BX6: =AQ6+AT6+AW6+AZ6+BC6+BF6+BI6+BL6+BO6+BR6+BU6 -> 0 | BY6: =AR6+AU6+AX6+BA6+BD6+BG6+BJ6+BM6+BP6+BS6+BV6 -> 0 | BZ6: =AS6+AV6+AY6+BB6+BE6+BH6+BK6+BN6+BQ6+BT6+BW6 -> 0 | DE6: =P6+S6+V6+Y6+AB6+AE6+AH6+AK6+AN6+AT6+AW6+AZ6+BC6+BF6+BI6+BL6+BO6+BR6+BU6+CA6+CD6+CG6+CJ6+CM6+CP6+CS6+CV6+CY6+DB6+M6 -> 0 | DF6: =AR6+AU6+AX6+BA6+BD6+BG6+BJ6+BM6+BP6+BS6+BV6+CB6+CE6+CH6+CK6+CN6+CQ6+CT6+CW6+CZ6+DC6 -> 0 | DG6: =AS6+AV6+AY6+BB6+BE6+BH6+BK6+BN6+BQ6+BT6+BW6+CC6+CF6+CI6+CL6+CO6+CR6+CU6+CX6+DA6+DD6 -> 0 | DH6: =ရွှေဧရာ!AG27 -> 0 | DI6: =ရွှေဧရာ!AH27 -> 0 | DJ6: =ရွှေဧရာ!AI27 -> 0 | DK6: =DI6/L6 -> 0 | DL6: =10/31 -> 0.32258065 | DM6: =DK6-DL6 -> -0.32258065
A7: 4 | B7: မိဘမေတ္တာ | C7: Mi Ba Myint Thar | D7: လသယ | E7: Hlaing Thar Yar | F7: WS | G7: မပိုပို | H7: Ma Po Po | I7: 09-762811856 | J7: YNK | K7: 8852.2544 | L7: 123931.56 | M7: 300 | N7: 3700 | O7: 3448 | S7: 450 | T7: 5800 | U7: 4792 | Y7: 650 | Z7: 8600 | AA7: 6584 | AH7: 630 | AI7: 8720 | AJ7: 6444.8 | AN7: 250 | AO7: 3000 | AP7: 3000 | AQ7: =M7+P7+S7+V7+Y7+AB7+AE7+AH7+AK7+AN7 -> 2280 | AR7: =N7+Q7+T7+W7+Z7+AC7+AF7+AI7+AL7+AO7 -> 29820 | AS7: =O7+R7+U7+X7+AA7+AD7+AG7+AJ7+AM7+AP7 -> 24268.8 | BX7: =AQ7+AT7+AW7+AZ7+BC7+BF7+BI7+BL7+BO7+BR7+BU7 -> 2280 | BY7: =AR7+AU7+AX7+BA7+BD7+BG7+BJ7+BM7+BP7+BS7+BV7 -> 29820 | BZ7: =AS7+AV7+AY7+BB7+BE7+BH7+BK7+BN7+BQ7+BT7+BW7 -> 24268.8 | DE7: =P7+S7+V7+Y7+AB7+AE7+AH7+AK7+AN7+AT7+AW7+AZ7+BC7+BF7+BI7+BL7+BO7+BR7+BU7+CA7+CD7+CG7+CJ7+CM7+CP7+CS7+CV7+CY7+DB7+M7 -> 2280 | DF7: =AR7+AU7+AX7+BA7+BD7+BG7+BJ7+BM7+BP7+BS7+BV7+CB7+CE7+CH7+CK7+CN7+CQ7+CT7+CW7+CZ7+DC7 -> 29820 | DG7: =AS7+AV7+AY7+BB7+BE7+BH7+BK7+BN7+BQ7+BT7+BW7+CC7+CF7+CI7+CL7+CO7+CR7+CU7+CX7+DA7+DD7 -> 24268.8 | DH7: =မိဘမေတ္တာ!AE22 -> 2760 | DI7: =မိဘမေတ္တာ!AF22 -> 37440 | DJ7: =မိဘမေတ္တာ!AG22 -> 30009.6 | DK7: =DI7/L7 -> 0.30210222 | DL7: =10/31 -> 0.32258065 | DM7: =DK7-DL7 -> -0.020478424
A8: 5 | B8: AAA | C8: A.A.A. | D8: မ/ဒဂုံ | E8: North Dagon | F8: WS | G8: မစီ | H8: Ma Si | I8: 09-790414141 | J8: YNK | K8: 7440.7995 | L8: 104171.19 | S8: 520 | T8: 8160 | U8: 5707.2 | Y8: 520 | Z8: 7380 | AA8: 5700 | AH8: 520 | AI8: 7480 | AJ8: 5692 | AQ8: =M8+P8+S8+V8+Y8+AB8+AE8+AH8+AK8+AN8 -> 1560 | AR8: =N8+Q8+T8+W8+Z8+AC8+AF8+AI8+AL8+AO8 -> 23020 | AS8: =O8+R8+U8+X8+AA8+AD8+AG8+AJ8+AM8+AP8 -> 17099.2 | BX8: =AQ8+AT8+AW8+AZ8+BC8+BF8+BI8+BL8+BO8+BR8+BU8 -> 1560 | BY8: =AR8+AU8+AX8+BA8+BD8+BG8+BJ8+BM8+BP8+BS8+BV8 -> 23020 | BZ8: =AS8+AV8+AY8+BB8+BE8+BH8+BK8+BN8+BQ8+BT8+BW8 -> 17099.2 | DE8: =P8+S8+V8+Y8+AB8+AE8+AH8+AK8+AN8+AT8+AW8+AZ8+BC8+BF8+BI8+BL8+BO8+BR8+BU8+CA8+CD8+CG8+CJ8+CM8+CP8+CS8+CV8+CY8+DB8+M8 -> 1560 | DF8: =AR8+AU8+AX8+BA8+BD8+BG8+BJ8+BM8+BP8+BS8+BV8+CB8+CE8+CH8+CK8+CN8+CQ8+CT8+CW8+CZ8+DC8 -> 23020 | DG8: =AS8+AV8+AY8+BB8+BE8+BH8+BK8+BN8+BQ8+BT8+BW8+CC8+CF8+CI8+CL8+CO8+CR8+CU8+CX8+DA8+DD8 -> 17099.2 | DH8: =AAA!AG27 -> 2080 | DI8: =AAA!AH27 -> 30400 | DJ8: =AAA!AI27 -> 22799.2 | DK8: =DI8/L8 -> 0.29182732 | DL8: =10/31 -> 0.32258065 | DM8: =DK8-DL8 -> -0.030753324
A9: 6 | B9: ပေါ်ဉီး | C9: Paw Oo | D9: ဒလ | E9: Dala | F9: WS | G9: ဦးပေါ်ဦး | H9: U Paw Oo | I9: 09-964436777 | J9: YNK | K9: 5183.645 | L9: 72571.03 | Y9: 1200 | Z9: 19000 | AA9: 11864 | AQ9: =M9+P9+S9+V9+Y9+AB9+AE9+AH9+AK9+AN9 -> 1200 | AR9: =N9+Q9+T9+W9+Z9+AC9+AF9+AI9+AL9+AO9 -> 19000 | AS9: =O9+R9+U9+X9+AA9+AD9+AG9+AJ9+AM9+AP9 -> 11864 | BX9: =AQ9+AT9+AW9+AZ9+BC9+BF9+BI9+BL9+BO9+BR9+BU9 -> 1200 | BY9: =AR9+AU9+AX9+BA9+BD9+BG9+BJ9+BM9+BP9+BS9+BV9 -> 19000 | BZ9: =AS9+AV9+AY9+BB9+BE9+BH9+BK9+BN9+BQ9+BT9+BW9 -> 11864 | DE9: =P9+S9+V9+Y9+AB9+AE9+AH9+AK9+AN9+AT9+AW9+AZ9+BC9+BF9+BI9+BL9+BO9+BR9+BU9+CA9+CD9+CG9+CJ9+CM9+CP9+CS9+CV9+CY9+DB9+M9 -> 1200 | DF9: =AR9+AU9+AX9+BA9+BD9+BG9+BJ9+BM9+BP9+BS9+BV9+CB9+CE9+CH9+CK9+CN9+CQ9+CT9+CW9+CZ9+DC9 -> 19000 | DG9: =AS9+AV9+AY9+BB9+BE9+BH9+BK9+BN9+BQ9+BT9+BW9+CC9+CF9+CI9+CL9+CO9+CR9+CU9+CX9+DA9+DD9 -> 11864 | DH9: =ပေါ်ဦး!AE21 -> 2500 | DI9: =ပေါ်ဦး!AF21 -> 36240 | DJ9: =ပေါ်ဦး!AG21 -> 24971.2 | DK9: =DI9/L9 -> 0.49937282 | DL9: =10/31 -> 0.32258065 | DM9: =DK9-DL9 -> 0.17679218
A10: 7 | B10: ဘောဂ | C10: Baw Ga | D10: သန်လျင် | E10: Thanlyin | F10: WS | G10: ကိုဇင်လင်းထွန်း | H10: Ko Zin Lin Htun | I10: 09-421022592 | J10: YNK | K10: 5883.0797 | L10: 82363.116 | M10: 565 | N10: 6990 | O10: 6460.8 | Y10: 550 | Z10: 8300 | AA10: 6148 | AN10: 550 | AO10: 8200 | AP10: 6396 | AQ10: =M10+P10+S10+V10+Y10+AB10+AE10+AH10+AK10+AN10 -> 1665 | AR10: =N10+Q10+T10+W10+Z10+AC10+AF10+AI10+AL10+AO10 -> 23490 | AS10: =O10+R10+U10+X10+AA10+AD10+AG10+AJ10+AM10+AP10 -> 19004.8 | BX10: =AQ10+AT10+AW10+AZ10+BC10+BF10+BI10+BL10+BO10+BR10+BU10 -> 1665 | BY10: =AR10+AU10+AX10+BA10+BD10+BG10+BJ10+BM10+BP10+BS10+BV10 -> 23490 | BZ10: =AS10+AV10+AY10+BB10+BE10+BH10+BK10+BN10+BQ10+BT10+BW10 -> 19004.8 | DE10: =P10+S10+V10+Y10+AB10+AE10+AH10+AK10+AN10+AT10+AW10+AZ10+BC10+BF10+BI10+BL10+BO10+BR10+BU10+CA10+CD10+CG10+CJ10+CM10+CP10+CS10+CV10+CY10+DB10+M10 -> 1665 | DF10: =AR10+AU10+AX10+BA10+BD10+BG10+BJ10+BM10+BP10+BS10+BV10+CB10+CE10+CH10+CK10+CN10+CQ10+CT10+CW10+CZ10+DC10 -> 23490 | DG10: =AS10+AV10+AY10+BB10+BE10+BH10+BK10+BN10+BQ10+BT10+BW10+CC10+CF10+CI10+CL10+CO10+CR10+CU10+CX10+DA10+DD10 -> 19004.8 | DH10: =ဘောဂ!AE21 -> 1665 | DI10: =ဘောဂ!AF21 -> 23490 | DJ10: =ဘောဂ!AG21 -> 19004.8 | DK10: =DI10/L10 -> 0.28520048 | DL10: =10/31 -> 0.32258065 | DM10: =DK10-DL10 -> -0.037380167
A11: 8 | B11: ရတနာတိုး (H) | C11: Yatanar Toe | D11: မှော်ဘီ | E11: Hmawbi | F11: WS | G11: ဦးသစ်လွင် | H11: U Thit Lwin | I11: 09-5137424 | J11: YNK | K11: 6087.3629 | L11: 85223.08 | M11: 220 | N11: 2780 | O11: 2427.2 | Y11: 200 | Z11: 2600 | AA11: 2096 | AH11: 100 | AI11: 2100 | AJ11: 1168.8 | AQ11: =M11+P11+S11+V11+Y11+AB11+AE11+AH11+AK11+AN11 -> 520 | AR11: =N11+Q11+T11+W11+Z11+AC11+AF11+AI11+AL11+AO11 -> 7480 | AS11: =O11+R11+U11+X11+AA11+AD11+AG11+AJ11+AM11+AP11 -> 5692 | BX11: =AQ11+AT11+AW11+AZ11+BC11+BF11+BI11+BL11+BO11+BR11+BU11 -> 520 | BY11: =AR11+AU11+AX11+BA11+BD11+BG11+BJ11+BM11+BP11+BS11+BV11 -> 7480 | BZ11: =AS11+AV11+AY11+BB11+BE11+BH11+BK11+BN11+BQ11+BT11+BW11 -> 5692 | DE11: =P11+S11+V11+Y11+AB11+AE11+AH11+AK11+AN11+AT11+AW11+AZ11+BC11+BF11+BI11+BL11+BO11+BR11+BU11+CA11+CD11+CG11+CJ11+CM11+CP11+CS11+CV11+CY11+DB11+M11 -> 520 | DF11: =AR11+AU11+AX11+BA11+BD11+BG11+BJ11+BM11+BP11+BS11+BV11+CB11+CE11+CH11+CK11+CN11+CQ11+CT11+CW11+CZ11+DC11 -> 7480 | DG11: =AS11+AV11+AY11+BB11+BE11+BH11+BK11+BN11+BQ11+BT11+BW11+CC11+CF11+CI11+CL11+CO11+CR11+CU11+CX11+DA11+DD11 -> 5692 | DH11: =ရတနာတိုး!AE27 -> 520 | DI11: =ရတနာတိုး!AF27 -> 7480 | DJ11: =ရတနာတိုး!AG27 -> 5692 | DK11: =DI11/L11 -> 0.087769651 | DL11: =10/31 -> 0.32258065 | DM11: =DK11-DL11 -> -0.23481099
A12: 9 | B12: မွန်မလေး | C12: Mon Ma Lay | D12: ရပသ | E12: Shwe Pyi Thar | F12: WS | G12: ဦးချစ်ဝိုင်း | H12: U Chit Wine | I12: 09-882250800 | J12: YNK | K12: 5851.2614 | L12: 81917.66 | S12: 525 | T12: 7030 | U12: 5300.8 | AK12: 350 | AL12: 6220 | AM12: 4008.8 | AQ12: =M12+P12+S12+V12+Y12+AB12+AE12+AH12+AK12+AN12 -> 875 | AR12: =N12+Q12+T12+W12+Z12+AC12+AF12+AI12+AL12+AO12 -> 13250 | AS12: =O12+R12+U12+X12+AA12+AD12+AG12+AJ12+AM12+AP12 -> 9309.6 | BX12: =AQ12+AT12+AW12+AZ12+BC12+BF12+BI12+BL12+BO12+BR12+BU12 -> 875 | BY12: =AR12+AU12+AX12+BA12+BD12+BG12+BJ12+BM12+BP12+BS12+BV12 -> 13250 | BZ12: =AS12+AV12+AY12+BB12+BE12+BH12+BK12+BN12+BQ12+BT12+BW12 -> 9309.6 | DE12: =P12+S12+V12+Y12+AB12+AE12+AH12+AK12+AN12+AT12+AW12+AZ12+BC12+BF12+BI12+BL12+BO12+BR12+BU12+CA12+CD12+CG12+CJ12+CM12+CP12+CS12+CV12+CY12+DB12+M12 -> 875 | DF12: =AR12+AU12+AX12+BA12+BD12+BG12+BJ12+BM12+BP12+BS12+BV12+CB12+CE12+CH12+CK12+CN12+CQ12+CT12+CW12+CZ12+DC12 -> 13250 | DG12: =AS12+AV12+AY12+BB12+BE12+BH12+BK12+BN12+BQ12+BT12+BW12+CC12+CF12+CI12+CL12+CO12+CR12+CU12+CX12+DA12+DD12 -> 9309.6 | DH12: =မွန်မလေး!AI19 -> 875 | DI12: =မွန်မလေး!AJ19 -> 13250 | DJ12: =မွန်မလေး!AK19 -> 9309.6 | DK12: =DI12/L12 -> 0.16174779 | DL12: =10/31 -> 0.32258065 | DM12: =DK12-DL12 -> -0.16083286
A13: 10 | B13: မြတ်မွှေး | C13: Myat Mhwe | D13: မ/ဥ | E13: North Okkalapa | F13: WS | G13: မမီးငယ် | H13: Ma Mee Nge' | I13: 09-263698010 | J13: YNK | K13: 5691.9013 | L13: 79686.618 | M13: 145 | N13: 1940 | O13: 1412 | S13: 313 | T13: 4336 | U13: 3508 | V13: 80 | W13: 1190 | X13: 809.2 | Y13: 75 | Z13: 1020 | AA13: 663.6 | AB13: 383 | AC13: 5556 | AD13: 4216 | AH13: 68 | AI13: 1076 | AJ13: 749.84 | AK13: 60 | AL13: 760 | AM13: 623.2 | AN13: 357 | AO13: 5194 | AP13: 3972.8 | AQ13: =M13+P13+S13+V13+Y13+AB13+AE13+AH13+AK13+AN13 -> 1481 | AR13: =N13+Q13+T13+W13+Z13+AC13+AF13+AI13+AL13+AO13 -> 21072 | AS13: =O13+R13+U13+X13+AA13+AD13+AG13+AJ13+AM13+AP13 -> 15954.64 | BX13: =AQ13+AT13+AW13+AZ13+BC13+BF13+BI13+BL13+BO13+BR13+BU13 -> 1481 | BY13: =AR13+AU13+AX13+BA13+BD13+BG13+BJ13+BM13+BP13+BS13+BV13 -> 21072 | BZ13: =AS13+AV13+AY13+BB13+BE13+BH13+BK13+BN13+BQ13+BT13+BW13 -> 15954.64 | DE13: =P13+S13+V13+Y13+AB13+AE13+AH13+AK13+AN13+AT13+AW13+AZ13+BC13+BF13+BI13+BL13+BO13+BR13+BU13+CA13+CD13+CG13+CJ13+CM13+CP13+CS13+CV13+CY13+DB13+M13 -> 1481 | DF13: =AR13+AU13+AX13+BA13+BD13+BG13+BJ13+BM13+BP13+BS13+BV13+CB13+CE13+CH13+CK13+CN13+CQ13+CT13+CW13+CZ13+DC13 -> 21072 | DG13: =AS13+AV13+AY13+BB13+BE13+BH13+BK13+BN13+BQ13+BT13+BW13+CC13+CF13+CI13+CL13+CO13+CR13+CU13+CX13+DA13+DD13 -> 15954.64 | DH13: =မြတ်မွှေး!AG33 -> 1481 | DI13: =မြတ်မွှေး!AH33 -> 21072 | DJ13: =မြတ်မွှေး!AI33 -> 15954.64 | DK13: =DI13/L13 -> 0.26443587 | DL13: =10/31 -> 0.32258065 | DM13: =DK13-DL13 -> -0.058144778
A14: 11 | B14: ကိုဖိုးသက် | C14: Ko Phoe Thet | D14: တွံတေး | E14: Twantay | F14: WS | G14: မသန္တာ | H14: Ma Thandar | I14: 09-448004906 | J14: YNK | K14: 4768.0419 | L14: 66752.586 | M14: 180 | N14: 2520 | O14: 1612.8 | S14: 475 | T14: 6600 | U14: 4332 | Y14: 100 | Z14: 1400 | AA14: 896 | AH14: 270 | AI14: 4100 | AJ14: 2824 | AN14: 150 | AO14: 2000 | AP14: 1496 | AQ14: =M14+P14+S14+V14+Y14+AB14+AE14+AH14+AK14+AN14 -> 1175 | AR14: =N14+Q14+T14+W14+Z14+AC14+AF14+AI14+AL14+AO14 -> 16620 | AS14: =O14+R14+U14+X14+AA14+AD14+AG14+AJ14+AM14+AP14 -> 11160.8 | BX14: =AQ14+AT14+AW14+AZ14+BC14+BF14+BI14+BL14+BO14+BR14+BU14 -> 1175 | BY14: =AR14+AU14+AX14+BA14+BD14+BG14+BJ14+BM14+BP14+BS14+BV14 -> 16620 | BZ14: =AS14+AV14+AY14+BB14+BE14+BH14+BK14+BN14+BQ14+BT14+BW14 -> 11160.8 | DE14: =P14+S14+V14+Y14+AB14+AE14+AH14+AK14+AN14+AT14+AW14+AZ14+BC14+BF14+BI14+BL14+BO14+BR14+BU14+CA14+CD14+CG14+CJ14+CM14+CP14+CS14+CV14+CY14+DB14+M14 -> 1175 | DF14: =AR14+AU14+AX14+BA14+BD14+BG14+BJ14+BM14+BP14+BS14+BV14+CB14+CE14+CH14+CK14+CN14+CQ14+CT14+CW14+CZ14+DC14 -> 16620 | DG14: =AS14+AV14+AY14+BB14+BE14+BH14+BK14+BN14+BQ14+BT14+BW14+CC14+CF14+CI14+CL14+CO14+CR14+CU14+CX14+DA14+DD14 -> 11160.8 | DH14: =ကိုဖိုးသက်!AE26 -> 1175 | DI14: =ကိုဖိုးသက်!AF26 -> 16620 | DJ14: =ကိုဖိုးသက်!AG25 -> 11160.8 | DK14: =DI14/L14 -> 0.24897912 | DL14: =10/31 -> 0.32258065 | DM14: =DK14-DL14 -> -0.073601528
A15: 12 | B15: မပို့မချို | C15: Ma Po Ma Cho | D15: ပလာဇာ | E15: Palazar | F15: WS | G15: မခိုင်လွင်ဦး | H15: Ma Kine Lwin Oo | I15: 09-250069370 | J15: YNK | K15: 4892.6736 | L15: 68497.431 | AB15: 510 | AC15: 7920 | AD15: 5612 | AN15: 510 | AO15: 7780 | AP15: 5716.8 | AQ15: =M15+P15+S15+V15+Y15+AB15+AE15+AH15+AK15+AN15 -> 1020 | AR15: =N15+Q15+T15+W15+Z15+AC15+AF15+AI15+AL15+AO15 -> 15700 | AS15: =O15+R15+U15+X15+AA15+AD15+AG15+AJ15+AM15+AP15 -> 11328.8 | BX15: =AQ15+AT15+AW15+AZ15+BC15+BF15+BI15+BL15+BO15+BR15+BU15 -> 1020 | BY15: =AR15+AU15+AX15+BA15+BD15+BG15+BJ15+BM15+BP15+BS15+BV15 -> 15700 | BZ15: =AS15+AV15+AY15+BB15+BE15+BH15+BK15+BN15+BQ15+BT15+BW15 -> 11328.8 | DE15: =P15+S15+V15+Y15+AB15+AE15+AH15+AK15+AN15+AT15+AW15+AZ15+BC15+BF15+BI15+BL15+BO15+BR15+BU15+CA15+CD15+CG15+CJ15+CM15+CP15+CS15+CV15+CY15+DB15+M15 -> 1020 | DF15: =AR15+AU15+AX15+BA15+BD15+BG15+BJ15+BM15+BP15+BS15+BV15+CB15+CE15+CH15+CK15+CN15+CQ15+CT15+CW15+CZ15+DC15 -> 15700 | DG15: =AS15+AV15+AY15+BB15+BE15+BH15+BK15+BN15+BQ15+BT15+BW15+CC15+CF15+CI15+CL15+CO15+CR15+CU15+CX15+DA15+DD15 -> 11328.8 | DH15: =မပို့မချို!AE22 -> 1020 | DI15: =မပို့မချို!AF22 -> 15700 | DJ15: =မပို့မချို!AG22 -> 11328.8 | DK15: =DI15/L15 -> 0.22920568 | DL15: =10/31 -> 0.32258065 | DM15: =DK15-DL15 -> -0.093374969
A16: 13 | B16: ကိုကျော်ဆွေ | C16: Ko Kyaw Swe | D16: သန်လျင် | E16: Thanlyin | F16: WS | G16: ဦးကျော်ဆွေ | H16: U Kyaw Swe | I16: 09-5021923 | J16: YNK | K16: 3313.8062 | L16: 46393.287 | V16: 75 | W16: 960 | X16: 808.8 | AQ16: =M16+P16+S16+V16+Y16+AB16+AE16+AH16+AK16+AN16 -> 75 | AR16: =N16+Q16+T16+W16+Z16+AC16+AF16+AI16+AL16+AO16 -> 960 | AS16: =O16+R16+U16+X16+AA16+AD16+AG16+AJ16+AM16+AP16 -> 808.8 | BX16: =AQ16+AT16+AW16+AZ16+BC16+BF16+BI16+BL16+BO16+BR16+BU16 -> 75 | BY16: =AR16+AU16+AX16+BA16+BD16+BG16+BJ16+BM16+BP16+BS16+BV16 -> 960 | BZ16: =AS16+AV16+AY16+BB16+BE16+BH16+BK16+BN16+BQ16+BT16+BW16 -> 808.8 | DE16: =P16+S16+V16+Y16+AB16+AE16+AH16+AK16+AN16+AT16+AW16+AZ16+BC16+BF16+BI16+BL16+BO16+BR16+BU16+CA16+CD16+CG16+CJ16+CM16+CP16+CS16+CV16+CY16+DB16+M16 -> 75 | DF16: =AR16+AU16+AX16+BA16+BD16+BG16+BJ16+BM16+BP16+BS16+BV16+CB16+CE16+CH16+CK16+CN16+CQ16+CT16+CW16+CZ16+DC16 -> 960 | DG16: =AS16+AV16+AY16+BB16+BE16+BH16+BK16+BN16+BQ16+BT16+BW16+CC16+CF16+CI16+CL16+CO16+CR16+CU16+CX16+DA16+DD16 -> 808.8 | DH16: =ကိုကျော်ဆွေ!AE20 -> 75 | DI16: =ကိုကျော်ဆွေ!AF20 -> 960 | DJ16: =ကိုကျော်ဆွေ!AG20 -> 808.8 | DK16: =DI16/L16 -> 0.020692649 | DL16: =10/31 -> 0.32258065 | DM16: =DK16-DL16 -> -0.301888
A17: 14 | B17: ဦးတင်အေး | C17: U Tin Aye | D17: မှော်ဘီ | E17: Hmawbi | F17: WS | G17: ဦးတင်အေး | H17: U Tin Aye | I17: 09-5075855 | J17: YNK | K17: 3616.3802 | L17: 50629.323 | S17: 270 | T17: 3680 | U17: 2794 | AB17: 250 | AC17: 3400 | AD17: 2392 | AK17: 250 | AL17: 3400 | AM17: 2392 | AQ17: =M17+P17+S17+V17+Y17+AB17+AE17+AH17+AK17+AN17 -> 770 | AR17: =N17+Q17+T17+W17+Z17+AC17+AF17+AI17+AL17+AO17 -> 10480 | AS17: =O17+R17+U17+X17+AA17+AD17+AG17+AJ17+AM17+AP17 -> 7578 | BX17: =AQ17+AT17+AW17+AZ17+BC17+BF17+BI17+BL17+BO17+BR17+BU17 -> 770 | BY17: =AR17+AU17+AX17+BA17+BD17+BG17+BJ17+BM17+BP17+BS17+BV17 -> 10480 | BZ17: =AS17+AV17+AY17+BB17+BE17+BH17+BK17+BN17+BQ17+BT17+BW17 -> 7578 | DE17: =P17+S17+V17+Y17+AB17+AE17+AH17+AK17+AN17+AT17+AW17+AZ17+BC17+BF17+BI17+BL17+BO17+BR17+BU17+CA17+CD17+CG17+CJ17+CM17+CP17+CS17+CV17+CY17+DB17+M17 -> 770 | DF17: =AR17+AU17+AX17+BA17+BD17+BG17+BJ17+BM17+BP17+BS17+BV17+CB17+CE17+CH17+CK17+CN17+CQ17+CT17+CW17+CZ17+DC17 -> 10480 | DG17: =AS17+AV17+AY17+BB17+BE17+BH17+BK17+BN17+BQ17+BT17+BW17+CC17+CF17+CI17+CL17+CO17+CR17+CU17+CX17+DA17+DD17 -> 7578 | DH17: =ဦးတင်အေး!AE24 -> 770 | DI17: =ဦးတင်အေး!AF24 -> 10480 | DJ17: =ဦးတင်အေး!AG24 -> 7578 | DK17: =DI17/L17 -> 0.20699467 | DL17: =10/31 -> 0.32258065 | DM17: =DK17-DL17 -> -0.11558598
A18: 15 | B18: ဘဘကြီး | C18: Ba Ba Gyi | D18: မ/ဥ | E18: North Okkalapa | F18: WS | G18: မဇင်မာ | H18: Ma Zin Mar | I18: 09-421160411 | J18: YNK | K18: 2866.52 | L18: 40131.28 | AK18: 20 | AL18: 800 | AM18: 280 | AQ18: =M18+P18+S18+V18+Y18+AB18+AE18+AH18+AK18+AN18 -> 20 | AR18: =N18+Q18+T18+W18+Z18+AC18+AF18+AI18+AL18+AO18 -> 800 | AS18: =O18+R18+U18+X18+AA18+AD18+AG18+AJ18+AM18+AP18 -> 280 | BX18: =AQ18+AT18+AW18+AZ18+BC18+BF18+BI18+BL18+BO18+BR18+BU18 -> 20 | BY18: =AR18+AU18+AX18+BA18+BD18+BG18+BJ18+BM18+BP18+BS18+BV18 -> 800 | BZ18: =AS18+AV18+AY18+BB18+BE18+BH18+BK18+BN18+BQ18+BT18+BW18 -> 280 | DE18: =P18+S18+V18+Y18+AB18+AE18+AH18+AK18+AN18+AT18+AW18+AZ18+BC18+BF18+BI18+BL18+BO18+BR18+BU18+CA18+CD18+CG18+CJ18+CM18+CP18+CS18+CV18+CY18+DB18+M18 -> 20 | DF18: =AR18+AU18+AX18+BA18+BD18+BG18+BJ18+BM18+BP18+BS18+BV18+CB18+CE18+CH18+CK18+CN18+CQ18+CT18+CW18+CZ18+DC18 -> 800 | DG18: =AS18+AV18+AY18+BB18+BE18+BH18+BK18+BN18+BQ18+BT18+BW18+CC18+CF18+CI18+CL18+CO18+CR18+CU18+CX18+DA18+DD18 -> 280 | DH18: =ဘဘကြီး!AE27 -> 20 | DI18: =ဘဘကြီး!AF27 -> 800 | DJ18: =ဘဘကြီး!AG27 -> 280 | DK18: =DI18/L18 -> 0.019934575 | DL18: =10/31 -> 0.32258065 | DM18: =DK18-DL18 -> -0.30264607
A19: 16 | B19: မချိုချိုလွင် | C19: Ma Cho Cho Lwin | D19: သင်္ဃန်းကျွန်း | E19: Thingangyun | F19: WS | G19: မချို | H19: Ma Cho | I19: 09-421183044 | J19: YNK | K19: 1257 | L19: 17602.643 | AB19: 500 | AC19: 7240 | AD19: 5338 | AQ19: =M19+P19+S19+V19+Y19+AB19+AE19+AH19+AK19+AN19 -> 500 | AR19: =N19+Q19+T19+W19+Z19+AC19+AF19+AI19+AL19+AO19 -> 7240 | AS19: =O19+R19+U19+X19+AA19+AD19+AG19+AJ19+AM19+AP19 -> 5338 | BX19: =AQ19+AT19+AW19+AZ19+BC19+BF19+BI19+BL19+BO19+BR19+BU19 -> 500 | BY19: =AR19+AU19+AX19+BA19+BD19+BG19+BJ19+BM19+BP19+BS19+BV19 -> 7240 | BZ19: =AS19+AV19+AY19+BB19+BE19+BH19+BK19+BN19+BQ19+BT19+BW19 -> 5338 | DE19: =P19+S19+V19+Y19+AB19+AE19+AH19+AK19+AN19+AT19+AW19+AZ19+BC19+BF19+BI19+BL19+BO19+BR19+BU19+CA19+CD19+CG19+CJ19+CM19+CP19+CS19+CV19+CY19+DB19+M19 -> 500 | DF19: =AR19+AU19+AX19+BA19+BD19+BG19+BJ19+BM19+BP19+BS19+BV19+CB19+CE19+CH19+CK19+CN19+CQ19+CT19+CW19+CZ19+DC19 -> 7240 | DG19: =AS19+AV19+AY19+BB19+BE19+BH19+BK19+BN19+BQ19+BT19+BW19+CC19+CF19+CI19+CL19+CO19+CR19+CU19+CX19+DA19+DD19 -> 5338 | DH19: ='မချိုချိုလွင် '!AE21 -> 500 | DI19: ='မချိုချိုလွင် '!AF21 -> 7240 | DJ19: ='မချိုချိုလွင် '!AG21 -> 5338 | DK19: =DI19/L19 -> 0.41130186 | DL19: =10/31 -> 0.32258065 | DM19: =DK19-DL19 -> 0.088721217
A20: 17 | B20: ရွှေဇီးကွက် | C20: Shwe Zee Kwat | D20: မ/ဒဂုံ | E20: North Dagon | F20: WS | G20: မပပ | H20: Ma Pa Pa | I20: 09-450037338 | J20: YNK | K20: 2962.5479 | L20: 41475.67 | AQ20: =M20+P20+S20+V20+Y20+AB20+AE20+AH20+AK20+AN20 -> 0 | AR20: =N20+Q20+T20+W20+Z20+AC20+AF20+AI20+AL20+AO20 -> 0 | AS20: =O20+R20+U20+X20+AA20+AD20+AG20+AJ20+AM20+AP20 -> 0 | BX20: =AQ20+AT20+AW20+AZ20+BC20+BF20+BI20+BL20+BO20+BR20+BU20 -> 0 | BY20: =AR20+AU20+AX20+BA20+BD20+BG20+BJ20+BM20+BP20+BS20+BV20 -> 0 | BZ20: =AS20+AV20+AY20+BB20+BE20+BH20+BK20+BN20+BQ20+BT20+BW20 -> 0 | DE20: =P20+S20+V20+Y20+AB20+AE20+AH20+AK20+AN20+AT20+AW20+AZ20+BC20+BF20+BI20+BL20+BO20+BR20+BU20+CA20+CD20+CG20+CJ20+CM20+CP20+CS20+CV20+CY20+DB20+M20 -> 0 | DF20: =AR20+AU20+AX20+BA20+BD20+BG20+BJ20+BM20+BP20+BS20+BV20+CB20+CE20+CH20+CK20+CN20+CQ20+CT20+CW20+CZ20+DC20 -> 0 | DG20: =AS20+AV20+AY20+BB20+BE20+BH20+BK20+BN20+BQ20+BT20+BW20+CC20+CF20+CI20+CL20+CO20+CR20+CU20+CX20+DA20+DD20 -> 0 | DH20: =ရွှေဇီးကွက်!AE29 -> 0 | DI20: =ရွှေဇီးကွက်!AF29 -> 0 | DJ20: =ရွှေဇီးကွက်!AG29 -> 0 | DK20: =DI20/L20 -> 0 | DL20: =10/31 -> 0.32258065 | DM20: =DK20-DL20 -> -0.32258065
A21: 18 | B21: ရွှေဉယျာဉ် | C21: Shwe Oo Yin | D21: ရပသ | E21: Shwe Pyi Thar | F21: WS | G21: မမာမာဝေ | H21: Ma Mar Mar Wai | I21: 09-506718 | J21: YNK | K21: 2701.155 | L21: 37816.17 | M21: 290 | N21: 4380 | O21: 3003.2 | AB21: 200 | AC21: 2600 | AD21: 2096 | AQ21: =M21+P21+S21+V21+Y21+AB21+AE21+AH21+AK21+AN21 -> 490 | AR21: =N21+Q21+T21+W21+Z21+AC21+AF21+AI21+AL21+AO21 -> 6980 | AS21: =O21+R21+U21+X21+AA21+AD21+AG21+AJ21+AM21+AP21 -> 5099.2 | BX21: =AQ21+AT21+AW21+AZ21+BC21+BF21+BI21+BL21+BO21+BR21+BU21 -> 490 | BY21: =AR21+AU21+AX21+BA21+BD21+BG21+BJ21+BM21+BP21+BS21+BV21 -> 6980 | BZ21: =AS21+AV21+AY21+BB21+BE21+BH21+BK21+BN21+BQ21+BT21+BW21 -> 5099.2 | DE21: =P21+S21+V21+Y21+AB21+AE21+AH21+AK21+AN21+AT21+AW21+AZ21+BC21+BF21+BI21+BL21+BO21+BR21+BU21+CA21+CD21+CG21+CJ21+CM21+CP21+CS21+CV21+CY21+DB21+M21 -> 490 | DF21: =AR21+AU21+AX21+BA21+BD21+BG21+BJ21+BM21+BP21+BS21+BV21+CB21+CE21+CH21+CK21+CN21+CQ21+CT21+CW21+CZ21+DC21 -> 6980 | DG21: =AS21+AV21+AY21+BB21+BE21+BH21+BK21+BN21+BQ21+BT21+BW21+CC21+CF21+CI21+CL21+CO21+CR21+CU21+CX21+DA21+DD21 -> 5099.2 | DH21: =ရွှေဉယျာဉ်!AE21 -> 490 | DI21: =ရွှေဉယျာဉ်!AF21 -> 6980 | DJ21: =ရွှေဉယျာဉ်!AG21 -> 5099.2 | DK21: =DI21/L21 -> 0.18457713 | DL21: =10/31 -> 0.32258065 | DM21: =DK21-DL21 -> -0.13800352
A22: 19 | B22: ရွှေစည်းစိမ် | C22: Shwe See Sain | D22: တိုက်ကြီး | E22: Taikkyi | F22: WS | G22: မရင်ရင်ထိုက် | H22: Ma Yin Yin Htike | I22: 09-5007916 | J22: YNK | K22: 2422.8977 | L22: 33920.568 | M22: 290 | N22: 4180 | O22: 3307.2 | V22: 100 | W22: 1400 | X22: 896 | Y22: 260 | Z22: 4160 | AA22: 2876 | AK22: 260 | AL22: 4080 | AM22: 2685.6 | AN22: 250 | AO22: 3100 | AP22: 2848 | AQ22: =M22+P22+S22+V22+Y22+AB22+AE22+AH22+AK22+AN22 -> 1160 | AR22: =N22+Q22+T22+W22+Z22+AC22+AF22+AI22+AL22+AO22 -> 16920 | AS22: =O22+R22+U22+X22+AA22+AD22+AG22+AJ22+AM22+AP22 -> 12612.8 | BX22: =AQ22+AT22+AW22+AZ22+BC22+BF22+BI22+BL22+BO22+BR22+BU22 -> 1160 | BY22: =AR22+AU22+AX22+BA22+BD22+BG22+BJ22+BM22+BP22+BS22+BV22 -> 16920 | BZ22: =AS22+AV22+AY22+BB22+BE22+BH22+BK22+BN22+BQ22+BT22+BW22 -> 12612.8 | DE22: =P22+S22+V22+Y22+AB22+AE22+AH22+AK22+AN22+AT22+AW22+AZ22+BC22+BF22+BI22+BL22+BO22+BR22+BU22+CA22+CD22+CG22+CJ22+CM22+CP22+CS22+CV22+CY22+DB22+M22 -> 1160 | DF22: =AR22+AU22+AX22+BA22+BD22+BG22+BJ22+BM22+BP22+BS22+BV22+CB22+CE22+CH22+CK22+CN22+CQ22+CT22+CW22+CZ22+DC22 -> 16920 | DG22: =AS22+AV22+AY22+BB22+BE22+BH22+BK22+BN22+BQ22+BT22+BW22+CC22+CF22+CI22+CL22+CO22+CR22+CU22+CX22+DA22+DD22 -> 12612.8 | DH22: =ရွှေစည်းစိမ်!AE20 -> 1160 | DI22: =ရွှေစည်းစိမ်!AF20 -> 16920 | DJ22: =ရွှေစည်းစိမ်!AG20 -> 12612.8 | DK22: =DI22/L22 -> 0.4988124 | DL22: =10/31 -> 0.32258065 | DM22: =DK22-DL22 -> 0.17623175
A23: 20 | B23: ရွက်သစ် | C23: Yuat Thit | D23: တ/ဒဂုံ | E23: South Dagon | F23: WS | G23: ကိုဘုန်းသာ | H23: Ko Bhone Thar | I23: 09-5501732 | J23: YNK | K23: 2396.0009 | L23: 33544.013 | S23: 50 | T23: 700 | U23: 448 | Y23: 20 | Z23: 280 | AA23: 179.2 | AH23: 50 | AI23: 700 | AJ23: 448 | AQ23: =M23+P23+S23+V23+Y23+AB23+AE23+AH23+AK23+AN23 -> 120 | AR23: =N23+Q23+T23+W23+Z23+AC23+AF23+AI23+AL23+AO23 -> 1680 | AS23: =O23+R23+U23+X23+AA23+AD23+AG23+AJ23+AM23+AP23 -> 1075.2 | BX23: =AQ23+AT23+AW23+AZ23+BC23+BF23+BI23+BL23+BO23+BR23+BU23 -> 120 | BY23: =AR23+AU23+AX23+BA23+BD23+BG23+BJ23+BM23+BP23+BS23+BV23 -> 1680 | BZ23: =AS23+AV23+AY23+BB23+BE23+BH23+BK23+BN23+BQ23+BT23+BW23 -> 1075.2 | DE23: =P23+S23+V23+Y23+AB23+AE23+AH23+AK23+AN23+AT23+AW23+AZ23+BC23+BF23+BI23+BL23+BO23+BR23+BU23+CA23+CD23+CG23+CJ23+CM23+CP23+CS23+CV23+CY23+DB23+M23 -> 120 | DF23: =AR23+AU23+AX23+BA23+BD23+BG23+BJ23+BM23+BP23+BS23+BV23+CB23+CE23+CH23+CK23+CN23+CQ23+CT23+CW23+CZ23+DC23 -> 1680 | DG23: =AS23+AV23+AY23+BB23+BE23+BH23+BK23+BN23+BQ23+BT23+BW23+CC23+CF23+CI23+CL23+CO23+CR23+CU23+CX23+DA23+DD23 -> 1075.2 | DH23: =ရွက်သစ်!AE19 -> 120 | DI23: =ရွက်သစ်!AF19 -> 1680 | DJ23: =ရွက်သစ်!AG19 -> 1075.2 | DK23: =DI23/L23 -> 0.050083453 | DL23: =10/31 -> 0.32258065 | DM23: =DK23-DL23 -> -0.27249719
A24: 21 | B24: ဒေလီယာ | C24: Dalia | D24: သာကေတ | E24: Thaketa | F24: WS | G24: မခိုင်နှင်းဝေ | H24: Khine Hnin Wai | I24: 09-775065014 | J24: YNK | K24: 2297.1645 | L24: 32160.304 | M24: 50 | N24: 600 | O24: 600 | S24: 100 | T24: 1820 | U24: 1148.8 | AB24: 95 | AC24: 1480 | AD24: 1044.8 | AK24: 50 | AL24: 640 | AM24: 539.2 | AQ24: =M24+P24+S24+V24+Y24+AB24+AE24+AH24+AK24+AN24 -> 295 | AR24: =N24+Q24+T24+W24+Z24+AC24+AF24+AI24+AL24+AO24 -> 4540 | AS24: =O24+R24+U24+X24+AA24+AD24+AG24+AJ24+AM24+AP24 -> 3332.8 | BX24: =AQ24+AT24+AW24+AZ24+BC24+BF24+BI24+BL24+BO24+BR24+BU24 -> 295 | BY24: =AR24+AU24+AX24+BA24+BD24+BG24+BJ24+BM24+BP24+BS24+BV24 -> 4540 | BZ24: =AS24+AV24+AY24+BB24+BE24+BH24+BK24+BN24+BQ24+BT24+BW24 -> 3332.8 | DE24: =P24+S24+V24+Y24+AB24+AE24+AH24+AK24+AN24+AT24+AW24+AZ24+BC24+BF24+BI24+BL24+BO24+BR24+BU24+CA24+CD24+CG24+CJ24+CM24+CP24+CS24+CV24+CY24+DB24+M24 -> 295 | DF24: =AR24+AU24+AX24+BA24+BD24+BG24+BJ24+BM24+BP24+BS24+BV24+CB24+CE24+CH24+CK24+CN24+CQ24+CT24+CW24+CZ24+DC24 -> 4540 | DG24: =AS24+AV24+AY24+BB24+BE24+BH24+BK24+BN24+BQ24+BT24+BW24+CC24+CF24+CI24+CL24+CO24+CR24+CU24+CX24+DA24+DD24 -> 3332.8 | DH24: =ဒေလီယာ!AE25 -> 295 | DI24: =ဒေလီယာ!AF25 -> 4540 | DJ24: =ဒေလီယာ!AG25 -> 3332.8 | DK24: =DI24/L24 -> 0.14116782 | DL24: =10/31 -> 0.32258065 | DM24: =DK24-DL24 -> -0.18141282
A25: 22 | B25: ဆွေသဟာ | C25: Shwe Tahar | D25: လသယ | E25: Hlaing Thar Yar | F25: WS | G25: ကိုစောလွင် | H25: Ko Saw Lwin | I25: 09-982218821 | J25: YNK | K25: 2159.8529 | L25: 30237.941 | AQ25: =M25+P25+S25+V25+Y25+AB25+AE25+AH25+AK25+AN25 -> 0 | AR25: =N25+Q25+T25+W25+Z25+AC25+AF25+AI25+AL25+AO25 -> 0 | AS25: =O25+R25+U25+X25+AA25+AD25+AG25+AJ25+AM25+AP25 -> 0 | BX25: =AQ25+AT25+AW25+AZ25+BC25+BF25+BI25+BL25+BO25+BR25+BU25 -> 0 | BY25: =AR25+AU25+AX25+BA25+BD25+BG25+BJ25+BM25+BP25+BS25+BV25 -> 0 | BZ25: =AS25+AV25+AY25+BB25+BE25+BH25+BK25+BN25+BQ25+BT25+BW25 -> 0 | DE25: =P25+S25+V25+Y25+AB25+AE25+AH25+AK25+AN25+AT25+AW25+AZ25+BC25+BF25+BI25+BL25+BO25+BR25+BU25+CA25+CD25+CG25+CJ25+CM25+CP25+CS25+CV25+CY25+DB25+M25 -> 0 | DF25: =AR25+AU25+AX25+BA25+BD25+BG25+BJ25+BM25+BP25+BS25+BV25+CB25+CE25+CH25+CK25+CN25+CQ25+CT25+CW25+CZ25+DC25 -> 0 | DG25: =AS25+AV25+AY25+BB25+BE25+BH25+BK25+BN25+BQ25+BT25+BW25+CC25+CF25+CI25+CL25+CO25+CR25+CU25+CX25+DA25+DD25 -> 0 | DH25: =ဆွေသဟာ!AE21 -> 0 | DI25: =ဆွေသဟာ!AF21 -> 0 | DJ25: =ဆွေသဟာ!AG21 -> 0 | DK25: =DI25/L25 -> 0 | DL25: =10/31 -> 0.32258065 | DM25: =DK25-DL25 -> -0.32258065
A26: 23 | B26: ဦးအိရွှေ | C26: U Ei Shwe | D26: တွံတေး | E26: Twantay | F26: WS | G26: ကိုနိူင်လင်းအောင် | H26: Ko Naing Lin Aung | I26: 09-421094107 | J26: YNK | K26: 1500.0354 | L26: 21000.496 | M26: 35 | N26: 460 | O26: 359.2 | Y26: 100 | Z26: 1200 | AA26: 1200 | AK26: 115 | AL26: 1580 | AM26: 1076 | AQ26: =M26+P26+S26+V26+Y26+AB26+AE26+AH26+AK26+AN26 -> 250 | AR26: =N26+Q26+T26+W26+Z26+AC26+AF26+AI26+AL26+AO26 -> 3240 | AS26: =O26+R26+U26+X26+AA26+AD26+AG26+AJ26+AM26+AP26 -> 2635.2 | BX26: =AQ26+AT26+AW26+AZ26+BC26+BF26+BI26+BL26+BO26+BR26+BU26 -> 250 | BY26: =AR26+AU26+AX26+BA26+BD26+BG26+BJ26+BM26+BP26+BS26+BV26 -> 3240 | BZ26: =AS26+AV26+AY26+BB26+BE26+BH26+BK26+BN26+BQ26+BT26+BW26 -> 2635.2 | DE26: =P26+S26+V26+Y26+AB26+AE26+AH26+AK26+AN26+AT26+AW26+AZ26+BC26+BF26+BI26+BL26+BO26+BR26+BU26+CA26+CD26+CG26+CJ26+CM26+CP26+CS26+CV26+CY26+DB26+M26 -> 250 | DF26: =AR26+AU26+AX26+BA26+BD26+BG26+BJ26+BM26+BP26+BS26+BV26+CB26+CE26+CH26+CK26+CN26+CQ26+CT26+CW26+CZ26+DC26 -> 3240 | DG26: =AS26+AV26+AY26+BB26+BE26+BH26+BK26+BN26+BQ26+BT26+BW26+CC26+CF26+CI26+CL26+CO26+CR26+CU26+CX26+DA26+DD26 -> 2635.2 | DH26: =ဦးအိရွှေ!AE21 -> 250 | DI26: =ဦးအိရွှေ!AF21 -> 3240 | DJ26: =ဦးအိရွှေ!AG21 -> 2635.2 | DK26: =DI26/L26 -> 0.15428207 | DL26: =10/31 -> 0.32258065 | DM26: =DK26-DL26 -> -0.16829858
A27: 24 | B27: ကိုရွှေသီး | C27: Ko Shwe Thee | D27: တ/ဥ | E27: South Okkalapa | F27: WS | G27: ကိုရွှေသီး | H27: Ko Shwe Thee | I27: 09-5089587 | J27: YNK | K27: 2018.1812 | L27: 28254.537 | AQ27: =M27+P27+S27+V27+Y27+AB27+AE27+AH27+AK27+AN27 -> 0 | AR27: =N27+Q27+T27+W27+Z27+AC27+AF27+AI27+AL27+AO27 -> 0 | AS27: =O27+R27+U27+X27+AA27+AD27+AG27+AJ27+AM27+AP27 -> 0 | BX27: =AQ27+AT27+AW27+AZ27+BC27+BF27+BI27+BL27+BO27+BR27+BU27 -> 0 | BY27: =AR27+AU27+AX27+BA27+BD27+BG27+BJ27+BM27+BP27+BS27+BV27 -> 0 | BZ27: =AS27+AV27+AY27+BB27+BE27+BH27+BK27+BN27+BQ27+BT27+BW27 -> 0 | DE27: =P27+S27+V27+Y27+AB27+AE27+AH27+AK27+AN27+AT27+AW27+AZ27+BC27+BF27+BI27+BL27+BO27+BR27+BU27+CA27+CD27+CG27+CJ27+CM27+CP27+CS27+CV27+CY27+DB27+M27 -> 0 | DF27: =AR27+AU27+AX27+BA27+BD27+BG27+BJ27+BM27+BP27+BS27+BV27+CB27+CE27+CH27+CK27+CN27+CQ27+CT27+CW27+CZ27+DC27 -> 0 | DG27: =AS27+AV27+AY27+BB27+BE27+BH27+BK27+BN27+BQ27+BT27+BW27+CC27+CF27+CI27+CL27+CO27+CR27+CU27+CX27+DA27+DD27 -> 0 | DH27: =ကိုရွှေသီး!AE19 -> 0 | DI27: =ကိုရွှေသီး!AF19 -> 0 | DJ27: =ကိုရွှေသီး!AG19 -> 0 | DK27: =DI27/L27 -> 0 | DL27: =10/31 -> 0.32258065 | DM27: =DK27-DL27 -> -0.32258065
A28: 25 | B28: ပန်းသတင်း | C28: Pan Tatin | D28: တွံတေး | E28: Twantay | F28: WS | G28: မဝေဝေစန်း | H28: Ma Wai Wai San | I28: 09-758750975 | J28: YNK | K28: 1649.5174 | L28: 23093.243 | Y28: 530 | Z28: 7320 | AA28: 5792 | AQ28: =M28+P28+S28+V28+Y28+AB28+AE28+AH28+AK28+AN28 -> 530 | AR28: =N28+Q28+T28+W28+Z28+AC28+AF28+AI28+AL28+AO28 -> 7320 | AS28: =O28+R28+U28+X28+AA28+AD28+AG28+AJ28+AM28+AP28 -> 5792 | BX28: =AQ28+AT28+AW28+AZ28+BC28+BF28+BI28+BL28+BO28+BR28+BU28 -> 530 | BY28: =AR28+AU28+AX28+BA28+BD28+BG28+BJ28+BM28+BP28+BS28+BV28 -> 7320 | BZ28: =AS28+AV28+AY28+BB28+BE28+BH28+BK28+BN28+BQ28+BT28+BW28 -> 5792 | DE28: =P28+S28+V28+Y28+AB28+AE28+AH28+AK28+AN28+AT28+AW28+AZ28+BC28+BF28+BI28+BL28+BO28+BR28+BU28+CA28+CD28+CG28+CJ28+CM28+CP28+CS28+CV28+CY28+DB28+M28 -> 530 | DF28: =AR28+AU28+AX28+BA28+BD28+BG28+BJ28+BM28+BP28+BS28+BV28+CB28+CE28+CH28+CK28+CN28+CQ28+CT28+CW28+CZ28+DC28 -> 7320 | DG28: =AS28+AV28+AY28+BB28+BE28+BH28+BK28+BN28+BQ28+BT28+BW28+CC28+CF28+CI28+CL28+CO28+CR28+CU28+CX28+DA28+DD28 -> 5792 | DH28: =ပန်းသတင်း!AE19 -> 530 | DI28: =ပန်းသတင်း!AF19 -> 7320 | DJ28: =ပန်းသတင်း!AG19 -> 5792 | DK28: =DI28/L28 -> 0.31697583 | DL28: =10/31 -> 0.32258065 | DM28: =DK28-DL28 -> -0.0056048143
A29: 26 | B29: ရှယ်ထူး | C29: Shal Htoo | D29: လေးထောင့်ကန် | E29: Lay Daungkan | F29: WS | G29: ကိုသား | H29: Ko Thar | I29: 09-443211018 | J29: YNK | K29: 3324.68 | L29: 46545.52 | V29: 245 | W29: 3660 | X29: 2736.8 | Y29: 320 | Z29: 4560 | AA29: 3636.8 | AH29: 235 | AI29: 3260 | AJ29: 2596.8 | AN29: 230 | AO29: 3700 | AP29: 2572 | AQ29: =M29+P29+S29+V29+Y29+AB29+AE29+AH29+AK29+AN29 -> 1030 | AR29: =N29+Q29+T29+W29+Z29+AC29+AF29+AI29+AL29+AO29 -> 15180 | AS29: =O29+R29+U29+X29+AA29+AD29+AG29+AJ29+AM29+AP29 -> 11542.4 | BX29: =AQ29+AT29+AW29+AZ29+BC29+BF29+BI29+BL29+BO29+BR29+BU29 -> 1030 | BY29: =AR29+AU29+AX29+BA29+BD29+BG29+BJ29+BM29+BP29+BS29+BV29 -> 15180 | BZ29: =AS29+AV29+AY29+BB29+BE29+BH29+BK29+BN29+BQ29+BT29+BW29 -> 11542.4 | DE29: =P29+S29+V29+Y29+AB29+AE29+AH29+AK29+AN29+AT29+AW29+AZ29+BC29+BF29+BI29+BL29+BO29+BR29+BU29+CA29+CD29+CG29+CJ29+CM29+CP29+CS29+CV29+CY29+DB29+M29 -> 1030 | DF29: =AR29+AU29+AX29+BA29+BD29+BG29+BJ29+BM29+BP29+BS29+BV29+CB29+CE29+CH29+CK29+CN29+CQ29+CT29+CW29+CZ29+DC29 -> 15180 | DG29: =AS29+AV29+AY29+BB29+BE29+BH29+BK29+BN29+BQ29+BT29+BW29+CC29+CF29+CI29+CL29+CO29+CR29+CU29+CX29+DA29+DD29 -> 11542.4 | DH29: =ရှယ်ထူး!AE20 -> 1030 | DI29: =ရှယ်ထူး!AF20 -> 15180 | DJ29: =ရှယ်ထူး!AG20 -> 11542.4 | DK29: =DI29/L29 -> 0.32613235 | DL29: =10/31 -> 0.32258065 | DM29: =DK29-DL29 -> 0.0035517077
A30: 27 | B30: တော်ဝင် | C30: Taw Win | D30: ကြည့်မြင်တိုင် | E30: Kyee Myin Daing | F30: WS | G30: မဝါဝါလှိုင် | H30: Ma War War Hlaing | I30: 09-793565822 | J30: YNK | K30: 1375.6754 | L30: 19259.455 | Y30: 230 | Z30: 3560 | AA30: 2339.2 | AH30: 30 | AI30: 420 | AJ30: 268.8 | AN30: 240 | AO30: 3640 | AP30: 2544 | AQ30: =M30+P30+S30+V30+Y30+AB30+AE30+AH30+AK30+AN30 -> 500 | AR30: =N30+Q30+T30+W30+Z30+AC30+AF30+AI30+AL30+AO30 -> 7620 | AS30: =O30+R30+U30+X30+AA30+AD30+AG30+AJ30+AM30+AP30 -> 5152 | BX30: =AQ30+AT30+AW30+AZ30+BC30+BF30+BI30+BL30+BO30+BR30+BU30 -> 500 | BY30: =AR30+AU30+AX30+BA30+BD30+BG30+BJ30+BM30+BP30+BS30+BV30 -> 7620 | BZ30: =AS30+AV30+AY30+BB30+BE30+BH30+BK30+BN30+BQ30+BT30+BW30 -> 5152 | DE30: =P30+S30+V30+Y30+AB30+AE30+AH30+AK30+AN30+AT30+AW30+AZ30+BC30+BF30+BI30+BL30+BO30+BR30+BU30+CA30+CD30+CG30+CJ30+CM30+CP30+CS30+CV30+CY30+DB30+M30 -> 500 | DF30: =AR30+AU30+AX30+BA30+BD30+BG30+BJ30+BM30+BP30+BS30+BV30+CB30+CE30+CH30+CK30+CN30+CQ30+CT30+CW30+CZ30+DC30 -> 7620 | DG30: =AS30+AV30+AY30+BB30+BE30+BH30+BK30+BN30+BQ30+BT30+BW30+CC30+CF30+CI30+CL30+CO30+CR30+CU30+CX30+DA30+DD30 -> 5152 | DH30: =တော်ဝင်!AG22 -> 500 | DI30: =တော်ဝင်!AH22 -> 7620 | DJ30: =တော်ဝင်!AI22 -> 5152 | DK30: =DI30/L30 -> 0.39564982 | DL30: =10/31 -> 0.32258065 | DM30: =DK30-DL30 -> 0.07306918
A31: 28 | B31: ဦးလှဖုန်း | C31: U Hla Phone | D31: ကော့မှူး | E31: Kawhmu | F31: WS | G31: ဒေါ်ကြည်ကြည်ဝင်း | H31: Daw Kyi Kyi Win | I31: 09-794635642 | J31: YNK | K31: 1261.3903 | L31: 17659.465 | V31: 170 | W31: 2280 | X31: 1675.2 | AH31: 110 | AI31: 1840 | AJ31: 1177.6 | AQ31: =M31+P31+S31+V31+Y31+AB31+AE31+AH31+AK31+AN31 -> 280 | AR31: =N31+Q31+T31+W31+Z31+AC31+AF31+AI31+AL31+AO31 -> 4120 | AS31: =O31+R31+U31+X31+AA31+AD31+AG31+AJ31+AM31+AP31 -> 2852.8 | BX31: =AQ31+AT31+AW31+AZ31+BC31+BF31+BI31+BL31+BO31+BR31+BU31 -> 280 | BY31: =AR31+AU31+AX31+BA31+BD31+BG31+BJ31+BM31+BP31+BS31+BV31 -> 4120 | BZ31: =AS31+AV31+AY31+BB31+BE31+BH31+BK31+BN31+BQ31+BT31+BW31 -> 2852.8 | DE31: =P31+S31+V31+Y31+AB31+AE31+AH31+AK31+AN31+AT31+AW31+AZ31+BC31+BF31+BI31+BL31+BO31+BR31+BU31+CA31+CD31+CG31+CJ31+CM31+CP31+CS31+CV31+CY31+DB31+M31 -> 280 | DF31: =AR31+AU31+AX31+BA31+BD31+BG31+BJ31+BM31+BP31+BS31+BV31+CB31+CE31+CH31+CK31+CN31+CQ31+CT31+CW31+CZ31+DC31 -> 4120 | DG31: =AS31+AV31+AY31+BB31+BE31+BH31+BK31+BN31+BQ31+BT31+BW31+CC31+CF31+CI31+CL31+CO31+CR31+CU31+CX31+DA31+DD31 -> 2852.8 | DH31: =ဦးလှဖုန်း!AE19 -> 280 | DI31: =ဦးလှဖုန်း!AF19 -> 4120 | DJ31: =ဦးလှဖုန်း!AG19 -> 2852.8 | DK31: =DI31/L31 -> 0.23330266 | DL31: =10/31 -> 0.32258065 | DM31: =DK31-DL31 -> -0.089277989
A32: 29 | B32: မသီတာ | C32: Ma Thida | D32: သာကေတ | E32: Thaketa | F32: WS | G32: မသီတာထွန်း | H32: Ma Thidar Tun | I32: 09-5406284 | J32: YNK | K32: 1441.7633 | L32: 20184.686 | AQ32: =M32+P32+S32+V32+Y32+AB32+AE32+AH32+AK32+AN32 -> 0 | AR32: =N32+Q32+T32+W32+Z32+AC32+AF32+AI32+AL32+AO32 -> 0 | AS32: =O32+R32+U32+X32+AA32+AD32+AG32+AJ32+AM32+AP32 -> 0 | BX32: =AQ32+AT32+AW32+AZ32+BC32+BF32+BI32+BL32+BO32+BR32+BU32 -> 0 | BY32: =AR32+AU32+AX32+BA32+BD32+BG32+BJ32+BM32+BP32+BS32+BV32 -> 0 | BZ32: =AS32+AV32+AY32+BB32+BE32+BH32+BK32+BN32+BQ32+BT32+BW32 -> 0 | DE32: =P32+S32+V32+Y32+AB32+AE32+AH32+AK32+AN32+AT32+AW32+AZ32+BC32+BF32+BI32+BL32+BO32+BR32+BU32+CA32+CD32+CG32+CJ32+CM32+CP32+CS32+CV32+CY32+DB32+M32 -> 0 | DF32: =AR32+AU32+AX32+BA32+BD32+BG32+BJ32+BM32+BP32+BS32+BV32+CB32+CE32+CH32+CK32+CN32+CQ32+CT32+CW32+CZ32+DC32 -> 0 | DG32: =AS32+AV32+AY32+BB32+BE32+BH32+BK32+BN32+BQ32+BT32+BW32+CC32+CF32+CI32+CL32+CO32+CR32+CU32+CX32+DA32+DD32 -> 0 | DH32: =မသီတာ!AE19 -> 0 | DI32: =မသီတာ!AF19 -> 0 | DJ32: =မသီတာ!AG19 -> 0 | DK32: =DI32/L32 -> 0 | DL32: =10/31 -> 0.32258065 | DM32: =DK32-DL32 -> -0.32258065
A33: 30 | B33: အနွယ်တော် | C33: A 'Nwe Taw | D33: သင်္ဃန်းကျွန်းကြီး | E33: Thingangyun Gyi | F33: WS | G33: မထက်ထက် | H33: Ma Htet Htet | I33: 09-793965694 | J33: YNK | K33: 1276.7203 | L33: 17874.084 | M33: 271 | N33: 3662 | O33: 3002.4 | AK33: 290 | AL33: 4240 | AM33: 3144 | AQ33: =M33+P33+S33+V33+Y33+AB33+AE33+AH33+AK33+AN33 -> 561 | AR33: =N33+Q33+T33+W33+Z33+AC33+AF33+AI33+AL33+AO33 -> 7902 | AS33: =O33+R33+U33+X33+AA33+AD33+AG33+AJ33+AM33+AP33 -> 6146.4 | BX33: =AQ33+AT33+AW33+AZ33+BC33+BF33+BI33+BL33+BO33+BR33+BU33 -> 561 | BY33: =AR33+AU33+AX33+BA33+BD33+BG33+BJ33+BM33+BP33+BS33+BV33 -> 7902 | BZ33: =AS33+AV33+AY33+BB33+BE33+BH33+BK33+BN33+BQ33+BT33+BW33 -> 6146.4 | DE33: =P33+S33+V33+Y33+AB33+AE33+AH33+AK33+AN33+AT33+AW33+AZ33+BC33+BF33+BI33+BL33+BO33+BR33+BU33+CA33+CD33+CG33+CJ33+CM33+CP33+CS33+CV33+CY33+DB33+M33 -> 561 | DF33: =AR33+AU33+AX33+BA33+BD33+BG33+BJ33+BM33+BP33+BS33+BV33+CB33+CE33+CH33+CK33+CN33+CQ33+CT33+CW33+CZ33+DC33 -> 7902 | DG33: =AS33+AV33+AY33+BB33+BE33+BH33+BK33+BN33+BQ33+BT33+BW33+CC33+CF33+CI33+CL33+CO33+CR33+CU33+CX33+DA33+DD33 -> 6146.4 | DH33: =အနွယ်တော်!AE19 -> 561 | DI33: =အနွယ်တော်!AF19 -> 7902 | DJ33: =အနွယ်တော်!AG19 -> 6146.4 | DK33: =DI33/L33 -> 0.44209259 | DL33: =10/31 -> 0.32258065 | DM33: =DK33-DL33 -> 0.11951194
A34: 31 | B34: နေလ | C34: Nay La | D34: တိုက်ကြီး | E34: Taikkyi | F34: WS | G34: ဦးမိုးသက်နိူင် | H34: U Moe That Naing | I34: 09-5394567 | J34: YNK | K34: 1119.7464 | L34: 15676.449 | S34: 275 | T34: 3790 | U34: 2555.2 | AQ34: =M34+P34+S34+V34+Y34+AB34+AE34+AH34+AK34+AN34 -> 275 | AR34: =N34+Q34+T34+W34+Z34+AC34+AF34+AI34+AL34+AO34 -> 3790 | AS34: =O34+R34+U34+X34+AA34+AD34+AG34+AJ34+AM34+AP34 -> 2555.2 | BX34: =AQ34+AT34+AW34+AZ34+BC34+BF34+BI34+BL34+BO34+BR34+BU34 -> 275 | BY34: =AR34+AU34+AX34+BA34+BD34+BG34+BJ34+BM34+BP34+BS34+BV34 -> 3790 | BZ34: =AS34+AV34+AY34+BB34+BE34+BH34+BK34+BN34+BQ34+BT34+BW34 -> 2555.2 | DE34: =P34+S34+V34+Y34+AB34+AE34+AH34+AK34+AN34+AT34+AW34+AZ34+BC34+BF34+BI34+BL34+BO34+BR34+BU34+CA34+CD34+CG34+CJ34+CM34+CP34+CS34+CV34+CY34+DB34+M34 -> 275 | DF34: =AR34+AU34+AX34+BA34+BD34+BG34+BJ34+BM34+BP34+BS34+BV34+CB34+CE34+CH34+CK34+CN34+CQ34+CT34+CW34+CZ34+DC34 -> 3790 | DG34: =AS34+AV34+AY34+BB34+BE34+BH34+BK34+BN34+BQ34+BT34+BW34+CC34+CF34+CI34+CL34+CO34+CR34+CU34+CX34+DA34+DD34 -> 2555.2 | DH34: =နေလ!AE19 -> 275 | DI34: =နေလ!AF19 -> 3790 | DJ34: =နေလ!AG19 -> 2555.2 | DK34: =DI34/L34 -> 0.24176393 | DL34: =10/31 -> 0.32258065 | DM34: =DK34-DL34 -> -0.080816714
A35: 32 | B35: မမွှေးမွှေး | C35: Ma Mhwe Mhwe | D35: ကွမ်းခြံကုန်း | E35: Kungyangon | F35: WS | G35: မသဇင်ညွှန့် | H35: Ma Tha Zin Nyunt | I35: 09-266299311 | J35: YNK | K35: 1146.6246 | L35: 16052.745 | AB35: 300 | AC35: 4100 | AD35: 2660 | AQ35: =M35+P35+S35+V35+Y35+AB35+AE35+AH35+AK35+AN35 -> 300 | AR35: =N35+Q35+T35+W35+Z35+AC35+AF35+AI35+AL35+AO35 -> 4100 | AS35: =O35+R35+U35+X35+AA35+AD35+AG35+AJ35+AM35+AP35 -> 2660 | BX35: =AQ35+AT35+AW35+AZ35+BC35+BF35+BI35+BL35+BO35+BR35+BU35 -> 300 | BY35: =AR35+AU35+AX35+BA35+BD35+BG35+BJ35+BM35+BP35+BS35+BV35 -> 4100 | BZ35: =AS35+AV35+AY35+BB35+BE35+BH35+BK35+BN35+BQ35+BT35+BW35 -> 2660 | DE35: =P35+S35+V35+Y35+AB35+AE35+AH35+AK35+AN35+AT35+AW35+AZ35+BC35+BF35+BI35+BL35+BO35+BR35+BU35+CA35+CD35+CG35+CJ35+CM35+CP35+CS35+CV35+CY35+DB35+M35 -> 300 | DF35: =AR35+AU35+AX35+BA35+BD35+BG35+BJ35+BM35+BP35+BS35+BV35+CB35+CE35+CH35+CK35+CN35+CQ35+CT35+CW35+CZ35+DC35 -> 4100 | DG35: =AS35+AV35+AY35+BB35+BE35+BH35+BK35+BN35+BQ35+BT35+BW35+CC35+CF35+CI35+CL35+CO35+CR35+CU35+CX35+DA35+DD35 -> 2660 | DH35: =မမွှေးမွှေး!AE19 -> 300 | DI35: =မမွှေးမွှေး!AF19 -> 4100 | DJ35: =မမွှေးမွှေး!AG19 -> 2660 | DK35: =DI35/L35 -> 0.25540804 | DL35: =10/31 -> 0.32258065 | DM35: =DK35-DL35 -> -0.06717261
A36: 33 | B36: ဆင်မင်း | C36: Sin Min | D36: လှိုင်သာယာ | E36: Hlaing Thar Yar | F36: WS | J36: YNK | K36: 1001.171 | L36: 14016.393 | S36: 155 | T36: 2100 | U36: 1718 | AB36: 150 | AC36: 2100 | AD36: 1344 | AQ36: =M36+P36+S36+V36+Y36+AB36+AE36+AH36+AK36+AN36 -> 305 | AR36: =N36+Q36+T36+W36+Z36+AC36+AF36+AI36+AL36+AO36 -> 4200 | AS36: =O36+R36+U36+X36+AA36+AD36+AG36+AJ36+AM36+AP36 -> 3062 | BX36: =AQ36+AT36+AW36+AZ36+BC36+BF36+BI36+BL36+BO36+BR36+BU36 -> 305 | BY36: =AR36+AU36+AX36+BA36+BD36+BG36+BJ36+BM36+BP36+BS36+BV36 -> 4200 | BZ36: =AS36+AV36+AY36+BB36+BE36+BH36+BK36+BN36+BQ36+BT36+BW36 -> 3062 | DE36: =P36+S36+V36+Y36+AB36+AE36+AH36+AK36+AN36+AT36+AW36+AZ36+BC36+BF36+BI36+BL36+BO36+BR36+BU36+CA36+CD36+CG36+CJ36+CM36+CP36+CS36+CV36+CY36+DB36+M36 -> 305 | DF36: =AR36+AU36+AX36+BA36+BD36+BG36+BJ36+BM36+BP36+BS36+BV36+CB36+CE36+CH36+CK36+CN36+CQ36+CT36+CW36+CZ36+DC36 -> 4200 | DG36: =AS36+AV36+AY36+BB36+BE36+BH36+BK36+BN36+BQ36+BT36+BW36+CC36+CF36+CI36+CL36+CO36+CR36+CU36+CX36+DA36+DD36 -> 3062 | DH36: =ဆင်မင်း!AE20 -> 305 | DI36: =ဆင်မင်း!AF20 -> 4200 | DJ36: =ဆင်မင်း!AG20 -> 3062 | DK36: =DI36/L36 -> 0.29964912 | DL36: =10/31 -> 0.32258065 | DM36: =DK36-DL36 -> -0.022931523
A37: 34 | B37: မာဟန် | C37: Mar Han | D37: မှော်ဘီ | E37: Hmawbi | F37: WS | G37: ဖြူမာဟန် | H37: Phyu Mar Han | I37: 09-5160980 | J37: YNK | K37: 958.57304 | L37: 13420.023 | AQ37: =M37+P37+S37+V37+Y37+AB37+AE37+AH37+AK37+AN37 -> 0 | AR37: =N37+Q37+T37+W37+Z37+AC37+AF37+AI37+AL37+AO37 -> 0 | AS37: =O37+R37+U37+X37+AA37+AD37+AG37+AJ37+AM37+AP37 -> 0 | BX37: =AQ37+AT37+AW37+AZ37+BC37+BF37+BI37+BL37+BO37+BR37+BU37 -> 0 | BY37: =AR37+AU37+AX37+BA37+BD37+BG37+BJ37+BM37+BP37+BS37+BV37 -> 0 | BZ37: =AS37+AV37+AY37+BB37+BE37+BH37+BK37+BN37+BQ37+BT37+BW37 -> 0 | DE37: =P37+S37+V37+Y37+AB37+AE37+AH37+AK37+AN37+AT37+AW37+AZ37+BC37+BF37+BI37+BL37+BO37+BR37+BU37+CA37+CD37+CG37+CJ37+CM37+CP37+CS37+CV37+CY37+DB37+M37 -> 0 | DF37: =AR37+AU37+AX37+BA37+BD37+BG37+BJ37+BM37+BP37+BS37+BV37+CB37+CE37+CH37+CK37+CN37+CQ37+CT37+CW37+CZ37+DC37 -> 0 | DG37: =AS37+AV37+AY37+BB37+BE37+BH37+BK37+BN37+BQ37+BT37+BW37+CC37+CF37+CI37+CL37+CO37+CR37+CU37+CX37+DA37+DD37 -> 0 | DH37: =မာဟန်!AE19 -> 0 | DI37: =မာဟန်!AF19 -> 0 | DJ37: =မာဟန်!AG19 -> 0 | DK37: =DI37/L37 -> 0 | DL37: =10/31 -> 0.32258065 | DM37: =DK37-DL37 -> -0.32258065
A38: 35 | B38: ကောင်းမွန် | C38: Kaung Mon | D38: တိုက်ကြီး | E38: Taikkyi | F38: WS | G38: မယဉ်နွယ်ဦး | H38: Ma Yin Nwal Oo | I38: 09-451311435 | J38: YNK | K38: 1197.2334 | L38: 16761.268 | AB38: 205 | AC38: 2940 | AD38: 1953.2 | AQ38: =M38+P38+S38+V38+Y38+AB38+AE38+AH38+AK38+AN38 -> 205 | AR38: =N38+Q38+T38+W38+Z38+AC38+AF38+AI38+AL38+AO38 -> 2940 | AS38: =O38+R38+U38+X38+AA38+AD38+AG38+AJ38+AM38+AP38 -> 1953.2 | BX38: =AQ38+AT38+AW38+AZ38+BC38+BF38+BI38+BL38+BO38+BR38+BU38 -> 205 | BY38: =AR38+AU38+AX38+BA38+BD38+BG38+BJ38+BM38+BP38+BS38+BV38 -> 2940 | BZ38: =AS38+AV38+AY38+BB38+BE38+BH38+BK38+BN38+BQ38+BT38+BW38 -> 1953.2 | DE38: =P38+S38+V38+Y38+AB38+AE38+AH38+AK38+AN38+AT38+AW38+AZ38+BC38+BF38+BI38+BL38+BO38+BR38+BU38+CA38+CD38+CG38+CJ38+CM38+CP38+CS38+CV38+CY38+DB38+M38 -> 205 | DF38: =AR38+AU38+AX38+BA38+BD38+BG38+BJ38+BM38+BP38+BS38+BV38+CB38+CE38+CH38+CK38+CN38+CQ38+CT38+CW38+CZ38+DC38 -> 2940 | DG38: =AS38+AV38+AY38+BB38+BE38+BH38+BK38+BN38+BQ38+BT38+BW38+CC38+CF38+CI38+CL38+CO38+CR38+CU38+CX38+DA38+DD38 -> 1953.2 | DH38: =ကောင်းမွန်!AE19 -> 205 | DI38: =ကောင်းမွန်!AF19 -> 2940 | DJ38: =ကောင်းမွန်!AG19 -> 1953.2 | DK38: =DI38/L38 -> 0.17540439 | DL38: =10/31 -> 0.32258065 | DM38: =DK38-DL38 -> -0.14717626
A39: 36 | B39: သုခအောင် | C39: Thuka Aung | D39: အင်းစိန် | E39: Insein | F39: WS | G39: မနန်းကေသီ | H39: Ma Nan Kay Thi | I39: 09-790241274 | J39: YNK | K39: 971.49841 | L39: 13600.978 | S39: 45 | T39: 540 | U39: 540 | AB39: 240 | AC39: 3560 | AD39: 2641.6 | AQ39: =M39+P39+S39+V39+Y39+AB39+AE39+AH39+AK39+AN39 -> 285 | AR39: =N39+Q39+T39+W39+Z39+AC39+AF39+AI39+AL39+AO39 -> 4100 | AS39: =O39+R39+U39+X39+AA39+AD39+AG39+AJ39+AM39+AP39 -> 3181.6 | BX39: =AQ39+AT39+AW39+AZ39+BC39+BF39+BI39+BL39+BO39+BR39+BU39 -> 285 | BY39: =AR39+AU39+AX39+BA39+BD39+BG39+BJ39+BM39+BP39+BS39+BV39 -> 4100 | BZ39: =AS39+AV39+AY39+BB39+BE39+BH39+BK39+BN39+BQ39+BT39+BW39 -> 3181.6 | DE39: =P39+S39+V39+Y39+AB39+AE39+AH39+AK39+AN39+AT39+AW39+AZ39+BC39+BF39+BI39+BL39+BO39+BR39+BU39+CA39+CD39+CG39+CJ39+CM39+CP39+CS39+CV39+CY39+DB39+M39 -> 285 | DF39: =AR39+AU39+AX39+BA39+BD39+BG39+BJ39+BM39+BP39+BS39+BV39+CB39+CE39+CH39+CK39+CN39+CQ39+CT39+CW39+CZ39+DC39 -> 4100 | DG39: =AS39+AV39+AY39+BB39+BE39+BH39+BK39+BN39+BQ39+BT39+BW39+CC39+CF39+CI39+CL39+CO39+CR39+CU39+CX39+DA39+DD39 -> 3181.6 | DH39: =သုခအောင်!AE19 -> 285 | DI39: =သုခအောင်!AF19 -> 4100 | DJ39: =သုခအောင်!AG19 -> 3181.6 | DK39: =DI39/L39 -> 0.30144892 | DL39: =10/31 -> 0.32258065 | DM39: =DK39-DL39 -> -0.021131728
A40: 37 | B40: လမင်းသာ | C40: La Min Thar | D40: သမိုင်း | E40: Tha Mine | F40: WS | G40: မခိုင်သင်းကြည် | H40: Ma Khing Thin Kyee | I40: 09-265148552 | J40: YNK | K40: 1083.6056 | L40: 15170.478 | S40: 40 | T40: 500 | U40: 449.6 | Y40: 95 | Z40: 1480 | AA40: 954.8 | AH40: 45 | AI40: 540 | AJ40: 540 | AK40: 40 | AL40: 760 | AM40: 500 | AQ40: =M40+P40+S40+V40+Y40+AB40+AE40+AH40+AK40+AN40 -> 220 | AR40: =N40+Q40+T40+W40+Z40+AC40+AF40+AI40+AL40+AO40 -> 3280 | AS40: =O40+R40+U40+X40+AA40+AD40+AG40+AJ40+AM40+AP40 -> 2444.4 | BX40: =AQ40+AT40+AW40+AZ40+BC40+BF40+BI40+BL40+BO40+BR40+BU40 -> 220 | BY40: =AR40+AU40+AX40+BA40+BD40+BG40+BJ40+BM40+BP40+BS40+BV40 -> 3280 | BZ40: =AS40+AV40+AY40+BB40+BE40+BH40+BK40+BN40+BQ40+BT40+BW40 -> 2444.4 | DE40: =P40+S40+V40+Y40+AB40+AE40+AH40+AK40+AN40+AT40+AW40+AZ40+BC40+BF40+BI40+BL40+BO40+BR40+BU40+CA40+CD40+CG40+CJ40+CM40+CP40+CS40+CV40+CY40+DB40+M40 -> 220 | DF40: =AR40+AU40+AX40+BA40+BD40+BG40+BJ40+BM40+BP40+BS40+BV40+CB40+CE40+CH40+CK40+CN40+CQ40+CT40+CW40+CZ40+DC40 -> 3280 | DG40: =AS40+AV40+AY40+BB40+BE40+BH40+BK40+BN40+BQ40+BT40+BW40+CC40+CF40+CI40+CL40+CO40+CR40+CU40+CX40+DA40+DD40 -> 2444.4 | DH40: =လမင်းသာ!AE24 -> 220 | DI40: =လမင်းသာ!AF24 -> 3280 | DJ40: =လမင်းသာ!AG24 -> 2444.4 | DK40: =DI40/L40 -> 0.21620941 | DL40: =10/31 -> 0.32258065 | DM40: =DK40-DL40 -> -0.10637124
A41: 38 | B41: ဂျက်ကြီး | C41: Jet Gyi | D41: ဒေးဒရဲ | E41: Dedaye | F41: WS | G41: ဦးထိန်းမင်း | H41: U Htine Min | I41: 09-751300943 | J41: YNK | K41: 920.8339 | L41: 12891.675 | AQ41: =M41+P41+S41+V41+Y41+AB41+AE41+AH41+AK41+AN41 -> 0 | AR41: =N41+Q41+T41+W41+Z41+AC41+AF41+AI41+AL41+AO41 -> 0 | AS41: =O41+R41+U41+X41+AA41+AD41+AG41+AJ41+AM41+AP41 -> 0 | BX41: =AQ41+AT41+AW41+AZ41+BC41+BF41+BI41+BL41+BO41+BR41+BU41 -> 0 | BY41: =AR41+AU41+AX41+BA41+BD41+BG41+BJ41+BM41+BP41+BS41+BV41 -> 0 | BZ41: =AS41+AV41+AY41+BB41+BE41+BH41+BK41+BN41+BQ41+BT41+BW41 -> 0 | DE41: =P41+S41+V41+Y41+AB41+AE41+AH41+AK41+AN41+AT41+AW41+AZ41+BC41+BF41+BI41+BL41+BO41+BR41+BU41+CA41+CD41+CG41+CJ41+CM41+CP41+CS41+CV41+CY41+DB41+M41 -> 0 | DF41: =AR41+AU41+AX41+BA41+BD41+BG41+BJ41+BM41+BP41+BS41+BV41+CB41+CE41+CH41+CK41+CN41+CQ41+CT41+CW41+CZ41+DC41 -> 0 | DG41: =AS41+AV41+AY41+BB41+BE41+BH41+BK41+BN41+BQ41+BT41+BW41+CC41+CF41+CI41+CL41+CO41+CR41+CU41+CX41+DA41+DD41 -> 0 | DH41: =ဂျက်ကြီး!AE19 -> 0 | DI41: =ဂျက်ကြီး!AF19 -> 0 | DJ41: =ဂျက်ကြီး!AG19 -> 0 | DK41: =DI41/L41 -> 0 | DL41: =10/31 -> 0.32258065 | DM41: =DK41-DL41 -> -0.32258065
A42: 39 | B42: မိုးမြင့်ထက် | C42: Moe Myint Htet | D42: မြောက်ဒဂုံ | E42: North Dagon | F42: WS | J42: YNK | K42: 437.38739 | L42: 6123.4234 | AQ42: =M42+P42+S42+V42+Y42+AB42+AE42+AH42+AK42+AN42 -> 0 | AR42: =N42+Q42+T42+W42+Z42+AC42+AF42+AI42+AL42+AO42 -> 0 | AS42: =O42+R42+U42+X42+AA42+AD42+AG42+AJ42+AM42+AP42 -> 0 | BX42: =AQ42+AT42+AW42+AZ42+BC42+BF42+BI42+BL42+BO42+BR42+BU42 -> 0 | BY42: =AR42+AU42+AX42+BA42+BD42+BG42+BJ42+BM42+BP42+BS42+BV42 -> 0 | BZ42: =AS42+AV42+AY42+BB42+BE42+BH42+BK42+BN42+BQ42+BT42+BW42 -> 0 | DE42: =P42+S42+V42+Y42+AB42+AE42+AH42+AK42+AN42+AT42+AW42+AZ42+BC42+BF42+BI42+BL42+BO42+BR42+BU42+CA42+CD42+CG42+CJ42+CM42+CP42+CS42+CV42+CY42+DB42+M42 -> 0 | DF42: =AR42+AU42+AX42+BA42+BD42+BG42+BJ42+BM42+BP42+BS42+BV42+CB42+CE42+CH42+CK42+CN42+CQ42+CT42+CW42+CZ42+DC42 -> 0 | DG42: =AS42+AV42+AY42+BB42+BE42+BH42+BK42+BN42+BQ42+BT42+BW42+CC42+CF42+CI42+CL42+CO42+CR42+CU42+CX42+DA42+DD42 -> 0 | DH42: =မိုးမြင့်ထက်!AE19 -> 0 | DI42: =မိုးမြင့်ထက်!AF19 -> 0 | DJ42: =မိုးမြင့်ထက်!AG19 -> 0 | DK42: =DI42/L42 -> 0 | DL42: =10/31 -> 0.32258065 | DM42: =DK42-DL42 -> -0.32258065
A43: 40 | B43: အောင်ချမ်းသာ | C43: Aung Chan Thar | D43: ကွမ်းခြံကုန်း | E43: Kungyangon | F43: WS | G43: ဒေါ်ဆုမွန်အောင် | H43: Daw Su Mon Aung | I43: 09-777177702 | J43: YNK | K43: 966.65541 | L43: 13533.176 | AQ43: =M43+P43+S43+V43+Y43+AB43+AE43+AH43+AK43+AN43 -> 0 | AR43: =N43+Q43+T43+W43+Z43+AC43+AF43+AI43+AL43+AO43 -> 0 | AS43: =O43+R43+U43+X43+AA43+AD43+AG43+AJ43+AM43+AP43 -> 0 | BX43: =AQ43+AT43+AW43+AZ43+BC43+BF43+BI43+BL43+BO43+BR43+BU43 -> 0 | BY43: =AR43+AU43+AX43+BA43+BD43+BG43+BJ43+BM43+BP43+BS43+BV43 -> 0 | BZ43: =AS43+AV43+AY43+BB43+BE43+BH43+BK43+BN43+BQ43+BT43+BW43 -> 0 | DE43: =P43+S43+V43+Y43+AB43+AE43+AH43+AK43+AN43+AT43+AW43+AZ43+BC43+BF43+BI43+BL43+BO43+BR43+BU43+CA43+CD43+CG43+CJ43+CM43+CP43+CS43+CV43+CY43+DB43+M43 -> 0 | DF43: =AR43+AU43+AX43+BA43+BD43+BG43+BJ43+BM43+BP43+BS43+BV43+CB43+CE43+CH43+CK43+CN43+CQ43+CT43+CW43+CZ43+DC43 -> 0 | DG43: =AS43+AV43+AY43+BB43+BE43+BH43+BK43+BN43+BQ43+BT43+BW43+CC43+CF43+CI43+CL43+CO43+CR43+CU43+CX43+DA43+DD43 -> 0 | DH43: ='အောင်ချမ်းသာ '!AE19 -> 0 | DI43: ='အောင်ချမ်းသာ '!AF19 -> 0 | DJ43: ='အောင်ချမ်းသာ '!AG19 -> 0 | DK43: =DI43/L43 -> 0 | DL43: =10/31 -> 0.32258065 | DM43: =DK43-DL43 -> -0.32258065
A44: 41 | B44: အောင်ပြည့်စုံ | C44: Aung Pyae Sone | D44: ခရမ်း | E44: Khayan | F44: WS | G44: ဦးအောင်ဇော်မိုး | H44: U Aung Zaw Moe | I44: 09-797947488 | J44: YNK | K44: 811.7947 | L44: 11365.126 | AH44: 470 | AI44: 5780 | AJ44: 5427.2 | AQ44: =M44+P44+S44+V44+Y44+AB44+AE44+AH44+AK44+AN44 -> 470 | AR44: =N44+Q44+T44+W44+Z44+AC44+AF44+AI44+AL44+AO44 -> 5780 | AS44: =O44+R44+U44+X44+AA44+AD44+AG44+AJ44+AM44+AP44 -> 5427.2 | BX44: =AQ44+AT44+AW44+AZ44+BC44+BF44+BI44+BL44+BO44+BR44+BU44 -> 470 | BY44: =AR44+AU44+AX44+BA44+BD44+BG44+BJ44+BM44+BP44+BS44+BV44 -> 5780 | BZ44: =AS44+AV44+AY44+BB44+BE44+BH44+BK44+BN44+BQ44+BT44+BW44 -> 5427.2 | DE44: =P44+S44+V44+Y44+AB44+AE44+AH44+AK44+AN44+AT44+AW44+AZ44+BC44+BF44+BI44+BL44+BO44+BR44+BU44+CA44+CD44+CG44+CJ44+CM44+CP44+CS44+CV44+CY44+DB44+M44 -> 470 | DF44: =AR44+AU44+AX44+BA44+BD44+BG44+BJ44+BM44+BP44+BS44+BV44+CB44+CE44+CH44+CK44+CN44+CQ44+CT44+CW44+CZ44+DC44 -> 5780 | DG44: =AS44+AV44+AY44+BB44+BE44+BH44+BK44+BN44+BQ44+BT44+BW44+CC44+CF44+CI44+CL44+CO44+CR44+CU44+CX44+DA44+DD44 -> 5427.2 | DH44: =အောင်ပြည့်စုံ!AE19 -> 470 | DI44: =အောင်ပြည့်စုံ!AF19 -> 5780 | DJ44: =အောင်ပြည့်စုံ!AG19 -> 5427.2 | DK44: =DI44/L44 -> 0.50857334 | DL44: =10/31 -> 0.32258065 | DM44: =DK44-DL44 -> 0.18599269
B45: Total | K45: =SUM(K4:K44) -> 151649.84 | L45: =SUM(L4:L44) -> 2123102.4 | M45: =SUM(M4:M44) -> 3376 | N45: =SUM(N4:N44) -> 47672 | O45: =SUM(O4:O44) -> 37258.8 | P45: =SUM(P4:P44) -> 0 | Q45: =SUM(Q4:Q44) -> 0 | R45: =SUM(R4:R44) -> 0 | ... DJ45: =SUM(DJ4:DJ44) -> 345528.64 | DK45: =DI45/L45 -> 0.21924237 | DL45: =10/31 -> 0.32258065 | DM45: =DK45-DL45 -> -0.10333828

Sheet Ws + Van Debtor YGN 
A1: လမ်းသစ်အရောင်းဆိုင်(ရန်ကုန်)၏ 10.1.2024 နေ့ ကုန်သည်ကြွေးစာရင်း
B2: အမည် | C2: လိပ်စာ | D2: ဖုန်းနံပါတ် | E2: တာဝန်ခံအမည် | F2: Vou: Date | G2: Today | H2: Period | I2: Vr.No | J2: BE | K2: Whisky | L2: Formula | M2: OP | N2: Care+ | O2: Total Amount | P2: မှတ်ချက်
A3: 1 | B3: မြတ်မွေး | C3: မ/ဥ | F3: 45654 | G3: =TODAY() -> 46102 | H3: =DATEDIF(F3,G3,"M")&"-Months" -> 14-Months | I3: 72673 | J3: 14000 | O3: =J3+K3+L3 -> 14000
A4: 2 | B4: မြတ်မွေး | C4: မ/ဥ | F4: 45656 | G4: =TODAY() -> 46102 | H4: =DATEDIF(F4,G4,"M")&"-Months" -> 14-Months | I4: 72677 | J4: 14000 | O4: =J4+K4+L4 -> 14000
A5: 3 | B5: မြတ်မွေး | C5: မ/ဥ | F5: 45657 | G5: =TODAY() -> 46102 | H5: =DATEDIF(F5,G5,"M")&"-Months" -> 14-Months | I5: 72628 | J5: 18000 | O5: =J5+K5+L5 -> 18000
A6: 4 | B6: မြတ်မွေး | C6: မ/ဥ | F6: 45659 | G6: =TODAY() -> 46102 | H6: =DATEDIF(F6,G6,"M")&"-Months" -> 14-Months | I6: 72385 | J6: 14000 | O6: =J6+K6+L6 -> 14000
A7: 5 | B7: မြတ်မွေး | C7: မ/ဥ | F7: 45659 | G7: =TODAY() -> 46102 | H7: =DATEDIF(F7,G7,"M")&"-Months" -> 14-Months | I7: 72494 | J7: 11700 | O7: =J7+K7+L7 -> 11700
A8: 6 | B8: မြတ်မွေး | C8: မ/ဥ | F8: 45660 | G8: =TODAY() -> 46102 | H8: =DATEDIF(F8,G8,"M")&"-Months" -> 14-Months | I8: 78851 | J8: 10000 | O8: =J8+K8+L8 -> 10000
A9: 7 | B9: မြတ်မွေး | C9: မ/ဥ | F9: 45661 | G9: =TODAY() -> 46102 | H9: =DATEDIF(F9,G9,"M")&"-Months" -> 14-Months | I9: 72643 | J9: 6000 | O9: =J9+K9+L9 -> 6000
A10: 8 | B10: မြတ်မွေး | C10: မ/ဥ | F10: 45661 | G10: =TODAY() -> 46102 | H10: =DATEDIF(F10,G10,"M")&"-Months" -> 14-Months | I10: 72644 | J10: 7700 | O10: =J10+K10+L10 -> 7700
A11: 9 | B11: မြတ်မွေး | C11: မ/ဥ | F11: 45663 | G11: =TODAY() -> 46102 | H11: =DATEDIF(F11,G11,"M")&"-Months" -> 14-Months | I11: 72725 | J11: 15000 | O11: =J11+K11+L11 -> 15000
A12: 10 | B12: မြတ်မွေး | C12: မ/ဥ | F12: 45664 | G12: =TODAY() -> 46102 | H12: =DATEDIF(F12,G12,"M")&"-Months" -> 14-Months | I12: 72694 | J12: 10000 | O12: =J12+K12+L12 -> 10000
A13: 11 | B13: မြတ်မွေး | C13: မ/ဥ | F13: 45665 | G13: =TODAY() -> 46102 | H13: =DATEDIF(F13,G13,"M")&"-Months" -> 14-Months | I13: 80051 | J13: 14500 | O13: =J13+K13+L13 -> 14500
A14: 12 | B14: မြတ်မွေး | C14: မ/ဥ | F14: 45666 | G14: =TODAY() -> 46102 | H14: =DATEDIF(F14,G14,"M")&"-Months" -> 14-Months | I14: 79011 | J14: 12000 | O14: =J14+K14+L14 -> 12000
... A28: 26 | B28: သော်တာထွန်း | C28: လှိုင်သာယာ | F28: 45665 | G28: =TODAY() -> 46102 | H28: =DATEDIF(F28,G28,"M")&"-Months" -> 14-Months | I28: 000733 | J28: 11860000 | O28: =J28+K28+L28 -> 11860000
A29: 27 | B29: ဦးတင်အေး | C29: မှော်ဘီ | F29: 45664 | G29: =TODAY() -> 46102 | H29: =DATEDIF(F29,G29,"M")&"-Months" -> 14-Months | I29: 000708 | J29: 4330000 | O29: =J29+K29+L29 -> 4330000 | R29: =J32+J43+J33+J34+J35 -> 37431400
A30: 28 | B30: ဦးတင်အေး | C30: မှော်ဘီ | F30: 45666 | G30: =TODAY() -> 46102 | H30: =DATEDIF(F30,G30,"M")&"-Months" -> 14-Months | I30: 000802 | J30: 4330000 | O30: =J30+K30+L30 -> 4330000
A31: 29 | B31: သုခအောင် | C31: အင်းစိန် | F31: 45664 | G31: =TODAY() -> 46102 | H31: 0-Months | I31: 78957 | J31: 4425200 | O31: =J31+K31+L31 -> 4425200 | Q31: =O3+O4+O5+O16+O17+O18+O19+O29+O30+O31+O50 -> 76309600
A32: 30 | B32: ဦးအိရွှေ | C32: တွံ့တေး | F32: 45321 | G32: =TODAY() -> 46102 | H32: =DATEDIF(F32,G32,"M")&"-Months" -> 25-Months | I32: 19493 | J32: 7475000 | O32: =J32+K32+L32 -> 7475000 | P32: ပစ္စည်းများဖမ်းခံထားရပါသည်။
A33: 31 | B33: ဘောဂ | C33: သန်လျင် | F33: 45667 | G33: =TODAY() -> 46102 | H33: =DATEDIF(F33,G33,"M")&"-Months" -> 14-Months | I33: 000807 | J33: 10182000 | O33: =J33+K33+L33 -> 10182000
A34: 32 | B34: မပို့မချို | C34: ပလာဇာ | F34: 45664 | G34: =TODAY() -> 46102 | H34: =DATEDIF(F34,G34,"M")&"-Months" -> 14-Months | I34: 000726 | J34: 9455200 | O34: =J34+K34+L34 -> 9455200
A35: 33 | B35: မပို့မချို | C35: ပလာဇာ | F35: 45667 | G35: =TODAY() -> 46102 | H35: =DATEDIF(F35,G35,"M")&"-Months" -> 14-Months | I35: 000820 | J35: 9697200 | O35: =J35+K35+L35 -> 9697200 | R35: =150748100+O50 -> 165286100
A36: 34 | B36: တော်ဝင် | C36: ကြည်မြင့်တိုင် | F36: 45663 | G36: =TODAY() -> 46102 | H36: =DATEDIF(F36,G36,"M")&"-Months" -> 14-Months | I36: 000700 | J36: 4145200 | O36: =J36+K36+L36 -> 4145200
A37: 35 | B37: တော်ဝင် | C37: ကြည်မြင့်တိုင် | F37: 45667 | G37: =TODAY() -> 46102 | H37: =DATEDIF(F37,G37,"M")&"-Months" -> 14-Months | I37: 72733 | J37: 4628000 | O37: =J37+K37+L37 -> 4628000
A38: 36 | B38: မသီတာ | C38: သာကေတ | F38: 45656 | G38: =TODAY() -> 46102 | H38: =DATEDIF(F38,G38,"M")&"-Months" -> 14-Months | I38: 000565 | J38: 565600 | O38: =J38+K38+L38 -> 565600
A39: 37 | B39: မသီတာ | C39: သာကေတ | F39: 45656 | G39: =TODAY() -> 46102 | H39: =DATEDIF(F39,G39,"M")&"-Months" -> 14-Months | I39: 000564 | J39: 9058200 | O39: =J39+K39+L39 -> 9058200 | R39: =55206400+J47+J115+L47 -> 60041223
B40: Whole Sales Total | J40: =SUM(J3:J39) -> 205954500 | K40: =SUM(K3:K39) -> 0 | O40: =J40+K40+L40 -> 205954500
A42: 1 | B42: sweet world | C42: ပလာဇာ | F42: 44813 | G42: =TODAY() -> 46102 | H42: =DATEDIF(F42,G42,"M")&"-Months" -> 42-Months | I42: 108974 | L42: 300000 | O42: =J42+K42+L42 -> 300000 | P42: ရုံးမှ လက်ဆောင်ပေး
A43: 2 | B43: ဦးလွင်သိန်း | C43: သာကေတ | F43: 45661 | G43: =TODAY() -> 46102 | H43: =DATEDIF(F43,G43,"M")&"-Months" -> 14-Months | I43: 72349 | J43: 622000 | O43: =J43+K43+L43 -> 622000
A44: 3 | B44: ရွှေဖလား | C44: သာကေတ | F44: 45667 | G44: =TODAY() -> 46102 | H44: =DATEDIF(F44,G44,"M")&"-Months" -> 14-Months | I44: 80058 | J44: 261000 | O44: =J44+K44+L44 -> 261000
A45: 4 | B45: မိသားစု | C45: လှည်းကူး | F45: 45659 | G45: =TODAY() -> 46102 | H45: =DATEDIF(F45,G45,"M")&"-Months" -> 14-Months | I45: 72388 | J45: 1684600 | O45: =J45+K45+L45 -> 1684600 | Q45: =J32+J33+J34+J39+O47+J115 -> 41005223
A46: 5 | B46: မိသားစု | C46: လှည်းကူး | F46: 45665 | G46: =TODAY() -> 46102 | H46: =DATEDIF(F46,G46,"M")&"-Months" -> 14-Months | I46: 80204 | J46: 87500 | O46: =J46+K46+L46 -> 87500
B47: Semi Whole Sales Total | J47: =SUM(J42:J46) -> 2655100 | L47: =SUM(L42:L45) -> 300000 | O47: =J47+K47+L47 -> 2955100
A49: 1 | B49: ဦးဝင်းမြင့် | C49: ၆မိုင်ခွဲ | F49: 45579 | G49: =TODAY() -> 46102 | H49: =DATEDIF(F49,G49,"M")&"-Months" -> 17-Months | I49: 51661 | J49: 14538000 | O49: =J49+K49+L49 -> 14538000
B50: ဦးဝင်းမြင့် Total | J50: =SUM(J49:J49) -> 14538000 | O50: =J50+K50+L50 -> 14538000
O51: =J51+K51+L51 -> 0
A52: 1 | B52: Ruby Mart | C52: ပန်းဆိုးတန်း | F52: 44076 | G52: =TODAY() -> 46102 | H52: =DATEDIF(F52,G52,"M")&"-Months" -> 66-Months | I52: 87291 | J52: 80251 | K52: 56986 | O52: =J52+K52+L52 -> 137237 | P52: မီးလောင်သွား
A53: 2 | B53: Capital | C53: သာကေတ | F53: 45581 | G53: =TODAY() -> 46102 | H53: =DATEDIF(F53,G53,"M")&"-Months" -> 17-Months | I53: 00318 | K53: 248640 | O53: =J53+K53+L53 -> 248640
A54: 3 | B54: Gandmar Wholsale | C54: မရမ်းကုန်း | F54: 44473 | G54: =TODAY() -> 46102 | H54: =DATEDIF(F54,G54,"M")&"-Months" -> 53-Months | I54: 50060 | J54: 28717 | K54: 49406 | O54: =J54+K54+L54 -> 78123 | P54: မီးလောင်သွား
A55: 4 | B55: Easy Mart | C55: Ygn | F55: 45640 | G55: =TODAY() -> 46102 | H55: =DATEDIF(F55,G55,"M")&"-Months" -> 15-Months | I55: 00361 | K55: 283200 | O55: =J55+K55+L55 -> 283200
A56: 5 | B56: Family Super market | C56: တ/ဒဂုံ | F56: 45616 | G56: =TODAY() -> 46102 | H56: =DATEDIF(F56,G56,"M")&"-Months" -> 16-Months | I56: 00350 | K56: 83808 | O56: =J56+K56+L56 -> 83808
A57: 6 | B57: One Stop Mart | C57: သာကေတ | F57: 45575 | G57: =TODAY() -> 46102 | H57: =DATEDIF(F57,G57,"M")&"-Months" -> 17-Months | I57: 00315 | K57: 49020 | O57: =J57+K57+L57 -> 49020
A58: 7 | B58: One Stop Mart | C58: သာကေတ | F58: 45575 | G58: =TODAY() -> 46102 | H58: =DATEDIF(F58,G58,"M")&"-Months" -> 17-Months | I58: 00316 | K58: 49020 | O58: =J58+K58+L58 -> 49020
A59: 8 | B59: One Stop Mart | C59: သာကေတ | F59: 45580 | G59: =TODAY() -> 46102 | H59: =DATEDIF(F59,G59,"M")&"-Months" -> 17-Months | I59: 00320 | K59: 24510 | O59: =J59+K59+L59 -> 24510
A60: 9 | B60: Family Super market | C60: တ/ဒဂုံ | F60: 45628 | G60: =TODAY() -> 46102 | H60: =DATEDIF(F60,G60,"M")&"-Months" -> 15-Months | I60: 00354 | L60: 48888 | O60: =J60+K60+L60 -> 48888
A61: 10 | B61: Super One | C61: ရွှေဘုံသာ | F61: 45650 | G61: =TODAY() -> 46102 | H61: =DATEDIF(F61,G61,"M")&"-Months" -> 14-Months | I61: 72139 | J61: 102312 | O61: =J61+K61+L61 -> 102312
A62: 11 | B62: ABC | C62: တ/ဥ | F62: 45247 | G62: =TODAY() -> 46102 | H62: =DATEDIF(F62,G62,"M")&"-Months" -> 28-Months | I62: 00082 | J62: 51300 | O62: =J62+K62+L62 -> 51300 | P62: ကြွေးကောက်သည် မပေးသေးပါ
A63: 12 | B63: ABC | C63: တ/ဥ | F63: 45253 | G63: =TODAY() -> 46102 | H63: =DATEDIF(F63,G63,"M")&"-Months" -> 27-Months | I63: 00089 | J63: 51300 | O63: =J63+K63+L63 -> 51300 | P63: ကြွေးကောက်သည် မပေးသေးပါ
A64: 13 | B64: ABC | C64: တ/ဥ | F64: 45260 | G64: =TODAY() -> 46102 | H64: =DATEDIF(F64,G64,"M")&"-Months" -> 27-Months | I64: 00091 | J64: 34200 | O64: =J64+K64+L64 -> 34200 | P64: ကြွေးကောက်သည် မပေးသေးပါ
A65: 14 | B65: ABC | C65: တ/ဥ | F65: 45442 | G65: =TODAY() -> 46102 | H65: =DATEDIF(F65,G65,"M")&"-Months" -> 21-Months | I65: 00217 | J65: 342000 | O65: =J65+K65+L65 -> 342000 | P65: ကြွေးကောက်သည် မပေးသေးပါ
A66: 15 | B66: ABC | C66: တ/ဥ | F66: 45444 | G66: =TODAY() -> 46102 | H66: =DATEDIF(F66,G66,"M")&"-Months" -> 21-Months | I66: 00216 | J66: 957600 | O66: =J66+K66+L66 -> 957600 | P66: ကြွေးကောက်သည် မပေးသေးပါ
A67: 16 | B67: ABC | C67: တ/ဥ | F67: 45457 | G67: =TODAY() -> 46102 | H67: =DATEDIF(F67,G67,"M")&"-Months" -> 21-Months | I67: 00232 | J67: 127680 | O67: =J67+K67+L67 -> 127680 | P67: ကြွေးကောက်သည် မပေးသေးပါ
A68: 17 | B68: ABC | C68: တ/ဥ | F68: 45457 | G68: =TODAY() -> 46102 | H68: =DATEDIF(F68,G68,"M")&"-Months" -> 21-Months | I68: 00231 | J68: 19380 | O68: =J68+K68+L68 -> 19380 | P68: ကြွေးကောက်သည် မပေးသေးပါ
A69: 18 | B69: ABC | C69: တ/ဥ | F69: 45470 | G69: =TODAY() -> 46102 | H69: =DATEDIF(F69,G69,"M")&"-Months" -> 20-Months | I69: 00234 | J69: 287280 | O69: =J69+K69+L69 -> 287280 | P69: ကြွေးကောက်သည် မပေးသေးပါ
A70: 19 | B70: ABC | C70: တ/ဥ | F70: 45470 | G70: =TODAY() -> 46102 | H70: =DATEDIF(F70,G70,"M")&"-Months" -> 20-Months | I70: 00325 | J70: 19380 | O70: =J70+K70+L70 -> 19380 | P70: ကြွေးကောက်သည် မပေးသေးပါ
A71: 20 | B71: One Stop Mart | C71: သာကေတ | F71: 45575 | G71: =TODAY() -> 46102 | H71: =DATEDIF(F71,G71,"M")&"-Months" -> 17-Months | I71: 00315 | J71: 13110 | O71: =J71+K71+L71 -> 13110
A72: 21 | B72: One Stop Mart | C72: သာကေတ | F72: 45575 | G72: =TODAY() -> 46102 | H72: =DATEDIF(F72,G72,"M")&"-Months" -> 17-Months | I72: 00316 | J72: 13110 | O72: =J72+K72+L72 -> 13110
A73: 22 | B73: One Stop Mart | C73: သာကေတ | F73: 45581 | G73: =TODAY() -> 46102 | H73: =DATEDIF(F73,G73,"M")&"-Months" -> 17-Months | I73: 00321 | J73: 13110 | O73: =J73+K73+L73 -> 13110
A74: 23 | B74: One Stop Mart | C74: သာကေတ | F74: 45587 | G74: =TODAY() -> 46102 | H74: =DATEDIF(F74,G74,"M")&"-Months" -> 16-Months | I74: 00323 | J74: 13110 | O74: =J74+K74+L74 -> 13110
A75: 24 | B75: One Stop Mart | C75: သာကေတ | F75: 45588 | G75: =TODAY() -> 46102 | H75: =DATEDIF(F75,G75,"M")&"-Months" -> 16-Months | I75: 00324 | J75: 546480 | O75: =J75+K75+L75 -> 546480
A76: 25 | B76: One Stop Mart | C76: သာကေတ | F76: 45590 | G76: =TODAY() -> 46102 | H76: =DATEDIF(F76,G76,"M")&"-Months" -> 16-Months | I76: 00326 | J76: 13110 | O76: =J76+K76+L76 -> 13110
A77: 26 | B77: One Stop Mart | C77: သာကေတ | F77: 45590 | G77: =TODAY() -> 46102 | H77: =DATEDIF(F77,G77,"M")&"-Months" -> 16-Months | I77: 00327 | J77: 13110 | O77: =J77+K77+L77 -> 13110
A78: 27 | B78: One Stop Mart | C78: သာကေတ | F78: 45590 | G78: =TODAY() -> 46102 | H78: =DATEDIF(F78,G78,"M")&"-Months" -> 16-Months | I78: 00328 | J78: 13110 | O78: =J78+K78+L78 -> 13110
A79: 28 | B79: One Stop Mart | C79: သာကေတ | F79: 45590 | G79: =TODAY() -> 46102 | H79: =DATEDIF(F79,G79,"M")&"-Months" -> 16-Months | I79: 00329 | J79: 13110 | O79: =J79+K79+L79 -> 13110
A80: 29 | B80: One Stop Mart | C80: သာကေတ | F80: 45590 | G80: =TODAY() -> 46102 | H80: =DATEDIF(F80,G80,"M")&"-Months" -> 16-Months | I80: 00330 | J80: 13110 | O80: =J80+K80+L80 -> 13110
A81: 30 | B81: One Stop Mart | C81: သာကေတ | F81: 45590 | G81: =TODAY() -> 46102 | H81: =DATEDIF(F81,G81,"M")&"-Months" -> 16-Months | I81: 00331 | J81: 13110 | O81: =J81+K81+L81 -> 13110
A82: 31 | B82: One Stop Mart | C82: သာကေတ | F82: 45594 | G82: =TODAY() -> 46102 | H82: =DATEDIF(F82,G82,"M")&"-Months" -> 16-Months | I82: 00334 | J82: 13110 | O82: =J82+K82+L82 -> 13110
... A107: 56 | B107: One Stop Mart | C107: သာကေတ | F107: 45652 | G107: =TODAY() -> 46102 | H107: =DATEDIF(F107,G107,"M")&"-Months" -> 14-Months | I107: 000372 | J107: 28500 | O107: =J107+K107+L107 -> 28500
B108: Super market Total | J108: =SUM(J52:J107) -> 6908270 | K108: =SUM(K52:K96) -> 844590 | L108: =SUM(L52:L96) -> 48888 | M108: =SUM(M52:M96) -> 0 | N108: =SUM(N52:N96) -> 0 | O108: =SUM(O52:O107) -> 7801748 | Q108: =J108+L108 -> 6957158
A110: 1 | B110: နောင်နောင်ထွန်း | C110: အင်းစိန် | F110: 44716 | G110: =TODAY() -> 46102 | H110: =DATEDIF(F110,G110,"M")&"-Months" -> 45-Months | I110: 26490 | J110: 10520 | O110: =J110+K110+L110 -> 10520 | P110: အလုပ်ထွက်
A111: 2 | B111: နောင်နောင်ထွန်း | C111: အင်းစိန် | F111: 44716 | G111: =TODAY() -> 46102 | H111: =DATEDIF(F111,G111,"M")&"-Months" -> 45-Months | I111: 26489 | K111: 96025 | O111: =J111+K111+L111 -> 96025 | P111: အလုပ်ထွက်
A112: 3 | B112: နောင်နောင်ထွန်း | C112: အင်းစိန် | F112: 44716 | G112: =TODAY() -> 46102 | H112: =DATEDIF(F112,G112,"M")&"-Months" -> 45-Months | I112: 26491 | K112: 16200 | O112: =J112+K112+L112 -> 16200 | P112: အလုပ်ထွက်
A113: 4 | B113: ကိုမျိုး | C113: မ/ဥ | F113: 44088 | G113: =TODAY() -> 46102 | H113: =DATEDIF(F113,G113,"M")&"-Months" -> 66-Months | I113: 97006 | J113: 1869203 | O113: =J113+K113+L113 -> 1869203 | P113: ဆိုင်ပိတ်ထားသည်။
A114: 5 | B114: ကိုစိုးနိူင် | C114: ဆိပ်ကြီး | F114: 44297 | G114: =TODAY() -> 46102 | H114: =DATEDIF(F114,G114,"M")&"-Months" -> 59-Months | I114: 19204 | K114: 160200 | O114: =J114+K114+L114 -> 160200 | P114: ဆိုင်ပိတ်ထားသည်။
B115: ကြွေးကြာ လက်ကျန် | J115: =SUM(J110:J114) -> 1879723 | K115: =SUM(K110:K114) -> 272425 | O115: =J115+K115+L115 -> 2152148
E116: 9H/7964 | O116: =SUM(J116:N116) -> 0
A117: 1 | B117: ရွှေအိုး | C117: ရွှေပြည်သာ | E117: Zaw Kyi Lwin | F117: 45633 | G117: =TODAY() -> 46102 | H117: =DATEDIF(F117,G117,"M")&"-Months" -> 15-Months | I117: 73216 | J117: 17400 | O117: =SUM(J117:N117) -> 17400
A118: 2 | B118: Mother House | C118: တိုက်ကြီး | F118: 45579 | G118: =TODAY() -> 46102 | H118: =DATEDIF(F118,G118,"M")&"-Months" -> 17-Months | I118: 61267 | J118: 261000 | O118: =SUM(J118:N118) -> 261000
A119: 3 | B119: Zaw Kyi Lwin/Hein Thiha | C119: တိုက်ကြီး | F119: 45618 | G119: =TODAY() -> 46102 | H119: =DATEDIF(F119,G119,"M")&"-Months" -> 15-Months | I119: 67651 | J119: 228400 | O119: =SUM(J119:N119) -> 228400
E120: 9H/7964 Total | J120: =SUM(J117:J119) -> 506800 | K120: =SUM(K117:K119) -> 0 | L120: =SUM(L117:L119) -> 0 | M120: =SUM(M117:M119) -> 0 | N120: =SUM(N117:N119) -> 0 | O120: =SUM(O117:O119) -> 506800 | Q120: =J120+J124+L124+J129+L134+J138+J149+L149+L155+J169+L169+J174 -> 3297230
E121: 3R/3365 | O121: =SUM(J121:N121) -> 0
A122: 1 | B122: ရိူင်းရာဇာ | C122: ထန်းတပင် | E122: Thant zin Htwe | F122: 45572 | G122: =TODAY() -> 46102 | H122: =DATEDIF(F122,G122,"M")&"-Months" -> 17-Months | I122: 61256 | J122: 81000 | O122: =SUM(J122:N122) -> 81000
A123: 2 | B123: Thant zin Htwe | C123: ထန်းတပင် | F123: 45618 | G123: =TODAY() -> 46102 | H123: =DATEDIF(F123,G123,"M")&"-Months" -> 15-Months | I123: 67652 | J123: 298130 | O123: =SUM(J123:N123) -> 298130
E124: 3R/3365 Total | J124: =SUM(J122:J123) -> 379130 | K124: =SUM(K122:K123) -> 0 | L124: =SUM(L122:L123) -> 0 | M124: =SUM(M122:M123) -> 0 | N124: =SUM(N122:N123) -> 0 | O124: =SUM(O122:O123) -> 379130 | Q124: =K138+K134 -> 450380
E125: 9H/7192 | O125: =SUM(J125:N125) -> 0
A126: 1 | B126: ဦးအေးမြင့် | C126: ထောက်ကြန့် | E126: Zay Yar Phyo | F126: 45574 | G126: =TODAY() -> 46102 | H126: =DATEDIF(F126,G126,"M")&"-Months" -> 17-Months | I126: 61261 | J126: 261000 | O126: =SUM(J126:N126) -> 261000
A127: 2 | B127: ကိုညီညီ | C127: ဖောင်ကြီး | F127: 45584 | G127: =TODAY() -> 46102 | H127: =DATEDIF(F127,G127,"M")&"-Months" -> 17-Months | I127: 61271 | J127: 261000 | O127: =SUM(J127:N127) -> 261000
A128: 3 | B128: 5 star | C128: ထောက်ကြန့် | F128: 45574 | G128: =TODAY() -> 46102 | H128: =DATEDIF(F128,G128,"M")&"-Months" -> 17-Months | I128: 61262 | J128: 261000 | O128: =SUM(J128:N128) -> 261000
E129: 9H/7192 Total | J129: =SUM(J126:J128) -> 783000 | K129: =SUM(K126:K128) -> 0 | L129: =SUM(L126:L128) -> 0 | M129: =SUM(M126:M128) -> 0 | N129: =SUM(N126:N128) -> 0 | O129: =SUM(O126:O128) -> 783000
O130: =SUM(J130:N130) -> 0
A131: 1 | B131: အချစ်ရွာ | C131: မ/ဒဂုံ | D131: 09- | E131: Ko Tun Wanna | F131: 43838 | G131: =TODAY() -> 46102 | H131: =DATEDIF(F131,G131,"M")&"-Months" -> 74-Months | I131: 75886 | K131: 30180 | O131: =SUM(J131:N131) -> 30180 | P131: ဆိုင်ပိတ်ထားသည်။
A132: 2 | B132: ရောင်ဇင်ထွန်း | C132: မ/ဒဂုံ | F132: 45356 | G132: =TODAY() -> 46102 | H132: =DATEDIF(F132,G132,"M")&"-Months" -> 24-Months | I132: 019140 | K132: 420200 | O132: =SUM(J132:N132) -> 420200 | P132: လစဉ် သွင်းငွေ ရှိသည်။
A133: 3 | B133: King | C133: မ/ဒဂုံ | F133: 45223 | G133: =TODAY() -> 46102 | H133: =DATEDIF(F133,G133,"M")&"-Months" -> 28-Months | L133: 38400 | O133: =SUM(J133:N133) -> 38400 | P133: ဆိုင်ပိတ်ထားသည်။
E134: 6Q/5315 Total | J134: =SUM(J131:J133) -> 0 | K134: =SUM(K131:K133) -> 450380 | L134: =SUM(L131:L133) -> 38400 | M134: =SUM(M131:M133) -> 0 | N134: =SUM(N131:N133) -> 0 | O134: =SUM(O131:O133) -> 488780
E135: 4R/1851 | O135: =SUM(J135:N135) -> 0 | Q135: =K134+K40 -> 450380
A136: 1 | B136: ဦးလှဆွေ | C136: တ/ဒဂုံ | E136: Zay Paing Phyo | F136: 45573 | G136: =TODAY() -> 46102 | H136: =DATEDIF(F136,G136,"M")&"-Months" -> 17-Months | I136: 61260 | J136: 174000 | O136: =SUM(J136:N136) -> 174000
A137: 2 | B137: ကိုဇော်ဦး | C137: တ/ဒဂုံ | F137: 45580 | G137: =TODAY() -> 46102 | H137: =DATEDIF(F137,G137,"M")&"-Months" -> 17-Months | I137: 61270 | J137: 87000 | O137: =SUM(J137:N137) -> 87000
E138: 4R/1851 Total | J138: =SUM(J136:J137) -> 261000 | K138: =SUM(K136:K137) -> 0 | L138: =SUM(L136:L137) -> 0 | M138: =SUM(M136:M137) -> 0 | N138: =SUM(N136:N137) -> 0 | O138: =SUM(O136:O137) -> 261000
E139: 3R/6877 | O139: =SUM(J139:N139) -> 0
E141: 6Q/3819 | O141: =SUM(J141:N141) -> 0
...

Sheet WS-2025
A1: Yangon Market - Wholesales List ( January 2025)
A2: No | B2: Names | D2: Township | F2: Type | G2: Contact Name | I2: Contact No. | J2: Responsibility | K2: January Target PK | L2: January Target Bottle | M2: 45689 | S2: 45660 | V2: 45661 | Y2: 45663 | AB2: 45664 | AE2: 45664 | AH2: 45665 | AK2: 45666 | AN2: 45667 | AQ2: 10-days Total | AT2: 45668 | AW2: 45669 | AZ2: 45670 | BC2: 45671 | BF2: 45672 | BI2: 45673 | BL2: 45674 | BO2: 45675 | BR2: 45676 | BU2: 45677 | BX2: 20-days Total | CA2: 45678 | CD2: 45679 | CG2: 45680 | CJ2: 45681 | CM2: 45682 | CP2: 45683 | CS2: 45684 | CV2: 45685 | CY2: 45686 | DB2: 45687 | DE2: Month Till Date | DH2: Achievement | DK2: Ach % | DL2: Time Spend % | DM2: Gap | DN2: 10.1.2025
M3: PKT | N3: BOT | O3: Liter | P3: PKT | Q3: BOT | R3: Liter | S3: PKT | T3: BOT | U3: Liter | V3: PKT | W3: BOT | X3: Liter | Y3: PKT | Z3: BOT | AA3: Liter | AB3: PKT | AC3: BOT | AD3: Liter | AE3: PKT | AF3: BOT | AG3: Liter | AH3: PKT | AI3: BOT | AJ3: Liter | AK3: PKT | AL3: BOT | AM3: Liter | AN3: PKT | AO3: BOT | AP3: Liter | AQ3: PKT | AR3: BOT | AS3: Liter | AT3: PKT | AU3: BOT | AV3: Liter | AW3: PKT | AX3: BOT | AY3: Liter | AZ3: PKT | BA3: BOT | BB3: Liter | BC3: PKT | BD3: BOT | BE3: Liter | BF3: PKT | BG3: BOT | BH3: Liter | BI3: PKT | BJ3: BOT | BK3: Liter | BL3: PKT | BM3: BOT | BN3: Liter | BO3: PKT | BP3: BOT | BQ3: Liter | BR3: PKT | BS3: BOT | BT3: Liter | BU3: PKT | BV3: BOT | BW3: Liter | BX3: PKT | BY3: BOT | BZ3: Liter | CA3: PKT | CB3: BOT | CC3: Liter | CD3: PKT | CE3: BOT | CF3: Liter | CG3: PKT | CH3: BOT | CI3: Liter | CJ3: PKT | CK3: BOT | CL3: Liter | CM3: PKT | CN3: BOT | CO3: Liter | CP3: PKT | CQ3: BOT | CR3: Liter | CS3: PKT | CT3: BOT | CU3: Liter | CV3: PKT | CW3: BOT | CX3: Liter | CY3: PKT | CZ3: BOT | DA3: Liter | DB3: PKT | DC3: BOT | DD3: Liter | DE3: PKT | DF3: BOT | DG3: Liter | DH3: PKT | DI3: BOT | DJ3: Liter | DN3: Average sales total | DQ3: =L45 -> 2123102.4
A4: 1 | B4: မိုးအောင် | C4: Moe Aung | D4: တ/ဒဂုံ | E4: Sount Dagon | F4: WS | G4: မမြ | H4: Ma Mya | I4: 09-740816390 | J4: YNK | K4: 20444.865 | L4: 286228.11 | M4: 500 | N4: 8960 | O4: 5734 | S4: 65 | T4: 870 | U4: 643.2 | V4: 545 | W4: 8440 | X4: 5400 | Y4: 545 | Z4: 8140 | AA4: 6096 | AB4: 1090 | AC4: 15060 | AD4: 12058.4 | AH4: 535 | AI4: 6620 | AJ4: 5876 | AK4: 550 | AL4: 8400 | AM4: 5852 | AN4: 525 | AO4: 7860 | AP4: 5694 | AQ4: =M4+P4+S4+V4+Y4+AB4+AE4+AH4+AK4+AN4 -> 4355 | AR4: =N4+Q4+T4+W4+Z4+AC4+AF4+AI4+AL4+AO4 -> 64350 | AS4: =O4+R4+U4+X4+AA4+AD4+AG4+AJ4+AM4+AP4 -> 47353.6 | AT4: 525 | AU4: 8000 | AV4: 5944 | BX4: =AQ4+AT4+AW4+AZ4+BC4+BF4+BI4+BL4+BO4+BR4+BU4 -> 4880 | BY4: =AR4+AU4+AX4+BA4+BD4+BG4+BJ4+BM4+BP4+BS4+BV4 -> 72350 | BZ4: =AS4+AV4+AY4+BB4+BE4+BH4+BK4+BN4+BQ4+BT4+BW4 -> 53297.6 | DE4: =P4+S4+V4+Y4+AB4+AE4+AH4+AK4+AN4+AT4+AW4+AZ4+BC4+BF4+BI4+BL4+BO4+BR4+BU4+CA4+CD4+CG4+CJ4+CM4+CP4+CS4+CV4+CY4+DB4+M4 -> 4880 | DF4: =AR4+AU4+AX4+BA4+BD4+BG4+BJ4+BM4+BP4+BS4+BV4+CB4+CE4+CH4+CK4+CN4+CQ4+CT4+CW4+CZ4+DC4 -> 72350 | DG4: =AS4+AV4+AY4+BB4+BE4+BH4+BK4+BN4+BQ4+BT4+BW4+CC4+CF4+CI4+CL4+CO4+CR4+CU4+CX4+DA4+DD4 -> 53297.6 | DH4: =မိုးအောင်!AE29 -> 4880 | DI4: =မိုးအောင်!AF27 -> 72350 | DJ4: =မိုးအောင်!AG27 -> 53297.6 | DK4: =DI4/L4 -> 0.25277042 | DL4: =10/31 -> 0.32258065 | DM4: =DK4-DL4 -> -0.069810224 | DN4: Total Achievement Sales | DQ4: =DF45 -> 517224
A5: 2 | B5: သော်တာထွန်း | C5: Thawdar Tun | D5: လသယ | E5: Hlaing Thar Yar | F5: WS | G5: ကိုသူရ | H5: Ko Thu Ya | I5: 09-954456566 | J5: YNK | K5: 16905.165 | L5: 236672.31 | M5: 530 | N5: 7500 | O5: 5892 | S5: 540 | T5: 7540 | U5: 5664 | V5: 530 | W5: 6960 | X5: 5448 | Y5: 500 | Z5: 7000 | AA5: 4480 | AB5: 530 | AC5: 7880 | AD5: 5688 | AH5: 950 | AI5: 17060 | AJ5: 12232 | AN5: 520 | AO5: 7200 | AP5: 5672 | AQ5: =M5+P5+S5+V5+Y5+AB5+AE5+AH5+AK5+AN5 -> 4100 | AR5: =N5+Q5+T5+W5+Z5+AC5+AF5+AI5+AL5+AO5 -> 61140 | AS5: =O5+R5+U5+X5+AA5+AD5+AG5+AJ5+AM5+AP5 -> 45076 | AT5: 510 | AU5: 7120 | AV5: 5395.2 | BX5: =AQ5+AT5+AW5+AZ5+BC5+BF5+BI5+BL5+BO5+BR5+BU5 -> 4610 | BY5: =AR5+AU5+AX5+BA5+BD5+BG5+BJ5+BM5+BP5+BS5+BV5 -> 68260 | BZ5: =AS5+AV5+AY5+BB5+BE5+BH5+BK5+BN5+BQ5+BT5+BW5 -> 50471.2 | DE5: =P5+S5+V5+Y5+AB5+AE5+AH5+AK5+AN5+AT5+AW5+AZ5+BC5+BF5+BI5+BL5+BO5+BR5+BU5+CA5+CD5+CG5+CJ5+CM5+CP5+CS5+CV5+CY5+DB5+M5 -> 4610 | DF5: =AR5+AU5+AX5+BA5+BD5+BG5+BJ5+BM5+BP5+BS5+BV5+CB5+CE5+CH5+CK5+CN5+CQ5+CT5+CW5+CZ5+DC5 -> 68260 | DG5: =AS5+AV5+AY5+BB5+BE5+BH5+BK5+BN5+BQ5+BT5+BW5+CC5+CF5+CI5+CL5+CO5+CR5+CU5+CX5+DA5+DD5 -> 50471.2 | DH5: =သော်တာထွန်း!AE30 -> 4610 | DI5: =သော်တာထွန်း!AF30 -> 68260 | DJ5: =သော်တာထွန်း!AG30 -> 50471.2 | DK5: =DI5/L5 -> 0.28841566 | DL5: =10/31 -> 0.32258065 | DM5: =DK5-DL5 -> -0.034164986 | DN5: Sales Percentage | DQ5: =DQ4/DQ3 -> 0.24361708
A6: 3 | B6: ရွှေဧရာ | C6: Shwe Ayeyar | D6: 16 St | E6: 16 St | F6: WS | G6: ကိုသာပိုး | H6: Ko Thar Poe | I6: 09-420029084 | J6: YNK | K6: 9192.3775 | L6: 128693.29 | AQ6: =M6+P6+S6+V6+Y6+AB6+AE6+AH6+AK6+AN6 -> 0 | AR6: =N6+Q6+T6+W6+Z6+AC6+AF6+AI6+AL6+AO6 -> 0 | AS6: =O6+R6+U6+X6+AA6+AD6+AG6+AJ6+AM6+AP6 -> 0 | BX6: =AQ6+AT6+AW6+AZ6+BC6+BF6+BI6+BL6+BO6+BR6+BU6 -> 0 | BY6: =AR6+AU6+AX6+BA6+BD6+BG6+BJ6+BM6+BP6+BS6+BV6 -> 0 | BZ6: =AS6+AV6+AY6+BB6+BE6+BH6+BK6+BN6+BQ6+BT6+BW6 -> 0 | DE6: =P6+S6+V6+Y6+AB6+AE6+AH6+AK6+AN6+AT6+AW6+AZ6+BC6+BF6+BI6+BL6+BO6+BR6+BU6+CA6+CD6+CG6+CJ6+CM6+CP6+CS6+CV6+CY6+DB6+M6 -> 0 | DF6: =AR6+AU6+AX6+BA6+BD6+BG6+BJ6+BM6+BP6+BS6+BV6+CB6+CE6+CH6+CK6+CN6+CQ6+CT6+CW6+CZ6+DC6 -> 0 | DG6: =AS6+AV6+AY6+BB6+BE6+BH6+BK6+BN6+BQ6+BT6+BW6+CC6+CF6+CI6+CL6+CO6+CR6+CU6+CX6+DA6+DD6 -> 0 | DH6: =ရွှေဧရာ!AG27 -> 0 | DI6: =ရွှေဧရာ!AH27 -> 0 | DJ6: =ရွှေဧရာ!AI27 -> 0 | DK6: =DI6/L6 -> 0 | DL6: =10/31 -> 0.32258065 | DM6: =DK6-DL6 -> -0.32258065
A7: 4 | B7: မိဘမေတ္တာ | C7: Mi Ba Myint Thar | D7: လသယ | E7: Hlaing Thar Yar | F7: WS | G7: မပိုပို | H7: Ma Po Po | I7: 09-762811856 | J7: YNK | K7: 8852.2544 | L7: 123931.56 | M7: 300 | N7: 3700 | O7: 3448 | S7: 450 | T7: 5800 | U7: 4792 | Y7: 650 | Z7: 8600 | AA7: 6584 | AH7: 630 | AI7: 8720 | AJ7: 6444.8 | AN7: 250 | AO7: 3000 | AP7: 3000 | AQ7: =M7+P7+S7+V7+Y7+AB7+AE7+AH7+AK7+AN7 -> 2280 | AR7: =N7+Q7+T7+W7+Z7+AC7+AF7+AI7+AL7+AO7 -> 29820 | AS7: =O7+R7+U7+X7+AA7+AD7+AG7+AJ7+AM7+AP7 -> 24268.8 | AT7: 480 | AU7: 7620 | AV7: 5740.8 | BX7: =AQ7+AT7+AW7+AZ7+BC7+BF7+BI7+BL7+BO7+BR7+BU7 -> 2760 | BY7: =AR7+AU7+AX7+BA7+BD7+BG7+BJ7+BM7+BP7+BS7+BV7 -> 37440 | BZ7: =AS7+AV7+AY7+BB7+BE7+BH7+BK7+BN7+BQ7+BT7+BW7 -> 30009.6 | DE7: =P7+S7+V7+Y7+AB7+AE7+AH7+AK7+AN7+AT7+AW7+AZ7+BC7+BF7+BI7+BL7+BO7+BR7+BU7+CA7+CD7+CG7+CJ7+CM7+CP7+CS7+CV7+CY7+DB7+M7 -> 2760 | DF7: =AR7+AU7+AX7+BA7+BD7+BG7+BJ7+BM7+BP7+BS7+BV7+CB7+CE7+CH7+CK7+CN7+CQ7+CT7+CW7+CZ7+DC7 -> 37440 | DG7: =AS7+AV7+AY7+BB7+BE7+BH7+BK7+BN7+BQ7+BT7+BW7+CC7+CF7+CI7+CL7+CO7+CR7+CU7+CX7+DA7+DD7 -> 30009.6 | DH7: =မိဘမေတ္တာ!AE22 -> 2760 | DI7: =မိဘမေတ္တာ!AF22 -> 37440 | DJ7: =မိဘမေတ္တာ!AG22 -> 30009.6 | DK7: =DI7/L7 -> 0.30210222 | DL7: =10/31 -> 0.32258065 | DM7: =DK7-DL7 -> -0.020478424
A8: 5 | B8: AAA | C8: A.A.A. | D8: မ/ဒဂုံ | E8: North Dagon | F8: WS | G8: မစီ | H8: Ma Si | I8: 09-790414141 | J8: YNK | K8: 7440.7995 | L8: 104171.19 | S8: 520 | T8: 8160 | U8: 5707.2 | Y8: 520 | Z8: 7380 | AA8: 5700 | AH8: 520 | AI8: 7480 | AJ8: 5692 | AQ8: =M8+P8+S8+V8+Y8+AB8+AE8+AH8+AK8+AN8 -> 1560 | AR8: =N8+Q8+T8+W8+Z8+AC8+AF8+AI8+AL8+AO8 -> 23020 | AS8: =O8+R8+U8+X8+AA8+AD8+AG8+AJ8+AM8+AP8 -> 17099.2 | AT8: 520 | AU8: 7380 | AV8: 5700 | BX8: =AQ8+AT8+AW8+AZ8+BC8+BF8+BI8+BL8+BO8+BR8+BU8 -> 2080 | BY8: =AR8+AU8+AX8+BA8+BD8+BG8+BJ8+BM8+BP8+BS8+BV8 -> 30400 | BZ8: =AS8+AV8+AY8+BB8+BE8+BH8+BK8+BN8+BQ8+BT8+BW8 -> 22799.2 | DE8: =P8+S8+V8+Y8+AB8+AE8+AH8+AK8+AN8+AT8+AW8+AZ8+BC8+BF8+BI8+BL8+BO8+BR8+BU8+CA8+CD8+CG8+CJ8+CM8+CP8+CS8+CV8+CY8+DB8+M8 -> 2080 | DF8: =AR8+AU8+AX8+BA8+BD8+BG8+BJ8+BM8+BP8+BS8+BV8+CB8+CE8+CH8+CK8+CN8+CQ8+CT8+CW8+CZ8+DC8 -> 30400 | DG8: =AS8+AV8+AY8+BB8+BE8+BH8+BK8+BN8+BQ8+BT8+BW8+CC8+CF8+CI8+CL8+CO8+CR8+CU8+CX8+DA8+DD8 -> 22799.2 | DH8: =AAA!AG27 -> 2080 | DI8: =AAA!AH27 -> 30400 | DJ8: =AAA!AI27 -> 22799.2 | DK8: =DI8/L8 -> 0.29182732 | DL8: =10/31 -> 0.32258065 | DM8: =DK8-DL8 -> -0.030753324
A9: 6 | B9: ပေါ်ဉီး | C9: Paw Oo | D9: ဒလ | E9: Dala | F9: WS | G9: ဦးပေါ်ဦး | H9: U Paw Oo | I9: 09-964436777 | J9: YNK | K9: 5183.645 | L9: 72571.03 | Y9: 1200 | Z9: 19000 | AA9: 11864 | AQ9: =M9+P9+S9+V9+Y9+AB9+AE9+AH9+AK9+AN9 -> 1200 | AR9: =N9+Q9+T9+W9+Z9+AC9+AF9+AI9+AL9+AO9 -> 19000 | AS9: =O9+R9+U9+X9+AA9+AD9+AG9+AJ9+AM9+AP9 -> 11864 | AT9: 1300 | AU9: 17240 | AV9: 13107.2 | BX9: =AQ9+AT9+AW9+AZ9+BC9+BF9+BI9+BL9+BO9+BR9+BU9 -> 2500 | BY9: =AR9+AU9+AX9+BA9+BD9+BG9+BJ9+BM9+BP9+BS9+BV9 -> 36240 | BZ9: =AS9+AV9+AY9+BB9+BE9+BH9+BK9+BN9+BQ9+BT9+BW9 -> 24971.2 | DE9: =P9+S9+V9+Y9+AB9+AE9+AH9+AK9+AN9+AT9+AW9+AZ9+BC9+BF9+BI9+BL9+BO9+BR9+BU9+CA9+CD9+CG9+CJ9+CM9+CP9+CS9+CV9+CY9+DB9+M9 -> 2500 | DF9: =AR9+AU9+AX9+BA9+BD9+BG9+BJ9+BM9+BP9+BS9+BV9+CB9+CE9+CH9+CK9+CN9+CQ9+CT9+CW9+CZ9+DC9 -> 36240 | DG9: =AS9+AV9+AY9+BB9+BE9+BH9+BK9+BN9+BQ9+BT9+BW9+CC9+CF9+CI9+CL9+CO9+CR9+CU9+CX9+DA9+DD9 -> 24971.2 | DH9: =ပေါ်ဦး!AE21 -> 2500 | DI9: =ပေါ်ဦး!AF21 -> 36240 | DJ9: =ပေါ်ဦး!AG21 -> 24971.2 | DK9: =DI9/L9 -> 0.49937282 | DL9: =10/31 -> 0.32258065 | DM9: =DK9-DL9 -> 0.17679218 | DQ9: =AR4/L4 -> 0.22482069
A10: 7 | B10: ဘောဂ | C10: Baw Ga | D10: သန်လျင် | E10: Thanlyin | F10: WS | G10: ကိုဇင်လင်းထွန်း | H10: Ko Zin Lin Htun | I10: 09-421022592 | J10: YNK | K10: 5883.0797 | L10: 82363.116 | M10: 565 | N10: 6990 | O10: 6460.8 | Y10: 550 | Z10: 8300 | AA10: 6148 | AN10: 550 | AO10: 8200 | AP10: 6396 | AQ10: =M10+P10+S10+V10+Y10+AB10+AE10+AH10+AK10+AN10 -> 1665 | AR10: =N10+Q10+T10+W10+Z10+AC10+AF10+AI10+AL10+AO10 -> 23490 | AS10: =O10+R10+U10+X10+AA10+AD10+AG10+AJ10+AM10+AP10 -> 19004.8 | BX10: =AQ10+AT10+AW10+AZ10+BC10+BF10+BI10+BL10+BO10+BR10+BU10 -> 1665 | BY10: =AR10+AU10+AX10+BA10+BD10+BG10+BJ10+BM10+BP10+BS10+BV10 -> 23490 | BZ10: =AS10+AV10+AY10+BB10+BE10+BH10+BK10+BN10+BQ10+BT10+BW10 -> 19004.8 | DE10: =P10+S10+V10+Y10+AB10+AE10+AH10+AK10+AN10+AT10+AW10+AZ10+BC10+BF10+BI10+BL10+BO10+BR10+BU10+CA10+CD10+CG10+CJ10+CM10+CP10+CS10+CV10+CY10+DB10+M10 -> 1665 | DF10: =AR10+AU10+AX10+BA10+BD10+BG10+BJ10+BM10+BP10+BS10+BV10+CB10+CE10+CH10+CK10+CN10+CQ10+CT10+CW10+CZ10+DC10 -> 23490 | DG10: =AS10+AV10+AY10+BB10+BE10+BH10+BK10+BN10+BQ10+BT10+BW10+CC10+CF10+CI10+CL10+CO10+CR10+CU10+CX10+DA10+DD10 -> 19004.8 | DH10: =ဘောဂ!AE21 -> 1665 | DI10: =ဘောဂ!AF21 -> 23490 | DJ10: =ဘောဂ!AG21 -> 19004.8 | DK10: =DI10/L10 -> 0.28520048 | DL10: =10/31 -> 0.32258065 | DM10: =DK10-DL10 -> -0.037380167
A11: 8 | B11: ရတနာတိုး (H) | C11: Yatanar Toe | D11: မှော်ဘီ | E11: Hmawbi | F11: WS | G11: ဦးသစ်လွင် | H11: U Thit Lwin | I11: 09-5137424 | J11: YNK | K11: 6087.3629 | L11: 85223.08 | M11: 220 | N11: 2780 | O11: 2427.2 | Y11: 200 | Z11: 2600 | AA11: 2096 | AH11: 100 | AI11: 2100 | AJ11: 1168.8 | AQ11: =M11+P11+S11+V11+Y11+AB11+AE11+AH11+AK11+AN11 -> 520 | AR11: =N11+Q11+T11+W11+Z11+AC11+AF11+AI11+AL11+AO11 -> 7480 | AS11: =O11+R11+U11+X11+AA11+AD11+AG11+AJ11+AM11+AP11 -> 5692 | AT11: 555 | AU11: 7900 | AV11: 5666.4 | BX11: =AQ11+AT11+AW11+AZ11+BC11+BF11+BI11+BL11+BO11+BR11+BU11 -> 1075 | BY11: =AR11+AU11+AX11+BA11+BD11+BG11+BJ11+BM11+BP11+BS11+BV11 -> 15380 | BZ11: =AS11+AV11+AY11+BB11+BE11+BH11+BK11+BN11+BQ11+BT11+BW11 -> 11358.4 | DE11: =P11+S11+V11+Y11+AB11+AE11+AH11+AK11+AN11+AT11+AW11+AZ11+BC11+BF11+BI11+BL11+BO11+BR11+BU11+CA11+CD11+CG11+CJ11+CM11+CP11+CS11+CV11+CY11+DB11+M11 -> 1075 | DF11: =AR11+AU11+AX11+BA11+BD11+BG11+BJ11+BM11+BP11+BS11+BV11+CB11+CE11+CH11+CK11+CN11+CQ11+CT11+CW11+CZ11+DC11 -> 15380 | DG11: =AS11+AV11+AY11+BB11+BE11+BH11+BK11+BN11+BQ11+BT11+BW11+CC11+CF11+CI11+CL11+CO11+CR11+CU11+CX11+DA11+DD11 -> 11358.4 | DH11: =ရတနာတိုး!AE27 -> 520 | DI11: =ရတနာတိုး!AF27 -> 7480 | DJ11: =ရတနာတိုး!AG27 -> 5692 | DK11: =DI11/L11 -> 0.087769651 | DL11: =10/31 -> 0.32258065 | DM11: =DK11-DL11 -> -0.23481099
A12: 9 | B12: မွန်မလေး | C12: Mon Ma Lay | D12: ရပသ | E12: Shwe Pyi Thar | F12: WS | G12: ဦးချစ်ဝိုင်း | H12: U Chit Wine | I12: 09-882250800 | J12: YNK | K12: 5851.2614 | L12: 81917.66 | S12: 525 | T12: 7030 | U12: 5300.8 | AK12: 350 | AL12: 6220 | AM12: 4008.8 | AQ12: =M12+P12+S12+V12+Y12+AB12+AE12+AH12+AK12+AN12 -> 875 | AR12: =N12+Q12+T12+W12+Z12+AC12+AF12+AI12+AL12+AO12 -> 13250 | AS12: =O12+R12+U12+X12+AA12+AD12+AG12+AJ12+AM12+AP12 -> 9309.6 | AT12: 300 | AU12: 3900 | AV12: 2904 | BX12: =AQ12+AT12+AW12+AZ12+BC12+BF12+BI12+BL12+BO12+BR12+BU12 -> 1175 | BY12: =AR12+AU12+AX12+BA12+BD12+BG12+BJ12+BM12+BP12+BS12+BV12 -> 17150 | BZ12: =AS12+AV12+AY12+BB12+BE12+BH12+BK12+BN12+BQ12+BT12+BW12 -> 12213.6 | DE12: =P12+S12+V12+Y12+AB12+AE12+AH12+AK12+AN12+AT12+AW12+AZ12+BC12+BF12+BI12+BL12+BO12+BR12+BU12+CA12+CD12+CG12+CJ12+CM12+CP12+CS12+CV12+CY12+DB12+M12 -> 1175 | DF12: =AR12+AU12+AX12+BA12+BD12+BG12+BJ12+BM12+BP12+BS12+BV12+CB12+CE12+CH12+CK12+CN12+CQ12+CT12+CW12+CZ12+DC12 -> 17150 | DG12: =AS12+AV12+AY12+BB12+BE12+BH12+BK12+BN12+BQ12+BT12+BW12+CC12+CF12+CI12+CL12+CO12+CR12+CU12+CX12+DA12+DD12 -> 12213.6 | DH12: =မွန်မလေး!AI19 -> 875 | DI12: =မွန်မလေး!AJ19 -> 13250 | DJ12: =မွန်မလေး!AK19 -> 9309.6 | DK12: =DI12/L12 -> 0.16174779 | DL12: =10/31 -> 0.32258065 | DM12: =DK12-DL12 -> -0.16083286
A13: 10 | B13: မြတ်မွှေး | C13: Myat Mhwe | D13: မ/ဥ | E13: North Okkalapa | F13: WS | G13: မမီးငယ် | H13: Ma Mee Nge' | I13: 09-263698010 | J13: YNK | K13: 5691.9013 | L13: 79686.618 | M13: 145 | N13: 1940 | O13: 1412 | S13: 313 | T13: 4336 | U13: 3508 | V13: 80 | W13: 1190 | X13: 809.2 | Y13: 75 | Z13: 1020 | AA13: 663.6 | AB13: 383 | AC13: 5556 | AD13: 4216 | AH13: 68 | AI13: 1076 | AJ13: 749.84 | AK13: 60 | AL13: 760 | AM13: 623.2 | AN13: 357 | AO13: 5194 | AP13: 3972.8 | AQ13: =M13+P13+S13+V13+Y13+AB13+AE13+AH13+AK13+AN13 -> 1481 | AR13: =N13+Q13+T13+W13+Z13+AC13+AF13+AI13+AL13+AO13 -> 21072 | AS13: =O13+R13+U13+X13+AA13+AD13+AG13+AJ13+AM13+AP13 -> 15954.64 | AT13: 40 | AU13: 520 | AV13: 419.2 | BX13: =AQ13+AT13+AW13+AZ13+BC13+BF13+BI13+BL13+BO13+BR13+BU13 -> 1521 | BY13: =AR13+AU13+AX13+BA13+BD13+BG13+BJ13+BM13+BP13+BS13+BV13 -> 21592 | BZ13: =AS13+AV13+AY13+BB13+BE13+BH13+BK13+BN13+BQ13+BT13+BW13 -> 16373.84 | DE13: =P13+S13+V13+Y13+AB13+AE13+AH13+AK13+AN13+AT13+AW13+AZ13+BC13+BF13+BI13+BL13+BO13+BR13+BU13+CA13+CD13+CG13+CJ13+CM13+CP13+CS13+CV13+CY13+DB13+M13 -> 1521 | DF13: =AR13+AU13+AX13+BA13+BD13+BG13+BJ13+BM13+BP13+BS13+BV13+CB13+CE13+CH13+CK13+CN13+CQ13+CT13+CW13+CZ13+DC13 -> 21592 | DG13: =AS13+AV13+AY13+BB13+BE13+BH13+BK13+BN13+BQ13+BT13+BW13+CC13+CF13+CI13+CL13+CO13+CR13+CU13+CX13+DA13+DD13 -> 16373.84 | DH13: =မြတ်မွှေး!AG33 -> 1481 | DI13: =မြတ်မွှေး!AH33 -> 21072 | DJ13: =မြတ်မွှေး!AI33 -> 15954.64 | DK13: =DI13/L13 -> 0.26443587 | DL13: =10/31 -> 0.32258065 | DM13: =DK13-DL13 -> -0.058144778
A14: 11 | B14: ကိုဖိုးသက် | C14: Ko Phoe Thet | D14: တွံတေး | E14: Twantay | F14: WS | G14: မသန္တာ | H14: Ma Thandar | I14: 09-448004906 | J14: YNK | K14: 4768.0419 | L14: 66752.586 | M14: 180 | N14: 2520 | O14: 1612.8 | S14: 475 | T14: 6600 | U14: 4332 | Y14: 100 | Z14: 1400 | AA14: 896 | AH14: 270 | AI14: 4100 | AJ14: 2824 | AN14: 150 | AO14: 2000 | AP14: 1496 | AQ14: =M14+P14+S14+V14+Y14+AB14+AE14+AH14+AK14+AN14 -> 1175 | AR14: =N14+Q14+T14+W14+Z14+AC14+AF14+AI14+AL14+AO14 -> 16620 | AS14: =O14+R14+U14+X14+AA14+AD14+AG14+AJ14+AM14+AP14 -> 11160.8 | AT14: 155 | AU14: 2690 | AV14: 1489.6 | BX14: =AQ14+AT14+AW14+AZ14+BC14+BF14+BI14+BL14+BO14+BR14+BU14 -> 1330 | BY14: =AR14+AU14+AX14+BA14+BD14+BG14+BJ14+BM14+BP14+BS14+BV14 -> 19310 | BZ14: =AS14+AV14+AY14+BB14+BE14+BH14+BK14+BN14+BQ14+BT14+BW14 -> 12650.4 | DE14: =P14+S14+V14+Y14+AB14+AE14+AH14+AK14+AN14+AT14+AW14+AZ14+BC14+BF14+BI14+BL14+BO14+BR14+BU14+CA14+CD14+CG14+CJ14+CM14+CP14+CS14+CV14+CY14+DB14+M14 -> 1330 | DF14: =AR14+AU14+AX14+BA14+BD14+BG14+BJ14+BM14+BP14+BS14+BV14+CB14+CE14+CH14+CK14+CN14+CQ14+CT14+CW14+CZ14+DC14 -> 19310 | DG14: =AS14+AV14+AY14+BB14+BE14+BH14+BK14+BN14+BQ14+BT14+BW14+CC14+CF14+CI14+CL14+CO14+CR14+CU14+CX14+DA14+DD14 -> 12650.4 | DH14: =ကိုဖိုးသက်!AE26 -> 1175 | DI14: =ကိုဖိုးသက်!AF26 -> 16620 | DJ14: =ကိုဖိုးသက်!AG25 -> 11160.8 | DK14: =DI14/L14 -> 0.24897912 | DL14: =10/31 -> 0.32258065 | DM14: =DK14-DL14 -> -0.073601528
A15: 12 | B15: မပို့မချို | C15: Ma Po Ma Cho | D15: ပလာဇာ | E15: Palazar | F15: WS | G15: မခိုင်လွင်ဦး | H15: Ma Kine Lwin Oo | I15: 09-250069370 | J15: YNK | K15: 4892.6736 | L15: 68497.431 | AB15: 510 | AC15: 7920 | AD15: 5612 | AN15: 510 | AO15: 7780 | AP15: 5716.8 | AQ15: =M15+P15+S15+V15+Y15+AB15+AE15+AH15+AK15+AN15 -> 1020 | AR15: =N15+Q15+T15+W15+Z15+AC15+AF15+AI15+AL15+AO15 -> 15700 | AS15: =O15+R15+U15+X15+AA15+AD15+AG15+AJ15+AM15+AP15 -> 11328.8 | BX15: =AQ15+AT15+AW15+AZ15+BC15+BF15+BI15+BL15+BO15+BR15+BU15 -> 1020 | BY15: =AR15+AU15+AX15+BA15+BD15+BG15+BJ15+BM15+BP15+BS15+BV15 -> 15700 | BZ15: =AS15+AV15+AY15+BB15+BE15+BH15+BK15+BN15+BQ15+BT15+BW15 -> 11328.8 | DE15: =P15+S15+V15+Y15+AB15+AE15+AH15+AK15+AN15+AT15+AW15+AZ15+BC15+BF15+BI15+BL15+BO15+BR15+BU15+CA15+CD15+CG15+CJ15+CM15+CP15+CS15+CV15+CY15+DB15+M15 -> 1020 | DF15: =AR15+AU15+AX15+BA15+BD15+BG15+BJ15+BM15+BP15+BS15+BV15+CB15+CE15+CH15+CK15+CN15+CQ15+CT15+CW15+CZ15+DC15 -> 15700 | DG15: =AS15+AV15+AY15+BB15+BE15+BH15+BK15+BN15+BQ15+BT15+BW15+CC15+CF15+CI15+CL15+CO15+CR15+CU15+CX15+DA15+DD15 -> 11328.8 | DH15: =မပို့မချို!AE22 -> 1020 | DI15: =မပို့မချို!AF22 -> 15700 | DJ15: =မပို့မချို!AG22 -> 11328.8 | DK15: =DI15/L15 -> 0.22920568 | DL15: =10/31 -> 0.32258065 | DM15: =DK15-DL15 -> -0.093374969
A16: 13 | B16: ကိုကျော်ဆွေ | C16: Ko Kyaw Swe | D16: သန်လျင် | E16: Thanlyin | F16: WS | G16: ဦးကျော်ဆွေ | H16: U Kyaw Swe | I16: 09-5021923 | J16: YNK | K16: 3313.8062 | L16: 46393.287 | V16: 75 | W16: 960 | X16: 808.8 | AQ16: =M16+P16+S16+V16+Y16+AB16+AE16+AH16+AK16+AN16 -> 75 | AR16: =N16+Q16+T16+W16+Z16+AC16+AF16+AI16+AL16+AO16 -> 960 | AS16: =O16+R16+U16+X16+AA16+AD16+AG16+AJ16+AM16+AP16 -> 808.8 | AT16: 540 | AU16: 8420 | AV16: 6204.8 | BX16: =AQ16+AT16+AW16+AZ16+BC16+BF16+BI16+BL16+BO16+BR16+BU16 -> 615 | BY16: =AR16+AU16+AX16+BA16+BD16+BG16+BJ16+BM16+BP16+BS16+BV16 -> 9380 | BZ16: =AS16+AV16+AY16+BB16+BE16+BH16+BK16+BN16+BQ16+BT16+BW16 -> 7013.6 | DE16: =P16+S16+V16+Y16+AB16+AE16+AH16+AK16+AN16+AT16+AW16+AZ16+BC16+BF16+BI16+BL16+BO16+BR16+BU16+CA16+CD16+CG16+CJ16+CM16+CP16+CS16+CV16+CY16+DB16+M16 -> 615 | DF16: =AR16+AU16+AX16+BA16+BD16+BG16+BJ16+BM16+BP16+BS16+BV16+CB16+CE16+CH16+CK16+CN16+CQ16+CT16+CW16+CZ16+DC16 -> 9380 | DG16: =AS16+AV16+AY16+BB16+BE16+BH16+BK16+BN16+BQ16+BT16+BW16+CC16+CF16+CI16+CL16+CO16+CR16+CU16+CX16+DA16+DD16 -> 7013.6 | DH16: =ကိုကျော်ဆွေ!AE20 -> 75 | DI16: =ကိုကျော်ဆွေ!AF20 -> 960 | DJ16: =ကိုကျော်ဆွေ!AG20 -> 808.8 | DK16: =DI16/L16 -> 0.020692649 | DL16: =10/31 -> 0.32258065 | DM16: =DK16-DL16 -> -0.301888
A17: 14 | B17: ဦးတင်အေး | C17: U Tin Aye | D17: မှော်ဘီ | E17: Hmawbi | F17: WS | G17: ဦးတင်အေး | H17: U Tin Aye | I17: 09-5075855 | J17: YNK | K17: 3616.3802 | L17: 50629.323 | S17: 270 | T17: 3680 | U17: 2794 | AB17: 250 | AC17: 3400 | AD17: 2392 | AK17: 250 | AL17: 3400 | AM17: 2392 | AQ17: =M17+P17+S17+V17+Y17+AB17+AE17+AH17+AK17+AN17 -> 770 | AR17: =N17+Q17+T17+W17+Z17+AC17+AF17+AI17+AL17+AO17 -> 10480 | AS17: =O17+R17+U17+X17+AA17+AD17+AG17+AJ17+AM17+AP17 -> 7578 | BX17: =AQ17+AT17+AW17+AZ17+BC17+BF17+BI17+BL17+BO17+BR17+BU17 -> 770 | BY17: =AR17+AU17+AX17+BA17+BD17+BG17+BJ17+BM17+BP17+BS17+BV17 -> 10480 | BZ17: =AS17+AV17+AY17+BB17+BE17+BH17+BK17+BN17+BQ17+BT17+BW17 -> 7578 | DE17: =P17+S17+V17+Y17+AB17+AE17+AH17+AK17+AN17+AT17+AW17+AZ17+BC17+BF17+BI17+BL17+BO17+BR17+BU17+CA17+CD17+CG17+CJ17+CM17+CP17+CS17+CV17+CY17+DB17+M17 -> 770 | DF17: =AR17+AU17+AX17+BA17+BD17+BG17+BJ17+BM17+BP17+BS17+BV17+CB17+CE17+CH17+CK17+CN17+CQ17+CT17+CW17+CZ17+DC17 -> 10480 | DG17: =AS17+AV17+AY17+BB17+BE17+BH17+BK17+BN17+BQ17+BT17+BW17+CC17+CF17+CI17+CL17+CO17+CR17+CU17+CX17+DA17+DD17 -> 7578 | DH17: =ဦးတင်အေး!AE24 -> 770 | DI17: =ဦးတင်အေး!AF24 -> 10480 | DJ17: =ဦးတင်အေး!AG24 -> 7578 | DK17: =DI17/L17 -> 0.20699467 | DL17: =10/31 -> 0.32258065 | DM17: =DK17-DL17 -> -0.11558598
A18: 15 | B18: ဘဘကြီး | C18: Ba Ba Gyi | D18: မ/ဥ | E18: North Okkalapa | F18: WS | G18: မဇင်မာ | H18: Ma Zin Mar | I18: 09-421160411 | J18: YNK | K18: 2866.52 | L18: 40131.28 | AK18: 20 | AL18: 800 | AM18: 280 | AQ18: =M18+P18+S18+V18+Y18+AB18+AE18+AH18+AK18+AN18 -> 20 | AR18: =N18+Q18+T18+W18+Z18+AC18+AF18+AI18+AL18+AO18 -> 800 | AS18: =O18+R18+U18+X18+AA18+AD18+AG18+AJ18+AM18+AP18 -> 280 | BX18: =AQ18+AT18+AW18+AZ18+BC18+BF18+BI18+BL18+BO18+BR18+BU18 -> 20 | BY18: =AR18+AU18+AX18+BA18+BD18+BG18+BJ18+BM18+BP18+BS18+BV18 -> 800 | BZ18: =AS18+AV18+AY18+BB18+BE18+BH18+BK18+BN18+BQ18+BT18+BW18 -> 280 | DE18: =P18+S18+V18+Y18+AB18+AE18+AH18+AK18+AN18+AT18+AW18+AZ18+BC18+BF18+BI18+BL18+BO18+BR18+BU18+CA18+CD18+CG18+CJ18+CM18+CP18+CS18+CV18+CY18+DB18+M18 -> 20 | DF18: =AR18+AU18+AX18+BA18+BD18+BG18+BJ18+BM18+BP18+BS18+BV18+CB18+CE18+CH18+CK18+CN18+CQ18+CT18+CW18+CZ18+DC18 -> 800 | DG18: =AS18+AV18+AY18+BB18+BE18+BH18+BK18+BN18+BQ18+BT18+BW18+CC18+CF18+CI18+CL18+CO18+CR18+CU18+CX18+DA18+DD18 -> 280 | DH18: =ဘဘကြီး!AE27 -> 20 | DI18: =ဘဘကြီး!AF27 -> 800 | DJ18: =ဘဘကြီး!AG27 -> 280 | DK18: =DI18/L18 -> 0.019934575 | DL18: =10/31 -> 0.32258065 | DM18: =DK18-DL18 -> -0.30264607
A19: 16 | B19: ရှယ်ထူး | C19: Shal Htoo | D19: လေးထောင့်ကန် | E19: Lay Daungkan | F19: WS | G19: ကိုသား | H19: Ko Thar | I19: 09-443211018 | J19: YNK | K19: 3324.68 | L19: 46545.52 | V19: 245 | W19: 3660 | X19: 2736.8 | Y19: 320 | Z19: 4560 | AA19: 3636.8 | AH19: 235 | AI19: 3260 | AJ19: 2596.8 | AN19: 230 | AO19: 3700 | AP19: 2572 | AQ19: =M19+P19+S19+V19+Y19+AB19+AE19+AH19+AK19+AN19 -> 1030 | AR19: =N19+Q19+T19+W19+Z19+AC19+AF19+AI19+AL19+AO19 -> 15180 | AS19: =O19+R19+U19+X19+AA19+AD19+AG19+AJ19+AM19+AP19 -> 11542.4 | AT19: 260 | AU19: 3560 | AV19: 2853.6 | BX19: =AQ19+AT19+AW19+AZ19+BC19+BF19+BI19+BL19+BO19+BR19+BU19 -> 1290 | BY19: =AR19+AU19+AX19+BA19+BD19+BG19+BJ19+BM19+BP19+BS19+BV19 -> 18740 | BZ19: =AS19+AV19+AY19+BB19+BE19+BH19+BK19+BN19+BQ19+BT19+BW19 -> 14396 | DE19: =P19+S19+V19+Y19+AB19+AE19+AH19+AK19+AN19+AT19+AW19+AZ19+BC19+BF19+BI19+BL19+BO19+BR19+BU19+CA19+CD19+CG19+CJ19+CM19+CP19+CS19+CV19+CY19+DB19+M19 -> 1290 | DF19: =AR19+AU19+AX19+BA19+BD19+BG19+BJ19+BM19+BP19+BS19+BV19+CB19+CE19+CH19+CK19+CN19+CQ19+CT19+CW19+CZ19+DC19 -> 18740 | DG19: =AS19+AV19+AY19+BB19+BE19+BH19+BK19+BN19+BQ19+BT19+BW19+CC19+CF19+CI19+CL19+CO19+CR19+CU19+CX19+DA19+DD19 -> 14396 | DH19: =ရှယ်ထူး!AE20 -> 1030 | DI19: =ရှယ်ထူး!AF20 -> 15180 | DJ19: =ရှယ်ထူး!AG20 -> 11542.4 | DK19: =DI19/L19 -> 0.32613235 | DL19: =10/31 -> 0.32258065 | DM19: =DK19-DL19 -> 0.0035517077
A20: 17 | B20: ရွှေဇီးကွက် | C20: Shwe Zee Kwat | D20: မ/ဒဂုံ | E20: North Dagon | F20: WS | G20: မပပ | H20: Ma Pa Pa | I20: 09-450037338 | J20: YNK | K20: 2962.5479 | L20: 41475.67 | AQ20: =M20+P20+S20+V20+Y20+AB20+AE20+AH20+AK20+AN20 -> 0 | AR20: =N20+Q20+T20+W20+Z20+AC20+AF20+AI20+AL20+AO20 -> 0 | AS20: =O20+R20+U20+X20+AA20+AD20+AG20+AJ20+AM20+AP20 -> 0 | AT20: 540 | AU20: 7500 | AV20: 5820.8 | BX20: =AQ20+AT20+AW20+AZ20+BC20+BF20+BI20+BL20+BO20+BR20+BU20 -> 540 | BY20: =AR20+AU20+AX20+BA20+BD20+BG20+BJ20+BM20+BP20+BS20+BV20 -> 7500 | BZ20: =AS20+AV20+AY20+BB20+BE20+BH20+BK20+BN20+BQ20+BT20+BW20 -> 5820.8 | DE20: =P20+S20+V20+Y20+AB20+AE20+AH20+AK20+AN20+AT20+AW20+AZ20+BC20+BF20+BI20+BL20+BO20+BR20+BU20+CA20+CD20+CG20+CJ20+CM20+CP20+CS20+CV20+CY20+DB20+M20 -> 540 | DF20: =AR20+AU20+AX20+BA20+BD20+BG20+BJ20+BM20+BP20+BS20+BV20+CB20+CE20+CH20+CK20+CN20+CQ20+CT20+CW20+CZ20+DC20 -> 7500 | DG20: =AS20+AV20+AY20+BB20+BE20+BH20+BK20+BN20+BQ20+BT20+BW20+CC20+CF20+CI20+CL20+CO20+CR20+CU20+CX20+DA20+DD20 -> 5820.8 | DH20: =ရွှေဇီးကွက်!AE29 -> 0 | DI20: =ရွှေဇီးကွက်!AF29 -> 0 | DJ20: =ရွှေဇီးကွက်!AG29 -> 0 | DK20: =DI20/L20 -> 0 | DL20: =10/31 -> 0.32258065 | DM20: =DK20-DL20 -> -0.32258065
A21: 18 | B21: ရွှေဉယျာဉ် | C21: Shwe Oo Yin | D21: ရပသ | E21: Shwe Pyi Thar | F21: WS | G21: မမာမာဝေ | H21: Ma Mar Mar Wai | I21: 09-506718 | J21: YNK | K21: 2701.155 | L21: 37816.17 | M21: 290 | N21: 4380 | O21: 3003.2 | AB21: 200 | AC21: 2600 | AD21: 2096 | AQ21: =M21+P21+S21+V21+Y21+AB21+AE21+AH21+AK21+AN21 -> 490 | AR21: =N21+Q21+T21+W21+Z21+AC21+AF21+AI21+AL21+AO21 -> 6980 | AS21: =O21+R21+U21+X21+AA21+AD21+AG21+AJ21+AM21+AP21 -> 5099.2 | AT21: 150 | AU21: 2560 | AV21: 1392 | BX21: =AQ21+AT21+AW21+AZ21+BC21+BF21+BI21+BL21+BO21+BR21+BU21 -> 640 | BY21: =AR21+AU21+AX21+BA21+BD21+BG21+BJ21+BM21+BP21+BS21+BV21 -> 9540 | BZ21: =AS21+AV21+AY21+BB21+BE21+BH21+BK21+BN21+BQ21+BT21+BW21 -> 6491.2 | DE21: =P21+S21+V21+Y21+AB21+AE21+AH21+AK21+AN21+AT21+AW21+AZ21+BC21+BF21+BI21+BL21+BO21+BR21+BU21+CA21+CD21+CG21+CJ21+CM21+CP21+CS21+CV21+CY21+DB21+M21 -> 640 | DF21: =AR21+AU21+AX21+BA21+BD21+BG21+BJ21+BM21+BP21+BS21+BV21+CB21+CE21+CH21+CK21+CN21+CQ21+CT21+CW21+CZ21+DC21 -> 9540 | DG21: =AS21+AV21+AY21+BB21+BE21+BH21+BK21+BN21+BQ21+BT21+BW21+CC21+CF21+CI21+CL21+CO21+CR21+CU21+CX21+DA21+DD21 -> 6491.2 | DH21: =ရွှေဉယျာဉ်!AE21 -> 490 | DI21: =ရွှေဉယျာဉ်!AF21 -> 6980 | DJ21: =ရွှေဉယျာဉ်!AG21 -> 5099.2 | DK21: =DI21/L21 -> 0.18457713 | DL21: =10/31 -> 0.32258065 | DM21: =DK21-DL21 -> -0.13800352
A22: 19 | B22: ရွှေစည်းစိမ် | C22: Shwe See Sain | D22: တိုက်ကြီး | E22: Taikkyi | F22: WS | G22: မရင်ရင်ထိုက် | H22: Ma Yin Yin Htike | I22: 09-5007916 | J22: YNK | K22: 2422.8977 | L22: 33920.568 | M22: 290 | N22: 4180 | O22: 3307.2 | V22: 100 | W22: 1400 | X22: 896 | Y22: 260 | Z22: 4160 | AA22: 2876 | AK22: 260 | AL22: 4080 | AM22: 2685.6 | AN22: 250 | AO22: 3100 | AP22: 2848 | AQ22: =M22+P22+S22+V22+Y22+AB22+AE22+AH22+AK22+AN22 -> 1160 | AR22: =N22+Q22+T22+W22+Z22+AC22+AF22+AI22+AL22+AO22 -> 16920 | AS22: =O22+R22+U22+X22+AA22+AD22+AG22+AJ22+AM22+AP22 -> 12612.8 | BX22: =AQ22+AT22+AW22+AZ22+BC22+BF22+BI22+BL22+BO22+BR22+BU22 -> 1160 | BY22: =AR22+AU22+AX22+BA22+BD22+BG22+BJ22+BM22+BP22+BS22+BV22 -> 16920 | BZ22: =AS22+AV22+AY22+BB22+BE22+BH22+BK22+BN22+BQ22+BT22+BW22 -> 12612.8 | DE22: =P22+S22+V22+Y22+AB22+AE22+AH22+AK22+AN22+AT22+AW22+AZ22+BC22+BF22+BI22+BL22+BO22+BR22+BU22+CA22+CD22+CG22+CJ22+CM22+CP22+CS22+CV22+CY22+DB22+M22 -> 1160 | DF22: =AR22+AU22+AX22+BA22+BD22+BG22+BJ22+BM22+BP22+BS22+BV22+CB22+CE22+CH22+CK22+CN22+CQ22+CT22+CW22+CZ22+DC22 -> 16920 | DG22: =AS22+AV22+AY22+BB22+BE22+BH22+BK22+BN22+BQ22+BT22+BW22+CC22+CF22+CI22+CL22+CO22+CR22+CU22+CX22+DA22+DD22 -> 12612.8 | DH22: =ရွှေစည်းစိမ်!AE20 -> 1160 | DI22: =ရွှေစည်းစိမ်!AF20 -> 16920 | DJ22: =ရွှေစည်းစိမ်!AG20 -> 12612.8 | DK22: =DI22/L22 -> 0.4988124 | DL22: =10/31 -> 0.32258065 | DM22: =DK22-DL22 -> 0.17623175
A23: 20 | B23: ရွက်သစ် | C23: Yuat Thit | D23: တ/ဒဂုံ | E23: South Dagon | F23: WS | G23: ကိုဘုန်းသာ | H23: Ko Bhone Thar | I23: 09-5501732 | J23: YNK | K23: 2396.0009 | L23: 33544.013 | S23: 50 | T23: 700 | U23: 448 | Y23: 20 | Z23: 280 | AA23: 179.2 | AH23: 50 | AI23: 700 | AJ23: 448 | AQ23: =M23+P23+S23+V23+Y23+AB23+AE23+AH23+AK23+AN23 -> 120 | AR23: =N23+Q23+T23+W23+Z23+AC23+AF23+AI23+AL23+AO23 -> 1680 | AS23: =O23+R23+U23+X23+AA23+AD23+AG23+AJ23+AM23+AP23 -> 1075.2 | BX23: =AQ23+AT23+AW23+AZ23+BC23+BF23+BI23+BL23+BO23+BR23+BU23 -> 120 | BY23: =AR23+AU23+AX23+BA23+BD23+BG23+BJ23+BM23+BP23+BS23+BV23 -> 1680 | BZ23: =AS23+AV23+AY23+BB23+BE23+BH23+BK23+BN23+BQ23+BT23+BW23 -> 1075.2 | DE23: =P23+S23+V23+Y23+AB23+AE23+AH23+AK23+AN23+AT23+AW23+AZ23+BC23+BF23+BI23+BL23+BO23+BR23+BU23+CA23+CD23+CG23+CJ23+CM23+CP23+CS23+CV23+CY23+DB23+M23 -> 120 | DF23: =AR23+AU23+AX23+BA23+BD23+BG23+BJ23+BM23+BP23+BS23+BV23+CB23+CE23+CH23+CK23+CN23+CQ23+CT23+CW23+CZ23+DC23 -> 1680 | DG23: =AS23+AV23+AY23+BB23+BE23+BH23+BK23+BN23+BQ23+BT23+BW23+CC23+CF23+CI23+CL23+CO23+CR23+CU23+CX23+DA23+DD23 -> 1075.2 | DH23: =ရွက်သစ်!AE19 -> 120 | DI23: =ရွက်သစ်!AF19 -> 1680 | DJ23: =ရွက်သစ်!AG19 -> 1075.2 | DK23: =DI23/L23 -> 0.050083453 | DL23: =10/31 -> 0.32258065 | DM23: =DK23-DL23 -> -0.27249719
A24: 21 | B24: ဒေလီယာ | C24: Dalia | D24: သာကေတ | E24: Thaketa | F24: WS | G24: မခိုင်နှင်းဝေ | H24: Khine Hnin Wai | I24: 09-775065014 | J24: YNK | K24: 2297.1645 | L24: 32160.304 | M24: 50 | N24: 600 | O24: 600 | S24: 100 | T24: 1820 | U24: 1148.8 | AB24: 95 | AC24: 1480 | AD24: 1044.8 | AK24: 50 | AL24: 640 | AM24: 539.2 | AQ24: =M24+P24+S24+V24+Y24+AB24+AE24+AH24+AK24+AN24 -> 295 | AR24: =N24+Q24+T24+W24+Z24+AC24+AF24+AI24+AL24+AO24 -> 4540 | AS24: =O24+R24+U24+X24+AA24+AD24+AG24+AJ24+AM24+AP24 -> 3332.8 | AT24: 145 | AU24: 2260 | AV24: 1618 | BX24: =AQ24+AT24+AW24+AZ24+BC24+BF24+BI24+BL24+BO24+BR24+BU24 -> 440 | BY24: =AR24+AU24+AX24+BA24+BD24+BG24+BJ24+BM24+BP24+BS24+BV24 -> 6800 | BZ24: =AS24+AV24+AY24+BB24+BE24+BH24+BK24+BN24+BQ24+BT24+BW24 -> 4950.8 | DE24: =P24+S24+V24+Y24+AB24+AE24+AH24+AK24+AN24+AT24+AW24+AZ24+BC24+BF24+BI24+BL24+BO24+BR24+BU24+CA24+CD24+CG24+CJ24+CM24+CP24+CS24+CV24+CY24+DB24+M24 -> 440 | DF24: =AR24+AU24+AX24+BA24+BD24+BG24+BJ24+BM24+BP24+BS24+BV24+CB24+CE24+CH24+CK24+CN24+CQ24+CT24+CW24+CZ24+DC24 -> 6800 | DG24: =AS24+AV24+AY24+BB24+BE24+BH24+BK24+BN24+BQ24+BT24+BW24+CC24+CF24+CI24+CL24+CO24+CR24+CU24+CX24+DA24+DD24 -> 4950.8 | DH24: =ဒေလီယာ!AE25 -> 295 | DI24: =ဒေလီယာ!AF25 -> 4540 | DJ24: =ဒေလီယာ!AG25 -> 3332.8 | DK24: =DI24/L24 -> 0.14116782 | DL24: =10/31 -> 0.32258065 | DM24: =DK24-DL24 -> -0.18141282
A25: 22 | B25: ဆွေသဟာ | C25: Shwe Tahar | D25: လသယ | E25: Hlaing Thar Yar | F25: WS | G25: ကိုစောလွင် | H25: Ko Saw Lwin | I25: 09-982218821 | J25: YNK | K25: 2159.8529 | L25: 30237.941 | AQ25: =M25+P25+S25+V25+Y25+AB25+AE25+AH25+AK25+AN25 -> 0 | AR25: =N25+Q25+T25+W25+Z25+AC25+AF25+AI25+AL25+AO25 -> 0 | AS25: =O25+R25+U25+X25+AA25+AD25+AG25+AJ25+AM25+AP25 -> 0 | BX25: =AQ25+AT25+AW25+AZ25+BC25+BF25+BI25+BL25+BO25+BR25+BU25 -> 0 | BY25: =AR25+AU25+AX25+BA25+BD25+BG25+BJ25+BM25+BP25+BS25+BV25 -> 0 | BZ25: =AS25+AV25+AY25+BB25+BE25+BH25+BK25+BN25+BQ25+BT25+BW25 -> 0 | DE25: =P25+S25+V25+Y25+AB25+AE25+AH25+AK25+AN25+AT25+AW25+AZ25+BC25+BF25+BI25+BL25+BO25+BR25+BU25+CA25+CD25+CG25+CJ25+CM25+CP25+CS25+CV25+CY25+DB25+M25 -> 0 | DF25: =AR25+AU25+AX25+BA25+BD25+BG25+BJ25+BM25+BP25+BS25+BV25+CB25+CE25+CH25+CK25+CN25+CQ25+CT25+CW25+CZ25+DC25 -> 0 | DG25: =AS25+AV25+AY25+BB25+BE25+BH25+BK25+BN25+BQ25+BT25+BW25+CC25+CF25+CI25+CL25+CO25+CR25+CU25+CX25+DA25+DD25 -> 0 | DH25: =ဆွေသဟာ!AE21 -> 0 | DI25: =ဆွေသဟာ!AF21 -> 0 | DJ25: =ဆွေသဟာ!AG21 -> 0 | DK25: =DI25/L25 -> 0 | DL25: =10/31 -> 0.32258065 | DM25: =DK25-DL25 -> -0.32258065
A26: 23 | B26: ဦးအိရွှေ | C26: U Ei Shwe | D26: တွံတေး | E26: Twantay | F26: WS | G26: ကိုနိူင်လင်းအောင် | H26: Ko Naing Lin Aung | I26: 09-421094107 | J26: YNK | K26: 1500.0354 | L26: 21000.496 | M26: 35 | N26: 460 | O26: 359.2 | Y26: 100 | Z26: 1200 | AA26: 1200 | AK26: 115 | AL26: 1580 | AM26: 1076 | AQ26: =M26+P26+S26+V26+Y26+AB26+AE26+AH26+AK26+AN26 -> 250 | AR26: =N26+Q26+T26+W26+Z26+AC26+AF26+AI26+AL26+AO26 -> 3240 | AS26: =O26+R26+U26+X26+AA26+AD26+AG26+AJ26+AM26+AP26 -> 2635.2 | AT26: 130 | AU26: 1560 | AV26: 1560 | BX26: =AQ26+AT26+AW26+AZ26+BC26+BF26+BI26+BL26+BO26+BR26+BU26 -> 380 | BY26: =AR26+AU26+AX26+BA26+BD26+BG26+BJ26+BM26+BP26+BS26+BV26 -> 4800 | BZ26: =AS26+AV26+AY26+BB26+BE26+BH26+BK26+BN26+BQ26+BT26+BW26 -> 4195.2 | DE26: =P26+S26+V26+Y26+AB26+AE26+AH26+AK26+AN26+AT26+AW26+AZ26+BC26+BF26+BI26+BL26+BO26+BR26+BU26+CA26+CD26+CG26+CJ26+CM26+CP26+CS26+CV26+CY26+DB26+M26 -> 380 | DF26: =AR26+AU26+AX26+BA26+BD26+BG26+BJ26+BM26+BP26+BS26+BV26+CB26+CE26+CH26+CK26+CN26+CQ26+CT26+CW26+CZ26+DC26 -> 4800 | DG26: =AS26+AV26+AY26+BB26+BE26+BH26+BK26+BN26+BQ26+BT26+BW26+CC26+CF26+CI26+CL26+CO26+CR26+CU26+CX26+DA26+DD26 -> 4195.2 | DH26: =ဦးအိရွှေ!AE21 -> 250 | DI26: =ဦးအိရွှေ!AF21 -> 3240 | DJ26: =ဦးအိရွှေ!AG21 -> 2635.2 | DK26: =DI26/L26 -> 0.15428207 | DL26: =10/31 -> 0.32258065 | DM26: =DK26-DL26 -> -0.16829858
A27: 24 | B27: ကိုရွှေသီး | C27: Ko Shwe Thee | D27: တ/ဥ | E27: South Okkalapa | F27: WS | G27: ကိုရွှေသီး | H27: Ko Shwe Thee | I27: 09-5089587 | J27: YNK | K27: 2018.1812 | L27: 28254.537 | AQ27: =M27+P27+S27+V27+Y27+AB27+AE27+AH27+AK27+AN27 -> 0 | AR27: =N27+Q27+T27+W27+Z27+AC27+AF27+AI27+AL27+AO27 -> 0 | AS27: =O27+R27+U27+X27+AA27+AD27+AG27+AJ27+AM27+AP27 -> 0 | BX27: =AQ27+AT27+AW27+AZ27+BC27+BF27+BI27+BL27+BO27+BR27+BU27 -> 0 | BY27: =AR27+AU27+AX27+BA27+BD27+BG27+BJ27+BM27+BP27+BS27+BV27 -> 0 | BZ27: =AS27+AV27+AY27+BB27+BE27+BH27+BK27+BN27+BQ27+BT27+BW27 -> 0 | DE27: =P27+S27+V27+Y27+AB27+AE27+AH27+AK27+AN27+AT27+AW27+AZ27+BC27+BF27+BI27+BL27+BO27+BR27+BU27+CA27+CD27+CG27+CJ27+CM27+CP27+CS27+CV27+CY27+DB27+M27 -> 0 | DF27: =AR27+AU27+AX27+BA27+BD27+BG27+BJ27+BM27+BP27+BS27+BV27+CB27+CE27+CH27+CK27+CN27+CQ27+CT27+CW27+CZ27+DC27 -> 0 | DG27: =AS27+AV27+AY27+BB27+BE27+BH27+BK27+BN27+BQ27+BT27+BW27+CC27+CF27+CI27+CL27+CO27+CR27+CU27+CX27+DA27+DD27 -> 0 | DH27: =ကိုရွှေသီး!AE19 -> 0 | DI27: =ကိုရွှေသီး!AF19 -> 0 | DJ27: =ကိုရွှေသီး!AG19 -> 0 | DK27: =DI27/L27 -> 0 | DL27: =10/31 -> 0.32258065 | DM27: =DK27-DL27 -> -0.32258065
A28: 25 | B28: ပန်းသတင်း | C28: Pan Tatin | D28: တွံတေး | E28: Twantay | F28: WS | G28: မဝေဝေစန်း | H28: Ma Wai Wai San | I28: 09-758750975 | J28: YNK | K28: 1649.5174 | L28: 23093.243 | Y28: 530 | Z28: 7320 | AA28: 5792 | AQ28: =M28+P28+S28+V28+Y28+AB28+AE28+AH28+AK28+AN28 -> 530 | AR28: =N28+Q28+T28+W28+Z28+AC28+AF28+AI28+AL28+AO28 -> 7320 | AS28: =O28+R28+U28+X28+AA28+AD28+AG28+AJ28+AM28+AP28 -> 5792 | BX28: =AQ28+AT28+AW28+AZ28+BC28+BF28+BI28+BL28+BO28+BR28+BU28 -> 530 | BY28: =AR28+AU28+AX28+BA28+BD28+BG28+BJ28+BM28+BP28+BS28+BV28 -> 7320 | BZ28: =AS28+AV28+AY28+BB28+BE28+BH28+BK28+BN28+BQ28+BT28+BW28 -> 5792 | DE28: =P28+S28+V28+Y28+AB28+AE28+AH28+AK28+AN28+AT28+AW28+AZ28+BC28+BF28+BI28+BL28+BO28+BR28+BU28+CA28+CD28+CG28+CJ28+CM28+CP28+CS28+CV28+CY28+DB28+M28 -> 530 | DF28: =AR28+AU28+AX28+BA28+BD28+BG28+BJ28+BM28+BP28+BS28+BV28+CB28+CE28+CH28+CK28+CN28+CQ28+CT28+CW28+CZ28+DC28 -> 7320 | DG28: =AS28+AV28+AY28+BB28+BE28+BH28+BK28+BN28+BQ28+BT28+BW28+CC28+CF28+CI28+CL28+CO28+CR28+CU28+CX28+DA28+DD28 -> 5792 | DH28: =ပန်းသတင်း!AE19 -> 530 | DI28: =ပန်းသတင်း!AF19 -> 7320 | DJ28: =ပန်းသတင်း!AG19 -> 5792 | DK28: =DI28/L28 -> 0.31697583 | DL28: =10/31 -> 0.32258065 | DM28: =DK28-DL28 -> -0.0056048143
A29: 26 | B29: မချိုချိုလွင် | C29: Ma Cho Cho Lwin | D29: သင်္ဃန်းကျွန်း | E29: Thingangyun | F29: WS | G29: မချို | H29: Ma Cho | I29: 09-421183044 | J29: YNK | K29: 1257 | L29: 17602.643 | AB29: 500 | AC29: 7240 | AD29: 5338 | AQ29: =M29+P29+S29+V29+Y29+AB29+AE29+AH29+AK29+AN29 -> 500 | AR29: =N29+Q29+T29+W29+Z29+AC29+AF29+AI29+AL29+AO29 -> 7240 | AS29: =O29+R29+U29+X29+AA29+AD29+AG29+AJ29+AM29+AP29 -> 5338 | BX29: =AQ29+AT29+AW29+AZ29+BC29+BF29+BI29+BL29+BO29+BR29+BU29 -> 500 | BY29: =AR29+AU29+AX29+BA29+BD29+BG29+BJ29+BM29+BP29+BS29+BV29 -> 7240 | BZ29: =AS29+AV29+AY29+BB29+BE29+BH29+BK29+BN29+BQ29+BT29+BW29 -> 5338 | DE29: =P29+S29+V29+Y29+AB29+AE29+AH29+AK29+AN29+AT29+AW29+AZ29+BC29+BF29+BI29+BL29+BO29+BR29+BU29+CA29+CD29+CG29+CJ29+CM29+CP29+CS29+CV29+CY29+DB29+M29 -> 500 | DF29: =AR29+AU29+AX29+BA29+BD29+BG29+BJ29+BM29+BP29+BS29+BV29+CB29+CE29+CH29+CK29+CN29+CQ29+CT29+CW29+CZ29+DC29 -> 7240 | DG29: =AS29+AV29+AY29+BB29+BE29+BH29+BK29+BN29+BQ29+BT29+BW29+CC29+CF29+CI29+CL29+CO29+CR29+CU29+CX29+DA29+DD29 -> 5338 | DH29: ='မချိုချိုလွင် '!AE21 -> 500 | DI29: ='မချိုချိုလွင် '!AF21 -> 7240 | DJ29: ='မချိုချိုလွင် '!AG21 -> 5338 | DK29: =DI29/L29 -> 0.41130186 | DL29: =10/31 -> 0.32258065 | DM29: =DK29-DL29 -> 0.088721217
A30: 27 | B30: တော်ဝင် | C30: Taw Win | D30: ကြည့်မြင်တိုင် | E30: Kyee Myin Daing | F30: WS | G30: မဝါဝါလှိုင် | H30: Ma War War Hlaing | I30: 09-793565822 | J30: YNK | K30: 1375.6754 | L30: 19259.455 | Y30: 230 | Z30: 3560 | AA30: 2339.2 | AH30: 30 | AI30: 420 | AJ30: 268.8 | AN30: 240 | AO30: 3640 | AP30: 2544 | AQ30: =M30+P30+S30+V30+Y30+AB30+AE30+AH30+AK30+AN30 -> 500 | AR30: =N30+Q30+T30+W30+Z30+AC30+AF30+AI30+AL30+AO30 -> 7620 | AS30: =O30+R30+U30+X30+AA30+AD30+AG30+AJ30+AM30+AP30 -> 5152 | BX30: =AQ30+AT30+AW30+AZ30+BC30+BF30+BI30+BL30+BO30+BR30+BU30 -> 500 | BY30: =AR30+AU30+AX30+BA30+BD30+BG30+BJ30+BM30+BP30+BS30+BV30 -> 7620 | BZ30: =AS30+AV30+AY30+BB30+BE30+BH30+BK30+BN30+BQ30+BT30+BW30 -> 5152 | DE30: =P30+S30+V30+Y30+AB30+AE30+AH30+AK30+AN30+AT30+AW30+AZ30+BC30+BF30+BI30+BL30+BO30+BR30+BU30+CA30+CD30+CG30+CJ30+CM30+CP30+CS30+CV30+CY30+DB30+M30 -> 500 | DF30: =AR30+AU30+AX30+BA30+BD30+BG30+BJ30+BM30+BP30+BS30+BV30+CB30+CE30+CH30+CK30+CN30+CQ30+CT30+CW30+CZ30+DC30 -> 7620 | DG30: =AS30+AV30+AY30+BB30+BE30+BH30+BK30+BN30+BQ30+BT30+BW30+CC30+CF30+CI30+CL30+CO30+CR30+CU30+CX30+DA30+DD30 -> 5152 | DH30: =တော်ဝင်!AG22 -> 500 | DI30: =တော်ဝင်!AH22 -> 7620 | DJ30: =တော်ဝင်!AI22 -> 5152 | DK30: =DI30/L30 -> 0.39564982 | DL30: =10/31 -> 0.32258065 | DM30: =DK30-DL30 -> 0.07306918
A31: 28 | B31: ဦးလှဖုန်း | C31: U Hla Phone | D31: ကော့မှူး | E31: Kawhmu | F31: WS | G31: ဒေါ်ကြည်ကြည်ဝင်း | H31: Daw Kyi Kyi Win | I31: 09-794635642 | J31: YNK | K31: 1261.3903 | L31: 17659.465 | V31: 170 | W31: 2280 | X31: 1675.2 | AH31: 110 | AI31: 1840 | AJ31: 1177.6 | AQ31: =M31+P31+S31+V31+Y31+AB31+AE31+AH31+AK31+AN31 -> 280 | AR31: =N31+Q31+T31+W31+Z31+AC31+AF31+AI31+AL31+AO31 -> 4120 | AS31: =O31+R31+U31+X31+AA31+AD31+AG31+AJ31+AM31+AP31 -> 2852.8 | BX31: =AQ31+AT31+AW31+AZ31+BC31+BF31+BI31+BL31+BO31+BR31+BU31 -> 280 | BY31: =AR31+AU31+AX31+BA31+BD31+BG31+BJ31+BM31+BP31+BS31+BV31 -> 4120 | BZ31: =AS31+AV31+AY31+BB31+BE31+BH31+BK31+BN31+BQ31+BT31+BW31 -> 2852.8 | DE31: =P31+S31+V31+Y31+AB31+AE31+AH31+AK31+AN31+AT31+AW31+AZ31+BC31+BF31+BI31+BL31+BO31+BR31+BU31+CA31+CD31+CG31+CJ31+CM31+CP31+CS31+CV31+CY31+DB31+M31 -> 280 | DF31: =AR31+AU31+AX31+BA31+BD31+BG31+BJ31+BM31+BP31+BS31+BV31+CB31+CE31+CH31+CK31+CN31+CQ31+CT31+CW31+CZ31+DC31 -> 4120 | DG31: =AS31+AV31+AY31+BB31+BE31+BH31+BK31+BN31+BQ31+BT31+BW31+CC31+CF31+CI31+CL31+CO31+CR31+CU31+CX31+DA31+DD31 -> 2852.8 | DH31: =ဦးလှဖုန်း!AE19 -> 280 | DI31: =ဦးလှဖုန်း!AF19 -> 4120 | DJ31: =ဦးလှဖုန်း!AG19 -> 2852.8 | DK31: =DI31/L31 -> 0.23330266 | DL31: =10/31 -> 0.32258065 | DM31: =DK31-DL31 -> -0.089277989
A32: 29 | B32: မသီတာ | C32: Ma Thida | D32: သာကေတ | E32: Thaketa | F32: WS | G32: မသီတာထွန်း | H32: Ma Thidar Tun | I32: 09-5406284 | J32: YNK | K32: 1441.7633 | L32: 20184.686 | AQ32: =M32+P32+S32+V32+Y32+AB32+AE32+AH32+AK32+AN32 -> 0 | AR32: =N32+Q32+T32+W32+Z32+AC32+AF32+AI32+AL32+AO32 -> 0 | AS32: =O32+R32+U32+X32+AA32+AD32+AG32+AJ32+AM32+AP32 -> 0 | AT32: 525 | AU32: 7540 | AV32: 5974.8 | BX32: =AQ32+AT32+AW32+AZ32+BC32+BF32+BI32+BL32+BO32+BR32+BU32 -> 525 | BY32: =AR32+AU32+AX32+BA32+BD32+BG32+BJ32+BM32+BP32+BS32+BV32 -> 7540 | BZ32: =AS32+AV32+AY32+BB32+BE32+BH32+BK32+BN32+BQ32+BT32+BW32 -> 5974.8 | DE32: =P32+S32+V32+Y32+AB32+AE32+AH32+AK32+AN32+AT32+AW32+AZ32+BC32+BF32+BI32+BL32+BO32+BR32+BU32+CA32+CD32+CG32+CJ32+CM32+CP32+CS32+CV32+CY32+DB32+M32 -> 525 | DF32: =AR32+AU32+AX32+BA32+BD32+BG32+BJ32+BM32+BP32+BS32+BV32+CB32+CE32+CH32+CK32+CN32+CQ32+CT32+CW32+CZ32+DC32 -> 7540 | DG32: =AS32+AV32+AY32+BB32+BE32+BH32+BK32+BN32+BQ32+BT32+BW32+CC32+CF32+CI32+CL32+CO32+CR32+CU32+CX32+DA32+DD32 -> 5974.8 | DH32: =မသီတာ!AE19 -> 0 | DI32: =မသီတာ!AF19 -> 0 | DJ32: =မသီတာ!AG19 -> 0 | DK32: =DI32/L32 -> 0 | DL32: =10/31 -> 0.32258065 | DM32: =DK32-DL32 -> -0.32258065
A33: 30 | B33: အနွယ်တော် | C33: A 'Nwe Taw | D33: သင်္ဃန်းကျွန်းကြီး | E33: Thingangyun Gyi | F33: WS | G33: မထက်ထက် | H33: Ma Htet Htet | I33: 09-793965694 | J33: YNK | K33: 1276.7203 | L33: 17874.084 | M33: 271 | N33: 3662 | O33: 3002.4 | AK33: 290 | AL33: 4240 | AM33: 3144 | AQ33: =M33+P33+S33+V33+Y33+AB33+AE33+AH33+AK33+AN33 -> 561 | AR33: =N33+Q33+T33+W33+Z33+AC33+AF33+AI33+AL33+AO33 -> 7902 | AS33: =O33+R33+U33+X33+AA33+AD33+AG33+AJ33+AM33+AP33 -> 6146.4 | BX33: =AQ33+AT33+AW33+AZ33+BC33+BF33+BI33+BL33+BO33+BR33+BU33 -> 561 | BY33: =AR33+AU33+AX33+BA33+BD33+BG33+BJ33+BM33+BP33+BS33+BV33 -> 7902 | BZ33: =AS33+AV33+AY33+BB33+BE33+BH33+BK33+BN33+BQ33+BT33+BW33 -> 6146.4 | DE33: =P33+S33+V33+Y33+AB33+AE33+AH33+AK33+AN33+AT33+AW33+AZ33+BC33+BF33+BI33+BL33+BO33+BR33+BU33+CA33+CD33+CG33+CJ33+CM33+CP33+CS33+CV33+CY33+DB33+M33 -> 561 | DF33: =AR33+AU33+AX33+BA33+BD33+BG33+BJ33+BM33+BP33+BS33+BV33+CB33+CE33+CH33+CK33+CN33+CQ33+CT33+CW33+CZ33+DC33 -> 7902 | DG33: =AS33+AV33+AY33+BB33+BE33+BH33+BK33+BN33+BQ33+BT33+BW33+CC33+CF33+CI33+CL33+CO33+CR33+CU33+CX33+DA33+DD33 -> 6146.4 | DH33: =အနွယ်တော်!AE19 -> 561 | DI33: =အနွယ်တော်!AF19 -> 7902 | DJ33: =အနွယ်တော်!AG19 -> 6146.4 | DK33: =DI33/L33 -> 0.44209259 | DL33: =10/31 -> 0.32258065 | DM33: =DK33-DL33 -> 0.11951194
A34: 31 | B34: နေလ | C34: Nay La | D34: တိုက်ကြီး | E34: Taikkyi | F34: WS | G34: ဦးမိုးသက်နိူင် | H34: U Moe That Naing | I34: 09-5394567 | J34: YNK | K34: 1119.7464 | L34: 15676.449 | S34: 275 | T34: 3790 | U34: 2555.2 | AQ34: =M34+P34+S34+V34+Y34+AB34+AE34+AH34+AK34+AN34 -> 275 | AR34: =N34+Q34+T34+W34+Z34+AC34+AF34+AI34+AL34+AO34 -> 3790 | AS34: =O34+R34+U34+X34+AA34+AD34+AG34+AJ34+AM34+AP34 -> 2555.2 | BX34: =AQ34+AT34+AW34+AZ34+BC34+BF34+BI34+BL34+BO34+BR34+BU34 -> 275 | BY34: =AR34+AU34+AX34+BA34+BD34+BG34+BJ34+BM34+BP34+BS34+BV34 -> 3790 | BZ34: =AS34+AV34+AY34+BB34+BE34+BH34+BK34+BN34+BQ34+BT34+BW34 -> 2555.2 | DE34: =P34+S34+V34+Y34+AB34+AE34+AH34+AK34+AN34+AT34+AW34+AZ34+BC34+BF34+BI34+BL34+BO34+BR34+BU34+CA34+CD34+CG34+CJ34+CM34+CP34+CS34+CV34+CY34+DB34+M34 -> 275 | DF34: =AR34+AU34+AX34+BA34+BD34+BG34+BJ34+BM34+BP34+BS34+BV34+CB34+CE34+CH34+CK34+CN34+CQ34+CT34+CW34+CZ34+DC34 -> 3790 | DG34: =AS34+AV34+AY34+BB34+BE34+BH34+BK34+BN34+BQ34+BT34+BW34+CC34+CF34+CI34+CL34+CO34+CR34+CU34+CX34+DA34+DD34 -> 2555.2 | DH34: =နေလ!AE19 -> 275 | DI34: =နေလ!AF19 -> 3790 | DJ34: =နေလ!AG19 -> 2555.2 | DK34: =DI34/L34 -> 0.24176393 | DL34: =10/31 -> 0.32258065 | DM34: =DK34-DL34 -> -0.080816714
A35: 32 | B35: မမွှေးမွှေး | C35: Ma Mhwe Mhwe | D35: ကွမ်းခြံကုန်း | E35: Kungyangon | F35: WS | G35: မသဇင်ညွှန့် | H35: Ma Tha Zin Nyunt | I35: 09-266299311 | J35: YNK | K35: 1146.6246 | L35: 16052.745 | AB35: 300 | AC35: 4100 | AD35: 2660 | AQ35: =M35+P35+S35+V35+Y35+AB35+AE35+AH35+AK35+AN35 -> 300 | AR35: =N35+Q35+T35+W35+Z35+AC35+AF35+AI35+AL35+AO35 -> 4100 | AS35: =O35+R35+U35+X35+AA35+AD35+AG35+AJ35+AM35+AP35 -> 2660 | BX35: =AQ35+AT35+AW35+AZ35+BC35+BF35+BI35+BL35+BO35+BR35+BU35 -> 300 | BY35: =AR35+AU35+AX35+BA35+BD35+BG35+BJ35+BM35+BP35+BS35+BV35 -> 4100 | BZ35: =AS35+AV35+AY35+BB35+BE35+BH35+BK35+BN35+BQ35+BT35+BW35 -> 2660 | DE35: =P35+S35+V35+Y35+AB35+AE35+AH35+AK35+AN35+AT35+AW35+AZ35+BC35+BF35+BI35+BL35+BO35+BR35+BU35+CA35+CD35+CG35+CJ35+CM35+CP35+CS35+CV35+CY35+DB35+M35 -> 300 | DF35: =AR35+AU35+AX35+BA35+BD35+BG35+BJ35+BM35+BP35+BS35+BV35+CB35+CE35+CH35+CK35+CN35+CQ35+CT35+CW35+CZ35+DC35 -> 4100 | DG35: =AS35+AV35+AY35+BB35+BE35+BH35+BK35+BN35+BQ35+BT35+BW35+CC35+CF35+CI35+CL35+CO35+CR35+CU35+CX35+DA35+DD35 -> 2660 | DH35: =မမွှေးမွှေး!AE19 -> 300 | DI35: =မမွှေးမွှေး!AF19 -> 4100 | DJ35: =မမွှေးမွှေး!AG19 -> 2660 | DK35: =DI35/L35 -> 0.25540804 | DL35: =10/31 -> 0.32258065 | DM35: =DK35-DL35 -> -0.06717261
A36: 33 | B36: ဆင်မင်း | C36: Sin Min | D36: လှိုင်သာယာ | E36: Hlaing Thar Yar | F36: WS | J36: YNK | K36: 1001.171 | L36: 14016.393 | S36: 155 | T36: 2100 | U36: 1718 | AB36: 150 | AC36: 2100 | AD36: 1344 | AQ36: =M36+P36+S36+V36+Y36+AB36+AE36+AH36+AK36+AN36 -> 305 | AR36: =N36+Q36+T36+W36+Z36+AC36+AF36+AI36+AL36+AO36 -> 4200 | AS36: =O36+R36+U36+X36+AA36+AD36+AG36+AJ36+AM36+AP36 -> 3062 | AT36: 200 | AU36: 2840 | AV36: 2176.8 | BX36: =AQ36+AT36+AW36+AZ36+BC36+BF36+BI36+BL36+BO36+BR36+BU36 -> 505 | BY36: =AR36+AU36+AX36+BA36+BD36+BG36+BJ36+BM36+BP36+BS36+BV36 -> 7040 | BZ36: =AS36+AV36+AY36+BB36+BE36+BH36+BK36+BN36+BQ36+BT36+BW36 -> 5238.8 | DE36: =P36+S36+V36+Y36+AB36+AE36+AH36+AK36+AN36+AT36+AW36+AZ36+BC36+BF36+BI36+BL36+BO36+BR36+BU36+CA36+CD36+CG36+CJ36+CM36+CP36+CS36+CV36+CY36+DB36+M36 -> 505 | DF36: =AR36+AU36+AX36+BA36+BD36+BG36+BJ36+BM36+BP36+BS36+BV36+CB36+CE36+CH36+CK36+CN36+CQ36+CT36+CW36+CZ36+DC36 -> 7040 | DG36: =AS36+AV36+AY36+BB36+BE36+BH36+BK36+BN36+BQ36+BT36+BW36+CC36+CF36+CI36+CL36+CO36+CR36+CU36+CX36+DA36+DD36 -> 5238.8 | DH36: =ဆင်မင်း!AE20 -> 305 | DI36: =ဆင်မင်း!AF20 -> 4200 | DJ36: =ဆင်မင်း!AG20 -> 3062 | DK36: =DI36/L36 -> 0.29964912 | DL36: =10/31 -> 0.32258065 | DM36: =DK36-DL36 -> -0.022931523
A37: 34 | B37: မာဟန် | C37: Mar Han | D37: မှော်ဘီ | E37: Hmawbi | F37: WS | G37: ဖြူမာဟန် | H37: Phyu Mar Han | I37: 09-5160980 | J37: YNK | K37: 958.57304 | L37: 13420.023 | AQ37: =M37+P37+S37+V37+Y37+AB37+AE37+AH37+AK37+AN37 -> 0 | AR37: =N37+Q37+T37+W37+Z37+AC37+AF37+AI37+AL37+AO37 -> 0 | AS37: =O37+R37+U37+X37+AA37+AD37+AG37+AJ37+AM37+AP37 -> 0 | BX37: =AQ37+AT37+AW37+AZ37+BC37+BF37+BI37+BL37+BO37+BR37+BU37 -> 0 | BY37: =AR37+AU37+AX37+BA37+BD37+BG37+BJ37+BM37+BP37+BS37+BV37 -> 0 | BZ37: =AS37+AV37+AY37+BB37+BE37+BH37+BK37+BN37+BQ37+BT37+BW37 -> 0 | DE37: =P37+S37+V37+Y37+AB37+AE37+AH37+AK37+AN37+AT37+AW37+AZ37+BC37+BF37+BI37+BL37+BO37+BR37+BU37+CA37+CD37+CG37+CJ37+CM37+CP37+CS37+CV37+CY37+DB37+M37 -> 0 | DF37: =AR37+AU37+AX37+BA37+BD37+BG37+BJ37+BM37+BP37+BS37+BV37+CB37+CE37+CH37+CK37+CN37+CQ37+CT37+CW37+CZ37+DC37 -> 0 | DG37: =AS37+AV37+AY37+BB37+BE37+BH37+BK37+BN37+BQ37+BT37+BW37+CC37+CF37+CI37+CL37+CO37+CR37+CU37+CX37+DA37+DD37 -> 0 | DH37: =မာဟန်!AE19 -> 0 | DI37: =မာဟန်!AF19 -> 0 | DJ37: =မာဟန်!AG19 -> 0 | DK37: =DI37/L37 -> 0 | DL37: =10/31 -> 0.32258065 | DM37: =DK37-DL37 -> -0.32258065
A38: 35 | B38: ကောင်းမွန် | C38: Kaung Mon | D38: တိုက်ကြီး | E38: Taikkyi | F38: WS | G38: မယဉ်နွယ်ဦး | H38: Ma Yin Nwal Oo | I38: 09-451311435 | J38: YNK | K38: 1197.2334 | L38: 16761.268 | AB38: 205 | AC38: 2940 | AD38: 1953.2 | AQ38: =M38+P38+S38+V38+Y38+AB38+AE38+AH38+AK38+AN38 -> 205 | AR38: =N38+Q38+T38+W38+Z38+AC38+AF38+AI38+AL38+AO38 -> 2940 | AS38: =O38+R38+U38+X38+AA38+AD38+AG38+AJ38+AM38+AP38 -> 1953.2 | BX38: =AQ38+AT38+AW38+AZ38+BC38+BF38+BI38+BL38+BO38+BR38+BU38 -> 205 | BY38: =AR38+AU38+AX38+BA38+BD38+BG38+BJ38+BM38+BP38+BS38+BV38 -> 2940 | BZ38: =AS38+AV38+AY38+BB38+BE38+BH38+BK38+BN38+BQ38+BT38+BW38 -> 1953.2 | DE38: =P38+S38+V38+Y38+AB38+AE38+AH38+AK38+AN38+AT38+AW38+AZ38+BC38+BF38+BI38+BL38+BO38+BR38+BU38+CA38+CD38+CG38+CJ38+CM38+CP38+CS38+CV38+CY38+DB38+M38 -> 205 | DF38: =AR38+AU38+AX38+BA38+BD38+BG38+BJ38+BM38+BP38+BS38+BV38+CB38+CE38+CH38+CK38+CN38+CQ38+CT38+CW38+CZ38+DC38 -> 2940 | DG38: =AS38+AV38+AY38+BB38+BE38+BH38+BK38+BN38+BQ38+BT38+BW38+CC38+CF38+CI38+CL38+CO38+CR38+CU38+CX38+DA38+DD38 -> 1953.2 | DH38: =ကောင်းမွန်!AE19 -> 205 | DI38: =ကောင်းမွန်!AF19 -> 2940 | DJ38: =ကောင်းမွန်!AG19 -> 1953.2 | DK38: =DI38/L38 -> 0.17540439 | DL38: =10/31 -> 0.32258065 | DM38: =DK38-DL38 -> -0.14717626
A39: 36 | B39: သုခအောင် | C39: Thuka Aung | D39: အင်းစိန် | E39: Insein | F39: WS | G39: မနန်းကေသီ | H39: Ma Nan Kay Thi | I39: 09-790241274 | J39: YNK | K39: 971.49841 | L39: 13600.978 | S39: 45 | T39: 540 | U39: 540 | AB39: 240 | AC39: 3560 | AD39: 2641.6 | AQ39: =M39+P39+S39+V39+Y39+AB39+AE39+AH39+AK39+AN39 -> 285 | AR39: =N39+Q39+T39+W39+Z39+AC39+AF39+AI39+AL39+AO39 -> 4100 | AS39: =O39+R39+U39+X39+AA39+AD39+AG39+AJ39+AM39+AP39 -> 3181.6 | BX39: =AQ39+AT39+AW39+AZ39+BC39+BF39+BI39+BL39+BO39+BR39+BU39 -> 285 | BY39: =AR39+AU39+AX39+BA39+BD39+BG39+BJ39+BM39+BP39+BS39+BV39 -> 4100 | BZ39: =AS39+AV39+AY39+BB39+BE39+BH39+BK39+BN39+BQ39+BT39+BW39 -> 3181.6 | DE39: =P39+S39+V39+Y39+AB39+AE39+AH39+AK39+AN39+AT39+AW39+AZ39+BC39+BF39+BI39+BL39+BO39+BR39+BU39+CA39+CD39+CG39+CJ39+CM39+CP39+CS39+CV39+CY39+DB39+M39 -> 285 | DF39: =AR39+AU39+AX39+BA39+BD39+BG39+BJ39+BM39+BP39+BS39+BV39+CB39+CE39+CH39+CK39+CN39+CQ39+CT39+CW39+CZ39+DC39 -> 4100 | DG39: =AS39+AV39+AY39+BB39+BE39+BH39+BK39+BN39+BQ39+BT39+BW39+CC39+CF39+CI39+CL39+CO39+CR39+CU39+CX39+DA39+DD39 -> 3181.6 | DH39: =သုခအောင်!AE19 -> 285 | DI39: =သုခအောင်!AF19 -> 4100 | DJ39: =သုခအောင်!AG19 -> 3181.6 | DK39: =DI39/L39 -> 0.30144892 | DL39: =10/31 -> 0.32258065 | DM39: =DK39-DL39 -> -0.021131728
A40: 37 | B40: လမင်းသာ | C40: La Min Thar | D40: သမိုင်း | E40: Tha Mine | F40: WS | G40: မခိုင်သင်းကြည် | H40: Ma Khing Thin Kyee | I40: 09-265148552 | J40: YNK | K40: 1083.6056 | L40: 15170.478 | S40: 40 | T40: 500 | U40: 449.6 | Y40: 95 | Z40: 1480 | AA40: 954.8 | AH40: 45 | AI40: 540 | AJ40: 540 | AK40: 40 | AL40: 760 | AM40: 500 | AQ40: =M40+P40+S40+V40+Y40+AB40+AE40+AH40+AK40+AN40 -> 220 | AR40: =N40+Q40+T40+W40+Z40+AC40+AF40+AI40+AL40+AO40 -> 3280 | AS40: =O40+R40+U40+X40+AA40+AD40+AG40+AJ40+AM40+AP40 -> 2444.4 | AT40: 40 | AU40: 500 | AV40: 449.6 | BX40: =AQ40+AT40+AW40+AZ40+BC40+BF40+BI40+BL40+BO40+BR40+BU40 -> 260 | BY40: =AR40+AU40+AX40+BA40+BD40+BG40+BJ40+BM40+BP40+BS40+BV40 -> 3780 | BZ40: =AS40+AV40+AY40+BB40+BE40+BH40+BK40+BN40+BQ40+BT40+BW40 -> 2894 | DE40: =P40+S40+V40+Y40+AB40+AE40+AH40+AK40+AN40+AT40+AW40+AZ40+BC40+BF40+BI40+BL40+BO40+BR40+BU40+CA40+CD40+CG40+CJ40+CM40+CP40+CS40+CV40+CY40+DB40+M40 -> 260 | DF40: =AR40+AU40+AX40+BA40+BD40+BG40+BJ40+BM40+BP40+BS40+BV40+CB40+CE40+CH40+CK40+CN40+CQ40+CT40+CW40+CZ40+DC40 -> 3780 | DG40: =AS40+AV40+AY40+BB40+BE40+BH40+BK40+BN40+BQ40+BT40+BW40+CC40+CF40+CI40+CL40+CO40+CR40+CU40+CX40+DA40+DD40 -> 2894 | DH40: =လမင်းသာ!AE24 -> 220 | DI40: =လမင်းသာ!AF24 -> 3280 | DJ40: =လမင်းသာ!AG24 -> 2444.4 | DK40: =DI40/L40 -> 0.21620941 | DL40: =10/31 -> 0.32258065 | DM40: =DK40-DL40 -> -0.10637124
A41: 38 | B41: ဂျက်ကြီး | C41: Jet Gyi | D41: ဒေးဒရဲ | E41: Dedaye | F41: WS | G41: ဦးထိန်းမင်း | H41: U Htine Min | I41: 09-751300943 | J41: YNK | K41: 920.8339 | L41: 12891.675 | AQ41: =M41+P41+S41+V41+Y41+AB41+AE41+AH41+AK41+AN41 -> 0 | AR41: =N41+Q41+T41+W41+Z41+AC41+AF41+AI41+AL41+AO41 -> 0 | AS41: =O41+R41+U41+X41+AA41+AD41+AG41+AJ41+AM41+AP41 -> 0 | BX41: =AQ41+AT41+AW41+AZ41+BC41+BF41+BI41+BL41+BO41+BR41+BU41 -> 0 | BY41: =AR41+AU41+AX41+BA41+BD41+BG41+BJ41+BM41+BP41+BS41+BV41 -> 0 | BZ41: =AS41+AV41+AY41+BB41+BE41+BH41+BK41+BN41+BQ41+BT41+BW41 -> 0 | DE41: =P41+S41+V41+Y41+AB41+AE41+AH41+AK41+AN41+AT41+AW41+AZ41+BC41+BF41+BI41+BL41+BO41+BR41+BU41+CA41+CD41+CG41+CJ41+CM41+CP41+CS41+CV41+CY41+DB41+M41 -> 0 | DF41: =AR41+AU41+AX41+BA41+BD41+BG41+BJ41+BM41+BP41+BS41+BV41+CB41+CE41+CH41+CK41+CN41+CQ41+CT41+CW41+CZ41+DC41 -> 0 | DG41: =AS41+AV41+AY41+BB41+BE41+BH41+BK41+BN41+BQ41+BT41+BW41+CC41+CF41+CI41+CL41+CO41+CR41+CU41+CX41+DA41+DD41 -> 0 | DH41: =ဂျက်ကြီး!AE19 -> 0 | DI41: =ဂျက်ကြီး!AF19 -> 0 | DJ41: =ဂျက်ကြီး!AG19 -> 0 | DK41: =DI41/L41 -> 0 | DL41: =10/31 -> 0.32258065 | DM41: =DK41-DL41 -> -0.32258065
A42: 39 | B42: မိုးမြင့်ထက် | C42: Moe Myint Htet | D42: မြောက်ဒဂုံ | E42: North Dagon | F42: WS | J42: YNK | K42: 437.38739 | L42: 6123.4234 | AQ42: =M42+P42+S42+V42+Y42+AB42+AE42+AH42+AK42+AN42 -> 0 | AR42: =N42+Q42+T42+W42+Z42+AC42+AF42+AI42+AL42+AO42 -> 0 | AS42: =O42+R42+U42+X42+AA42+AD42+AG42+AJ42+AM42+AP42 -> 0 | BX42: =AQ42+AT42+AW42+AZ42+BC42+BF42+BI42+BL42+BO42+BR42+BU42 -> 0 | BY42: =AR42+AU42+AX42+BA42+BD42+BG42+BJ42+BM42+BP42+BS42+BV42 -> 0 | BZ42: =AS42+AV42+AY42+BB42+BE42+BH42+BK42+BN42+BQ42+BT42+BW42 -> 0 | DE42: =P42+S42+V42+Y42+AB42+AE42+AH42+AK42+AN42+AT42+AW42+AZ42+BC42+BF42+BI42+BL42+BO42+BR42+BU42+CA42+CD42+CG42+CJ42+CM42+CP42+CS42+CV42+CY42+DB42+M42 -> 0 | DF42: =AR42+AU42+AX42+BA42+BD42+BG42+BJ42+BM42+BP42+BS42+BV42+CB42+CE42+CH42+CK42+CN42+CQ42+CT42+CW42+CZ42+DC42 -> 0 | DG42: =AS42+AV42+AY42+BB42+BE42+BH42+BK42+BN42+BQ42+BT42+BW42+CC42+CF42+CI42+CL42+CO42+CR42+CU42+CX42+DA42+DD42 -> 0 | DH42: =မိုးမြင့်ထက်!AE19 -> 0 | DI42: =မိုးမြင့်ထက်!AF19 -> 0 | DJ42: =မိုးမြင့်ထက်!AG19 -> 0 | DK42: =DI42/L42 -> 0 | DL42: =10/31 -> 0.32258065 | DM42: =DK42-DL42 -> -0.32258065
A43: 40 | B43: အောင်ချမ်းသာ | C43: Aung Chan Thar | D43: ကွမ်းခြံကုန်း | E43: Kungyangon | F43: WS | G43: ဒေါ်ဆုမွန်အောင် | H43: Daw Su Mon Aung | I43: 09-777177702 | J43: YNK | K43: 966.65541 | L43: 13533.176 | AQ43: =M43+P43+S43+V43+Y43+AB43+AE43+AH43+AK43+AN43 -> 0 | AR43: =N43+Q43+T43+W43+Z43+AC43+AF43+AI43+AL43+AO43 -> 0 | AS43: =O43+R43+U43+X43+AA43+AD43+AG43+AJ43+AM43+AP43 -> 0 | BX43: =AQ43+AT43+AW43+AZ43+BC43+BF43+BI43+BL43+BO43+BR43+BU43 -> 0 | BY43: =AR43+AU43+AX43+BA43+BD43+BG43+BJ43+BM43+BP43+BS43+BV43 -> 0 | BZ43: =AS43+AV43+AY43+BB43+BE43+BH43+BK43+BN43+BQ43+BT43+BW43 -> 0 | DE43: =P43+S43+V43+Y43+AB43+AE43+AH43+AK43+AN43+AT43+AW43+AZ43+BC43+BF43+BI43+BL43+BO43+BR43+BU43+CA43+CD43+CG43+CJ43+CM43+CP43+CS43+CV43+CY43+DB43+M43 -> 0 | DF43: =AR43+AU43+AX43+BA43+BD43+BG43+BJ43+BM43+BP43+BS43+BV43+CB43+CE43+CH43+CK43+CN43+CQ43+CT43+CW43+CZ43+DC43 -> 0 | DG43: =AS43+AV43+AY43+BB43+BE43+BH43+BK43+BN43+BQ43+BT43+BW43+CC43+CF43+CI43+CL43+CO43+CR43+CU43+CX43+DA43+DD43 -> 0 | DH43: ='အောင်ချမ်းသာ '!AE19 -> 0 | DI43: ='အောင်ချမ်းသာ '!AF19 -> 0 | DJ43: ='အောင်ချမ်းသာ '!AG19 -> 0 | DK43: =DI43/L43 -> 0 | DL43: =10/31 -> 0.32258065 | DM43: =DK43-DL43 -> -0.32258065
A44: 41 | B44: အောင်ပြည့်စုံ | C44: Aung Pyae Sone | D44: ခရမ်း | E44: Khayan | F44: WS | G44: ဦးအောင်ဇော်မိုး | H44: U Aung Zaw Moe | I44: 09-797947488 | J44: YNK | K44: 811.7947 | L44: 11365.126 | AH44: 470 | AI44: 5780 | AJ44: 5427.2 | AQ44: =M44+P44+S44+V44+Y44+AB44+AE44+AH44+AK44+AN44 -> 470 | AR44: =N44+Q44+T44+W44+Z44+AC44+AF44+AI44+AL44+AO44 -> 5780 | AS44: =O44+R44+U44+X44+AA44+AD44+AG44+AJ44+AM44+AP44 -> 5427.2 | BX44: =AQ44+AT44+AW44+AZ44+BC44+BF44+BI44+BL44+BO44+BR44+BU44 -> 470 | BY44: =AR44+AU44+AX44+BA44+BD44+BG44+BJ44+BM44+BP44+BS44+BV44 -> 5780 | BZ44: =AS44+AV44+AY44+BB44+BE44+BH44+BK44+BN44+BQ44+BT44+BW44 -> 5427.2 | DE44: =P44+S44+V44+Y44+AB44+AE44+AH44+AK44+AN44+AT44+AW44+AZ44+BC44+BF44+BI44+BL44+BO44+BR44+BU44+CA44+CD44+CG44+CJ44+CM44+CP44+CS44+CV44+CY44+DB44+M44 -> 470 | DF44: =AR44+AU44+AX44+BA44+BD44+BG44+BJ44+BM44+BP44+BS44+BV44+CB44+CE44+CH44+CK44+CN44+CQ44+CT44+CW44+CZ44+DC44 -> 5780 | DG44: =AS44+AV44+AY44+BB44+BE44+BH44+BK44+BN44+BQ44+BT44+BW44+CC44+CF44+CI44+CL44+CO44+CR44+CU44+CX44+DA44+DD44 -> 5427.2 | DH44: =အောင်ပြည့်စုံ!AE19 -> 470 | DI44: =အောင်ပြည့်စုံ!AF19 -> 5780 | DJ44: =အောင်ပြည့်စုံ!AG19 -> 5427.2 | DK44: =DI44/L44 -> 0.50857334 | DL44: =10/31 -> 0.32258065 | DM44: =DK44-DL44 -> 0.18599269
B45: Total | K45: =SUM(K4:K44) -> 151649.84 | L45: =SUM(L4:L44) -> 2123102.4 | M45: =SUM(M4:M44) -> 3376 | N45: =SUM(N4:N44) -> 47672 | O45: =SUM(O4:O44) -> 37258.8 | P45: =SUM(P4:P44) -> 0 | Q45: =SUM(Q4:Q44) -> 0 | R45: =SUM(R4:R44) -> 0 | ... DJ45: =SUM(DJ4:DJ44) -> 345528.64 | DK45: =DI45/L45 -> 0.21924237 | DL45: =10/31 -> 0.32258065 | DM45: =DK45-DL45 -> -0.10333828

Sheet မိုးအောင်
C1: မိုးအောင် (တောင်ဒဂုံ) | AF1: Total (PKT) | AG1: =AE27 -> 4880 | AI1: 12 | AJ1: 14
A2: No | B2: Date | C2: SKU | AF2: Total (BOT) | AG2: =AF27 -> 72350 | AI2: 24 | AJ2: 40
C3: ဇေ (1*14) | E3: ဇေ (1*12 (1000ml) | G3: ဇေ (1*12 (600ml) | I3: ဇေ (1*40 (350ml) | K3: Vodka (1*12) | M3: မ/က (1*12) (1000 ml) | O3: မ/က (1*40) (350 ml) | Q3: နာနတ် (1*14) (640 ml) | S3: Cj5 (1*14) | U3: ဇေ (1*24) | W3: မိုးနဲ (1*14) (640 ml) | Y3: Zay super vk (1*14) | AA3: Red (1000ml) 1*12 | AC3: Rum 43% 1*12 | AE3: Total
C4: PKT | D4: BOT | E4: PKT | F4: BOT | G4: PKT | H4: BOT | I4: PKT | J4: BOT | K4: PKT | L4: BOT | M4: PKT | N4: BOT | O4: PKT | P4: BOT | Q4: PKT | R4: BOT | S4: PKT | T4: BOT | U4: PKT | V4: BOT | W4: PKT | X4: BOT | Y4: PKT | Z4: BOT | AA4: PKT | AB4: BOT | AC4: PKT | AD4: BOT | AE4: PKT | AF4: BOT | AG4: Liter
D5: 0.64 | F5: 1 | H5: 0.6 | J5: 0.35 | L5: 0.7 | N5: 1 | P5: 0.35 | R5: 0.64 | T5: 0.64 | V5: 0.64 | X5: 0.64 | Z5: 0.64 | AB5: 1 | AD5: 0.64
A6: 1 | B6: 45689 | C6: 150 | D6: =C6*14 -> 2100 | E6: 150 | F6: =E6*12 -> 1800 | H6: =G6*12 -> 0 | I6: 50 | J6: =I6*40 -> 2000 | L6: =K6*12 -> 0 | M6: 105 | N6: =M6*12 -> 1260 | O6: 45 | P6: =O6*40 -> 1800 | R6: =Q6*14 -> 0 | T6: =S6*14 -> 0 | V6: =U6*24 -> 0 | X6: =W6*14 -> 0 | Z6: =Y6*14 -> 0 | AB6: =AA6*12 -> 0 | AD6: =AC6*12 -> 0 | AE6: =C6+E6+G6+I6+K6+M6+O6+Q6+S6+U6+W6+Y6+AA6+AC6 -> 500 | AF6: =D6+F6+H6+J6+L6+N6+P6+R6+T6+V6+X6+Z6+AB6+AD6 -> 8960 | AG6: =(D6*$D$5)+(F6*$F$5)+(H6*$H$5)+(J6*$J$5)+(L6*$L$5)+(N6*$N$5)+(P6*$P$5)+(R6*$R$5)+(T6*$T$5)+(V6*$V$5)+(X6*$X$5)+(Z6*$Z$5)+(AB6*$AB$5)+(AD6*$AD$5) -> 5734
A7: 2 | B7: 45717 | C7: 35 | D7: =C7*14 -> 490 | E7: 20 | F7: =E7*12 -> 240 | H7: =G7*12 -> 0 | J7: =I7*40 -> 0 | L7: =K7*12 -> 0 | N7: =M7*12 -> 0 | P7: =O7*40 -> 0 | R7: =Q7*14 -> 0 | T7: =S7*14 -> 0 | V7: =U7*24 -> 0 | X7: =W7*14 -> 0 | Y7: 10 | Z7: =Y7*14 -> 140 | AB7: =AA7*12 -> 0 | AD7: =AC7*12 -> 0 | AE7: =C7+E7+G7+I7+K7+M7+O7+Q7+S7+U7+W7+Y7+AA7+AC7 -> 65 | AF7: =D7+F7+H7+J7+L7+N7+P7+R7+T7+V7+X7+Z7+AB7+AD7 -> 870 | AG7: =(D7*$D$5)+(F7*$F$5)+(H7*$H$5)+(J7*$J$5)+(L7*$L$5)+(N7*$N$5)+(P7*$P$5)+(R7*$R$5)+(T7*$T$5)+(V7*$V$5)+(X7*$X$5)+(Z7*$Z$5)+(AB7*$AB$5)+(AD7*$AD$5) -> 643.2
A8: 3 | B8: 45748 | C8: 200 | D8: =C8*14 -> 2800 | E8: 100 | F8: =E8*12 -> 1200 | G8: 100 | H8: =G8*12 -> 1200 | I8: 50 | J8: =I8*40 -> 2000 | L8: =K8*12 -> 0 | M8: 45 | N8: =M8*12 -> 540 | P8: =O8*40 -> 0 | Q8: 50 | R8: =Q8*14 -> 700 | T8: =S8*14 -> 0 | V8: =U8*24 -> 0 | X8: =W8*14 -> 0 | Z8: =Y8*14 -> 0 | AB8: =AA8*12 -> 0 | AD8: =AC8*12 -> 0 | AE8: =C8+E8+G8+I8+K8+M8+O8+Q8+S8+U8+W8+Y8+AA8+AC8 -> 545 | AF8: =D8+F8+H8+J8+L8+N8+P8+R8+T8+V8+X8+Z8+AB8+AD8 -> 8440 | AG8: =(D8*$D$5)+(F8*$F$5)+(H8*$H$5)+(J8*$J$5)+(L8*$L$5)+(N8*$N$5)+(P8*$P$5)+(R8*$R$5)+(T8*$T$5)+(V8*$V$5)+(X8*$X$5)+(Z8*$Z$5)+(AB8*$AB$5)+(AD8*$AD$5) -> 5400
A9: 4 | B9: 45809 | C9: 100 | D9: =C9*14 -> 1400 | E9: 240 | F9: =E9*12 -> 2880 | G9: 50 | H9: =G9*12 -> 600 | I9: 50 | J9: =I9*40 -> 2000 | L9: =K9*12 -> 0 | M9: 105 | N9: =M9*12 -> 1260 | P9: =O9*40 -> 0 | R9: =Q9*14 -> 0 | T9: =S9*14 -> 0 | V9: =U9*24 -> 0 | X9: =W9*14 -> 0 | Z9: =Y9*14 -> 0 | AB9: =AA9*12 -> 0 | AD9: =AC9*12 -> 0 | AE9: =C9+E9+G9+I9+K9+M9+O9+Q9+S9+U9+W9+Y9+AA9+AC9 -> 545 | AF9: =D9+F9+H9+J9+L9+N9+P9+R9+T9+V9+X9+Z9+AB9+AD9 -> 8140 | AG9: =(D9*$D$5)+(F9*$F$5)+(H9*$H$5)+(J9*$J$5)+(L9*$L$5)+(N9*$N$5)+(P9*$P$5)+(R9*$R$5)+(T9*$T$5)+(V9*$V$5)+(X9*$X$5)+(Z9*$Z$5)+(AB9*$AB$5)+(AD9*$AD$5) -> 6096
A10: 5 | B10: 45839 | C10: 250 | D10: =C10*14 -> 3500 | E10: 700 | F10: =E10*12 -> 8400 | G10: 50 | H10: =G10*12 -> 600 | I10: 50 | J10: =I10*40 -> 2000 | L10: =K10*12 -> 0 | N10: =M10*12 -> 0 | P10: =O10*40 -> 0 | Q10: 40 | R10: =Q10*14 -> 560 | T10: =S10*14 -> 0 | V10: =U10*24 -> 0 | X10: =W10*14 -> 0 | Z10: =Y10*14 -> 0 | AB10: =AA10*12 -> 0 | AD10: =AC10*12 -> 0 | AE10: =C10+E10+G10+I10+K10+M10+O10+Q10+S10+U10+W10+Y10+AA10+AC10 -> 1090 | AF10: =D10+F10+H10+J10+L10+N10+P10+R10+T10+V10+X10+Z10+AB10+AD10 -> 15060 | AG10: =(D10*$D$5)+(F10*$F$5)+(H10*$H$5)+(J10*$J$5)+(L10*$L$5)+(N10*$N$5)+(P10*$P$5)+(R10*$R$5)+(T10*$T$5)+(V10*$V$5)+(X10*$X$5)+(Z10*$Z$5)+(AB10*$AB$5)+(AD10*$AD$5) -> 12058.4
A11: 6 | B11: 45870 | C11: 100 | D11: =C11*14 -> 1400 | E11: 280 | F11: =E11*12 -> 3360 | G11: 50 | H11: =G11*12 -> 600 | J11: =I11*40 -> 0 | L11: =K11*12 -> 0 | M11: 105 | N11: =M11*12 -> 1260 | P11: =O11*40 -> 0 | R11: =Q11*14 -> 0 | T11: =S11*14 -> 0 | V11: =U11*24 -> 0 | X11: =W11*14 -> 0 | Z11: =Y11*14 -> 0 | AB11: =AA11*12 -> 0 | AD11: =AC11*12 -> 0 | AE11: =C11+E11+G11+I11+K11+M11+O11+Q11+S11+U11+W11+Y11+AA11+AC11 -> 535 | AF11: =D11+F11+H11+J11+L11+N11+P11+R11+T11+V11+X11+Z11+AB11+AD11 -> 6620 | AG11: =(D11*$D$5)+(F11*$F$5)+(H11*$H$5)+(J11*$J$5)+(L11*$L$5)+(N11*$N$5)+(P11*$P$5)+(R11*$R$5)+(T11*$T$5)+(V11*$V$5)+(X11*$X$5)+(Z11*$Z$5)+(AB11*$AB$5)+(AD11*$AD$5) -> 5876
A12: 7 | B12: 45901 | C12: 100 | D12: =C12*14 -> 1400 | E12: 250 | F12: =E12*12 -> 3000 | G12: 50 | H12: =G12*12 -> 600 | I12: 50 | J12: =I12*40 -> 2000 | L12: =K12*12 -> 0 | N12: =M12*12 -> 0 | P12: =O12*40 -> 0 | Q12: 50 | R12: =Q12*14 -> 700 | S12: 50 | T12: =S12*14 -> 700 | V12: =U12*24 -> 0 | X12: =W12*14 -> 0 | Z12: =Y12*14 -> 0 | AB12: =AA12*12 -> 0 | AD12: =AC12*12 -> 0 | AE12: =C12+E12+G12+I12+K12+M12+O12+Q12+S12+U12+W12+Y12+AA12+AC12 -> 550 | AF12: =D12+F12+H12+J12+L12+N12+P12+R12+T12+V12+X12+Z12+AB12+AD12 -> 8400 | AG12: =(D12*$D$5)+(F12*$F$5)+(H12*$H$5)+(J12*$J$5)+(L12*$L$5)+(N12*$N$5)+(P12*$P$5)+(R12*$R$5)+(T12*$T$5)+(V12*$V$5)+(X12*$X$5)+(Z12*$Z$5)+(AB12*$AB$5)+(AD12*$AD$5) -> 5852
A13: 8 | B13: 45931 | C13: 100 | D13: =C13*14 -> 1400 | E13: 130 | F13: =E13*12 -> 1560 | G13: 50 | H13: =G13*12 -> 600 | J13: =I13*40 -> 0 | L13: =K13*12 -> 0 | M13: 150 | N13: =M13*12 -> 1800 | O13: 45 | P13: =O13*40 -> 1800 | Q13: 50 | R13: =Q13*14 -> 700 | T13: =S13*14 -> 0 | V13: =U13*24 -> 0 | X13: =W13*14 -> 0 | Z13: =Y13*14 -> 0 | AB13: =AA13*12 -> 0 | AD13: =AC13*12 -> 0 | AE13: =C13+E13+G13+I13+K13+M13+O13+Q13+S13+U13+W13+Y13+AA13+AC13 -> 525 | AF13: =D13+F13+H13+J13+L13+N13+P13+R13+T13+V13+X13+Z13+AB13+AD13 -> 7860 | AG13: =(D13*$D$5)+(F13*$F$5)+(H13*$H$5)+(J13*$J$5)+(L13*$L$5)+(N13*$N$5)+(P13*$P$5)+(R13*$R$5)+(T13*$T$5)+(V13*$V$5)+(X13*$X$5)+(Z13*$Z$5)+(AB13*$AB$5)+(AD13*$AD$5) -> 5694
A14: 9 | B14: 45962 | C14: 150 | D14: 2100 | E14: 100 | F14: 1200 | H14: 0 | I14: 50 | J14: 2000 | L14: 0 | M14: 225 | N14: 2700 | P14: 0 | R14: 0 | T14: =S14*14 -> 0 | V14: =U14*24 -> 0 | X14: =W14*14 -> 0 | Z14: =Y14*14 -> 0 | AB14: =AA14*12 -> 0 | AD14: =AC14*12 -> 0 | AE14: =C14+E14+G14+I14+K14+M14+O14+Q14+S14+U14+W14+Y14+AA14+AC14 -> 525 | AF14: =D14+F14+H14+J14+L14+N14+P14+R14+T14+V14+X14+Z14+AB14+AD14 -> 8000 | AG14: =(D14*$D$5)+(F14*$F$5)+(H14*$H$5)+(J14*$J$5)+(L14*$L$5)+(N14*$N$5)+(P14*$P$5)+(R14*$R$5)+(T14*$T$5)+(V14*$V$5)+(X14*$X$5)+(Z14*$Z$5)+(AB14*$AB$5)+(AD14*$AD$5) -> 5944
A15: 10 | D15: =C15*14 -> 0 | F15: =E15*12 -> 0 | H15: =G15*12 -> 0 | J15: =I15*40 -> 0 | L15: =K15*12 -> 0 | N15: =M15*12 -> 0 | P15: =O15*40 -> 0 | R15: =Q15*14 -> 0 | T15: =S15*14 -> 0 | V15: =U15*24 -> 0 | X15: =W15*14 -> 0 | Z15: =Y15*14 -> 0 | AB15: =AA15*12 -> 0 | AD15: =AC15*12 -> 0 | AE15: =C15+E15+G15+I15+K15+M15+O15+Q15+S15+U15+W15+Y15+AA15+AC15 -> 0 | AF15: =D15+F15+H15+J15+L15+N15+P15+R15+T15+V15+X15+Z15+AB15+AD15 -> 0 | AG15: =(D15*$D$5)+(F15*$F$5)+(H15*$H$5)+(J15*$J$5)+(L15*$L$5)+(N15*$N$5)+(P15*$P$5)+(R15*$R$5)+(T15*$T$5)+(V15*$V$5)+(X15*$X$5)+(Z15*$Z$5)+(AB15*$AB$5)+(AD15*$AD$5) -> 0
A16: 11 | D16: =C16*14 -> 0 | F16: =E16*12 -> 0 | H16: =G16*12 -> 0 | J16: =I16*40 -> 0 | L16: =K16*12 -> 0 | N16: =M16*12 -> 0 | P16: =O16*40 -> 0 | R16: =Q16*14 -> 0 | T16: =S16*14 -> 0 | V16: =U16*24 -> 0 | X16: =W16*14 -> 0 | Z16: =Y16*14 -> 0 | AB16: =AA16*12 -> 0 | AD16: =AC16*12 -> 0 | AE16: =C16+E16+G16+I16+K16+M16+O16+Q16+S16+U16+W16+Y16+AA16+AC16 -> 0 | AF16: =D16+F16+H16+J16+L16+N16+P16+R16+T16+V16+X16+Z16+AB16+AD16 -> 0 | AG16: =(D16*$D$5)+(F16*$F$5)+(H16*$H$5)+(J16*$J$5)+(L16*$L$5)+(N16*$N$5)+(P16*$P$5)+(R16*$R$5)+(T16*$T$5)+(V16*$V$5)+(X16*$X$5)+(Z16*$Z$5)+(AB16*$AB$5)+(AD16*$AD$5) -> 0
A17: 12 | D17: =C17*14 -> 0 | F17: =E17*12 -> 0 | H17: =G17*12 -> 0 | J17: =I17*40 -> 0 | L17: =K17*12 -> 0 | N17: =M17*12 -> 0 | P17: =O17*40 -> 0 | R17: =Q17*14 -> 0 | T17: =S17*14 -> 0 | V17: =U17*24 -> 0 | X17: =W17*14 -> 0 | Z17: =Y17*14 -> 0 | AB17: =AA17*12 -> 0 | AD17: =AC17*12 -> 0 | AE17: =C17+E17+G17+I17+K17+M17+O17+Q17+S17+U17+W17+Y17+AA17+AC17 -> 0 | AF17: =D17+F17+H17+J17+L17+N17+P17+R17+T17+V17+X17+Z17+AB17+AD17 -> 0 | AG17: =(D17*$D$5)+(F17*$F$5)+(H17*$H$5)+(J17*$J$5)+(L17*$L$5)+(N17*$N$5)+(P17*$P$5)+(R17*$R$5)+(T17*$T$5)+(V17*$V$5)+(X17*$X$5)+(Z17*$Z$5)+(AB17*$AB$5)+(AD17*$AD$5) -> 0
A18: 13 | D18: =C18*14 -> 0 | F18: =E18*12 -> 0 | H18: =G18*12 -> 0 | J18: =I18*40 -> 0 | L18: =K18*12 -> 0 | N18: =M18*12 -> 0 | P18: =O18*40 -> 0 | R18: =Q18*14 -> 0 | T18: =S18*14 -> 0 | V18: =U18*24 -> 0 | X18: =W18*14 -> 0 | Z18: =Y18*14 -> 0 | AB18: =AA18*12 -> 0 | AD18: =AC18*12 -> 0 | AE18: =C18+E18+G18+I18+K18+M18+O18+Q18+S18+U18+W18+Y18+AA18+AC18 -> 0 | AF18: =D18+F18+H18+J18+L18+N18+P18+R18+T18+V18+X18+Z18+AB18+AD18 -> 0 | AG18: =(D18*$D$5)+(F18*$F$5)+(H18*$H$5)+(J18*$J$5)+(L18*$L$5)+(N18*$N$5)+(P18*$P$5)+(R18*$R$5)+(T18*$T$5)+(V18*$V$5)+(X18*$X$5)+(Z18*$Z$5)+(AB18*$AB$5)+(AD18*$AD$5) -> 0
A19: 14 | D19: =C19*14 -> 0 | F19: =E19*12 -> 0 | H19: =G19*12 -> 0 | J19: =I19*40 -> 0 | L19: =K19*12 -> 0 | N19: =M19*12 -> 0 | P19: =O19*40 -> 0 | R19: =Q19*14 -> 0 | T19: =S19*14 -> 0 | V19: =U19*24 -> 0 | X19: =W19*14 -> 0 | Z19: =Y19*14 -> 0 | AB19: =AA19*12 -> 0 | AD19: =AC19*12 -> 0 | AE19: =C19+E19+G19+I19+K19+M19+O19+Q19+S19+U19+W19+Y19+AA19+AC19 -> 0 | AF19: =D19+F19+H19+J19+L19+N19+P19+R19+T19+V19+X19+Z19+AB19+AD19 -> 0 | AG19: =(D19*$D$5)+(F19*$F$5)+(H19*$H$5)+(J19*$J$5)+(L19*$L$5)+(N19*$N$5)+(P19*$P$5)+(R19*$R$5)+(T19*$T$5)+(V19*$V$5)+(X19*$X$5)+(Z19*$Z$5)+(AB19*$AB$5)+(AD19*$AD$5) -> 0
A20: 15 | D20: =C20*14 -> 0 | F20: =E20*12 -> 0 | H20: =G20*12 -> 0 | J20: =I20*40 -> 0 | L20: =K20*12 -> 0 | N20: =M20*12 -> 0 | P20: =O20*40 -> 0 | R20: =Q20*14 -> 0 | T20: =S20*14 -> 0 | V20: =U20*24 -> 0 | X20: =W20*14 -> 0 | Z20: =Y20*14 -> 0 | AB20: =AA20*12 -> 0 | AD20: =AC20*12 -> 0 | AE20: =C20+E20+G20+I20+K20+M20+O20+Q20+S20+U20+W20+Y20+AA20+AC20 -> 0 | AF20: =D20+F20+H20+J20+L20+N20+P20+R20+T20+V20+X20+Z20+AB20+AD20 -> 0 | AG20: =(D20*$D$5)+(F20*$F$5)+(H20*$H$5)+(J20*$J$5)+(L20*$L$5)+(N20*$N$5)+(P20*$P$5)+(R20*$R$5)+(T20*$T$5)+(V20*$V$5)+(X20*$X$5)+(Z20*$Z$5)+(AB20*$AB$5)+(AD20*$AD$5) -> 0
A21: 16 | D21: =C21*14 -> 0 | F21: =E21*12 -> 0 | H21: =G21*12 -> 0 | J21: =I21*40 -> 0 | L21: =K21*12 -> 0 | N21: =M21*12 -> 0 | P21: =O21*40 -> 0 | R21: =Q21*14 -> 0 | T21: =S21*14 -> 0 | V21: =U21*24 -> 0 | X21: =W21*14 -> 0 | Z21: =Y21*14 -> 0 | AB21: =AA21*12 -> 0 | AD21: =AC21*12 -> 0 | AE21: =C21+E21+G21+I21+K21+M21+O21+Q21+S21+U21+W21+Y21+AA21+AC21 -> 0 | AF21: =D21+F21+H21+J21+L21+N21+P21+R21+T21+V21+X21+Z21+AB21+AD21 -> 0 | AG21: =(D21*$D$5)+(F21*$F$5)+(H21*$H$5)+(J21*$J$5)+(L21*$L$5)+(N21*$N$5)+(P21*$P$5)+(R21*$R$5)+(T21*$T$5)+(V21*$V$5)+(X21*$X$5)+(Z21*$Z$5)+(AB21*$AB$5)+(AD21*$AD$5) -> 0
A22: 17 | D22: =C22*14 -> 0 | F22: =E22*12 -> 0 | H22: =G22*12 -> 0 | J22: =I22*40 -> 0 | L22: =K22*12 -> 0 | N22: =M22*12 -> 0 | P22: =O22*40 -> 0 | R22: =Q22*14 -> 0 | T22: =S22*14 -> 0 | V22: =U22*24 -> 0 | X22: =W22*14 -> 0 | Z22: =Y22*14 -> 0 | AB22: =AA22*12 -> 0 | AD22: =AC22*12 -> 0 | AE22: =C22+E22+G22+I22+K22+M22+O22+Q22+S22+U22+W22+Y22+AA22+AC22 -> 0 | AF22: =D22+F22+H22+J22+L22+N22+P22+R22+T22+V22+X22+Z22+AB22+AD22 -> 0 | AG22: =(D22*$D$5)+(F22*$F$5)+(H22*$H$5)+(J22*$J$5)+(L22*$L$5)+(N22*$N$5)+(P22*$P$5)+(R22*$R$5)+(T22*$T$5)+(V22*$V$5)+(X22*$X$5)+(Z22*$Z$5)+(AB22*$AB$5)+(AD22*$AD$5) -> 0
A23: 18 | D23: =C23*14 -> 0 | F23: =E23*12 -> 0 | H23: =G23*12 -> 0 | J23: =I23*40 -> 0 | L23: =K23*12 -> 0 | N23: =M23*12 -> 0 | R23: =Q23*14 -> 0 | T23: =S23*14 -> 0 | X23: =W23*14 -> 0 | Z23: =Y23*14 -> 0 | AE23: =C23+E23+G23+I23+K23+M23+O23+Q23+S23+U23+W23+Y23+AA23+AC23 -> 0 | AF23: =D23+F23+H23+J23+L23+N23+P23+R23+T23+V23+X23+Z23+AB23+AD23 -> 0 | AG23: =(D23*$D$5)+(F23*$F$5)+(H23*$H$5)+(J23*$J$5)+(L23*$L$5)+(N23*$N$5)+(P23*$P$5)+(R23*$R$5)+(T23*$T$5)+(V23*$V$5)+(X23*$X$5)+(Z23*$Z$5)+(AB23*$AB$5)+(AD23*$AD$5) -> 0
A24: 19 | D24: =C24*14 -> 0 | F24: =E24*12 -> 0 | H24: =G24*12 -> 0 | J24: =I24*40 -> 0 | L24: =K24*12 -> 0 | N24: =M24*12 -> 0 | X24: =W24*14 -> 0 | Z24: =Y24*14 -> 0 | AE24: =C24+E24+G24+I24+K24+M24+O24+Q24+S24+U24+W24+Y24+AA24+AC24 -> 0 | AF24: =D24+F24+H24+J24+L24+N24+P24+R24+T24+V24+X24+Z24+AB24+AD24 -> 0 | AG24: =(D24*$D$5)+(F24*$F$5)+(H24*$H$5)+(J24*$J$5)+(L24*$L$5)+(N24*$N$5)+(P24*$P$5)+(R24*$R$5)+(T24*$T$5)+(V24*$V$5)+(X24*$X$5)+(Z24*$Z$5)+(AB24*$AB$5)+(AD24*$AD$5) -> 0
A25: 20 | D25: =C25*14 -> 0 | F25: =E25*12 -> 0 | H25: =G25*12 -> 0 | J25: =I25*40 -> 0 | N25: =M25*12 -> 0 | X25: =W25*14 -> 0 | AE25: =C25+E25+G25+I25+K25+M25+O25+Q25+S25+U25+W25+Y25+AA25+AC25 -> 0 | AF25: =D25+F25+H25+J25+L25+N25+P25+R25+T25+V25+X25+Z25+AB25+AD25 -> 0 | AG25: =(D25*$D$5)+(F25*$F$5)+(H25*$H$5)+(J25*$J$5)+(L25*$L$5)+(N25*$N$5)+(P25*$P$5)+(R25*$R$5)+(T25*$T$5)+(V25*$V$5)+(X25*$X$5)+(Z25*$Z$5)+(AB25*$AB$5)+(AD25*$AD$5) -> 0
A26: 18 | D26: =C26*14 -> 0 | F26: =E26*12 -> 0 | H26: =G26*12 -> 0 | J26: =I26*40 -> 0 | N26: =M26*12 -> 0 | X26: =W26*14 -> 0 | AE26: =C26+E26+G26+I26+K26+M26+O26+Q26+S26+U26+W26+Y26+AA26+AC26 -> 0 | AF26: =D26+F26+H26+J26+L26+N26+P26+R26+T26+V26+X26+Z26+AB26+AD26 -> 0 | AG26: =(D26*$D$5)+(F26*$F$5)+(H26*$H$5)+(J26*$J$5)+(L26*$L$5)+(N26*$N$5)+(P26*$P$5)+(R26*$R$5)+(T26*$T$5)+(V26*$V$5)+(X26*$X$5)+(Z26*$Z$5)+(AB26*$AB$5)+(AD26*$AD$5) -> 0
A27: 19 | C27: =SUM(C6:C26) -> 1185 | D27: =SUM(D6:D26) -> 16590 | E27: =SUM(E6:E26) -> 1970 | F27: =SUM(F6:F26) -> 23640 | G27: =SUM(G6:G26) -> 350 | H27: =SUM(H6:H26) -> 4200 | I27: =SUM(I6:I26) -> 300 | J27: =SUM(J6:J26) -> 12000 | ... AF27: =SUM(AF6:AF26) -> 72350 | AG27: =(D27*$D$5)+(F27*$F$5)+(H27*$H$5)+(J27*$J$5)+(L27*$L$5)+(N27*$N$5)+(P27*$P$5)+(R27*$R$5)+(T27*$T$5)+(V27*$V$5)+(X27*$X$5)+(Z27*$Z$5)+(AB27*$AB$5)+(AD27*$AD$5) -> 53297.6
AE29: =SUM(AE27) -> 4880 | AF29: =SUM(AF27) -> 72350

Sheet Ws+ Van Debtor YGN
A1: လမ်းသစ်အရောင်းဆိုင်(ရန်ကုန်)၏ 20.3.2026 နေ့ ကုန်သည်ကြွေးစာရင်း
A2: စဉ် | B2: အမည် | C2: လိပ်စာ | D2: Sale | E2: ဖုန်းနံပါတ် | F2: တာဝန်ခံအမည် | G2: Vou: Date | H2: Today | I2: Period | J2: Vr.No | K2: BE | L2: Whisky | M2: Formula | N2: OP | O2: Care+ | P2: Total Amount | Q2: မှတ်ချက်
